question_id,question,status,expected_answer,answers.rag_answer,evaluation.rag.metrics.answer_relevancy.score,evaluation.rag.metrics.faithfulness.score,answers.graphrag_answer,evaluation.graph.answer_relevancy.score,evaluation.graph.faithfulness.score,total_graph_data_nodes,total_edges,total_ontology_valid_true
1292,O que representa a fácies sísmica interpretada?,SUCCESS,sedimentos clásticos finos,"A fácies sísmica interpretada representa um tipo específico de litotipo predominante em determinada região do reservatório, identificado a partir dos dados sísmicos. Por exemplo, pode indicar zonas de arenitos muito porosos, sedimentos clásticos finos ou margas e calcilutitos, guiando assim a distribuição espacial dos diferentes litotipos na modelagem do reservatório.",1.0,1.0,"A fácies sísmica interpretada representa o tipo de litotipo predominante em determinada região do reservatório, como arenitos muito porosos, sedimentos clásticos finos ou margas e calcilutitos, guiando a distribuição espacial das proporções desses litotipos (CPVs) na modelagem geoestatística.",1.0,1.0,32,47,16
1293,A que corresponde a fácies sísmica interpretada?,SUCCESS,sedimentos clásticos finos,"A fácies sísmica interpretada corresponde, no contexto dado, à identificação de tipos de rochas (litotipos) a partir das características dos dados sísmicos. Por exemplo, determinadas fácies sísmicas são interpretadas como arenitos muito porosos, outras como sedimentos clásticos finos, e outras ainda como margas e calcilutitos.",1.0,1.0,"A fácies sísmica interpretada corresponde à identificação, a partir de características sísmicas, de diferentes litotipos (como arenitos muito porosos, sedimentos clásticos finos, margas e calcilutitos) em subsuperfície.",1.0,1.0,42,58,23
1296,Qual é a principal questão quando o conceito de fácies sísmicas é usado para construir a matriz de proporções?,SUCCESS,como distribuir no volume do reservatório as CPVs conhecidas somente nos poços?,"A principal questão é como distribuir, no volume do reservatório, as proporções dos litotipos conhecidas apenas nos poços, utilizando o conceito de fácies sísmicas para guiar a repartição espacial dessas proporções na construção da matriz.",1.0,1.0,"A principal questão ao usar o conceito de fácies sísmicas para construir a matriz de proporções é: como distribuir no volume do reservatório as proporções conhecidas (CPVs) somente nos poços? Ou seja, como guiar espacialmente a repartição das proporções de litotipos usando a interpretação das fácies sísmicas.",1.0,1.0,29,37,14
1297,O que é interpretado como fácies sísmica?,SUCCESS,arenitos muito porosos,"Fácies sísmica é interpretada como uma unidade ou zona no dado sísmico que corresponde a determinados tipos de rocha ou sedimentos, identificada por suas características sísmicas, como, por exemplo, arenitos muito porosos, sedimentos clásticos finos, margas ou calcilutitos.",0.75,1.0,"Fácies sísmica é um conceito utilizado para interpretar e guiar a distribuição dos litotipos (como arenitos muito porosos, sedimentos clásticos finos e margas/calcilutitos) a partir dos dados sísmicos, indicando os tipos de rocha presentes em determinadas regiões do reservatório com base em suas assinaturas sísmicas.",0.75,1.0,34,48,17
1301,Qual é a principal questão que envolve o conceito de fácies sísmicas?,SUCCESS,como distribuir no volume do reservatório as CPVs conhecidas somente nos poços?,"A principal questão que envolve o conceito de fácies sísmicas é como distribuir, no volume do reservatório, as proporções de litotipos (CPVs) conhecidas somente nos poços, utilizando as fácies sísmicas para guiar essa repartição espacial.",1.0,1.0,"A principal questão que envolve o conceito de fácies sísmicas é como guiar a distribuição espacial das CPVs (curvas de proporções de volume) conhecidas apenas nos poços para o restante do reservatório, orientando a construção da matriz de proporções e capturando o comportamento espacial dos litotipos.",0.75,1.0,25,37,9
1304,O que guia a curva vertical de proporções na matriz de proporções para a unidade genética superior do reservatório de Namorado?,SUCCESS,respectiva fácies sísmica,A curva vertical de proporções na matriz de proporções para a unidade genética superior do reservatório de Namorado é guiada pela respectiva fácies sísmica.,1.0,1.0,A curva vertical de proporções na matriz de proporções para a unidade genética superior do reservatório de Namorado é guiada pela respectiva fácies sísmica interpretada.,1.0,1.0,28,41,13
1305,Qual fácies sísmica é interpretada como sedimentos clásticos finos na matriz de proporções?,SUCCESS,verde,A fácies sísmica interpretada como sedimentos clásticos finos na matriz de proporções é a representada pela cor **verde**.,1.0,1.0,A fácies sísmica interpretada como sedimentos clásticos finos na matriz de proporções é a correspondente à cor verde.,1.0,1.0,32,43,16
1306,O que é utilizado para distribuir no volume do reservatório as CPVs conhecidas somente nos poços?,SUCCESS,conceito de fácies sísmicas,"Utiliza-se o conceito de **fácies sísmicas** para guiar a distribuição espacial das CPVs conhecidas somente nos poços, construindo assim a **matriz de proporções de litotipos** no volume do reservatório.",1.0,1.0,"Para distribuir no volume do reservatório as CPVs conhecidas somente nos poços, utiliza-se a matriz de proporções de litotipos, guiada pelas fácies sísmicas.",1.0,1.0,28,42,10
1309,O que é a matriz de proporções na construção de uma matriz de proporções de litotipos?,SUCCESS,uma ferramenta muito importante para capturar o comportamento espacial dos litotipos,"A matriz de proporções é uma ferramenta que representa a distribuição espacial das proporções dos diferentes litotipos (tipos de rochas) dentro de um reservatório, guiada por fácies sísmicas e pelas CPVs conhecidas nos poços. Ela auxilia na modelagem geoestatística, capturando o comportamento espacial dos litotipos e complementando a análise estrutural das variáveis regionais.",1.0,1.0,"A matriz de proporções na construção de uma matriz de proporções de litotipos é uma ferramenta geoestatística usada para representar e distribuir espacialmente, dentro do reservatório, as proporções de diferentes litotipos (CPVs) conhecidas apenas nos poços, guiadas pelas fácies sísmicas. Ela permite capturar o comportamento espacial dos litotipos e complementar a análise estrutural das variáveis regionais na modelagem geoestatística.",1.0,1.0,35,51,16
1310,O que é interpretado como arenitos muito porosos na região que domina o amarelo?,SUCCESS,a curva vertical de proporções é guiada pela respectiva fácies sísmica,"Os arenitos muito porosos são interpretados na região que domina o amarelo, guiada pela respectiva fácies sísmica.",1.0,1.0,"Na região que domina o amarelo, é interpretado como arenitos muito porosos.",0.5,1.0,33,48,16
1313,Qual é a área da Bacia do Espírito Santo?,SUCCESS,"41.500 km2,",A área da Bacia do Espírito Santo é aproximadamente 41.500 km².,1.0,1.0,A área da Bacia do Espírito Santo é de aproximadamente 41.500 km².,1.0,1.0,35,53,19
1316,Quem apresentou a primeira estratigrafia formal da Bacia do Espírito Santo?,SUCCESS,"Asmus et al.,",A primeira estratigrafia formal da Bacia do Espírito Santo foi apresentada por Asmus et al.,1.0,1.0,A primeira estratigrafia formal da Bacia do Espírito Santo foi apresentada por Asmus et al.,1.0,1.0,41,57,21
1317,Quantos km2 da Bacia do Espírito Santo são de exploração?,SUCCESS,"41.500 km2,",A área de exploração da Bacia do Espírito Santo é de aproximadamente 41.500 km².,1.0,1.0,A Bacia do Espírito Santo possui uma área explorável de aproximadamente 41.500 km².,1.0,1.0,44,68,25
1320,Qual é a área da Bacia do Espírito Santo?,SUCCESS,41.500 km2,A área da Bacia do Espírito Santo é aproximadamente 41.500 km².,1.0,1.0,A área da Bacia do Espírito Santo é de aproximadamente 41.500 km².,1.0,1.0,29,43,16
1322,Quem apresentou a primeira estratigrafia formal da Bacia do Espírito Santo?,SUCCESS,Asmus et al.,A primeira estratigrafia formal da Bacia do Espírito Santo foi apresentada por Asmus et al.,1.0,1.0,A primeira estratigrafia formal da Bacia do Espírito Santo foi apresentada por Asmus et al.,1.0,1.0,37,52,22
1323,Quantos km2 da Bacia do Espírito Santo são de exploração?,SUCCESS,41.500,A área de exploração da Bacia do Espírito Santo é de aproximadamente 41.500 km².,1.0,1.0,A área de exploração da Bacia do Espírito Santo é de aproximadamente 41.500 km².,1.0,1.0,26,42,10
1325,Qual é o limite leste da Bacia do Espírito Santo?,SUCCESS,crosta continental/oceânica,O limite leste da Bacia do Espírito Santo é a fronteira crosta continental/oceânica.,1.0,1.0,O limite leste da Bacia do Espírito Santo é a linha coincidente com o limite crosta continental/oceânica.,1.0,1.0,36,54,20
1326,Qual é a área aproximada da Bacia do Espírito Santo?,SUCCESS,41.500 km2,A área aproximada da Bacia do Espírito Santo é de 41.500 km².,1.0,1.0,A área aproximada da Bacia do Espírito Santo é de 41.500 km².,1.0,1.0,32,50,16
1327,Qual é a largura da plataforma continental?,SUCCESS,240 km na porção centro-norte,A largura da plataforma continental varia de uma média de 40 km ao sul até cerca de 240 km na porção centro-norte.,1.0,1.0,A largura da plataforma continental varia de uma média de 40 km ao sul até cerca de 240 km na porção centro-norte.,1.0,1.0,41,64,23
1328,Quem apresentou a carta de costa da Bacia do Espírito Santo?,SUCCESS,Vieira et al.,Vieira et al. apresentaram a carta de costa da Bacia do Espírito Santo.,1.0,0.0,A carta da Bacia do Espírito Santo foi apresentada por Vieira et al.,1.0,1.0,36,53,20
1333,A que se refere a fronteira leste da Bacia do Espírito Santo?,SUCCESS,crosta continental/oceânica,A fronteira leste da Bacia do Espírito Santo refere-se ao limite entre a crosta continental e a crosta oceânica.,1.0,1.0,A fronteira leste da Bacia do Espírito Santo refere-se ao limite crosta continental/oceânica.,1.0,1.0,37,53,24
1335,Quem apresentou a carta da Bacia do Espírito Santo?,SUCCESS,Vieira et al.,Vieira et al. apresentaram a carta da Bacia do Espírito Santo.,1.0,1.0,A carta da Bacia do Espírito Santo foi apresentada por Vieira et al.,1.0,1.0,41,65,23
1338,Quantos quilômetros de área a Bacia do Espírito Santo tem a ver com a bacia terrestre?,SUCCESS,3.000,"A Bacia do Espírito Santo possui uma área explorável de aproximadamente 41.500 km², dos quais 3.000 km² referem-se à bacia terrestre.",1.0,1.0,"A Bacia do Espírito Santo possui uma área explorável de aproximadamente 41.500 km², dos quais 3.000 km² correspondem à bacia terrestre.",1.0,1.0,37,56,20
1339,O que evidencia a fisiografia do Banco de Abrolhos?,SUCCESS,alargamento da plataforma continental,"A fisiografia do Banco de Abrolhos evidencia-se pelo alargamento da plataforma continental, que passa de uma média de 40 km de largura ao sul para cerca de 240 km na porção centro-norte da bacia.",1.0,1.0,"A fisiografia do Banco de Abrolhos é evidenciada por um alargamento da plataforma continental, que de uma média de 40 km de largura ao sul alcança cerca de 240 km na porção centro-norte da Bacia do Espírito Santo.",1.0,1.0,41,62,24
1340,O que o trabalho de Vieira et al. enfatiza?,SUCCESS,a cronoestratigrafia,O trabalho de Vieira et al. enfatiza a cronoestratigrafia da Bacia do Espírito Santo.,1.0,1.0,O trabalho de Vieira et al. enfatiza a cronoestratigrafia da Bacia do Espírito Santo.,1.0,1.0,52,83,27
1341,O que é enfatizado neste trabalho?,SUCCESS,cronoestratigrafia,Neste trabalho é enfatizada a cronoestratigrafia da Bacia do Espírito Santo.,1.0,1.0,"O trabalho enfatiza a cronoestratigrafia da Bacia do Espírito Santo, resumindo o conhecimento adquirido desde a última publicação, mas mantendo os princípios litoestratigráficos estabelecidos anteriormente.",1.0,1.0,39,59,21
1343,O que evidencia a fisiografia do Banco de Abrolhos?,SUCCESS,um alargamento da plataforma continental,"A fisiografia do Banco de Abrolhos evidencia-se pelo alargamento da plataforma continental, que passa de uma média de 40 km de largura ao sul para cerca de 240 km na porção centro-norte da Bacia do Espírito Santo.",0.6666666666666666,0.0,"A fisiografia do Banco de Abrolhos é evidenciada pelo alargamento da plataforma continental na Bacia do Espírito Santo, que passa de uma média de 40 km a sul para cerca de 240 km na porção centro-norte.",1.0,1.0,34,52,18
1344,O que o trabalho de Vieira et al. enfatiza?,SUCCESS,cronoestratigrafia,O trabalho de Vieira et al. enfatiza a cronoestratigrafia da Bacia do Espírito Santo.,1.0,1.0,O trabalho de Vieira et al. enfatiza a cronoestratigrafia na atualização da Carta Estratigráfica da Bacia do Espírito Santo.,1.0,1.0,38,55,22
1345,Qual é a área explorável da Bacia do Espírito Santo?,SUCCESS,aproximadamente 41.500 km2,A área explorável da Bacia do Espírito Santo é de aproximadamente 41.500 km².,1.0,1.0,"A área explorável da Bacia do Espírito Santo é de aproximadamente 41.500 km², dos quais 3.000 km² são terrestres.",1.0,1.0,38,57,21
1346,O que atribui à bacia uma fisiografia particular?,SUCCESS,"A existência do Banco de Abrolhos,","A existência do Banco de Abrolhos, que causa um alargamento da plataforma continental, atribui à bacia uma fisiografia particular.",0.6666666666666666,1.0,"A existência do Banco de Abrolhos, a leste, atribui à bacia uma fisiografia particular.",0.5,1.0,47,72,25
1348,O que foi fundamental para a atualização da Carta Estratigráfica da Bacia do Espírito Santo?,SUCCESS,"O conhecimento adquirido ao longo de 50 anos de exploração,","O fundamental para a atualização da Carta Estratigráfica da Bacia do Espírito Santo foi o conhecimento adquirido ao longo de 50 anos de exploração, envolvendo centenas de poços exploratórios, inúmeras linhas sísmicas 2D e 3D, e a contínua integração de novos dados.",1.0,1.0,"O fundamental para a atualização da Carta Estratigráfica da Bacia do Espírito Santo foi o conhecimento adquirido ao longo de 50 anos de exploração, com centenas de poços exploratórios, inúmeras linhas sísmicas 2D e 3D e a contínua integração de novos dados.",1.0,1.0,39,58,20
1349,O que este trabalho enfatiza em relação à Bacia do Espírito Santo?,SUCCESS,a cronoestratigrafia,"Este trabalho enfatiza a cronoestratigrafia da Bacia do Espírito Santo, resumindo o conhecimento adquirido desde a última publicação e mantendo os mesmos princípios litoestratigráficos da edição anterior da carta estratigráfica.",1.0,1.0,"Este trabalho enfatiza o conhecimento adquirido sobre a Bacia do Espírito Santo desde a última publicação, com destaque para a cronoestratigrafia, sintetizado na atualização da carta estratigráfica da bacia.",1.0,1.0,34,59,18
1350,Qual é a área total da Bacia do Espírito Santo?,SUCCESS,41.500 km2,A área total da Bacia do Espírito Santo é de aproximadamente 41.500 km².,1.0,0.0,A área total da Bacia do Espírito Santo é de aproximadamente 41.500 km².,1.0,1.0,54,84,27
1351,Qual é a área da bacia terrestre da Bacia do Espírito Santo?,SUCCESS,3.000 km2,A área da bacia terrestre da Bacia do Espírito Santo é de aproximadamente 3.000 km².,1.0,1.0,A área da bacia terrestre da Bacia do Espírito Santo é de aproximadamente 3.000 km².,1.0,1.0,32,50,16
1352,Onde a Bacia do Espírito Santo está situada?,SUCCESS,no Estado do Espírito Santo,A Bacia do Espírito Santo está situada no Estado do Espírito Santo.,1.0,1.0,"A Bacia do Espírito Santo está situada no Estado do Espírito Santo, delimitada ao sul pela Bacia de Campos e ao norte pela Bacia de Mucuri.",1.0,1.0,39,58,23
1353,Quais são os limites da Bacia do Espírito Santo?,SUCCESS,"a sul com a Bacia de Campos, através do Alto de Vitória, e a norte com a Bacia de Mucuri","Os limites da Bacia do Espírito Santo são: ao sul, a Bacia de Campos, delimitada pelo Alto de Vitória; ao norte, a Bacia de Mucuri; e a leste, o limite coincide com a crosta continental/oceânica, próximo ao Banco de Abrolhos.",1.0,1.0,"Os limites da Bacia do Espírito Santo são:
- Ao sul: Bacia de Campos, separada pelo Alto de Vitória.
- Ao norte: Bacia de Mucuri.
- A leste: Limite com a crosta continental/oceânica, próximo ao Banco de Abrolhos.
- Está situada no Estado do Espírito Santo.",1.0,1.0,35,53,16
1354,Quem foi o primeiro engenheiro a perfurar o primeiro poço de petróleo da América do Sul?,SUCCESS,"E. A. Prentice, empregado da fábrica de gás de Lima, perfura o que se considera ser o primeiro poço de petróleo da América do Sul.","O primeiro engenheiro a perfurar o primeiro poço de petróleo da América do Sul foi E. A. Prentice, em 1863.",1.0,1.0,"O primeiro engenheiro a perfurar o primeiro poço de petróleo da América do Sul foi E. A. Prentice, em Lima, em 1863.",1.0,1.0,35,69,10
1355,Quantos poços a Companhia Peruana de Refino de Petróleo perfurava em 55 anos de operação?,SUCCESS,450,A Companhia Peruana de Refino de Petróleo perfurou 450 poços em 55 anos de operação.,1.0,1.0,A Companhia Peruana de Refino de Petróleo perfurou 450 poços em 55 anos de operação.,1.0,1.0,48,90,16
1356,Quantas empresas petrolíferas estavam operando em Talara em 1891?,SUCCESS,14,"Em 1891, já havia 14 empresas petrolíferas atuando na região de Talara.",1.0,1.0,"Em 1891, havia 14 empresas petrolíferas operando em Talara.",1.0,1.0,47,90,16
1359,Quantas empresas petrolíferas operavam na região de Talara em 1891?,SUCCESS,14,"Em 1891, já havia 14 empresas petrolíferas atuando na região de Talara.",1.0,1.0,"Em 1891, havia 14 empresas petrolíferas operando na região de Talara.",1.0,1.0,43,83,14
1362,Quem foi o primeiro engenheiro a perfurar o primeiro poço de petróleo da América do Sul?,SUCCESS,E. A. Prentice,O primeiro engenheiro a perfurar o primeiro poço de petróleo da América do Sul foi E. A. Prentice.,1.0,1.0,O primeiro engenheiro a perfurar o primeiro poço de petróleo da América do Sul foi E. A. Prentice.,1.0,1.0,41,79,13
1363,Quando foi perfurado o primeiro poço totalmente na plataforma peruana?,SUCCESS,1959,O primeiro poço totalmente perfurado na plataforma peruana ocorreu em 1959.,1.0,1.0,O primeiro poço totalmente perfurado na plataforma peruana foi em 1959.,1.0,1.0,37,71,11
1365,Quando foi perfurado o primeiro poço de petróleo da América do Sul?,SUCCESS,1863,"O primeiro poço de petróleo da América do Sul foi perfurado em 1863, no Peru.",1.0,1.0,O primeiro poço de petróleo da América do Sul foi perfurado em 1863.,1.0,1.0,52,98,12
1367,Quantas empresas petrolíferas estavam operando na área em 1891?,SUCCESS,14,"Em 1891, havia 14 empresas petrolíferas atuando na região.",1.0,1.0,"Em 1891, já havia 14 empresas petrolíferas atuando na região.",1.0,1.0,39,76,10
1368,Quando foi perfurado o primeiro poço totalmente em plataforma peruana?,SUCCESS,1959,O primeiro poço perfurado totalmente em plataforma peruana ocorreu em 1959.,1.0,1.0,O primeiro poço totalmente perfurado em plataforma peruana foi realizado em 1959.,1.0,1.0,43,90,13
1369,Quando foi fundada a primeira refinaria da América?,SUCCESS,1916,"A primeira refinaria da América foi fundada em 1916 na cidade de Talara, Peru.",1.0,1.0,"A primeira refinaria da América foi fundada em 1916, na cidade de Talara, Peru.",1.0,1.0,37,66,13
1370,Quantos poços a Companhia Peruana de Refino de Petróleo abriu durante seus 55 anos?,SUCCESS,450,A Companhia Peruana de Refino de Petróleo abriu 450 poços em 55 anos de operação.,1.0,1.0,A Companhia Peruana de Refino de Petróleo abriu 450 poços durante seus 55 anos de operação.,1.0,1.0,45,90,12
1371,Quantos boeds a IPC aumentou a refinaria de Talara em 1924?,SUCCESS,20.000,"Em 1924, a IPC aumentou a capacidade da refinaria de Talara para processar 20.000 boed.",1.0,1.0,"Em 1924, a IPC aumentou a refinaria de Talara para processar 20.000 boed (barris de óleo equivalente por dia).",1.0,1.0,42,85,13
1372,Em que ano foi perfurado o primeiro poço de petróleo da América do Sul?,SUCCESS,1863,O primeiro poço de petróleo da América do Sul foi perfurado em 1863.,1.0,1.0,O primeiro poço de petróleo da América do Sul foi perfurado em 1863.,1.0,1.0,35,66,10
1374,Quantas empresas petrolíferas estavam operando na região em 1891?,SUCCESS,14,"Em 1891, já havia 14 empresas petrolíferas atuando na região.",1.0,1.0,"Em 1891, havia 14 empresas petrolíferas operando na região.",1.0,1.0,40,80,13
1376,Quando foi inaugurada a primeira refinaria da América?,SUCCESS,1916,"A primeira refinaria da América foi inaugurada em 1916, na cidade de Talara, Peru.",1.0,1.0,"A primeira refinaria da América foi inaugurada em 1916, na cidade de Talara, Peru.",1.0,1.0,36,74,11
1378,Quem perfurou o primeiro poço de petróleo da América do Sul em 1863?,SUCCESS,o engenheiro E. A. Prentice,O primeiro poço de petróleo da América do Sul foi perfurado em 1863 pelo engenheiro E. A. Prentice.,1.0,1.0,O primeiro poço de petróleo da América do Sul foi perfurado em 1863 pelo engenheiro E. A. Prentice.,1.0,1.0,46,87,12
1379,"Em que ano entrou em operação a primeira refinaria da América, localizada em Talara?",SUCCESS,1916,"A primeira refinaria da América, localizada em Talara, entrou em operação em 1916.",1.0,1.0,"A primeira refinaria da América, localizada em Talara, entrou em operação em 1916.",1.0,1.0,43,84,12
1380,Qual empresa foi precursora da Exxon e atuou em Talara realizando atividades exploratórias e de refino?,SUCCESS,"Internatio-nal Petroleum Company,",A empresa precursora da Exxon que atuou em Talara realizando atividades exploratórias e de refino foi a International Petroleum Company (IPC).,1.0,1.0,A empresa precursora da Exxon que atuou em Talara realizando atividades exploratórias e de refino foi a International Petroleum Company (IPC).,1.0,1.0,40,80,8
1381,"Quando o governo peruano teve uma participação mais ativa na indústria petrolífera, criando a Empresa Petrolera Fiscal?",SUCCESS,1939,"O governo peruano teve uma participação mais ativa na indústria petrolífera em 1939, com a criação da Empresa Petrolera Fiscal.",1.0,1.0,"O governo peruano teve uma participação mais ativa na indústria petrolífera em 1939, com a criação da Empresa Petrolera Fiscal por decreto do presidente Oscar Benavides.",1.0,1.0,50,95,18
1382,Quais companhias foram responsáveis pelo primeiro poço perfurado totalmente na plataforma peruana em 1959?,SUCCESS,Belco Petroleum Company e Peruvian Pacific Petroleum Company,As companhias responsáveis pelo primeiro poço perfurado totalmente na plataforma peruana em 1959 foram a Belco Petroleum Company e a Peruvian Pacific Petroleum Company.,0.6666666666666666,1.0,As companhias responsáveis pelo primeiro poço perfurado totalmente na plataforma peruana em 1959 foram a Belco Petroleum Company e a Peruvian Pacific Petroleum Company.,1.0,1.0,36,69,9
1383,Quem é considerado o primeiro a perfurar um poço de petróleo na América do Sul?,SUCCESS,o engenheiro E. A. Prentice,"O primeiro a perfurar um poço de petróleo na América do Sul foi o engenheiro E. A. Prentice, em 1863, no Peru.",1.0,1.0,"O primeiro a perfurar um poço de petróleo na América do Sul foi o engenheiro E. A. Prentice, em 1863.",1.0,1.0,39,74,12
1384,Em que ano foi fundada a Companhia Peruana de Refino de Petróleo?,SUCCESS,1871,A Companhia Peruana de Refino de Petróleo foi fundada em 1871.,1.0,1.0,A Companhia Peruana de Refino de Petróleo foi fundada em 1871.,1.0,1.0,37,67,8
1385,Quantos poços a Companhia Peruana de Refino de Petróleo chegou a perfurar em 55 anos de operação?,SUCCESS,450 poços,A Companhia Peruana de Refino de Petróleo chegou a perfurar 450 poços em 55 anos de operação.,1.0,1.0,A Companhia Peruana de Refino de Petróleo chegou a perfurar 450 poços em 55 anos de operação.,1.0,1.0,43,82,11
1386,Em que ano entrou em operação a primeira refinaria da América?,SUCCESS,1916,"A primeira refinaria da América entrou em operação em 1916, na cidade de Talara.",0.5,1.0,A primeira refinaria da América entrou em operação em 1916.,1.0,1.0,34,68,10
1387,"Qual é o nome da companhia que marcaria época, tanto pelas suas atividades exploratórias como de refino?",SUCCESS,a Internatio-nal Petroleum Company,"O nome da companhia que marcaria época, tanto pelas suas atividades exploratórias como de refino, é a International Petroleum Company (IPC), precursora da Exxon.",0.75,1.0,"O nome da companhia que marcaria época, tanto pelas suas atividades exploratórias como de refino, é a International Petroleum Company (precursora da Exxon).",1.0,1.0,44,93,14
1390,O que poderia ser considerado compatível com a cinemática definida pelos outros elementos estruturais?,SUCCESS,a condição de obliqüidade constante,"Compatível com a cinemática definida pelos outros elementos estruturais seria a hipótese c, que considera uma condição de obliquidade constante em toda a área.",1.0,1.0,"Compatível com a cinemática definida pelos outros elementos estruturais seria a hipótese c: uma condição de obliquidade constante em toda a área, indicando uma evolução inicial com regime compressivo frontal (dobras e falhas reversas), formação de falhas conjugadas, achatamento progressivo do par conjugado devido à continuidade do campo compressivo, e posterior ativação de falhas transcorrentes dextrais.",1.0,1.0,31,43,13
1391,O que sugere que a evolução direcional posterior à nucleação frontal da zona de falha desenvolva uma evolução direcional posterior à nucleação frontal?,SUCCESS,secciona-mento da zona de falha de Perimbó,"O fato de a zona de falha de Perimbó ter sido seccionada por falhas transcorrentes, principalmente dextrais, sugere que houve uma evolução direcional posterior à nucleação frontal porque isso indica que o regime de deformação mudou após a nucleação inicial, passando de uma deformação predominantemente frontal para uma maior participação de movimentos transcorrentes dextrais, situação oposta à esperada em um regime transpressivo contínuo.",1.0,1.0,"O que sugere que a evolução direcional posterior à nucleação frontal da zona de falha desenvolva uma evolução direcional posterior à nucleação frontal é o seccionamento da zona de falha de Perimbó por falhas transcorrentes, principalmente dextrais. Esse fato indica que, após a nucleação frontal (deformação predominantemente frontal), houve uma reorientação do campo de esforços e concentração do movimento ao longo das falhas transcorrentes dextrais, apontando para uma evolução tectônica direcional subsequente, diferente do que ocorreria em um regime transpressivo.",1.0,1.0,44,59,20
1392,O encurtamento podería ser quantificado tomando-se como base qual marcador linear?,SUCCESS,"um marcador linear, paralelo à direção de compressão máxima.","O encurtamento poderia ser quantificado tomando-se como base um marcador linear, paralelo à direção de compressão máxima.",1.0,1.0,O encurtamento poderia ser quantificado tomando-se como base um marcador linear paralelo à direção de compressão máxima.,1.0,1.0,28,40,16
1396,O encurtamento podería ser quantificado tomando-se como base qual marcador linear?,SUCCESS,"um marcador linear, paralelo à direção de compressão máxima",O encurtamento poderia ser quantificado tomando-se como base um marcador linear paralelo à direção de compressão máxima.,1.0,1.0,O encurtamento poderia ser quantificado tomando-se como base um marcador linear paralelo à direção de compressão máxima.,1.0,1.0,33,43,20
1398,Quais regimes produziriam uma rotação progressiva dos indicadores cinemáticos?,SUCCESS,oblíquo ou transpressivo,Os regimes que produziriam uma rotação progressiva dos indicadores cinemáticos seriam o regime oblíquo ou transpressivo.,1.0,0.0,Os regimes oblíquo e transpressivo produziriam uma rotação progressiva dos indicadores cinemáticos.,1.0,1.0,37,55,18
1399,Como o encurtamento pode ser quantificado?,SUCCESS,"tomando-se como base um marcador linear, paralelo à direção de compressão máxima","O encurtamento pode ser quantificado tomando-se como base um marcador linear, paralelo à direção de compressão máxima.",1.0,1.0,O encurtamento pode ser quantificado tomando-se como base um marcador linear paralelo à direção de compressão máxima.,1.0,1.0,57,89,24
1401,Qual é a base para quantificar o encurtamento?,SUCCESS,"um marcador linear, paralelo à direção de compressão máxima","A base para quantificar o encurtamento é a utilização de um marcador linear, paralelo à direção de compressão máxima.",1.0,1.0,"A base para quantificar o encurtamento é a utilização de um marcador linear, paralelo à direção de compressão máxima.",1.0,1.0,29,40,16
1402,Quais são os dois regimes que produziriam uma rotação progressiva dos indicadores cinemáticos?,SUCCESS,oblíquo ou transpressivo,Os dois regimes que produziriam uma rotação progressiva dos indicadores cinemáticos são o regime oblíquo e o regime transpressivo.,1.0,0.0,Os dois regimes que produziriam uma rotação progressiva dos indicadores cinemáticos são: o regime oblíquo e o regime transpressivo.,1.0,0.0,31,45,13
1406,Qual é a direção do vetor tectônico na primeira fase de deformação?,SUCCESS,de SE para NW,A direção do vetor tectônico na primeira fase de deformação é de sudeste (SE) para noroeste (NW).,1.0,1.0,A direção do vetor tectônico na primeira fase de deformação é de sudeste para noroeste (SE-NW).,1.0,1.0,23,37,12
1407,O que sugere o seccionamento da zona de falha de Perimbó pelas falhas transcorrentes?,SUCCESS,uma evolução direcional posterior à nucleação frontal da referida zona de falha,"O seccionamento da zona de falha de Perimbó pelas falhas transcorrentes, principalmente dextrais, sugere uma evolução direcional posterior à nucleação frontal da zona de falha, indicando que o regime tectônico evoluiu de uma compressão frontal para um regime em que as falhas transcorrentes passaram a controlar o movimento, ao contrário do que seria esperado em um regime transpressivo.",0.8,1.0,"O seccionamento da zona de falha de Perimbó pelas falhas transcorrentes, principalmente dextrais, sugere uma evolução direcional posterior à sua nucleação frontal. Isso indica que, após uma fase inicial de deformação com convergência SE-NW e características reversas, ocorreu uma concentração do movimento ao longo das falhas transcorrentes dextrais, compatível com a evolução tardia do regime tectônico, e não com um regime transpressivo.",0.6,1.0,24,33,15
1409,Como seria quantificado o encurtamento de acordo com o texto?,SUCCESS,"tomando-se como base um marcador linear, paralelo à direção de compressão máxima","O encurtamento seria quantificado tomando-se como base um marcador linear, paralelo à direção de compressão máxima.",1.0,1.0,"O encurtamento seria quantificado tomando-se como base um marcador linear, paralelo à direção de compressão máxima.",1.0,1.0,32,50,19
1412,O que a hipótese b sugere que deveria ocorrer também?,SUCCESS,uma dispersão dos valores de acamamento,A hipótese b sugere que deveria ocorrer também uma dispersão dos valores de acamamento que amostrassem uma suposta deformação tardia.,1.0,1.0,A hipótese b sugere que deveria ocorrer também uma dispersão dos valores de acamamento que amostrassem uma suposta deformação tardia.,1.0,1.0,31,46,17
1413,Qual é a condição que a hipótese c considera constante em toda a área?,SUCCESS,a condição de obliqüidade,A condição que a hipótese c considera constante em toda a área é a obliquidade.,1.0,1.0,A hipótese c considera constante a condição de obliquidade em toda a área.,1.0,1.0,31,43,13
1414,Qual é o nome da descontinuidade crustal?,SUCCESS,"Arco de São Mateus,",O nome da descontinuidade crustal é **Arco de São Mateus**.,0.0,1.0,"O nome da descontinuidade crustal é ""Arco de São Mateus"".",0.0,1.0,44,66,18
1415,Qual é a idade do fragmento máfico?,SUCCESS,"69,4 ± 1,3 Ma, geocro-nologicamente compatível","A idade do fragmento máfico é 69,4 ± 1,3 milhões de anos (Ma).",1.0,1.0,"A idade do fragmento máfico é 69,4 ± 1,3 milhões de anos (Ma), determinada por datação Ar-Ar.",1.0,1.0,52,83,22
1416,Qual é a sequência vulcanoclástica da Fm. Rio Doce?,SUCCESS,Abrolhos,"A sequência vulcanoclástica da Fm. Rio Doce consiste principalmente em arenitos médios a muito grossos, quartzozos, feldspáticos, cinza-esverdeados, maciços ou com estratificações cruzadas, mal selecionados, pouco lamosos e extremamente litificados, com cimento de sílica criptocristalina, próximos ao contato com as vulcânicas (onde ocorrem silicificação intensa).",1.0,0.0,"A Fm. Rio Doce não possui uma sequência vulcanoclástica própria; ela é composta por arenitos médios a muito grossos, quartzozos e feldspáticos, mal selecionados, extremamente litificados e cimentados por sílica criptocristalina. Porém, próximo ao contato com as vulcânicas da Fm. Abrolhos (que possui a sequência vulcanoclástica), encontra-se totalmente silicificada (""cozida""), mostrando uma inter-relação entre as duas unidades.",0.875,1.0,57,89,25
1419,Qual é a idade da amostra?,SUCCESS,"69,4 ± 1,3 Ma, geocro-nologicamente compatível","A idade da amostra é 69,4 ± 1,3 milhões de anos (Ma).",1.0,1.0,"A idade da amostra é 69,4 ± 1,3 milhões de anos (Ma), obtida por datação Ar-Ar de um fragmento máfico.",1.0,1.0,52,79,27
1421,Qual é o nome da descontinuidade crustal?,SUCCESS,Arco de São Mateus,O nome da descontinuidade crustal é **Arco de São Mateus**.,0.0,1.0,"O nome da descontinuidade crustal é ""Arco de São Mateus"".",0.0,1.0,53,83,25
1422,Qual é a idade do fragmento máfico?,SUCCESS,"69,4 ± 1,3 Ma","A idade do fragmento máfico é 69,4 ± 1,3 milhões de anos (Ma).",1.0,1.0,"A idade do fragmento máfico é 69,4 ± 1,3 Ma.",1.0,1.0,58,96,24
1425,Qual é a idade da amostra?,SUCCESS,"69,4 ± 1,3 Ma","A idade da amostra é 69,4 ± 1,3 milhões de anos (Ma).",1.0,1.0,"A idade da amostra é 69,4 ± 1,3 milhões de anos (Ma).",1.0,1.0,50,78,24
1426,Qual foi a data de um fragmento mafico de uma rocha?,SUCCESS,"69,4 ± 1,3 Ma","A data de um fragmento máfico de uma rocha, segundo datação Ar-Ar, é 69,4 ± 1,3 milhões de anos (Ma).",1.0,1.0,"A data de um fragmento máfico de uma rocha, determinada por datação Ar-Ar, é 69,4 ± 1,3 milhões de anos (Ma).",1.0,1.0,60,94,30
1427,Quem descreve uma forte ocorrência de rochas piroclásticas ácidas na região nordeste do estado de Minas Gerais?,SUCCESS,Raposo etal.,Raposo et al. descrevem uma forte ocorrência de rochas piroclásticas ácidas na região nordeste do estado de Minas Gerais.,1.0,1.0,Raposo et al. descrevem uma forte ocorrência de rochas piroclásticas ácidas na região nordeste do estado de Minas Gerais.,1.0,1.0,48,75,18
1428,Quem admitiu que há uma interrelação entre a sequência vulcanoclástica da Fm. Abrolhos e os sedimentos terciários da Fm. Rio Doce?,SUCCESS,Novais etal.,Novais et al. admitiram que há uma interrelação entre a sequência vulcanoclástica da Fm. Abrolhos e os sedimentos terciários da Fm. Rio Doce.,1.0,1.0,Novais et al. admitiram que há uma interrelação entre a sequência vulcanoclástica da Fm. Abrolhos e os sedimentos terciários da Fm. Rio Doce.,1.0,1.0,60,89,28
1429,Como é chamada a descontinuidade crustal?,SUCCESS,Arco de São Mateus,"A descontinuidade crustal é chamada de ""Arco de São Mateus"".",0.0,1.0,A descontinuidade crustal é chamada de Arco de São Mateus.,0.0,1.0,56,93,28
1430,Qual é a área das rochas piroclásticas ácidas encontradas na região nordeste de Minas Gerais?,SUCCESS,75km de comprimento por 25km de largura,A área das rochas piroclásticas ácidas encontradas na região nordeste de Minas Gerais é de 75 km de comprimento por 25 km de largura.,1.0,1.0,A área das rochas piroclásticas ácidas encontradas na região nordeste de Minas Gerais é de aproximadamente 75 km de comprimento por 25 km de largura.,1.0,1.0,49,80,25
1431,Quem descreveu uma grande ocorrência de rochas piroclásticas ácidas na região nordeste de Minas Gerais?,SUCCESS,Raposo etal.,Raposo et al. descrevem uma expressiva ocorrência de rochas piroclásticas ácidas na região nordeste de Minas Gerais.,1.0,1.0,Quem descreveu uma grande ocorrência de rochas piroclásticas ácidas na região nordeste de Minas Gerais foi Raposo et al.,1.0,1.0,56,88,26
1432,Quem admite que há uma interrelação entre a sequência vulcanoclástica da Fm. Abrolhos e os sedimentos terciários da Fm. Rio Doce?,SUCCESS,Novais etal.,Novais et al. admitem que há uma interrelação entre a sequência vulcanoclástica da Fm. Abrolhos e os sedimentos terciários da Fm. Rio Doce.,1.0,1.0,Novais et al. admitem que há uma interrelação entre a sequência vulcanoclástica da Fm. Abrolhos e os sedimentos terciários da Fm. Rio Doce.,1.0,1.0,51,83,26
1435,Quanta área as rochas piroclásticas ácidas ocupam?,SUCCESS,75km de comprimento por 25km de largura,As rochas piroclásticas ácidas ocupam uma área de 75 km de comprimento por 25 km de largura.,1.0,1.0,"As rochas piroclásticas ácidas ocupam uma área de 75 km de comprimento por 25 km de largura, ou seja, 1.875 km².",1.0,1.0,51,79,21
1436,Qual a idade geocronológica indicada pela datação Ar-Ar de um fragmento máfico?,SUCCESS,"69,4 ± 1,3 Ma","A idade geocronológica indicada pela datação Ar-Ar de um fragmento máfico é de **69,4 ± 1,3 milhões de anos (Ma)**.",1.0,1.0,"A idade geocronológica indicada pela datação Ar-Ar de um fragmento máfico é 69,4 ± 1,3 milhões de anos (Ma).",0.6666666666666666,1.0,51,78,24
1437,O que é a Fm. Rio Doce?,SUCCESS,"corresponde a arenitos médios a muito grossos, quartzozos, feldspáticos, com cores cinza-esverdeadas, maciços ou com estratificações cruzadas","A Fm. Rio Doce é uma formação geológica composta por arenitos médios a muito grossos, quartzozos e feldspáticos, de cor cinza-esverdeada, geralmente maciços ou com estratificações cruzadas. Os sedimentos são mal selecionados, pouco lamosos, extremamente litificados e os grãos são cimentados por sílica criptocristalina.",1.0,1.0,"A Fm. (Formação) Rio Doce é uma unidade geológica composta principalmente por arenitos médios a muito grossos, quartzozos e feldspáticos, de coloração cinza-esverdeada, pouco lamosos, mal selecionados e extremamente litificados. Está relacionada a sedimentos terciários, que próximos ao contato com rochas vulcânicas encontram-se totalmente silicificados (""cozidos"").",1.0,1.0,54,89,26
1438,O que descrevem Raposo etal. sobre a região nordeste do estado de Minas Gerais?,SUCCESS,"uma expressiva ocorrência de rochas piroclásticas ácidas, de provável idade fanerozoica","Raposo et al. descrevem uma expressiva ocorrência de rochas piroclásticas ácidas, de provável idade fanerozoica, na região nordeste do estado de Minas Gerais, ocupando uma área de 75 km por 25 km, relacionada à ruptura do Atlântico Sul. Essas rochas traquíticas e riolíticas podem ter origem na diferenciação do magmatismo básico de tendência alcalina (idade terciária) ou na fusão da crosta.",1.0,1.0,"Raposo et al. descrevem, para a região nordeste do estado de Minas Gerais, uma expressiva ocorrência de rochas piroclásticas ácidas, provavelmente fanerozoicas, ocupando uma área de 75 km por 25 km (direção NE-SW), cuja origem estaria relacionada à ruptura do Atlântico Sul.",1.0,1.0,57,88,31
1439,"O que controlaria os fenômenos neotectônicos, o padrão de drenagem e a circulação de fluidos na região?",SUCCESS,"a uma descontinuidade crustal denominada Arco de São Mateus,","Os fenômenos neotectônicos, o padrão de drenagem e a circulação de fluidos na região seriam controlados pela descontinuidade crustal denominada Arco de São Mateus, cujas reativações posteriores influenciam esses processos.",1.0,1.0,"Os fenômenos neotectônicos, o padrão de drenagem e a circulação de fluidos na região seriam controlados pelas reativações da descontinuidade crustal denominada Arco de São Mateus, que constitui uma zona de profundas fissuras na crosta.",1.0,1.0,51,80,21
1440,Qual é a idade do fragmento máfico mencionado no texto?,SUCCESS,"69,4 ± 1,3 Ma","A idade do fragmento máfico mencionada no texto é 69,4 ± 1,3 milhões de anos (Ma).",0.5,1.0,"A idade do fragmento máfico mencionado no texto é 69,4 ± 1,3 milhões de anos (Ma).",0.6666666666666666,1.0,60,94,28
1441,O que é a Fm. Rio Doce?,SUCCESS,"arenitos médios a muito grossos, quartzozos, feldspáticos, com cores cinza-esverdeadas, maciços ou com estratificações cruzadas","A Fm. Rio Doce é uma formação composta por arenitos médios a muito grossos, quartzosos, feldspáticos, de cores cinza-esverdeadas, maciços ou com estratificações cruzadas, mal selecionados, pouco lamosos, extremamente litificados e com grãos cimentados por sílica criptocristalina.",1.0,1.0,"A Fm. Rio Doce é uma formação geológica composta por arenitos cinza-esverdeados, mal selecionados, quartzozos e feldspáticos, com cimento de sílica criptocristalina, extremamente litificados, geralmente de idade terciária.",1.0,1.0,58,89,26
1442,Como são os sedimentos da Fm. Rio Doce?,SUCCESS,"mal selecionados, pouco lamosos e extremamente litificados, com os grãos cimentados por sílica criptocristalina","Os sedimentos da Fm. Rio Doce são arenitos médios a muito grossos, quartzozos e feldspáticos, de cor cinza-esverdeada, maciços ou com estratificação cruzada, mal selecionados, pouco lamosos e extremamente litificados, com grãos cimentados por sílica criptocristalina.",1.0,1.0,"Os sedimentos da Fm. Rio Doce são arenitos médios a muito grossos, quartzosos, feldspáticos, de cor cinza-esverdeada, maciços ou com estratificações cruzadas, mal selecionados, pouco lamosos e extremamente litificados, com grãos cimentados por sílica criptocristalina. Próximos ao contato com rochas vulcânicas, encontram-se totalmente silicificados (""cozidos"").",1.0,1.0,56,79,29
1443,Qual é a direção das rochas piroclásticas ácidas mencionadas por Raposo et al.?,SUCCESS,NE-SW,A direção das rochas piroclásticas ácidas mencionadas por Raposo et al. é NE-SW (nordeste-sudoeste).,1.0,1.0,A direção das rochas piroclásticas ácidas mencionadas por Raposo et al. é NE-SW (nordeste-sudoeste).,1.0,1.0,53,79,26
1444,Quem foi o responsável pela descoberta do campo de Tubarão?,SUCCESS,"detentor do direito de exploração sob regime de contrato de risco, que perfurou apenas um poço e a considerou não atrativa, permitiu que no início de 1988 a PETROBRÁS descobrisse, com a perfuração do pioneiro 1-PRS-4, a acumulação de hidrocarbonetos do Campo de Tubarão. As","O responsável pela descoberta do campo de Tubarão foi a PETROBRÁS, com a perfuração do poço pioneiro 1-PRS-4 no início de 1988.",1.0,1.0,"O responsável pela descoberta do campo de Tubarão foi a PETROBRÁS, em 1988.",1.0,1.0,29,41,11
1445,Qual é a coluna de hidrocarbonetos constatada?,SUCCESS,"255 m,",A coluna de hidrocarbonetos constatada foi de 255 metros.,1.0,1.0,A coluna de hidrocarbonetos constatada foi de 255 metros.,1.0,1.0,35,57,15
1446,O que foi adotado para identificar a constância dos reservatórios?,SUCCESS,a subdivisão em zonas produtoras diferenciadas,"Foi adotada a subdivisão em zonas produtoras diferenciadas (códigos B1, B2 e B3) proposta por Andrade e Saito para identificar a constância dos reservatórios.",1.0,1.0,"Adotou-se a subdivisão em zonas produtoras diferenciadas (B1, B2 e B3) proposta por Andrade e Saito para identificar a constância dos reservatórios.",0.3333333333333333,1.0,42,65,17
1447,Qual é a coluna de hidrocarbonetos constatada?,SUCCESS,255 m,A coluna de hidrocarbonetos constatada foi de 255 m.,1.0,1.0,A coluna de hidrocarbonetos constatada foi de 255 metros.,1.0,1.0,30,46,13
1449,Qual é o tamanho da coluna de hidrocarbonetos constatada?,SUCCESS,255 m,O tamanho da coluna de hidrocarbonetos constatada foi de 255 m.,1.0,1.0,O tamanho da coluna de hidrocarbonetos constatada foi de 255 metros.,1.0,1.0,35,56,15
1450,Qual é o caráter dos marcos elétricos?,SUCCESS,caráter cronoestratigráfico,Os marcos elétricos têm caráter cronoestratigráfico.,1.0,1.0,O caráter dos marcos elétricos é cronoestratigráfico.,1.0,1.0,32,44,14
1451,Qual foi o valor preditivo de porosidade previsto?,SUCCESS,7%,O valor preditivo de porosidade previsto era em torno de 7%.,1.0,1.0,O valor preditivo de porosidade previsto era de aproximadamente 7%.,1.0,1.0,35,54,16
1452,Quantos poços a PETROBRÁS perfurou sob contrato de contrato de risco?,SUCCESS,um,A PETROBRÁS perfurou apenas um poço sob contrato de risco.,1.0,0.0,A PETROBRÁS perfurou apenas um poço sob contrato de risco.,1.0,0.0,38,54,16
1453,Quem propôs a subdivisão em zonas produtoras diferenciadas?,SUCCESS,Andrade e Saito,Andrade e Saito propuseram a subdivisão em zonas produtoras diferenciadas.,1.0,1.0,Andrade e Saito propuseram a subdivisão em zonas produtoras diferenciadas.,1.0,1.0,35,57,13
1454,O que a PETROBRÁS descobriu com o poço pioneiro 1 - PRS - 4?,SUCCESS,a acumulação de hidrocarbonetos do Campo de Tubarão,"A PETROBRÁS descobriu, com o poço pioneiro 1-PRS-4, a acumulação de hidrocarbonetos do Campo de Tubarão, com uma coluna de hidrocarbonetos de 255 m em rochas-reservatório com porosidade de 12% a 24% e permeabilidade de até 1.400 md, valores acima do esperado.",1.0,1.0,"A PETROBRÁS descobriu, com o poço pioneiro 1-PRS-4, a acumulação de hidrocarbonetos do Campo de Tubarão, caracterizada por rochas-reservatório com alta porosidade (12%–24%) e permeabilidade (até 1.400 md), acima do esperado.",1.0,1.0,32,50,10
1456,Onde as rochas do reservatório de Tubarão se encontram?,SUCCESS,Guarujá Inferior,"As rochas do reservatório de Tubarão encontram-se no topo da sequência carbonática Guarujá Inferior, identificada a partir de -4.540 m de profundidade.",1.0,1.0,"As rochas do reservatório de Tubarão encontram-se no topo da sequência carbonática Guarujá Inferior, a partir de 4.540 metros de profundidade.",1.0,1.0,30,45,10
1457,O que os marcos elétricos têm?,SUCCESS,caráter cronoestratigráfico,Os marcos elétricos têm caráter cronoestratigráfico.,1.0,1.0,Os marcos elétricos têm caráter cronoestratigráfico.,1.0,1.0,30,45,12
1458,Qual foi o valor preditivo de porosidade?,SUCCESS,7%,O valor preditivo de porosidade era em torno de 7%.,1.0,1.0,O valor preditivo de porosidade era de aproximadamente 7%.,1.0,1.0,29,41,13
1459,Quantos poços a PETROBRÁS perfurava sob regime de contrato de risco?,SUCCESS,um,A PETROBRÁS perfurou apenas um poço sob regime de contrato de risco.,1.0,0.0,A PETROBRÁS perfurou apenas um poço sob regime de contrato de risco.,1.0,0.0,29,42,11
1462,O que a PETROBRÁS descobriu com o primeiro poço?,FAILURE,a acumulação de hidrocarbonetos do Campo de Tubarão,,,,,,,0,0,0
1464,O que a continuidade do processo de exploração permitiu identificar a constância?,FAILURE,reservatórios,,,,,,,0,0,0
1465,Quantos poços foram perfurados na acumulação de hidrocarbonetos do Campo de Tubarão?,FAILURE,um,,,,,,,0,0,0
1466,Quantos poços a PETROBRÁS perfurava no início de 1988?,SUCCESS,um,"No início de 1988, a PETROBRÁS perfurava apenas um poço, o pioneiro 1-PRS-4.",1.0,1.0,"No início de 1988, a PETROBRÁS perfurou um poço, o pioneiro 1-PRS-4, que levou à descoberta do Campo de Tubarão.",0.6666666666666666,1.0,43,65,19
1467,Quem descobriu a acumulação de hidrocarbonetos do Campo de Tubarão?,SUCCESS,a PETROBRÁS,"A acumulação de hidrocarbonetos do Campo de Tubarão foi descoberta pela PETROBRÁS, com a perfuração do poço pioneiro 1-PRS-4, no início de 1988.",1.0,1.0,A acumulação de hidrocarbonetos do Campo de Tubarão foi descoberta pela PETROBRÁS no início de 1988.,0.5,1.0,41,66,18
1468,A que profundidade foram identificadas as rochas-reservatório do Campo de Tubarão?,SUCCESS,a partir de -4 540 m,As rochas-reservatório do Campo de Tubarão foram identificadas a partir de -4.540 m de profundidade.,1.0,1.0,As rochas-reservatório do Campo de Tubarão foram identificadas a partir de aproximadamente 4.540 metros de profundidade.,1.0,1.0,37,57,15
1469,Qual foi a coluna de hidrocarbonetos constatada no Campo de Tubarão?,SUCCESS,255 m,A coluna de hidrocarbonetos constatada no Campo de Tubarão foi de 255 metros.,1.0,1.0,A coluna de hidrocarbonetos constatada no Campo de Tubarão foi de 255 metros.,1.0,1.0,33,50,13
1471,"Quais códigos foram utilizados para os reservatórios da porção superior, média e inferior da acumulação no Campo de Tubarão?",SUCCESS,"B1, B2 e B3","Os códigos utilizados para os reservatórios da porção superior, média e inferior da acumulação no Campo de Tubarão foram, respectivamente, B1, B2 e B3.",1.0,1.0,"Os códigos utilizados para os reservatórios da porção superior, média e inferior da acumulação no Campo de Tubarão são, respectivamente: B1 (superior), B2 (média) e B3 (inferior).",1.0,1.0,42,67,17
1472,Quem descobriu a acumulação de hidrocarbonetos do Campo de Tubarão?,SUCCESS,PETROBRÁS,A PETROBRÁS descobriu a acumulação de hidrocarbonetos do Campo de Tubarão.,1.0,1.0,"A acumulação de hidrocarbonetos do Campo de Tubarão foi descoberta pela PETROBRÁS em 1988, com a perfuração do poço pioneiro 1-PRS-4.",1.0,1.0,32,43,15
1473,Em que profundidade foi identificada a seqüência carbonática Guarujá Inferior?,SUCCESS,-4 540 m,A sequência carbonática Guarujá Inferior foi identificada a partir de -4.540 m de profundidade.,1.0,0.0,A sequência carbonática Guarujá Inferior foi identificada a partir de -4.540 m de profundidade.,1.0,0.0,30,47,11
1474,Qual é a extensão da coluna de hidrocarbonetos encontrada no Campo de Tubarão?,SUCCESS,255 m,A extensão da coluna de hidrocarbonetos encontrada no Campo de Tubarão foi de 255 metros.,1.0,1.0,A extensão da coluna de hidrocarbonetos encontrada no Campo de Tubarão é de 255 metros.,1.0,1.0,34,53,8
1475,Quais são os valores preditivos de porosidade para as rochas-reservatório do Campo de Tubarão?,SUCCESS,em torno de 7%,"Os valores preditivos de porosidade para as rochas-reservatório do Campo de Tubarão, em função do rearranjo e obliteração do espaço poroso impostos pelo soterramento, deveriam situar-se em torno de 7%.",0.5,1.0,"Os valores preditivos de porosidade para as rochas-reservatório do Campo de Tubarão deveriam, em função do soterramento e obliteração do espaço poroso, situar-se em torno de 7%. Contudo, as porosidades encontradas variaram de 12% a 24%.",1.0,1.0,38,56,18
1476,Como os reservatórios do Campo de Tubarão foram subdivididos?,SUCCESS,"Utilizaram-se os códigos B1, B2 e B3,","Os reservatórios do Campo de Tubarão foram subdivididos em zonas produtoras diferenciadas, utilizando-se os códigos B1 (porção superior), B2 (porção média) e B3 (porção inferior) da acumulação.",1.0,1.0,"Os reservatórios do Campo de Tubarão foram subdivididos em três zonas produtoras diferenciadas, conforme proposto por Andrade e Saito, utilizando os códigos B1 (porção superior), B2 (porção média) e B3 (porção inferior).",0.8,1.0,29,43,11
1477,Qual é o termo usado para descrever a geologia das seqüências fanerozóicas ocorrentes dentro das fronteiras da Bacia do São Francisco?,SUCCESS,Bacia Sanfranciscana,"O termo usado é ""Bacia Sanfranciscana"".",1.0,1.0,"O termo utilizado é ""Bacia Sanfranciscana"".",1.0,1.0,40,60,23
1478,Qual grupo é o único remanescente erosional paleozóico de coberturas intracratônicas mais amplas?,SUCCESS,Grupo Santa Fé,O único remanescente erosional paleozóico de coberturas intracratônicas mais amplas é o Grupo Santa Fé.,1.0,1.0,O Grupo Santa Fé é o único remanescente erosional paleozóico de coberturas intracratônicas mais amplas.,1.0,1.0,44,69,25
1479,Quantas unidades cretácicas formam chapadas e tabuleiros na Bacia do São Francisco?,SUCCESS,Três,Três unidades cretácicas formam chapadas e tabuleiros na Bacia do São Francisco.,1.0,1.0,Três unidades cretácicas formam chapadas e tabuleiros na Bacia do São Francisco.,1.0,1.0,50,81,30
1480,Que grupo foi quebrado durante a sedimentação do Grupo Areado?,SUCCESS,Supercontinente Gondwana,O grupo que foi quebrado durante a sedimentação do Grupo Areado foi o Supercontinente Gondwana.,0.6666666666666666,0.0,O grupo que foi quebrado durante a sedimentação do Grupo Areado foi o Supercontinente Gondwana.,1.0,1.0,44,78,24
1481,Que estudo foi realizado em Sgarbi et al.?,SUCCESS,A geologia das seqüências fanerozóicas ocorrentes dentro dos limites da Bacia do São Francisco,"Sgarbi et al. realizaram um estudo abrangente e objetivo sobre a geologia das sequências fanerozóicas da Bacia do São Francisco, revisando sua litoestratigrafia, espessuras, interpretações paleoambientais e idades das unidades sedimentares/vulcânicas, e introduziram o termo ""Bacia Sanfranciscana"" para esse registro.",1.0,1.0,"Sgarbi et al. realizaram uma revisão abrangente da geologia das sequências fanerozóicas da Bacia do São Francisco, detalhando litoestratigrafia, espessuras, idades e interpretações paleoambientais dessas unidades.",1.0,1.0,47,72,27
1482,Qual é o termo usado para descrever o registro geológico fanerozóico da Bacia do São Francisco?,SUCCESS,Bacia Sanfranciscana,"O termo usado é ""Bacia Sanfranciscana"".",1.0,1.0,"O termo usado para descrever o registro geológico fanerozóico da Bacia do São Francisco é ""Bacia Sanfranciscana"".",1.0,1.0,53,85,33
1483,Qual grupo é o único remanescente erosional paleozóico que possui coberturas intracratônicas mais amplas?,SUCCESS,Grupo Santa Fé,O Grupo Santa Fé é o único remanescente erosional paleozóico que possui coberturas intracratônicas mais amplas.,1.0,0.0,O Grupo Santa Fé é o único remanescente erosional paleozóico que possui coberturas intracratônicas mais amplas.,1.0,0.0,46,73,28
1485,Qual é a única seqüência erosional paleozóica que existe em toda a bacia?,SUCCESS,O Grupo Santa Fé,A única sequência erosional paleozóica que existe em toda a bacia é o **Grupo Santa Fé**.,1.0,0.0,A única sequência erosional paleozóica que existe em toda a bacia é o Grupo Santa Fé.,1.0,1.0,42,69,24
1486,Qual grupo é o único remanescente erosional paleozóico que possui coberturas intracratônicas mais amplas?,SUCCESS,O Grupo Santa Fé,O único remanescente erosional paleozóico com coberturas intracratônicas mais amplas é o Grupo Santa Fé.,1.0,1.0,O grupo único remanescente erosional paleozóico que possui coberturas intracratônicas mais amplas é o Grupo Santa Fé.,1.0,1.0,46,71,28
1487,Qual é o nome da seqüência fanerozóica da Bacia do São Francisco?,SUCCESS,Bacia Sanfranciscana,"O nome da sequência fanerozóica da Bacia do São Francisco é ""Bacia Sanfranciscana"".",1.0,1.0,"O nome da sequência fanerozóica da Bacia do São Francisco é ""Bacia Sanfranciscana"".",1.0,1.0,38,60,22
1488,Quem escreveu a geologia das seqüências fanerozóicas?,SUCCESS,Sgarbi et al.,A geologia das seqüências fanerozóicas foi escrita por Sgarbi et al.,1.0,0.0,Quem escreveu a geologia das seqüências fanerozóicas foi Sgarbi et al.,1.0,0.0,40,59,23
1489,Que tipo de ambiente tectônico prevalecia durante a sedimentação do Grupo Areado?,SUCCESS,distensional,O ambiente tectônico prevalente durante a sedimentação do Grupo Areado foi distensional.,1.0,1.0,"O ambiente tectônico prevalecia durante a sedimentação do Grupo Areado era distensional, refletindo o contexto intracontinental do rifteamento associado ao quebramento do Supercontinente Gondwana.",1.0,1.0,50,81,27
1491,Qual é o único remanescente paleozóico de coberturas intracratônicas mais amplas?,SUCCESS,O Grupo Santa Fé,O único remanescente paleozóico de coberturas intracratônicas mais amplas é o Grupo Santa Fé.,1.0,1.0,O único remanescente paleozóico de coberturas intracratônicas mais amplas é o Grupo Santa Fé.,1.0,1.0,40,67,23
1492,Qual grupo começa com extrusão de rochas vulcânicas e subvulcânicas kamafugíticas datadas em torno de 90 a 80 Ma?,SUCCESS,Grupo Mata da Corda,O grupo que começa com extrusão de rochas vulcânicas e subvulcânicas kamafugíticas datadas em torno de 90 a 80 Ma é o Grupo Mata da Corda.,1.0,1.0,O grupo que começa com extrusão de rochas vulcânicas e subvulcânicas kamafugíticas datadas em torno de 90 a 80 Ma é o **Grupo Mata da Corda**.,1.0,1.0,43,70,22
1493,Qual é o termo para o registro sedimentar fanerozóico da Bacia do São Francisco?,SUCCESS,Bacia Sanfranciscana,"O termo é ""Bacia Sanfranciscana"".",0.0,1.0,"O termo para o registro sedimentar fanerozóico da Bacia do São Francisco é ""Bacia Sanfranciscana"".",1.0,1.0,36,56,20
1494,Quem revisou a geologia das seqüências fanerozóicas da Bacia do São Francisco?,SUCCESS,Sgarbi et al.,Sgarbi et al. revisaram a geologia das seqüências fanerozóicas da Bacia do São Francisco.,1.0,1.0,Sgarbi et al. revisou a geologia das seqüências fanerozóicas da Bacia do São Francisco.,1.0,1.0,53,83,34
1495,Qual foi o ambiente tectônico prevalente durante a sedimentação do Grupo Areado?,SUCCESS,distensional,O ambiente tectônico prevalente durante a sedimentação do Grupo Areado foi distensional.,1.0,1.0,"O ambiente tectônico prevalente durante a sedimentação do Grupo Areado foi distensional, provavelmente refletindo o quebramento intracontinental do Supercontinente Gondwana.",1.0,1.0,50,80,30
1496,Qual grupo iniciou - se com extrusão de rochas vulcânicas e subvulcânicas kamafugíticas datadas em torno de 90 - 80 Ma?,SUCCESS,O Grupo Mata da Corda,O grupo que iniciou-se com extrusão de rochas vulcânicas e subvulcânicas kamafugíticas datadas em torno de 90-80 Ma é o Grupo Mata da Corda.,1.0,1.0,O grupo que se iniciou com extrusão de rochas vulcânicas e subvulcânicas kamafugíticas datadas em torno de 90-80 Ma é o Grupo Mata da Corda.,1.0,1.0,37,56,20
1497,Qual é o único remanescente erosional paleozóico de coberturas intracratônicas mais amplas que eventualmente existiu na Bacia do São Francisco?,SUCCESS,O Grupo Santa Fé,O único remanescente erosional paleozóico de coberturas intracratônicas mais amplas que eventualmente existiu na Bacia do São Francisco é o **Grupo Santa Fé**.,1.0,1.0,O único remanescente erosional paleozóico de coberturas intracratônicas mais amplas que eventualmente existiu na Bacia do São Francisco é o Grupo Santa Fé.,1.0,1.0,39,62,22
1498,Qual grupo iniciou - se com extrusão de rochas vulcânicas e subvulcânicas kamafugíticas datadas em torno de 90 - 80 Ma?,SUCCESS,Grupo Mata da Corda,O grupo que iniciou-se com extrusão de rochas vulcânicas e subvulcânicas kamafugíticas datadas em torno de 90-80 Ma é o **Grupo Mata da Corda**.,1.0,1.0,O grupo que se iniciou com extrusão de rochas vulcânicas e subvulcânicas kamafugíticas datadas em torno de 90–80 Ma é o Grupo Mata da Corda.,1.0,1.0,38,59,21
1499,Quais autores utilizam o termo Bacia Sanfranciscana para o registro sedimentar/vulcânico fanerozóico da Bacia do São Francisco?,SUCCESS,Sgarbi et al.,"Os autores que utilizam o termo ""Bacia Sanfranciscana"" para o registro sedimentar/vulcânico fanerozóico da Bacia do São Francisco são Sgarbi et al.",1.0,1.0,"Os autores que utilizam o termo ""Bacia Sanfranciscana"" para o registro sedimentar/vulcânico fanerozóico da Bacia do São Francisco são Sgarbi et al.",1.0,1.0,46,76,26
1500,O que o Grupo Santa Fé representa na geologia da Bacia do São Francisco?,SUCCESS,o único remanescente erosional paleozóico de coberturas intracratônicas mais amplas,"O Grupo Santa Fé representa o único remanescente erosional paleozóico de antigas coberturas intracratônicas sobre a Bacia do São Francisco. É composto por diamictitos/tilitos e folhelhos com dropstones basais, sendo correlato aos sedimentos permocarboníferos glaciais do Grupo Itararé da Bacia do Paraná.",1.0,1.0,"O Grupo Santa Fé representa, na geologia da Bacia do São Francisco, o único remanescente erosional paleozóico de antigas coberturas intracratônicas mais amplas que conectavam as bacias do Paraná e do Parnaíba. Seus depósitos indicam uma unidade correlata aos sedimentos glaciais permocarboníferos do Grupo Itararé da Bacia do Paraná.",1.0,1.0,43,69,23
1501,Qual a natureza das três unidades cretácicas que formam chapadas e tabuleiros na Bacia do São Francisco?,SUCCESS,de natureza continental,As três unidades cretácicas que formam chapadas e tabuleiros na Bacia do São Francisco são de natureza **continental**.,0.5,1.0,"As três unidades cretácicas que formam chapadas e tabuleiros na Bacia do São Francisco são de natureza continental. Elas incluem o Grupo Areado (arenitos flúvio-deltaicos, fluviais e eólicos) e, a partir do contexto, também o Grupo Mata da Corda (com rochas vulcânicas e subvulcânicas). A terceira unidade não é explicitamente nomeada no contexto, mas todas são de origem continental.",0.5714285714285714,1.0,40,60,21
1502,Qual o ambiente tectônico prevalente durante a sedimentação do Grupo Areado na Bacia do São Francisco?,SUCCESS,distensional,"O ambiente tectônico prevalente durante a sedimentação do Grupo Areado na Bacia do São Francisco foi distensional, refletindo o quebramento intracontinental do Supercontinente Gondwana.",1.0,1.0,"O ambiente tectônico prevalente durante a sedimentação do Grupo Areado na Bacia do São Francisco foi distensional, refletindo o contexto intracontinental associado ao início do quebramento do Supercontinente Gondwana.",1.0,1.0,43,66,25
1504,Quais autores revisaram a geologia das seqüências fanerozóicas da Bacia do São Francisco de maneira abrangente?,SUCCESS,Sgarbi et al.,Os autores que revisaram de maneira abrangente a geologia das sequências fanerozóicas da Bacia do São Francisco foram Sgarbi et al.,1.0,1.0,Os autores que revisaram de maneira abrangente a geologia das sequências fanerozóicas da Bacia do São Francisco foram Sgarbi et al.,1.0,1.0,38,58,21
1505,O que é o Grupo Santa Fé?,SUCCESS,o único remanescente erosional paleozóico de coberturas intracratônicas mais amplas,"O Grupo Santa Fé é um remanescente erosional paleozóico da Bacia do São Francisco, composto por diamictitos/tilitos/fácies tilóides e folhelhos com dropstones basais, correlato aos sedimentos glaciais permocarboníferos do Grupo Itararé da Bacia do Paraná.",1.0,1.0,"O Grupo Santa Fé é uma unidade remanescente erosional paleozóica da Bacia do São Francisco, composta por fácies glaciais (diamictitos, tilitos, folhelhos com dropstones) correlata aos sedimentos glaciais permocarboníferos do Grupo Itararé da Bacia do Paraná.",1.0,1.0,42,66,22
1506,O que os diamictitos/tilitos/fácies tilóides e folhelhos com dropstones basais do Grupo Santa Fé apontam?,SUCCESS,para uma unidade crono-correlata aos sedimentos permocarboníferos glaciais do Grupo Itararé da Bacia do Paraná,"Os diamictitos/tilitos/fácies tilóides e folhelhos com dropstones basais do Grupo Santa Fé apontam para uma unidade crono-correlata aos sedimentos permocarboníferos glaciais do Grupo Itararé da Bacia do Paraná, ou seja, indicam deposição em ambiente glacial/periglacial durante o Permocarbonífero.",0.6666666666666666,1.0,"Os diamictitos/tilitos/fácies tilóides e folhelhos com dropstones basais do Grupo Santa Fé apontam para uma unidade crono-correlata aos sedimentos glaciais permocarboníferos do Grupo Itararé da Bacia do Paraná. Ou seja, indicam deposição em ambiente glacial durante o Permocarbonífero, evidenciando condições glaciogênicas na região.",1.0,1.0,38,59,23
1508,Em que ambiente tectônico ocorreu a sedimentação do Grupo Areado?,SUCCESS,"distensional, provável reflexo intracontinental do quebramento do Supercontinente Gondwana","A sedimentação do Grupo Areado ocorreu em um ambiente tectônico distensional, reflexo intracontinental do quebramento do Supercontinente Gondwana.",1.0,1.0,"A sedimentação do Grupo Areado ocorreu em um ambiente tectônico distensional, refletindo o quebramento intracontinental do Supercontinente Gondwana.",1.0,1.0,36,61,18
1510,Que documento alterou o direito de propriedade dos recursos minerais do Brasil?,SUCCESS,a Constituição de 1891,O documento que alterou o direito de propriedade dos recursos minerais do Brasil foi a Constituição de 1891.,1.0,1.0,O documento que alterou o direito de propriedade dos recursos minerais do Brasil foi a Constituição de 1891.,1.0,1.0,34,59,12
1511,Quem criou o primeiro órgão brasileiro dedicado à Geologia?,SUCCESS,Afonso Augusto Penna,"O primeiro órgão brasileiro dedicado à Geologia foi criado pelo presidente Afonso Augusto Penna, em 1907: o Serviço Geológico e Mineralógico do Brasil (SGMB).",1.0,1.0,"O primeiro órgão brasileiro dedicado à Geologia, o Serviço Geológico e Mineralógico do Brasil (SGMB), foi criado pelo presidente Afonso Augusto Penna em 1907, por sugestão do ministro Miguel Calmon du Pin e Almeida.",1.0,1.0,42,71,15
1512,Onde foi perfurado o primeiro poço de petróleo?,SUCCESS,"Marechal Mallet, no Paraná,","O primeiro poço de petróleo no Brasil foi perfurado em Marechal Mallet, no Paraná, nos anos de 1919 e 1920.",0.6666666666666666,1.0,"O primeiro poço de petróleo perfurado no Brasil foi em Marechal Mallet, no Paraná, entre 1919 e 1920.",1.0,1.0,47,77,15
1514,Qual foi o código de 1934 que revogou o direito de propriedade mineral do solo?,SUCCESS,"o Código de Minas de 1934,",O código de 1934 que revogou o direito de propriedade mineral do solo foi o Código de Minas de 1934.,1.0,0.0,O código que revogou o direito de propriedade mineral do solo em 1934 foi o Código de Minas de 1934.,0.5,1.0,48,72,13
1516,Onde foi perfurado o primeiro poço de petróleo?,SUCCESS,"Marechal Mallet, no Paraná","O primeiro poço de petróleo foi perfurado em Marechal Mallet, no Paraná, nos anos de 1919 e 1920.",0.6666666666666666,1.0,"O primeiro poço de petróleo no Brasil foi perfurado em Marechal Mallet, no estado do Paraná, entre 1919 e 1920.",0.6666666666666666,1.0,44,81,16
1518,Qual foi o primeiro órgão brasileiro dedicado à geologia?,SUCCESS,Serviço Geológico e Mi-neralógico do Brasil,"O primeiro órgão brasileiro dedicado à geologia foi o Serviço Geológico e Mineralógico do Brasil, criado em 10 de janeiro de 1907.",1.0,1.0,"O primeiro órgão brasileiro dedicado à geologia foi o Serviço Geológico e Mineralógico do Brasil, criado em 1907.",1.0,1.0,47,79,17
1520,"Quem foi o ministro da Indústria, Viação e Obras Públicas?",SUCCESS,Miguel Calmon du Pin e Almeida,"O ministro da Indústria, Viação e Obras Públicas foi o engenheiro Miguel Calmon du Pin e Almeida.",1.0,1.0,"O ministro da Indústria, Viação e Obras Públicas foi o engenheiro Miguel Calmon du Pin e Almeida.",1.0,1.0,48,85,19
1521,Que documento alterou a propriedade dos recursos minerais do Brasil?,SUCCESS,a Constituição de 1891,O documento que alterou a propriedade dos recursos minerais do Brasil foi a Constituição de 1891.,1.0,1.0,O documento que alterou a propriedade dos recursos minerais do Brasil foi a Constituição de 1891.,1.0,1.0,43,58,17
1522,Quando os empresários privados mantiveram a concessão de minérios e petróleo?,SUCCESS,em 1889,"Os empresários privados mantiveram a concessão de minérios e petróleo até 1934, quando a Constituição e o Código de Minas passaram a separar as propriedades do solo e do subsolo, tornando o subsolo propriedade da União.",1.0,1.0,Os empresários privados mantiveram a concessão de minérios e petróleo principalmente entre 1891 (Com a Constituição que transferiu os direitos minerais ao proprietário do solo) e 1934 (quando a nova Constituição e o Código de Minas restituíram os recursos minerais ao domínio da União).,1.0,1.0,35,60,13
1523,Em que ano foi promulgada a Constituição?,SUCCESS,1891,A Constituição foi promulgada em 1891.,1.0,1.0,A Constituição foi promulgada em 1891.,1.0,1.0,49,85,16
1524,Em substituição a que regime o governo Vargas substituiu?,SUCCESS,monárquico,"O governo Vargas substituiu o regime que atribuía ao proprietário do solo a propriedade dos recursos minerais, regime este instituído pela Constituição de 1891.",1.0,0.0,"O governo Vargas substituiu o regime implantado pela Constituição de 1891, que era o regime republicano liberal iniciado após o fim da monarquia em 1889.",0.6666666666666666,1.0,43,74,16
1526,Em que ano o regime monárquico foi substituído pelo regime de concessões?,SUCCESS,1889,O regime monárquico foi substituído pelo regime de concessões em 1889.,1.0,0.0,O regime monárquico foi substituído pelo regime de concessões em 1889.,1.0,0.0,42,66,15
1528,O que alterou o direito de propriedade dos recursos minerais do Brasil?,SUCCESS,a Constituição de 1891,"A Constituição de 1891 alterou o direito de propriedade dos recursos minerais do Brasil, transferindo-os do domínio da Nação para o domínio particular do proprietário do solo.",1.0,1.0,"O direito de propriedade dos recursos minerais no Brasil foi alterado pela Constituição de 1891, que transferiu esses direitos do domínio da Nação para os proprietários do solo. Posteriormente, a Constituição de 1934 e o Código de Minas restauraram o domínio do subsolo à União.",1.0,1.0,31,53,13
1529,Quando foi promulgada a Constituição do Brasil?,SUCCESS,1891,A Constituição do Brasil foi promulgada em 1891.,1.0,1.0,A Constituição do Brasil foi promulgada em 1891.,1.0,1.0,44,70,18
1530,Em que ano foi criado o Serviço Geológico e Mineralógico do Brasil?,SUCCESS,Em 10 de janeiro de 1907,O Serviço Geológico e Mineralógico do Brasil foi criado em 1907.,1.0,1.0,O Serviço Geológico e Mineralógico do Brasil foi criado em 1907.,1.0,1.0,44,73,13
1531,Quem foi o presidente que criou o Serviço Geológico e Mineralógico do Brasil?,SUCCESS,Afonso Augusto Penna,"O presidente que criou o Serviço Geológico e Mineralógico do Brasil foi Afonso Augusto Penna, em 10 de janeiro de 1907.",1.0,1.0,O presidente que criou o Serviço Geológico e Mineralógico do Brasil foi Afonso Augusto Penna.,1.0,1.0,33,53,13
1532,Quem foi o ministro responsável pela sugestão de criação do Serviço Geológico e Mineralógico do Brasil?,SUCCESS,engenheiro Miguel Calmon du Pin e Almeida,O ministro responsável pela sugestão de criação do Serviço Geológico e Mineralógico do Brasil foi o engenheiro Miguel Calmon du Pin e Almeida.,1.0,1.0,O ministro responsável pela sugestão de criação do Serviço Geológico e Mineralógico do Brasil foi Miguel Calmon du Pin e Almeida.,1.0,1.0,37,63,12
1533,O que o Serviço Geológico e Mineralógico do Brasil tinha como missão institucional?,SUCCESS,pela questão do petróleo no Brasil. É,"O Serviço Geológico e Mineralógico do Brasil tinha como missão institucional atuar em amplo espectro na área de geologia e responder pela questão do petróleo no Brasil, incluindo a pesquisa e exploração de minérios e petróleo.",1.0,1.0,"O Serviço Geológico e Mineralógico do Brasil tinha como missão institucional atuar amplamente na pesquisa geológica, incluindo a responsabilidade de responder institucionalmente pela questão do petróleo no Brasil, promovendo a pesquisa e exploração de minérios e petróleo no país.",1.0,1.0,38,59,15
1534,Onde foi feita a primeira perfuração de um poço para exploração petrolífera pelo Estado brasileiro?,SUCCESS,"em Marechal Mallet, no Paraná","A primeira perfuração de um poço para exploração petrolífera pelo Estado brasileiro foi feita em Marechal Mallet, no Paraná, nos anos de 1919 e 1920.",1.0,1.0,"A primeira perfuração de um poço para exploração petrolífera pelo Estado brasileiro foi feita em Marechal Mallet, no Paraná, nos anos de 1919 e 1920.",0.6666666666666666,1.0,37,62,11
1536,Quem foi o presidente que criou o primeiro órgão brasileiro dedicado à Geologia?,SUCCESS,Afonso Augusto Penna,"O presidente que criou o primeiro órgão brasileiro dedicado à Geologia foi Afonso Augusto Penna, em 10 de janeiro de 1907.",1.0,1.0,O presidente que criou o primeiro órgão brasileiro dedicado à Geologia foi Afonso Augusto Penna.,1.0,1.0,50,85,22
1537,Em que ano o Estado brasileiro investiu pela primeira vez na exploração petrolífera?,SUCCESS,1919 e 1920,O Estado brasileiro investiu pela primeira vez na exploração petrolífera nos anos de 1919 e 1920.,1.0,1.0,O Estado brasileiro investiu pela primeira vez na exploração petrolífera nos anos de 1919 e 1920.,1.0,1.0,37,63,11
1538,Quem foi o geólogo que utilizou referências à deriva continental como argumentos?,SUCCESS,Euzébio de Oliveira,O geólogo foi Euzébio de Oliveira.,1.0,1.0,O geólogo que utilizou referências à deriva continental como argumentos foi Euzébio de Oliveira.,1.0,1.0,60,101,22
1539,Qual é o nome do órgão brasileiro dedicado à Geologia criado em 1907?,SUCCESS,Serviço Geológico e Mi-neralógico do Brasil.,O nome do órgão é Serviço Geológico e Mineralógico do Brasil.,1.0,1.0,O nome do órgão é Serviço Geológico e Mineralógico do Brasil.,1.0,1.0,43,70,17
1541,Quais são as duas ordens que não apresentam conteúdo de resolução suficientemente alto para permitir discriminar padrões de terminação de refletores sísmicos?,SUCCESS,4a e 5a ordens.,As duas ordens que não apresentam conteúdo de resolução suficientemente alto para permitir discriminar padrões de terminação de refletores sísmicos são a 4ª e 5ª ordens.,1.0,1.0,As duas ordens que não apresentam conteúdo de resolução suficientemente alto para permitir discriminar padrões de terminação de refletores sísmicos são a 4ª e 5ª ordens.,1.0,1.0,42,58,24
1542,O que não permite discriminar padrões de terminação de refletores sísmicos na 4a e 5a ordens?,SUCCESS,as seções sísmicas disponíveis,A baixa resolução das seções sísmicas disponíveis não permite discriminar padrões de terminação de refletores sísmicos na 4a e 5a ordens.,1.0,1.0,O que não permite discriminar padrões de terminação de refletores sísmicos na 4ª e 5ª ordens é a baixa resolução das seções sísmicas disponíveis.,1.0,1.0,53,84,25
1543,Quais são as duas ordens que não apresentam conteúdo de resolução suficientemente alto para permitir discriminar padrões de terminação de refletores sísmicos?,SUCCESS,4a e 5a,As duas ordens que não apresentam conteúdo de resolução suficientemente alto para permitir discriminar padrões de terminação de refletores sísmicos são a 4ª e a 5ª ordens.,1.0,1.0,As duas ordens que não apresentam conteúdo de resolução suficientemente alto para permitir discriminar padrões de terminação de refletores sísmicos são a 4ª e 5ª ordens.,1.0,1.0,49,78,27
1544,"Qual foi a dificuldade de rastrear os refletores e marcadores de um rollover para outro, principalmente no sentido dlp?",SUCCESS,intensa halocinese,"A dificuldade de rastrear os refletores e marcadores de um rollover para outro, principalmente no sentido dlp, ocorreu devido à intensa halocinese no intervalo estratigráfico estudado e à baixa resolução das seções sísmicas disponíveis, o que dificultou a identificação clara dos padrões de terminação de refletores sísmicos.",0.8,1.0,"A principal dificuldade de rastrear os refletores e marcadores de um rollover para outro, principalmente no sentido dlp, foi causada pela intensa halocinese no intervalo estratigráfico e pela baixa resolução das seções sísmicas disponíveis, o que dificultou a identificação e correlação dos refletores e padrões de terminação sísmicos necessários para delimitação precisa das sequências.",1.0,1.0,49,74,29
1545,O que não permite discriminar padrões de terminação de refletores sísmicos na 4a e 5a ordens?,SUCCESS,conteúdo de resolução suficientemente alto,O que não permite discriminar padrões de terminação de refletores sísmicos na 4ª e 5ª ordens é a baixa resolução das seções sísmicas disponíveis.,1.0,1.0,O que não permite discriminar padrões de terminação de refletores sísmicos na 4ª e 5ª ordens é a baixa resolução das seções sísmicas disponíveis.,1.0,1.0,37,51,23
1546,O que foi difícil de identificar?,SUCCESS,um arcabouço estratigráfico de alta frequência,"Foi difícil identificar os refletores e marcadores estratigráficos de um rollover para outro, principalmente devido à intensa halocinese e à baixa resolução das seções sísmicas disponíveis.",1.0,1.0,"Foi difícil identificar os refletores e marcadores de um rollover para outro, principalmente devido à intensa halocinese e à baixa resolução das seções sísmicas, que impediram a discriminação dos padrões de terminação de refletores sísmicos. Também foi difícil identificar descontinuidades erosivas nos canais incisos de forma cíclica nos poços analisados.",1.0,1.0,60,93,25
1547,O que as seções sísmicas disponíveis não permitiram discriminar?,SUCCESS,padrões de terminação de refletores sísmicos,As seções sísmicas disponíveis não permitiram discriminar padrões de terminação de refletores sísmicos na 4ª e 5ª ordens.,1.0,1.0,As seções sísmicas disponíveis não permitiram discriminar padrões de terminação de refletores sísmicos na 4ª e 5ª ordens.,1.0,1.0,44,62,26
1548,Em que ano Catunea - nu publicou seus estudos?,SUCCESS,2006,Catunea-nu publicou seus estudos em 2006.,1.0,1.0,Catunea-nu publicou seus estudos em 2006.,1.0,1.0,35,55,19
1549,O que foi responsável pelo rastreamento dos refletores e marcadores de um rollover para outro?,SUCCESS,intensa halocinese,O rastreamento dos refletores e marcadores de um rollover para outro foi dificultado pela intensa halocinese e pela baixa resolução das seções sísmicas disponíveis.,1.0,1.0,"O rastreamento dos refletores e marcadores de um rollover para outro foi dificultado pela intensa halocinese e pela sísmica de baixa resolução, conforme indicado no contexto.",1.0,1.0,30,42,16
1550,O que foi dificultado para traçar sequências de alta frequência?,SUCCESS,um arcabouço estratigráfico de alta frequência,"O rastreamento difícil dos refletores e marcadores sísmicos, especialmente devido à intensa halocinese e à baixa resolução das seções sísmicas, dificultou o traçamento das sequências de alta frequência. Além disso, as descontinuidades erosivas nos canais incisos não ocorreram de forma cíclica, impossibilitando seu uso como limites dessas sequências.",1.0,1.0,"O rastreamento dos refletores e marcadores foi dificultado pela intensa halocinese e pela baixa resolução das seções sísmicas. Além disso, a ausência de descontinuidades erosivas cíclicas nos canais incisos inviabilizou seu uso como limites de sequências de alta frequência.",1.0,1.0,46,65,31
1551,O que foi dificultado para rastrear refletores e marcadores de um rollover para outro?,SUCCESS,arcabouço estratigráfico de alta frequência,"O rastreamento dos refletores e marcadores de um rollover para outro foi dificultado pela intensa halocinese e pela baixa resolução das seções sísmicas disponíveis, impedindo a discriminação dos padrões de terminação dos refletores.",0.8,1.0,O rastreamento de refletores e marcadores de um rollover para outro foi dificultado pela intensa halocinese e pela baixa resolução das seções sísmicas disponíveis.,1.0,1.0,36,49,18
1552,O que as seções sísmicas disponíveis não permitem discriminar?,SUCCESS,padrões de terminação de refletores sísmicos,As seções sísmicas disponíveis não permitem discriminar padrões de terminação de refletores sísmicos na 4ª e 5ª ordens.,1.0,1.0,As seções sísmicas disponíveis não permitem discriminar padrões de terminação de refletores sísmicos na 4ª e 5ª ordens.,1.0,1.0,56,88,22
1553,Quando Catunea - nu escreveu sobre a Estratigrafia Moderna?,SUCCESS,2006,"Catunea-nu não escreveu sobre a Estratigrafia Moderna antes de 2006, conforme indicado nas referências (Catunea-nu, 2006; Catuneanu et al. 2009).",1.0,1.0,"Catunea-nu escreveu sobre a Estratigrafia Moderna em 2006, conforme citado no contexto. Portanto, Catunea-nu não deixou de escrever sobre o tema; ele escreveu sim.",0.75,1.0,50,76,26
1554,O que os autores modernos usaram para segui-la?,SUCCESS,Estratigrafia,"Os autores modernos usaram o uso das superfícies transgressivas ou de afogamento que recobrem os carbonatos de plataforma como limites de parassequências, seguindo os preceitos da Moderna Estratigrafia.",0.75,1.0,Os autores modernos usaram as superfícies transgressivas ou de afogamento que recobrem os carbonatos de plataforma como limites de parassequências para seguir os preceitos da moderna estratigrafia.,1.0,1.0,38,52,22
1555,O que foi dificultado para traçar sequências de alta frequência?,SUCCESS,rastreamento dos refletores e marcadores,O rastreamento dificultado dos refletores e marcadores entre rollovers (principalmente no sentido dlp) devido à intensa halocinese e a baixa resolução das seções sísmicas dificultaram o traçamento de sequências de alta frequência.,1.0,1.0,O rastreamento difícil dos refletores e marcadores devido à intensa halocinese e à baixa resolução das seções sísmicas disponíveis dificultou traçar sequências de alta frequência.,1.0,1.0,41,56,17
1556,Quais são os preceitos utilizados para a utilização de um arcabouço estratigráfico de alta frequência na Sequência A?,SUCCESS,"Moderna Estratigrafia (Catunea-nu, 2006; Catuneanu et al. 2009, Hunt e Tucker, 1992; VanWagoner et al., 1988; Galloway, 1989; Posamentier e Allen, 1999)","Os preceitos utilizados para a utilização de um arcabouço estratigráfico de alta frequência na Sequência A são da Moderna Estratigrafia, conforme Catuneanu (2006), Catuneanu et al. (2009), Hunt e Tucker (1992), VanWagoner et al. (1988), Galloway (1989), e Posamentier e Allen (1999). Devido à dificuldade de rastreamento dos refletores e baixa resolução sísmica, optou-se pelo uso das superfícies transgressivas ou de afogamento que recobrem carbonatos de plataforma como limites de parassequências, em vez de descontinuidades erosivas.",1.0,1.0,"Os preceitos utilizados para a utilização de um arcabouço estratigráfico de alta frequência na Sequência A seguem a Moderna Estratigrafia (referências como Catuneanu, Hunt & Tucker, VanWagoner, Galloway, Posamentier & Allen). Devido à dificuldade de rastreamento dos refletores sísmicos (baixa resolução e intensa halocinese) e ausência de descontinuidades erosivas cíclicas (como canais incisos), foram adotadas superfícies transgressivas ou de afogamento que recobrem os carbonatos de plataforma como limites de parassequências, estas compostas por uma sucessão basal transgressiva e uma superior regressiva.",1.0,1.0,44,64,21
1557,Por que a utilização de um arcabouço estratigráfico de alta frequência para a Sequência A foi dificultada?,SUCCESS,"pelo difícil rastreamento dos refletores e marcadores de um rollover para outro, principalmente no sentido dlp, em um intervalo estratigráfico dominado por intensa halocinese","A utilização de um arcabouço estratigráfico de alta frequência para a Sequência A foi dificultada pelo difícil rastreamento dos refletores e marcadores entre rollovers devido à intensa halocinese, baixa resolução das seções sísmicas (impedindo a identificação de padrões de terminação dos refletores) e pela ausência de descontinuidades erosivas cíclicas nos poços analisados.",1.0,1.0,"A utilização de um arcabouço estratigráfico de alta frequência para a Sequência A foi dificultada devido ao difícil rastreamento dos refletores e marcadores entre rollovers em um intervalo dominado por intensa halocinese, além da baixa resolução das seções sísmicas, que impediu a identificação confiável dos padrões de terminação dos refletores e descontinuidades erosivas de alta frequência.",1.0,0.5,47,70,30
1558,O que as seções sísmicas disponíveis não apresentam para permitir discriminar padrões de terminação de refletores sísmicos na 4a e 5a ordens?,SUCCESS,conteúdo de resolução suficientemente alto,As seções sísmicas disponíveis não apresentam **conteúdo de resolução suficientemente alto** para discriminar padrões de terminação de refletores sísmicos na 4a e 5a ordens.,1.0,1.0,As seções sísmicas disponíveis não apresentam resolução suficientemente alta para permitir discriminar padrões de terminação de refletores sísmicos na 4ª e 5ª ordens.,1.0,1.0,54,82,26
1559,Por que as descontinuidades erosivas registradas nos canais incisos não puderam ser utilizadas como superfícies delimitadoras de sequências de alta frequência?,SUCCESS,"não ocorrem, nos poços analisados, de forma cíclica, impossibilitando sua utilização como superfícies delimitadoras de sequências de alta frequência","As descontinuidades erosivas registradas nos canais incisos não puderam ser utilizadas como superfícies delimitadoras de sequências de alta frequência porque, nos poços analisados, essas descontinuidades não ocorrem de forma cíclica.",1.0,1.0,"As descontinuidades erosivas nos canais incisos não puderam ser utilizadas como superfícies delimitadoras de sequências de alta frequência porque, nos poços analisados, elas não ocorrem de forma cíclica, impossibilitando sua correlação como limites de parassequências.",1.0,1.0,47,78,26
1560,"O que foi utilizado como limites de parassequências, compostas por uma sucessão basal transgressiva e uma sucessão superior regressiva?",SUCCESS,as superfícies transgressivas ou de afogamento que recobrem os carbonatos de plataforma,Foram utilizadas as superfícies transgressivas ou de afogamento que recobrem os carbonatos de plataforma como limites de parassequências.,1.0,1.0,"Como limites de parassequências, compostas por uma sucessão basal transgressiva e uma sucessão superior regressiva, foram utilizadas as superfícies transgressivas ou de afogamento que recobrem os carbonatos de plataforma.",1.0,1.0,53,83,32
1561,Quais autores são citados como preceitos da Moderna Estratigrafia?,SUCCESS,"Catunea-nu, 2006; Catuneanu et al. 2009, Hunt e Tucker, 1992; VanWagoner et al., 1988; Galloway, 1989; Posamentier e Allen, 1999","Os autores citados como preceitos da Moderna Estratigrafia são: Catuneanu (2006), Catuneanu et al. (2009), Hunt e Tucker (1992), VanWagoner et al. (1988), Galloway (1989) e Posamentier e Allen (1999).",1.0,1.0,"Os autores citados como preceitos da Moderna Estratigrafia são: Catuneanu (2006), Catuneanu et al. (2009), Hunt e Tucker (1992), Van Wagoner et al. (1988), Galloway (1989) e Posamentier e Allen (1999).",1.0,1.0,54,82,26
1562,O que dificultou a utilização de um arcabouço estratigráfico de alta frequência para a Sequência A?,SUCCESS,"o difícil rastreamento dos refletores e marcadores de um rollover para outro, principalmente no sentido dlp, em um intervalo estratigráfico dominado por intensa halocinese","O que dificultou a utilização de um arcabouço estratigráfico de alta frequência para a Sequência A foi o difícil rastreamento dos refletores e marcadores entre rollovers, principalmente no sentido dlp, devido à intensa halocinese, além da baixa resolução das seções sísmicas disponíveis e da ausência de descontinuidades erosivas cíclicas nos testemunhos e perfis de poços.",1.0,1.0,"A utilização de um arcabouço estratigráfico de alta frequência para a Sequência A foi dificultada pelo difícil rastreamento dos refletores e marcadores sísmicos devido à intensa halocinese, principalmente no sentido dlp, além da baixa resolução dos dados sísmicos, que não permitiu identificar padrões de terminação dos refletores nas 4ª e 5ª ordens. As descontinuidades erosivas nos poços também não apresentaram repetição cíclica, inviabilizando seu uso como limites de sequências de alta frequência.",1.0,1.0,57,76,24
1563,O que poderia auxiliar na determinação das principais superfícies estratigráficas correlativas às flutuações do nível de base?,SUCCESS,padrões de terminação de refletores sísmicos na 4a e 5a ordens,Os padrões de terminação de refletores sísmicos poderiam auxiliar na determinação das principais superfícies estratigráficas correlativas às flutuações do nível de base.,1.0,1.0,"A identificação de padrões de terminação de refletores sísmicos, caso fossem perceptíveis nas seções sísmicas disponíveis, poderia auxiliar na determinação das principais superfícies estratigráficas correlativas às flutuações do nível de base.",1.0,1.0,56,71,27
1564,O que não ocorrem de forma cíclica nos poços analisados?,SUCCESS,descontinuidades erosivas registradas nos canais incisos,O que não ocorre de forma cíclica nos poços analisados são as descontinuidades erosivas registradas nos canais incisos.,1.0,1.0,As descontinuidades erosivas registradas nos canais incisos não ocorrem de forma cíclica nos poços analisados.,1.0,1.0,36,59,15
1565,O que foram usadas como limites de parassequências?,SUCCESS,superfícies transgressivas ou de afogamento que recobrem os carbonatos de plataforma,Foram usadas as superfícies transgressivas ou de afogamento que recobrem os carbonatos de plataforma como limites de parassequências.,1.0,1.0,Foram usadas superfícies transgressivas ou de afogamento como limites de parassequências.,1.0,1.0,48,77,21
1566,Qual é a parte mais superior da Formação Pendência?,SUCCESS,a Seqüência K40,A parte mais superior da Formação Pendência é a Seqüência K40.,1.0,1.0,A parte mais superior da Formação Pendência é a Seqüência K40.,1.0,1.0,33,47,21
1567,Qual é a seção mais superior da Formação Pendência?,SUCCESS,a Seqüência K40,A seção mais superior da Formação Pendência é a Seqüência K40.,1.0,1.0,A seção mais superior da Formação Pendência é a Seqüência K40.,1.0,1.0,26,39,14
1568,Qual sistema é o limite proximal de ocorrência da Seqüência K40?,SUCCESS,sistema de falhas de Pescada,O sistema de falhas de Pescada constitui o limite proximal de ocorrência da Seqüência K40.,1.0,1.0,O limite proximal de ocorrência da Seqüência K40 é o sistema de falhas de Pescada.,1.0,1.0,40,61,22
1569,Quando começa a deposição da megasseqüência proto-oceânica?,SUCCESS,Neo-aptiano,A deposição da megasseqüência proto-oceânica começa a partir do Neo-aptiano.,1.0,1.0,A deposição da megassequência proto-oceânica começa a partir do Neo-aptiano.,1.0,1.0,39,57,24
1570,Qual sistema é o limite proximal de ocorrência da seqüência K40?,SUCCESS,O sistema de falhas de Pescada,O sistema de falhas de Pescada constitui o limite proximal de ocorrência da sequência K40.,1.0,1.0,O sistema que constitui o limite proximal de ocorrência da seqüência K40 é o sistema de falhas de Pescada.,1.0,1.0,26,38,13
1571,Em que período começa a deposição da megasseqüência proto - oceânica?,SUCCESS,Neo-aptiano,A deposição da megassequência proto-oceânica começa no Neo-aptiano.,1.0,1.0,A deposição da megasseqüência proto-oceânica começa no período Neo-aptiano.,1.0,1.0,29,45,15
1572,Qual é a direção geral do sistema de falhas de Pescada?,SUCCESS,WNW-ESE,A direção geral do sistema de falhas de Pescada é WNW-ESE (oeste-noroeste a leste-sudeste).,1.0,1.0,A direção geral do sistema de falhas de Pescada é WNW-ESE (oeste-noroeste – leste-sudeste).,1.0,1.0,45,68,26
1573,Quais são os materiais da Seqüência K40?,SUCCESS,arenitos grossos e pelitos,"Os materiais da Seqüência K40 são arenitos grossos e pelitos, provenientes de um sistema flúvio-deltaico-lacustrino, compondo uma cunha clástica sintectônica dominada por leques aluviais e sistemas fluviais de alta energia, com bancos carbonáticos restritos.",0.8,1.0,Os materiais da Seqüência K40 são arenitos grossos e pelitos de um sistema flúvio-deltaico-lacustrino.,1.0,1.0,45,71,26
1574,O que está geneticamente relacionado à atividade da Seqüência K40?,SUCCESS,aumento da taxa de subsidência,A atividade da Seqüência K40 está geneticamente relacionada a um aumento da taxa de subsidência no final da fase de rifteamento da bacia.,0.5,0.0,"A atividade da Seqüência K40 está geneticamente relacionada ao aumento da taxa de subsidência no final da fase de rifteamento da bacia, controlada pela Falha de Pescada.",0.6666666666666666,1.0,35,50,21
1575,Qual é o tipo de rocha que inicia a deposição da megasseqüência proto - oceânica?,SUCCESS,Neo-aptiano,O tipo de rocha que inicia a deposição da megassequência proto-oceânica é constituído por sedimentos clásticos (como arenitos e pelitos).,1.0,1.0,"O tipo de rocha que inicia a deposição da megasseqüência proto-oceânica (Seqüência K50) é uma rocha sedimentar, marcada por uma superfície de discordância angular sobre arenitos grossos e pelitos da formação subjacente (Formação Pendência/Seqüência K40).",0.8,1.0,36,56,21
1577,Quais são as duas rochas que constituem a Seqüência K40?,SUCCESS,arenitos grossos e pelitos,As duas rochas que constituem a Seqüência K40 são arenitos grossos e pelitos.,1.0,1.0,As duas rochas que constituem a Seqüência K40 são arenitos grossos e pelitos.,1.0,1.0,36,50,21
1578,A que está geneticamente relacionada a atividade da Seqüência K40?,SUCCESS,aumento da taxa de subsidência,A atividade da Seqüência K40 está geneticamente relacionada a um aumento da taxa de subsidência no final da fase de rifteamento da bacia.,1.0,1.0,"A atividade da Seqüência K40 está geneticamente relacionada ao aumento da taxa de subsidência no final da fase de rifteamento da bacia, causado pela atividade da Falha de Pescada.",0.3333333333333333,1.0,36,53,20
1579,A que está geneticamente relacionada a atividade da Seqüência K40?,SUCCESS,um aumento da taxa de subsidência,A atividade da Seqüência K40 está geneticamente relacionada a um aumento da taxa de subsidência no final da fase de rifteamento da bacia.,1.0,0.0,A atividade da Seqüência K40 está geneticamente relacionada a um aumento da taxa de subsidência no final da fase de rifteamento da bacia.,1.0,0.0,58,91,33
1580,O que constitui a parte mais superior da Formação Pendência?,SUCCESS,A Seqüência K40,A parte mais superior da Formação Pendência é constituída pela Seqüência K40.,1.0,1.0,"A parte mais superior da Formação Pendência é constituída pela Seqüência K40, formada principalmente por arenitos grossos e pelitos de um sistema flúvio-deltaico-lacustrino.",1.0,1.0,42,62,24
1582,O que preenche o sistema de falhas de Pescada?,SUCCESS,"sistemas deposicionais continentais, dominados por leques aluviais e sistemas fluviais de alta energia","O sistema de falhas de Pescada é preenchido por sistemas deposicionais continentais, dominados por leques aluviais e sistemas fluviais de alta energia, com bancos carbonáticos restritos.",0.75,1.0,"O sistema de falhas de Pescada é preenchido por sistemas deposicionais continentais, dominados por leques aluviais e sistemas fluviais de alta energia, com bancos carbonáticos restritos.",0.6666666666666666,1.0,37,59,20
1583,Qual é a unidade litoestratigráfica correspondente à seção de rochas dominada por sistemas deposicionais continentais?,SUCCESS,Formação Pescada,A unidade litoestratigráfica correspondente é a Formação Pescada.,1.0,1.0,A unidade litoestratigráfica correspondente à seção de rochas dominada por sistemas deposicionais continentais é a Formação Pescada.,1.0,1.0,32,47,19
1584,Quando inicia-se a deposição da megasseqüência proto-oceânica?,SUCCESS,A partir do Neo-aptiano,A deposição da megassequência proto-oceânica inicia-se a partir do Neo-aptiano.,1.0,1.0,A deposição da megasseqüência proto-oceânica inicia-se a partir do Neo-aptiano.,1.0,1.0,50,80,28
1585,Qual é a direção geral das falhas de Pescada?,SUCCESS,direção geral WNW-ESE,A direção geral das falhas de Pescada é WNW-ESE (oestenoroeste-lestesudeste).,1.0,1.0,A direção geral das falhas de Pescada é WNW-ESE (oeste-noroeste a leste-sudeste).,1.0,1.0,29,45,16
1586,O que é a Seqüência K40?,SUCCESS,"A Seqüência K40 é constituída por uma cunha clástica sintectônica, reconhecida inicialmente no bloco baixo da Falha de Pescada, cuja atividade está geneticamente relacionada a um aumento da taxa de subsidência no final da fase de rifteamento da bacia.","A Seqüência K40 é a parte superior da Formação Pendência, composta por arenitos grossos e pelitos de um sistema flúvio-deltaico-lacustrino, representando uma cunha clástica sintectônica relacionada à atividade da Falha de Pescada.",1.0,1.0,"A Seqüência K40 é a parte mais superior da Formação Pendência, composta por arenitos grossos e pelitos de ambiente flúvio-deltaico-lacustre. Forma uma cunha clástica sintectônica associada à atividade tectônica da Falha de Pescada, sendo preenchida por depósitos continentais como leques aluviais e sistemas fluviais de alta energia, com poucos bancos carbonáticos.",1.0,1.0,42,69,23
1587,Quais são os sistemas deposicionais continentais que preenchem o sedimentar da Seqüência K40?,SUCCESS,"sistemas deposicionais continentais, dominados por leques aluviais e sistemas fluviais de alta energia, com bancos carbonáticos restritos.","Os sistemas deposicionais continentais que preenchem o sedimentar da Seqüência K40 são leques aluviais e sistemas fluviais de alta energia, com bancos carbonáticos restritos.",0.6666666666666666,1.0,"Os sistemas deposicionais continentais que preenchem o sedimentar da Seqüência K40 são leques aluviais e sistemas fluviais de alta energia, com bancos carbonáticos restritos.",0.6666666666666666,1.0,37,54,24
1588,Qual é a unidade litoestratigráfica que corresponde à seção de rochas da Seqüência K40?,SUCCESS,Formação Pescada,A unidade litoestratigráfica que corresponde à seção de rochas da Seqüência K40 é a Formação Pescada.,1.0,0.0,A unidade litoestratigráfica que corresponde à seção de rochas da Seqüência K40 é a Formação Pescada.,1.0,0.0,54,85,31
1632,O que causou o processo de dobramento por deslizamento flexural?,SUCCESS,anisotropia mecânica,"O processo de dobramento por deslizamento flexural foi causado pela anisotropia mecânica entre as camadas, com a deformação concentrando-se em níveis de folhelhos e siltitos intercalados a arenitos.",0.6666666666666666,1.0,"O processo de dobramento por deslizamento flexural foi causado pela anisotropia mecânica entre as camadas, concentrando a deformação principalmente em folhelhos e siltitos intercalados a arenitos.",1.0,1.0,32,51,18
1633,Qual foi a principal característica da região de charneira?,SUCCESS,"flexural slip e buckling, sensu Park, 1989; fig. 15).","A principal característica da região de charneira foi a predominância do mecanismo de flambagem (buckling), indicando uma resposta homogênea do material e a nucleação de falhas reversas devido à deformação intensa.",1.0,1.0,"A principal característica da região de charneira é a predominância do mecanismo de flambagem (buckling), que indica uma resposta homogênea do material e, em alguns casos, leva à nucleação de falhas reversas devido à deformação intensa.",0.75,1.0,32,50,19
1634,Que mecanismo predomina nos flancos das dobras?,SUCCESS,mecanismos de deslizamento flexural,Nos flancos das dobras predomina o mecanismo de deslizamento flexural.,1.0,1.0,Nos flancos das dobras predomina o mecanismo de deslizamento flexural.,1.0,1.0,33,46,17
1636,Em que região de dobras predomina o mecanismo de flambagem?,SUCCESS,charneira,O mecanismo de flambagem predomina na região de charneira das dobras.,1.0,1.0,O mecanismo de flambagem predomina na região de charneira das dobras.,1.0,1.0,34,53,18
1637,O que ocorreu em conseqüência da anisotropia mecânica entre camadas?,SUCCESS,O processo de dobramento por deslizamento flexural,"Em consequência da anisotropia mecânica entre as camadas, ocorreu o dobramento por deslizamento flexural, concentrando a deformação nos níveis de folhelhos e siltitos intercalados aos arenitos.",0.5,1.0,"Em consequência da anisotropia mecânica entre camadas, ocorreu o deslizamento flexural, com a deformação concentrando-se em níveis de folhelhos e siltitos intercalados a arenitos nos flancos das dobras.",1.0,1.0,32,52,18
1638,Onde se concentra a deformação?,SUCCESS,"níveis de folhelhos e siltitos, intercalados a arenitos","A deformação se concentra nos níveis de folhelhos e siltitos intercalados a arenitos e, na região de charneira das dobras, onde ocorrem mecanismos de flambagem.",1.0,1.0,A deformação se concentra nos níveis de folhelhos e siltitos intercalados a arenitos nos flancos das dobras (por deslizamento flexural) e na região da charneira das dobras (por flambagem/buckling).,0.3333333333333333,1.0,37,45,18
1639,O que foi conseqüência da anisotropia mecânica entre camadas?,SUCCESS,processo de dobramento por deslizamento flexural,"A consequência da anisotropia mecânica entre as camadas foi o dobramento por deslizamento flexural, com a deformação concentrando-se em níveis de folhelhos e siltitos intercalados a arenitos.",1.0,1.0,"A consequência da anisotropia mecânica entre camadas foi o deslizamento flexural, ou seja, a deformação concentrou-se em níveis específicos (folhelhos e siltitos), levando ao dobramento das camadas por deslizamento flexural.",1.0,1.0,31,50,18
1641,O que revela que a deformação atingiu o ponto de ruptura?,SUCCESS,a nucleação de falhas reversas,A nucleação de falhas reversas revela que a deformação atingiu o ponto de ruptura.,1.0,1.0,A nucleação de falhas reversas revela que a deformação atingiu o ponto de ruptura.,1.0,1.0,34,45,18
1642,O que indica a relação angular entre os indicadores cinemáticos nas superfícies de deslizamento e os eixos das dobras F1?,SUCCESS,a atuação de uma componente de rotação horária,"A relação angular entre os indicadores cinemáticos nas superfícies de deslizamento e os eixos das dobras F1 indica a atuação de uma componente de rotação horária durante o fenômeno de deslizamento flexural, ou que essa rotação ocorreu após a nucleação das dobras F1.",1.0,1.0,"A relação angular entre os indicadores cinemáticos nas superfícies de deslizamento e os eixos das dobras F1 indica a atuação de uma componente de rotação horária durante o deslizamento flexural, podendo também sugerir que essa rotação ocorreu após a nucleação das dobras F1.",1.0,1.0,32,49,19
1643,O que a relação angular entre os indicadores cinemáticos nas superfícies de deslizamento e os eixos das dobras indica?,SUCCESS,uma componente de rotação horária,"A relação angular entre os indicadores cinemáticos nas superfícies de deslizamento e os eixos das dobras indica a atuação de uma componente de rotação horária durante o deslizamento flexural, ou que essa rotação ocorreu após a nucleação das dobras F1.",1.0,1.0,"A relação angular entre os indicadores cinemáticos nas superfícies de deslizamento e os eixos das dobras indica a atuação de uma componente de rotação horária durante o deslizamento flexural, ou seja, revela que ocorreu rotação após a nucleação das dobras F1.",1.0,1.0,30,44,14
1645,Em que região das dobras predomina a flambagem?,SUCCESS,charneira,Na região de charneira das dobras.,1.0,1.0,A flambagem predomina na região de charneira das dobras.,1.0,1.0,30,48,16
1646,O que foi conseqüência da anisotropia mecânica entre camadas?,SUCCESS,O processo de dobramento por deslizamento flexural,"Foi o processo de dobramento por deslizamento flexural, com a deformação concentrando-se em níveis de folhelhos e siltitos intercalados a arenitos.",1.0,1.0,"A anisotropia mecânica entre camadas teve como consequência o deslizamento flexural, concentrando a deformação em níveis de folhelhos e siltitos intercalados a arenitos.",1.0,1.0,32,50,14
1653,Qual foi o mecanismo de deslizamento dominante nas dobras?,SUCCESS,mecanismos de deslizamento flexural,O mecanismo de deslizamento dominante nas dobras foi o deslizamento flexural (flexural slip) nos flancos das dobras.,1.0,1.0,O mecanismo de deslizamento dominante nas dobras foi o deslizamento flexural nos flancos das dobras.,1.0,1.0,29,43,15
1654,Em que região de dobras predomina o mecanismo de flambagem?,SUCCESS,região de charneira,Na região de charneira das dobras.,1.0,1.0,O mecanismo de flambagem predomina na região de charneira das dobras.,1.0,1.0,39,63,20
1655,O que ocorreu em conseqüência da anisotropia mecânica entre camadas?,SUCCESS,processo de dobramento por deslizamento flexural,"Em consequência da anisotropia mecânica entre as camadas, ocorreu o dobramento por deslizamento flexural, com a deformação concentrando-se nos níveis de folhelhos e siltitos intercalados a arenitos.",0.75,1.0,"Em consequência da anisotropia mecânica entre camadas, ocorreu o deslizamento flexural, concentrando a deformação em níveis de folhelhos e siltitos intercalados a arenitos.",0.8,1.0,36,55,21
1656,Onde se concentra a deformação?,SUCCESS,níveis de folhelhos e siltitos,"A deformação se concentra principalmente nos níveis de folhelhos e siltitos intercalados a arenitos, especialmente na região de charneira das dobras.",1.0,1.0,"A deformação se concentra nos níveis de folhelhos e siltitos, intercalados a arenitos, ou seja, entre as camadas das rochas.",1.0,1.0,37,56,23
1658,O que revela que a deformação atingiu o ponto de ruptura?,SUCCESS,falhas reversas,A nucleação de falhas reversas revela que a deformação atingiu o ponto de ruptura.,0.6666666666666666,1.0,O que revela que a deformação atingiu o ponto de ruptura é a nucleação de falhas reversas.,0.5,1.0,36,57,17
1659,Qual foi o mecanismo predominante nos flancos das dobras?,SUCCESS,mecanismos de deslizamento flexural,O mecanismo predominante nos flancos das dobras foi o deslizamento flexural.,1.0,1.0,O mecanismo predominante nos flancos das dobras foi o deslizamento flexural.,1.0,1.0,33,53,15
1664,Qual a relação angular entre os indicadores cinemáticos nas superfícies de deslizamento e os eixos das dobras F1?,SUCCESS,indica a atuação de uma componente de rotação horária durante o fenômeno de deslizamento flexural,A relação angular entre os indicadores cinemáticos nas superfícies de deslizamento e os eixos das dobras F1 indica a existência de uma componente de rotação horária durante o deslizamento flexural ou após a nucleação das dobras F1.,1.0,1.0,"A relação angular entre os indicadores cinemáticos nas superfícies de deslizamento e os eixos das dobras F1 indica a atuação de uma componente de rotação horária durante o deslizamento flexural, ou seja, os indicadores não são paralelos aos eixos das dobras, refletindo essa rotação.",1.0,1.0,32,50,16
1665,O que foi consequência da anisotropia mecânica entre as camadas no processo de dobramento por deslizamento flexural?,SUCCESS,"a deformação concentrando-se em níveis de folhelhos e siltitos, intercalados a arenitos","A consequência da anisotropia mecânica entre as camadas no processo de dobramento por deslizamento flexural foi a concentração da deformação em níveis de folhelhos e siltitos, intercalados a arenitos.",1.0,1.0,"A consequência da anisotropia mecânica entre as camadas no processo de dobramento por deslizamento flexural foi a concentração da deformação em níveis de folhelhos e siltitos intercalados a arenitos, permitindo o deslizamento flexural nestas superfícies.",0.6666666666666666,1.0,36,57,22
1666,O que indica o mecanismo de flambagem em relação à resposta do material próximo à zona de charneira das dobras?,SUCCESS,uma resposta homogênea do material próximo à zona de charneira das dobras,"O mecanismo de flambagem indica que, próximo à zona de charneira das dobras, o material responde de forma homogênea à deformação, levando à nucleação de falhas reversas quando a deformação atinge o ponto de ruptura.",0.6666666666666666,1.0,"O mecanismo de flambagem indica que, próximo à zona de charneira das dobras, o material responde de forma homogênea, diferentemente dos flancos. Quando a deformação atinge o ponto de ruptura, ocorrem nucleações de falhas reversas.",0.6666666666666666,1.0,33,48,17
1668,Quais mecanismos de dobramento predominaram nos flancos das dobras?,SUCCESS,mecanismos de deslizamento flexural,Nos flancos das dobras predominaram mecanismos de deslizamento flexural.,1.0,1.0,Os mecanismos de dobramento que predominaram nos flancos das dobras foram os de deslizamento flexural.,1.0,1.0,37,53,19
1669,O que prevaleceu na região de charneira das dobras?,SUCCESS,flambagem,Na região de charneira das dobras prevaleceu o mecanismo de flambagem (buckling).,1.0,1.0,Na região de charneira das dobras prevaleceu a flambagem (buckling).,1.0,1.0,38,57,18
1670,O que é indicado pela relação angular entre os indicadores cinemáticos nas superfícies de deslizamento e os eixos das dobras F1?,SUCCESS,a atuação de uma componente de rotação horária durante o fenômeno de deslizamento flexural,"A relação angular entre os indicadores cinemáticos nas superfícies de deslizamento e os eixos das dobras F1 indica a atuação de uma componente de rotação horária durante o deslizamento flexural, ou que essa rotação ocorreu após a nucleação das dobras F1.",1.0,1.0,"A relação angular entre os indicadores cinemáticos nas superfícies de deslizamento e os eixos das dobras F1 indica a atuação de uma componente de rotação horária durante o deslizamento flexural, ou que essa rotação ocorreu após a nucleação das dobras F1.",1.0,1.0,29,45,17
1672,O que é conseqüência da anisotropia mecânica entre as camadas?,SUCCESS,o processo de dobramento por deslizamento flexural,"A consequência da anisotropia mecânica entre as camadas é o dobramento por deslizamento flexural, com a deformação concentrando-se nos níveis mais dúcteis (como folhelhos e siltitos) intercalados aos mais rígidos (arenitos).",1.0,1.0,"A consequência da anisotropia mecânica entre as camadas é o deslizamento flexural, ou seja, a deformação concentrada nos níveis mais fracos (como folhelhos e siltitos) durante o dobramento das rochas.",0.6666666666666666,1.0,29,41,14
1673,O que é muito raro em outros ambientes sedimentares antigos?,SUCCESS,a infiltração mecânica de argilas,O que é muito raro em outros ambientes sedimentares antigos é a infiltração mecânica de argilas.,1.0,1.0,O reconhecimento da infiltração mecânica de argilas é muito raro em outros ambientes sedimentares antigos.,1.0,0.0,51,87,24
1675,Quem identificou cutículas de argila e hematita em arenitos de duna e wadi do Permiano do Mar do Norte como acumuladas por infiltração mecânica?,SUCCESS,KESSLER,KESSLER identificou cutículas de argila e hematita em arenitos de duna e wadi do Permiano do Mar do Norte como acumuladas por infiltração mecânica.,1.0,1.0,Kessler foi quem identificou cutículas de argila e hematita em arenitos de duna e wadi do Permiano do Mar do Norte como acumuladas por infiltração mecânica.,0.5,1.0,36,61,18
1676,Qual é o teor de argila infiltrada em depósitos terciários e pleistocênicos do Sudoeste americano?,SUCCESS,10 a 20%,Os depósitos terciários e pleistocênicos do Sudoeste americano contêm comumente de 10 a 20% de argilas infiltradas.,1.0,1.0,O teor de argila infiltrada em depósitos terciários e pleistocênicos do Sudoeste americano é comumente de 10 a 20%.,1.0,1.0,38,64,19
1678,Quem identificou cutículas de argila e hematita no arenito do Mar do Norte como sendo infiltradas?,SUCCESS,KESSLER,KESSLER identificou cutículas de argila e hematita no arenito do Mar do Norte como sendo infiltradas.,1.0,1.0,Kessler identificou cutículas de argila e hematita no arenito do Mar do Norte como sendo infiltradas.,1.0,1.0,37,58,19
1680,O que é muito raro em outros ambientes sedimentares antigos?,SUCCESS,infiltração mecânica de argilas,Muito raro em outros ambientes sedimentares antigos é a infiltração mecânica de argilas.,1.0,1.0,O que é muito raro em outros ambientes sedimentares antigos é a infiltração mecânica de argilas.,1.0,1.0,35,56,18
1681,Que processo é raro e superficial?,SUCCESS,infiltração mecânica,O processo raro e superficial é a infiltração mecânica de argilas em ambientes sedimentares antigos.,0.5,1.0,O processo raro e superficial é a infiltração mecânica de argilas.,1.0,0.0,60,103,29
1682,Em que região estão localizadas as ilhas de barreira?,SUCCESS,Terciário da Costa do Golfo,"As ilhas de barreira, segundo o contexto, estão localizadas no Terciário da Costa do Golfo.",1.0,1.0,"As ilhas de barreira mencionadas estão localizadas na região da Costa do Golfo, no Terciário.",0.5,1.0,36,54,16
1683,Que porcentagem de argilas infiltradas existem nos depósitos terciários e pleistocênicos do Sudoeste americano?,SUCCESS,10 a 20%,Os depósitos terciários e pleistocênicos do Sudoeste americano contêm comumente de 10 a 20% de argilas infiltradas.,1.0,1.0,Os depósitos terciários e pleistocênicos do Sudoeste americano contêm comumente de 10 a 20% de argilas infiltradas.,1.0,1.0,33,53,17
1684,Onde estão localizadas as cutículas de argila e hematita que KESSLER identificou como acumuladas por infiltração mecânica?,SUCCESS,Permiano do Mar do Norte,As cutículas de argila e hematita que KESSLER identificou como acumuladas por infiltração mecânica estão localizadas em arenitos de duna e wadi do Permiano do Mar do Norte.,1.0,1.0,As cutículas de argila e hematita que KESSLER identificou como acumuladas por infiltração mecânica estão localizadas em arenitos de duna e wadi do Permiano do Mar do Norte.,0.6666666666666666,1.0,34,62,16
1685,"O que promove modificações marcantes na textura, mineralogia e composição química dos sedimentos?",SUCCESS,processo de infiltração mecânica,"O processo de infiltração mecânica promove modificações marcantes na textura, mineralogia e composição química dos sedimentos.",1.0,1.0,"O que promove modificações marcantes na textura, mineralogia e composição química dos sedimentos é o processo de infiltração mecânica de argilas.",1.0,1.0,33,51,18
1686,O que é raro em outros ambientes sedimentares antigos?,SUCCESS,infiltração mecânica,O que é raro em outros ambientes sedimentares antigos é a infiltração mecânica de argilas.,1.0,1.0,O que é raro em outros ambientes sedimentares antigos é a infiltração mecânica de argilas.,1.0,1.0,29,49,11
1687,Em que área de arenitos estão localizados algumas das argilas infiltradas?,SUCCESS,Terciário da Costa do Golfo,"Algumas das argilas infiltradas estão localizadas em arenitos de deltas, ilhas de barreira, dunas, wadi e, principalmente, em sistemas aluviais entrelaçados sob clima árido/semiárido.",1.0,1.0,"Algumas das argilas infiltradas estão localizadas em arenitos de duna e wadi, e também em arenitos de sistemas aluviais entrelaçados sob clima árido/semi-árido.",1.0,1.0,40,67,20
1688,Que porcentagem de argilas infiltradas os depósitos terciários e pleistocênicos do Sudoeste americano contêm?,SUCCESS,10 a 20%,Os depósitos terciários e pleistocênicos do Sudoeste americano contêm comumente de 10 a 20% de argilas infiltradas.,1.0,1.0,Os depósitos terciários e pleistocênicos do Sudoeste americano contêm comumente de 10 a 20% de argilas infiltradas.,1.0,1.0,48,74,29
1690,"Qual processo promove modificações marcantes na textura, mineralogia e composição química dos sedimentos onde atua?",SUCCESS,processo de infiltração mecânica,"O processo que promove modificações marcantes na textura, mineralogia e composição química dos sedimentos onde atua é a infiltração mecânica.",1.0,1.0,"O processo que promove modificações marcantes na textura, mineralogia e composição química dos sedimentos onde atua é a **infiltração mecânica de argilas**.",1.0,1.0,36,58,17
1691,Que processo é raro e superficial?,SUCCESS,infiltração mecânica de argilas,O processo raro e superficial mencionado no contexto é a infiltração mecânica de argilas em ambientes sedimentares antigos.,1.0,1.0,O processo raro e superficial é a infiltração mecânica de argilas em ambientes sedimentares antigos.,1.0,1.0,40,68,18
1692,O que é raro em outros ambientes sedimentares antigos?,SUCCESS,infiltração mecânica de argilas,O que é raro em outros ambientes sedimentares antigos é a infiltração mecânica de argilas.,1.0,1.0,O que é raro em outros ambientes sedimentares antigos é a infiltração mecânica de argilas.,1.0,1.0,40,66,20
1695,"Segundo WALKER et alii, qual a porcentagem comum de argilas infiltradas nos depósitos terciários e pleistocênicos do Sudoeste americano?",SUCCESS,de 10 a 20%,"Segundo WALKER et alii, os depósitos terciários e pleistocênicos do Sudoeste americano contêm comumente de 10 a 20% de argilas infiltradas.",1.0,1.0,"Segundo WALKER et alii, os depósitos terciários e pleistocênicos do Sudoeste americano contêm comumente de 10 a 20% de argilas infiltradas.",1.0,1.0,40,66,22
1696,O que a infiltração mecânica promove nos sedimentos onde atua?,SUCCESS,"modificações marcantes na textura, mineralogia e composição química dos sedimentos","A infiltração mecânica promove modificações marcantes na textura, mineralogia e composição química dos sedimentos onde atua.",0.6666666666666666,1.0,"A infiltração mecânica promove modificações marcantes na textura, mineralogia e composição química dos sedimentos onde atua.",1.0,1.0,49,87,26
1697,Qual a melhor ferramenta para identificar e descrever argilas mecanicamente infiltradas em sedimentos antigos?,SUCCESS,análise de lâminas delgadas,A melhor ferramenta para identificar e descrever argilas mecanicamente infiltradas em sedimentos antigos é a **análise de lâminas delgadas**.,1.0,1.0,A melhor ferramenta para identificar e descrever argilas mecanicamente infiltradas em sedimentos antigos é a análise de lâminas delgadas.,1.0,1.0,33,55,16
1699,Quais são os depósitos que LOUCKS et alii invocam para explicar os day coats presentes em alguns arenitos?,SUCCESS,"depositados em deltas e ilhas de barreira no Terciário da Costa do Golfo,",LOUCKS et alii invocam depósitos de deltas e ilhas de barreira no Terciário da Costa do Golfo para explicar os day coats presentes em alguns arenitos.,1.0,1.0,LOUCKS et alii invocam depósitos de deltas e ilhas de barreira no Terciário da Costa do Golfo para explicar os day coats presentes em alguns arenitos.,1.0,1.0,37,63,17
1700,O que KESSLER identifica em arenitos de duna e wadi do Permiano do Mar do Norte?,SUCCESS,cutículas de argila e hematita,KESSLER identifica cutículas de argila e hematita em arenitos de duna e wadi do Permiano do Mar do Norte como acumuladas por infiltração mecânica.,1.0,1.0,"KESSLER identifica cutículas de argila e hematita em arenitos de duna e wadi do Permiano do Mar do Norte, acumuladas por infiltração mecânica.",0.5,1.0,31,49,16
1701,"De acordo com WALKER et alii, quais são os depósitos que contêm comumente de 10 a 20% de argilas infiltradas?",SUCCESS,depósitos terciários e pleistocênicos do Sudoeste americano,"De acordo com WALKER et alii, os depósitos que contêm comumente de 10 a 20% de argilas infiltradas são os depósitos terciários e pleistocênicos do Sudoeste americano.",1.0,1.0,"De acordo com WALKER et alii, os depósitos que contêm comumente de 10 a 20% de argilas infiltradas são os depósitos terciários e pleistocênicos do Sudoeste americano.",1.0,1.0,33,58,15
1702,O que o processo de infiltração mecânica promove nos sedimentos onde atua?,SUCCESS,"modificações marcantes na textura, mineralogia e composição química dos sedimentos","O processo de infiltração mecânica promove modificações marcantes na textura, mineralogia e composição química dos sedimentos onde atua.",0.5,1.0,"O processo de infiltração mecânica promove modificações marcantes na textura, mineralogia e composição química dos sedimentos onde atua.",0.75,1.0,33,53,17
1703,Qual é a porcentagem de receitas bruta dos campos que pagam Participação Especial?,SUCCESS,1%,A porcentagem de receitas bruta dos campos que pagam Participação Especial é de 1%.,1.0,0.0,A porcentagem da receita bruta dos campos que pagam Participação Especial e que deve ser investida em Pesquisa e Desenvolvimento é de 1%.,0.0,1.0,36,56,16
1704,"O que constitui um grande desafio para a Agência Nacional do Petróleo, Gás Natural e Biocombustíveis?",SUCCESS,grande desafio para o nosso País a melhoria do conhecimento sobre as 29 bacias sedimentares que apresentam interesse para a indústria de petróleo e gás natural.,"Um grande desafio para a Agência Nacional do Petróleo, Gás Natural e Biocombustíveis é a melhoria do conhecimento sobre as 29 bacias sedimentares de interesse para a indústria de petróleo e gás natural.",1.0,1.0,"Um grande desafio para a Agência Nacional do Petróleo, Gás Natural e Biocombustíveis é a melhoria do conhecimento sobre as 29 bacias sedimentares que apresentam interesse para a indústria de petróleo e gás natural.",1.0,1.0,38,68,14
1705,O que tem sido decisivo no desenho de novos projetos?,SUCCESS,"Plano Plurianual de Estudos de Geologia e Geofísica,",O Plano Plurianual de Estudos de Geologia e Geofísica tem sido decisivo no desenho de novos projetos.,0.6666666666666666,1.0,O Plano Plurianual de Estudos de Geologia e Geofísica tem sido decisivo no desenho de novos projetos.,1.0,1.0,33,50,15
1706,Qual é a porcentagem mínima de gastos com pesquisa e desenvolvimento exigida pelos concessionários para obterem Participação Especial?,SUCCESS,1%,A porcentagem mínima exigida é de 1% da receita bruta dos campos que pagam Participação Especial.,1.0,1.0,A porcentagem mínima exigida é de 1% da receita bruta dos campos que pagam Participação Especial.,1.0,1.0,34,50,14
1707,Em que ano a ANP introduziu uma cláusula que obriga os concessionários a realizar despesas com pesquisa e desenvolvimento?,SUCCESS,1998,A ANP introduziu a cláusula que obriga os concessionários a realizar despesas com pesquisa e desenvolvimento em 1998.,1.0,1.0,A ANP introduziu a cláusula que obriga os concessionários a realizar despesas com pesquisa e desenvolvimento em 1998.,0.5,1.0,30,45,15
1708,"O que constitui um grande desafio para a Agência Nacional do Petróleo, Gás Natural e Biocombustíveis?",SUCCESS,a melhoria do conhecimento sobre as 29 bacias sedimentares,"Um grande desafio para a Agência Nacional do Petróleo, Gás Natural e Biocombustíveis é a melhoria do conhecimento sobre as 29 bacias sedimentares que apresentam interesse para a indústria de petróleo e gás natural.",1.0,1.0,"Um grande desafio para a Agência Nacional do Petróleo, Gás Natural e Biocombustíveis é a melhoria do conhecimento sobre as 29 bacias sedimentares de interesse para a indústria de petróleo e gás natural no Brasil.",1.0,1.0,40,65,15
1709,O que tem sido decisivo no desenho de novos projetos?,SUCCESS,Plano Plurianual de Estudos de Geologia e Geofísica,O Plano Plurianual de Estudos de Geologia e Geofísica tem sido decisivo no desenho de novos projetos.,1.0,1.0,O Plano Plurianual de Estudos de Geologia e Geofísica tem sido decisivo no desenho de novos projetos.,1.0,1.0,43,81,14
1710,Qual é a porcentagem mínima de gastos com pesquisa e desenvolvimento exigida pelos concessionários para obterem Participação Especial?,SUCCESS,50%,A porcentagem mínima de gastos exigida é 1% da receita bruta dos campos que pagam Participação Especial.,1.0,1.0,A porcentagem mínima exigida é 1% da receita bruta dos campos que pagam Participação Especial.,1.0,1.0,31,50,14
1711,Qual é o desafio que a ANP enfrenta?,SUCCESS,a melhoria do conhecimento sobre as 29 bacias sedimentares que apresentam interesse para a indústria de petróleo e gás natural,O desafio que a ANP enfrenta é a melhoria do conhecimento sobre as 29 bacias sedimentares de interesse para a indústria de petróleo e gás natural no Brasil.,1.0,1.0,O principal desafio que a ANP enfrenta é a melhoria do conhecimento sobre as 29 bacias sedimentares de interesse para a indústria de petróleo e gás natural no Brasil.,1.0,1.0,30,44,13
1712,Que plano a ANP conduz?,SUCCESS,Plano Plurianual de Estudos de Geologia e Geofísica,A ANP conduz o Plano Plurianual de Estudos de Geologia e Geofísica.,1.0,1.0,A ANP conduz o Plano Plurianual de Estudos de Geologia e Geofísica.,1.0,1.0,38,62,18
1713,Para onde deve ser aplicado o restante dos recursos do PBP?,SUCCESS,universidades ou institutos de pesquisa credenciados pela ANP,O restante dos recursos do PBP deve ser aplicado em universidades ou institutos de pesquisa credenciados pela ANP.,1.0,0.0,"O restante dos recursos do PBP (despesas qualificadas como pesquisa e desenvolvimento) deve ser aplicado em universidades ou institutos de pesquisa credenciados pela ANP, sendo obrigatório destinar pelo menos 50% desses recursos a essas instituições.",1.0,0.0,39,55,14
1714,Qual é o desafio da ANP?,SUCCESS,a melhoria do conhecimento sobre as 29 bacias sedimentares que apresentam interesse para a indústria de petróleo e gás natural,O desafio da ANP é melhorar o conhecimento sobre as 29 bacias sedimentares de interesse para a indústria de petróleo e gás natural no Brasil.,1.0,1.0,"O desafio da ANP é melhorar o conhecimento sobre as 29 bacias sedimentares de interesse para a indústria de petróleo e gás natural no Brasil, mobilizando diferentes atores e desenvolvendo novas tecnologias para o setor.",1.0,1.0,35,60,15
1715,Qual plano tem sido decisivo no desenho de novos projetos?,SUCCESS,Plano Plurianual de Estudos de Geologia e Geofísica,O Plano Plurianual de Estudos de Geologia e Geofísica tem sido decisivo no desenho de novos projetos.,1.0,1.0,O plano que tem sido decisivo no desenho de novos projetos é o Plano Plurianual de Estudos de Geologia e Geofísica.,1.0,1.0,33,50,15
1716,Em que devem ser investidos pelo menos 50 % dos recursos de Pesquisa e Desenvolvimento?,SUCCESS,universidades ou institutos de pesquisa credenciados pela ANP,Pelo menos 50% dos recursos de Pesquisa e Desenvolvimento devem ser investidos em universidades ou institutos de pesquisa credenciados pela ANP.,1.0,1.0,Pelo menos 50% dos recursos de Pesquisa e Desenvolvimento devem ser investidos em universidades ou institutos de pesquisa credenciados pela ANP.,1.0,1.0,39,62,14
1717,Qual é o órgão responsável por desenvolver programas e apoiar políticas públicas relacionadas à indústria de petróleo e gás natural?,SUCCESS,"Agência Nacional do Petróleo, Gás Natural e Biocombustíveis","O órgão responsável é a Agência Nacional do Petróleo, Gás Natural e Biocombustíveis (ANP).",1.0,1.0,"O órgão responsável é a Agência Nacional do Petróleo, Gás Natural e Biocombustíveis (ANP).",1.0,1.0,32,47,16
1718,O que a ANP introduziu nos contratos para exploração e produção de petróleo e gás natural desde 1998?,SUCCESS,uma cláusula que obriga os concessionários a realizar Despesas Qualificadas como Pesquisa e Desenvolvimento equivalentes a 1% da receita bruta dos campos que pagam Participação Especial,"Desde 1998, a ANP introduziu nos contratos de exploração e produção de petróleo e gás natural uma cláusula que obriga os concessionários a realizar despesas em Pesquisa e Desenvolvimento (P&D) equivalentes a 1% da receita bruta dos campos que pagam Participação Especial, sendo que pelo menos 50% desses recursos devem ser investidos em universidades ou institutos de pesquisa credenciados pela ANP.",1.0,1.0,"A ANP introduziu, desde 1998, nos contratos para exploração e produção de petróleo e gás natural, uma cláusula que obriga os concessionários a realizar despesas qualificadas em Pesquisa e Desenvolvimento equivalentes a 1% da receita bruta dos campos que pagam Participação Especial, sendo que pelo menos 50% desses recursos devem ser investidos em universidades ou institutos de pesquisa credenciados pela ANP.",1.0,1.0,45,70,15
1719,Qual é o objetivo da realização do Plano Plurianual de Estudos de Geologia e Geofísica pela ANP?,SUCCESS,"desenho de novos projetos que, em 2013, terão como desdobramento a realização da 11a Rodada de Licitações de Blocos","O objetivo da realização do Plano Plurianual de Estudos de Geologia e Geofísica pela ANP é melhorar o conhecimento sobre as bacias sedimentares de interesse para a indústria de petróleo e gás natural, subsidiando novos projetos e rodadas de licitação, além de estimular a pesquisa, desenvolvimento e inovação tecnológica no setor.",1.0,1.0,"O objetivo do Plano Plurianual de Estudos de Geologia e Geofísica pela ANP é melhorar o conhecimento sobre as bacias sedimentares brasileiras de interesse para a indústria de petróleo e gás natural, subsidiando novos projetos, leilões e o desenvolvimento de tecnologias no setor.",1.0,1.0,32,51,14
1720,"O que deve ser feito com pelo menos 50% dos recursos provenientes das Despesas Qualificadas como Pesquisa e Desenvolvimento nos setores de petróleo, gás natural e biocombustíveis?",SUCCESS,investidos em universidades ou institutos de pesquisa credenciados pela ANP,"Pelo menos 50% dos recursos provenientes das Despesas Qualificadas como Pesquisa e Desenvolvimento nos setores de petróleo, gás natural e biocombustíveis devem ser investidos em universidades ou institutos de pesquisa credenciados pela ANP.",1.0,1.0,"Pelo menos 50% dos recursos provenientes das Despesas Qualificadas como Pesquisa e Desenvolvimento nos setores de petróleo, gás natural e biocombustíveis devem ser investidos em universidades ou institutos de pesquisa credenciados pela ANP.",1.0,1.0,44,66,15
1721,Quais são os atores envolvidos na melhoria do conhecimento sobre as bacias sedimentares no Brasil?,SUCCESS,"a esfera pública, empresas petrolíferas, empresas de aquisição de dados, empresas fornecedoras da cadeia de petróleo e gás, universidades e instituições de pesquisa","Os atores envolvidos na melhoria do conhecimento sobre as bacias sedimentares no Brasil são: a esfera pública (governo e agências reguladoras como a ANP), empresas petrolíferas, empresas de aquisição de dados, empresas fornecedoras da cadeia de petróleo e gás, universidades e instituições de pesquisa.",1.0,1.0,"Os atores envolvidos na melhoria do conhecimento sobre as bacias sedimentares no Brasil são: a Agência Nacional do Petróleo, Gás Natural e Biocombustíveis (ANP), a esfera pública, empresas petrolíferas, empresas de aquisição de dados, empresas fornecedoras da cadeia de petróleo e gás, universidades e institutos de pesquisa credenciados.",1.0,1.0,31,45,16
1722,Quais leilões serão realizados em 2013 como desdobramento do Plano Plurianual de Estudos de Geologia e Geofísica?,SUCCESS,um leilão específico para áreas com potencial para a produção de gás natural e do primeiro leilão do pré-sal,"Em 2013, serão realizados como desdobramento do Plano Plurianual de Estudos de Geologia e Geofísica: a 11ª Rodada de Licitações de Blocos, um leilão específico para áreas com potencial para produção de gás natural e o primeiro leilão do pré-sal.",1.0,1.0,"Em 2013, como desdobramento do Plano Plurianual de Estudos de Geologia e Geofísica, serão realizados a 11ª Rodada de Licitações de Blocos, um leilão específico para áreas com potencial de produção de gás natural e o primeiro leilão do pré-sal.",1.0,1.0,33,47,16
1723,Qual é a importância das novas tecnologias para o sucesso dos empreendimentos na indústria de petróleo e gás natural?,SUCCESS,o desenvolvimento de novas tecnologias se reveste de importância fundamental para o sucesso dos empreendimentos,"As novas tecnologias são fundamentais para o sucesso dos empreendimentos na indústria de petróleo e gás natural, pois possibilitam a melhoria do conhecimento sobre as bacias sedimentares, ampliam o potencial de exploração, aumentam a eficiência e reduzem riscos. Políticas públicas como a exigência de investimentos em pesquisa e desenvolvimento, apoiadas pela ANP, estimulam a inovação e favorecem a colaboração entre empresas, universidades e instituições, impulsionando o avanço tecnológico no setor.",1.0,1.0,"As novas tecnologias são fundamentais para o sucesso dos empreendimentos na indústria de petróleo e gás natural porque permitem enfrentar desafios em ambientes geológicos diversos, ampliar o conhecimento das bacias sedimentares e viabilizar projetos ousados, como leilões de áreas de exploração e o pré-sal. Iniciativas como o incentivo obrigatório a gastos em pesquisa e desenvolvimento (P&D) – ao menos 1% da receita bruta dos campos – estimulam inovação, tornam as operações mais eficientes e competitivas e envolvem universidades e institutos de pesquisa no avanço tecnológico do setor.",0.8888888888888888,1.0,29,43,12
1724,"Qual é a política pública introduzida pela ANP em 1998 que visa a estimular a pesquisa e desenvolvimento nos setores de petróleo, gás natural e biocombustíveis?",SUCCESS,"a introdução pela ANP, desde 1998, nos contratos para exploração e produção de petróleo e gás natural, de uma cláusula que obriga os concessionários a realizar Despesas Qualificadas como Pesquisa e Desenvolvimento equivalentes a 1% da receita bruta dos campos que pagam Participação Especial","A política pública introduzida pela ANP em 1998 foi a inclusão, nos contratos de exploração e produção de petróleo e gás natural, de uma cláusula que obriga os concessionários a investir em Pesquisa e Desenvolvimento (P&D) o equivalente a 1% da receita bruta dos campos que pagam Participação Especial, sendo pelo menos 50% desse valor aplicado em universidades ou institutos de pesquisa credenciados pela ANP.",1.0,1.0,"A política pública introduzida pela ANP em 1998 é a cláusula de pesquisa e desenvolvimento (P&D), que obriga os concessionários de exploração e produção de petróleo e gás natural a investir em P&D o equivalente a 1% da receita bruta dos campos que pagam Participação Especial, sendo pelo menos 50% desses recursos destinados a universidades ou institutos de pesquisa credenciados pela ANP.",1.0,1.0,32,49,15
1732,O que constitui um bom marco sismoestratigráfico em quase toda a Bacia de Campos?,SUCCESS,Topo da biozona N-520,"O topo da biozona N-520, datado do Oligoceno Inferior, constitui um excelente marco sismoestratigráfico em quase toda a Bacia de Campos.",1.0,1.0,"Um bom marco sismoestratigráfico em quase toda a Bacia de Campos é o topo da biozona N-520, datado do Oligoceno Inferior, que corresponde a uma zona condensada e superfície de downlap.",1.0,1.0,43,71,19
1733,Qual é o refletor localizado na zona N - 470?,SUCCESS,Topo do Eoceno,O refletor localizado na zona N-470 é o topo do Eoceno.,1.0,1.0,"O refletor localizado na zona N - 470 é o topo do Eoceno, que constitui um excelente refletor sismoestratigráfico.",1.0,1.0,59,93,31
1734,O que fez com que o topo do Eoceno Superior não fosse encontrado?,SUCCESS,erosão,O topo do Eoceno Superior não foi encontrado porque a seção correspondente está ausente por erosão na região próxima à Falha de Charneira de Campos.,0.6666666666666666,1.0,O topo do Eoceno Superior não foi encontrado porque a respectiva seção está ausente por erosão na região próxima à Falha de Charneira de Campos.,1.0,1.0,46,67,30
1735,O que mostra o mapeamento de detalhe realizado para confirmar essa afirmação?,SUCCESS,rochas magmáticas intrusivas e extrusivas,O mapeamento de detalhe confirma a afirmação ao indicar a presença de rochas magmáticas intrusivas e extrusivas também no Cretáceo Superior.,1.0,1.0,"O mapeamento de detalhe, baseado em dados paleontológicos, confirma a afirmação ao indicar a presença de rochas magmáticas intrusivas e extrusivas também no Cretáceo Superior, além de ressaltar importantes refletores estratigráficos, como o topo do Eoceno (biozona N-470) e o topo da biozona N-520 (Oligoceno Inferior), que são usados como marcadores sísmicos, ainda que parcialmente erodidos em algumas áreas.",0.6,1.0,49,73,25
1736,Quando Mohriak e outros trabalharam na área de estudo?,SUCCESS,1995,"Mohriak e outros trabalharam na área de estudo nos anos de 1992 (Mizusaki e Mohriak) e 1995 (Mohriak et al.), conforme indicado nas referências do contexto.",1.0,1.0,"Mohriak e outros trabalharam na área de estudo nas décadas de 1990 e início dos anos 2000, conforme indicado pelas publicações de 1992 (Mizusaki e Mohriak) e 1995 (Mohriak et al.).",1.0,1.0,50,82,26
1737,Qual refletor datado do Oligoceno Inferior constitui um excelente marco sismoestratigráfico em quase toda a Bacia de Campos?,SUCCESS,Topo da biozona N-520,"O refletor datado do Oligoceno Inferior que constitui um excelente marco sismoestratigráfico em quase toda a Bacia de Campos é o ""topo da biozona N-520"".",1.0,1.0,O refletor datado do Oligoceno Inferior que constitui um excelente marco sismoestratigráfico em quase toda a Bacia de Campos é o **topo da biozona N-520**.,1.0,1.0,56,91,28
1739,Por que a seção correspondente ao Eoceno Superior está ausente?,SUCCESS,erosão,A seção correspondente ao Eoceno Superior está ausente por erosão na região próxima à Falha de Charneira de Campos.,1.0,1.0,A seção correspondente ao Eoceno Superior está ausente por erosão na região próxima à Falha de Charneira de Campos.,1.0,1.0,53,83,28
1740,O que o mapeamento de detalhe indica a presença no Cretáceo Superior?,SUCCESS,rochas magmáticas intrusivas e extrusivas,O mapeamento de detalhe indica a presença de rochas magmáticas intrusivas e extrusivas no Cretáceo Superior.,1.0,1.0,O mapeamento de detalhe indica a presença de rochas magmáticas intrusivas e extrusivas no Cretáceo Superior.,1.0,1.0,59,94,32
1741,Quando Mohriak e outros trabalharam juntos?,SUCCESS,1995,"Mohriak e outros trabalharam juntos em 1995, conforme citado ""Mohriak et al. 1995"" no contexto fornecido.",1.0,1.0,"Mohriak trabalhou junto com outros autores em 1992 (Mizusaki e Mohriak, 1992) e em 1995 (Mohriak et al., 1995), conforme indicado no contexto fornecido.",1.0,1.0,39,58,22
1742,O que mostra o mapeamento de detalhe realizado para confirmar essa afirmação?,SUCCESS,indica a presença de rochas magmáticas intrusivas e extrusivas,"O mapeamento de detalhe confirma a afirmação ao indicar a presença de rochas magmáticas intrusivas e extrusivas também no Cretáceo Superior, com base em dados paleontológicos.",0.75,1.0,"O mapeamento de detalhe realizado, baseado em dados paleontológicos, confirma a afirmação ao indicar a presença de rochas magmáticas intrusivas e extrusivas também no Cretáceo Superior na Bacia de Campos.",1.0,1.0,52,76,29
1743,Por que a seção correspondente ao Eoceno Superior está ausente?,SUCCESS,erosão na região próxima à Falha de Charneira de Campos,A seção correspondente ao Eoceno Superior está ausente por erosão na região próxima à Falha de Charneira de Campos.,1.0,1.0,A seção correspondente ao Eoceno Superior está ausente por erosão na região próxima à Falha de Charneira de Campos.,1.0,1.0,48,79,23
1744,Quais foram as referências utilizadas para o mapeamento detalhado descrito no texto?,SUCCESS,"Mizusaki e Mohriak, 1992; Mohriak et al. 1995; Thomaz Filho e Rodrigues, 1999; Thomaz Filho et al. 2000; Mizusaki et al. 2002","As referências utilizadas para o mapeamento detalhado descrito no texto foram: Mizusaki e Mohriak, 1992; Mohriak et al., 1995; Thomaz Filho e Rodrigues, 1999; Thomaz Filho et al., 2000; Mizusaki et al., 2002.",1.0,1.0,"As referências utilizadas para o mapeamento detalhado descrito no texto foram: Mizusaki e Mohriak, 1992; Mohriak et al., 1995; Thomaz Filho e Rodrigues, 1999; Thomaz Filho et al., 2000; e Mizusaki et al., 2002.",1.0,1.0,50,76,24
1745,O que constitui um excelente marco sismoestratigráfico em quase toda a Bacia de Campos?,SUCCESS,"N-520 : esse refletor, datado do Oligoceno Inferior, constitui um","O topo da biozona N-520, datado do Oligoceno Inferior, constitui um excelente marco sismoestratigráfico em quase toda a Bacia de Campos.",0.6666666666666666,1.0,"O topo da biozona N-520, datado do Oligoceno Inferior, constitui um excelente marco sismoestratigráfico em quase toda a Bacia de Campos.",1.0,1.0,44,67,24
1746,O que aconteceu com a seção correspondente ao Eoceno Superior na região próxima à Falha de Charneira de Campos?,SUCCESS,está ausente por erosão,A seção correspondente ao Eoceno Superior está ausente por erosão na região próxima à Falha de Charneira de Campos.,1.0,1.0,A seção correspondente ao Eoceno Superior está ausente por erosão na região próxima à Falha de Charneira de Campos.,1.0,1.0,46,63,29
1747,O que foi utilizado na interpretação das seções sísmicas e perfis de poços disponíveis para o presente trabalho?,SUCCESS,Os resultados dos mapeamentos acima descritos,"Foram utilizados os resultados dos mapeamentos descritos, que foram baseados em dados paleontológicos, na interpretação das seções sísmicas e perfis de poços disponíveis para o presente trabalho.",1.0,1.0,Foi utilizado o mapeamento de detalhe baseado em dados paleontológicos na interpretação das seções sísmicas e perfis de poços disponíveis para o presente trabalho.,0.75,1.0,47,76,23
1748,Em que período geológico ocorreu a presença de rochas magmáticas intrusivas e extrusivas na Bacia de Campos?,SUCCESS,Cretáceo Superior,A presença de rochas magmáticas intrusivas e extrusivas na Bacia de Campos ocorreu no Cretáceo Superior.,0.3333333333333333,1.0,A presença de rochas magmáticas intrusivas e extrusivas na Bacia de Campos ocorreu no Cretáceo Superior.,1.0,1.0,53,83,28
1749,O que é um refletor no contexto do texto?,SUCCESS,um excelente marco sismoestratigráfico,"No contexto do texto, um ""refletor"" é uma superfície ou limite geológico que gera um sinal claro nas seções sísmicas, servindo como referência importante para interpretação sismoestratigráfica.",1.0,1.0,"No contexto do texto, um ""refletor"" é uma superfície ou horizonte nas camadas geológicas que gera um forte sinal nas seções sísmicas, sendo facilmente identificado como um marco sismoestratigráfico (por exemplo, o topo do Eoceno ou o topo da biozona N-520 na Bacia de Campos).",1.0,1.0,54,83,26
1750,Qual é a importância do topo da bio-zona N-470?,SUCCESS,coincide com o topo da bio-zona N-470 e também constitui um excelente refletor,"O topo da bio-zona N-470 é importante porque coincide com o topo do Eoceno e constitui um excelente refletor, sendo referência para mapeamentos sismoestratigráficos na Bacia de Campos.",1.0,1.0,"O topo da bio-zona N-470 é importante porque marca o topo do Eoceno e constitui um excelente refletor sísmico, sendo um marco estratigráfico utilizado para a correlação de seções sísmicas e perfis de poços, especialmente na Bacia de Campos.",1.0,1.0,42,66,22
1751,O que aconteceu com a seção correspondente ao Eoceno Superior na região da Falha de Charneira de Campos?,SUCCESS,está ausente por erosão,A seção correspondente ao Eoceno Superior está ausente por erosão na região próxima à Falha de Charneira de Campos.,1.0,1.0,A seção correspondente ao Eoceno Superior está ausente por erosão na região próxima à Falha de Charneira de Campos.,1.0,1.0,39,58,23
1752,Como os resultados dos mapeamentos foram utilizados?,SUCCESS,na interpretação das seções sísmicas e perfis de poços disponíveis para o presente trabalho,Os resultados dos mapeamentos foram utilizados na interpretação das seções sísmicas e perfis de poços disponíveis para o presente trabalho.,1.0,1.0,Os resultados dos mapeamentos foram utilizados na interpretação das seções sísmicas e dos perfis de poços disponíveis para o presente trabalho.,1.0,1.0,47,78,21
1753,Quem descreveu os estratos de vertebrados fósseis?,SUCCESS,"Price apud Bortoluzzi e Barberena,",Barberena descreveu os estratos de vertebrados fósseis.,1.0,1.0,Quem descreveu os estratos de vertebrados fósseis foi Barberena.,1.0,0.0,56,91,33
