arquivo_fonte,tipo_resposta,question_id,question,expected_question,context,llm_answer
resultados/petrobras-5-mini-com-ontologia-add/batch_f92edf32-403b-42d8-9d3a-cbd3932f0816-completo.csv,rag,1292,O que representa a fácies sísmica interpretada?,sedimentos clásticos finos,"construção de uma matriz de proporções de litotipos. Na figura 3 é mostrado um exemplo da matriz de proporções para a unidade genética superior do reservatório de Namorado e a posição de dois poços. Na região que domina o amarelo a curva vertical de proporções é guiada pela respectiva fácies sísmica, interpretada como arenitos muito porosos. Onde o verde aparece mais, a fácies sísmica interpretada é a correspondente a sedimentos clásticos finos e na região que predomina o azul, a fácies interpretada é a de margas e de calcilutitos. A questão fundamental é: como distribuir no volume do reservatório as CPVs conhecidas somente nos poços? Neste momento é que intervém o conceito de fácies sísmicas guiando a repartição espacial das CPVs, construindo a matriz de proporções. Ela é uma ferramenta muito importante para capturar o comportamento espacial dos litotipos, além disso, ela também é um instrumento complementar aos variogramas na análise estrutural das variáveis regionais na modelagem geoestatística.",A fácies sísmica interpretada representa o tipo litológico inferido a partir da sísmica. No exemplo: amarelo = arenitos muito porosos; verde = sedimentos clásticos finos; azul = margas e calcilutitos. Essa interpretação guia a distribuição espacial das CPVs na matriz de proporções.
resultados/petrobras-5-mini-com-ontologia-add/batch_f92edf32-403b-42d8-9d3a-cbd3932f0816-completo.csv,graphrag,1292,O que representa a fácies sísmica interpretada?,sedimentos clásticos finos,"construção de uma matriz de proporções de litotipos. Na figura 3 é mostrado um exemplo da matriz de proporções para a unidade genética superior do reservatório de Namorado e a posição de dois poços. Na região que domina o amarelo a curva vertical de proporções é guiada pela respectiva fácies sísmica, interpretada como arenitos muito porosos. Onde o verde aparece mais, a fácies sísmica interpretada é a correspondente a sedimentos clásticos finos e na região que predomina o azul, a fácies interpretada é a de margas e de calcilutitos. A questão fundamental é: como distribuir no volume do reservatório as CPVs conhecidas somente nos poços? Neste momento é que intervém o conceito de fácies sísmicas guiando a repartição espacial das CPVs, construindo a matriz de proporções. Ela é uma ferramenta muito importante para capturar o comportamento espacial dos litotipos, além disso, ela também é um instrumento complementar aos variogramas na análise estrutural das variáveis regionais na modelagem geoestatística.","É a interpretação da litologia a partir da sísmica — ou seja, fácies que guiam a distribuição dos litotipos. Ex.: na figura, amarelo = arenitos muito porosos; verde = sedimentos clásticos finos; azul = margas e calcilutitos."
resultados/petrobras-5-mini-com-ontologia-add/batch_f92edf32-403b-42d8-9d3a-cbd3932f0816-completo.csv,rag,1304,O que guia a curva vertical de proporções na matriz de proporções para a unidade genética superior do reservatório de Namorado?,respectiva fácies sísmica,"construção de uma matriz de proporções de litotipos. Na figura 3 é mostrado um exemplo da matriz de proporções para a unidade genética superior do reservatório de Namorado e a posição de dois poços. Na região que domina o amarelo a curva vertical de proporções é guiada pela respectiva fácies sísmica, interpretada como arenitos muito porosos. Onde o verde aparece mais, a fácies sísmica interpretada é a correspondente a sedimentos clásticos finos e na região que predomina o azul, a fácies interpretada é a de margas e de calcilutitos. A questão fundamental é: como distribuir no volume do reservatório as CPVs conhecidas somente nos poços? Neste momento é que intervém o conceito de fácies sísmicas guiando a repartição espacial das CPVs, construindo a matriz de proporções. Ela é uma ferramenta muito importante para capturar o comportamento espacial dos litotipos, além disso, ela também é um instrumento complementar aos variogramas na análise estrutural das variáveis regionais na modelagem geoestatística.","A curva vertical de proporções é guiada pela fácies sísmica correspondente — no exemplo, onde predomina o amarelo essa fácies é interpretada como arenitos muito porosos."
resultados/petrobras-5-mini-com-ontologia-add/batch_f92edf32-403b-42d8-9d3a-cbd3932f0816-completo.csv,graphrag,1304,O que guia a curva vertical de proporções na matriz de proporções para a unidade genética superior do reservatório de Namorado?,respectiva fácies sísmica,"construção de uma matriz de proporções de litotipos. Na figura 3 é mostrado um exemplo da matriz de proporções para a unidade genética superior do reservatório de Namorado e a posição de dois poços. Na região que domina o amarelo a curva vertical de proporções é guiada pela respectiva fácies sísmica, interpretada como arenitos muito porosos. Onde o verde aparece mais, a fácies sísmica interpretada é a correspondente a sedimentos clásticos finos e na região que predomina o azul, a fácies interpretada é a de margas e de calcilutitos. A questão fundamental é: como distribuir no volume do reservatório as CPVs conhecidas somente nos poços? Neste momento é que intervém o conceito de fácies sísmicas guiando a repartição espacial das CPVs, construindo a matriz de proporções. Ela é uma ferramenta muito importante para capturar o comportamento espacial dos litotipos, além disso, ela também é um instrumento complementar aos variogramas na análise estrutural das variáveis regionais na modelagem geoestatística.","A respectiva fácies sísmica da região — isto é, a fácies sísmica local (ex.: arenitos muito porosos, sedimentos clásticos finos, margas/calcilutitos)."
resultados/petrobras-5-mini-com-ontologia-add/batch_f92edf32-403b-42d8-9d3a-cbd3932f0816-completo.csv,rag,1305,Qual fácies sísmica é interpretada como sedimentos clásticos finos na matriz de proporções?,verde,"construção de uma matriz de proporções de litotipos. Na figura 3 é mostrado um exemplo da matriz de proporções para a unidade genética superior do reservatório de Namorado e a posição de dois poços. Na região que domina o amarelo a curva vertical de proporções é guiada pela respectiva fácies sísmica, interpretada como arenitos muito porosos. Onde o verde aparece mais, a fácies sísmica interpretada é a correspondente a sedimentos clásticos finos e na região que predomina o azul, a fácies interpretada é a de margas e de calcilutitos. A questão fundamental é: como distribuir no volume do reservatório as CPVs conhecidas somente nos poços? Neste momento é que intervém o conceito de fácies sísmicas guiando a repartição espacial das CPVs, construindo a matriz de proporções. Ela é uma ferramenta muito importante para capturar o comportamento espacial dos litotipos, além disso, ela também é um instrumento complementar aos variogramas na análise estrutural das variáveis regionais na modelagem geoestatística.",A fácies sísmica representada pela cor verde.
resultados/petrobras-5-mini-com-ontologia-add/batch_f92edf32-403b-42d8-9d3a-cbd3932f0816-completo.csv,graphrag,1305,Qual fácies sísmica é interpretada como sedimentos clásticos finos na matriz de proporções?,verde,"construção de uma matriz de proporções de litotipos. Na figura 3 é mostrado um exemplo da matriz de proporções para a unidade genética superior do reservatório de Namorado e a posição de dois poços. Na região que domina o amarelo a curva vertical de proporções é guiada pela respectiva fácies sísmica, interpretada como arenitos muito porosos. Onde o verde aparece mais, a fácies sísmica interpretada é a correspondente a sedimentos clásticos finos e na região que predomina o azul, a fácies interpretada é a de margas e de calcilutitos. A questão fundamental é: como distribuir no volume do reservatório as CPVs conhecidas somente nos poços? Neste momento é que intervém o conceito de fácies sísmicas guiando a repartição espacial das CPVs, construindo a matriz de proporções. Ela é uma ferramenta muito importante para capturar o comportamento espacial dos litotipos, além disso, ela também é um instrumento complementar aos variogramas na análise estrutural das variáveis regionais na modelagem geoestatística.",A fácies sísmica indicada pela cor verde — interpretada como sedimentos clásticos finos.
resultados/petrobras-5-mini-com-ontologia-add/batch_f92edf32-403b-42d8-9d3a-cbd3932f0816-completo.csv,rag,1306,O que é utilizado para distribuir no volume do reservatório as CPVs conhecidas somente nos poços?,conceito de fácies sísmicas,"construção de uma matriz de proporções de litotipos. Na figura 3 é mostrado um exemplo da matriz de proporções para a unidade genética superior do reservatório de Namorado e a posição de dois poços. Na região que domina o amarelo a curva vertical de proporções é guiada pela respectiva fácies sísmica, interpretada como arenitos muito porosos. Onde o verde aparece mais, a fácies sísmica interpretada é a correspondente a sedimentos clásticos finos e na região que predomina o azul, a fácies interpretada é a de margas e de calcilutitos. A questão fundamental é: como distribuir no volume do reservatório as CPVs conhecidas somente nos poços? Neste momento é que intervém o conceito de fácies sísmicas guiando a repartição espacial das CPVs, construindo a matriz de proporções. Ela é uma ferramenta muito importante para capturar o comportamento espacial dos litotipos, além disso, ela também é um instrumento complementar aos variogramas na análise estrutural das variáveis regionais na modelagem geoestatística.","Utilizam‑se as fácies sísmicas para guiar a repartição espacial das CPVs, através da construção de uma matriz de proporções (matriz de litotipos)."
resultados/petrobras-5-mini-com-ontologia-add/batch_f92edf32-403b-42d8-9d3a-cbd3932f0816-completo.csv,graphrag,1306,O que é utilizado para distribuir no volume do reservatório as CPVs conhecidas somente nos poços?,conceito de fácies sísmicas,"construção de uma matriz de proporções de litotipos. Na figura 3 é mostrado um exemplo da matriz de proporções para a unidade genética superior do reservatório de Namorado e a posição de dois poços. Na região que domina o amarelo a curva vertical de proporções é guiada pela respectiva fácies sísmica, interpretada como arenitos muito porosos. Onde o verde aparece mais, a fácies sísmica interpretada é a correspondente a sedimentos clásticos finos e na região que predomina o azul, a fácies interpretada é a de margas e de calcilutitos. A questão fundamental é: como distribuir no volume do reservatório as CPVs conhecidas somente nos poços? Neste momento é que intervém o conceito de fácies sísmicas guiando a repartição espacial das CPVs, construindo a matriz de proporções. Ela é uma ferramenta muito importante para capturar o comportamento espacial dos litotipos, além disso, ela também é um instrumento complementar aos variogramas na análise estrutural das variáveis regionais na modelagem geoestatística.","As fácies sísmicas, guiando a repartição espacial por meio da matriz de proporções de litotipos."
resultados/petrobras-5-mini-com-ontologia-add/batch_f92edf32-403b-42d8-9d3a-cbd3932f0816-completo.csv,rag,1309,O que é a matriz de proporções na construção de uma matriz de proporções de litotipos?,uma ferramenta muito importante para capturar o comportamento espacial dos litotipos,"construção de uma matriz de proporções de litotipos. Na figura 3 é mostrado um exemplo da matriz de proporções para a unidade genética superior do reservatório de Namorado e a posição de dois poços. Na região que domina o amarelo a curva vertical de proporções é guiada pela respectiva fácies sísmica, interpretada como arenitos muito porosos. Onde o verde aparece mais, a fácies sísmica interpretada é a correspondente a sedimentos clásticos finos e na região que predomina o azul, a fácies interpretada é a de margas e de calcilutitos. A questão fundamental é: como distribuir no volume do reservatório as CPVs conhecidas somente nos poços? Neste momento é que intervém o conceito de fácies sísmicas guiando a repartição espacial das CPVs, construindo a matriz de proporções. Ela é uma ferramenta muito importante para capturar o comportamento espacial dos litotipos, além disso, ela também é um instrumento complementar aos variogramas na análise estrutural das variáveis regionais na modelagem geoestatística.","É um conjunto espacial de curvas de proporção (CPVs) que atribuem, em cada célula do volume do reservatório, as frações esperadas de cada litotipo. Na prática constrói‑se usando as CPVs medidas nos poços e guiando a sua repartição espacial pelas fácies sísmicas (cada fácies define quais litotipos e que proporções são mais prováveis). A matriz de proporções assim obtida captura o comportamento espacial dos litotipos e serve como entrada para a simulação/atribuição de litotipos, sendo também complementar aos variogramas na análise estrutural."
resultados/petrobras-5-mini-com-ontologia-add/batch_f92edf32-403b-42d8-9d3a-cbd3932f0816-completo.csv,graphrag,1309,O que é a matriz de proporções na construção de uma matriz de proporções de litotipos?,uma ferramenta muito importante para capturar o comportamento espacial dos litotipos,"construção de uma matriz de proporções de litotipos. Na figura 3 é mostrado um exemplo da matriz de proporções para a unidade genética superior do reservatório de Namorado e a posição de dois poços. Na região que domina o amarelo a curva vertical de proporções é guiada pela respectiva fácies sísmica, interpretada como arenitos muito porosos. Onde o verde aparece mais, a fácies sísmica interpretada é a correspondente a sedimentos clásticos finos e na região que predomina o azul, a fácies interpretada é a de margas e de calcilutitos. A questão fundamental é: como distribuir no volume do reservatório as CPVs conhecidas somente nos poços? Neste momento é que intervém o conceito de fácies sísmicas guiando a repartição espacial das CPVs, construindo a matriz de proporções. Ela é uma ferramenta muito importante para capturar o comportamento espacial dos litotipos, além disso, ela também é um instrumento complementar aos variogramas na análise estrutural das variáveis regionais na modelagem geoestatística.","É uma matriz que representa as proporções espaciais dos litotipos (CPVs) no volume do reservatório. Construída a partir de fácies sísmicas, ela orienta a repartição das CPVs conhecidas apenas em poços, captura o comportamento espacial dos litotipos e complementa os variogramas na modelagem geoestatística."
resultados/petrobras-5-mini-com-ontologia-add/batch_f92edf32-403b-42d8-9d3a-cbd3932f0816-completo.csv,rag,1320,Qual é a área da Bacia do Espírito Santo?,41.500 km2,"A Bacia do Espírito Santo está situada no Estado do Espírito Santo, delimitada a sul com a Bacia de Campos, através do Alto de Vitória, e a norte com a Bacia de Mucuri. Possui uma área explorável de aproximadamente 41.500 km2, dos quais 3.000 km2 referem-se à bacia terrestre, considerando a fronteira leste coincidente com o limite crosta continental/oceânica. A existência do Banco de Abrolhos, a leste, atribui à bacia uma fisiografia particular, evidenciada por um alargamento da plataforma continental, que de uma média de 40 km de largura a sul alcança cerca de 240 km na porção centro-norte. O conhecimento adquirido ao longo de 50 anos de exploração, com centenas de poços exploratórios e inúmeras linhas sísmicas 2D e 3D, nas porções terrestre e marinha de águas rasas, profundas e ultraprofundas, somado a contínua integração de novos dados, foram fundamentais para a atualização da Carta Estratigráfica da Bacia. A primeira estratigrafia formal da Bacia do Espírito Santo foi apresentada por Asmus et al., seguida de várias alterações, culminando com a carta apresentada por Vieira et al.. Este trabalho resume o conhecimento adquirido desde a sua última publicação, enfatizando a cronoestratigrafia. Entretanto, os princípios litoestra-tigráficos que embasam este trabalho seguem os mesmos estabelecidos na última edição da carta es-tratigráfica.","A Bacia do Espírito Santo tem uma área explorável de aproximadamente 41.500 km², dos quais cerca de 3.000 km² são terrestre."
resultados/petrobras-5-mini-com-ontologia-add/batch_f92edf32-403b-42d8-9d3a-cbd3932f0816-completo.csv,graphrag,1320,Qual é a área da Bacia do Espírito Santo?,41.500 km2,"A Bacia do Espírito Santo está situada no Estado do Espírito Santo, delimitada a sul com a Bacia de Campos, através do Alto de Vitória, e a norte com a Bacia de Mucuri. Possui uma área explorável de aproximadamente 41.500 km2, dos quais 3.000 km2 referem-se à bacia terrestre, considerando a fronteira leste coincidente com o limite crosta continental/oceânica. A existência do Banco de Abrolhos, a leste, atribui à bacia uma fisiografia particular, evidenciada por um alargamento da plataforma continental, que de uma média de 40 km de largura a sul alcança cerca de 240 km na porção centro-norte. O conhecimento adquirido ao longo de 50 anos de exploração, com centenas de poços exploratórios e inúmeras linhas sísmicas 2D e 3D, nas porções terrestre e marinha de águas rasas, profundas e ultraprofundas, somado a contínua integração de novos dados, foram fundamentais para a atualização da Carta Estratigráfica da Bacia. A primeira estratigrafia formal da Bacia do Espírito Santo foi apresentada por Asmus et al., seguida de várias alterações, culminando com a carta apresentada por Vieira et al.. Este trabalho resume o conhecimento adquirido desde a sua última publicação, enfatizando a cronoestratigrafia. Entretanto, os princípios litoestra-tigráficos que embasam este trabalho seguem os mesmos estabelecidos na última edição da carta es-tratigráfica.",A Bacia do Espírito Santo tem área explorável de aproximadamente 41.500 km² — cerca de 3.000 km² são de bacia terrestre.
resultados/petrobras-5-mini-com-ontologia-add/batch_f92edf32-403b-42d8-9d3a-cbd3932f0816-completo.csv,rag,1325,Qual é o limite leste da Bacia do Espírito Santo?,crosta continental/oceânica,"A Bacia do Espírito Santo está situada no Estado do Espírito Santo, delimitada a sul com a Bacia de Campos, através do Alto de Vitória, e a norte com a Bacia de Mucuri. Possui uma área explorável de aproximadamente 41.500 km2, dos quais 3.000 km2 referem-se à bacia terrestre, considerando a fronteira leste coincidente com o limite crosta continental/oceânica. A existência do Banco de Abrolhos, a leste, atribui à bacia uma fisiografia particular, evidenciada por um alargamento da plataforma continental, que de uma média de 40 km de largura a sul alcança cerca de 240 km na porção centro-norte. O conhecimento adquirido ao longo de 50 anos de exploração, com centenas de poços exploratórios e inúmeras linhas sísmicas 2D e 3D, nas porções terrestre e marinha de águas rasas, profundas e ultraprofundas, somado a contínua integração de novos dados, foram fundamentais para a atualização da Carta Estratigráfica da Bacia. A primeira estratigrafia formal da Bacia do Espírito Santo foi apresentada por Asmus et al., seguida de várias alterações, culminando com a carta apresentada por Vieira et al.. Este trabalho resume o conhecimento adquirido desde a sua última publicação, enfatizando a cronoestratigrafia. Entretanto, os princípios litoestra-tigráficos que embasam este trabalho seguem os mesmos estabelecidos na última edição da carta es-tratigráfica.",O limite leste coincide com o limite crosta continental/oceânica (com o Banco de Abrolhos situado a leste).
resultados/petrobras-5-mini-com-ontologia-add/batch_f92edf32-403b-42d8-9d3a-cbd3932f0816-completo.csv,graphrag,1325,Qual é o limite leste da Bacia do Espírito Santo?,crosta continental/oceânica,"A Bacia do Espírito Santo está situada no Estado do Espírito Santo, delimitada a sul com a Bacia de Campos, através do Alto de Vitória, e a norte com a Bacia de Mucuri. Possui uma área explorável de aproximadamente 41.500 km2, dos quais 3.000 km2 referem-se à bacia terrestre, considerando a fronteira leste coincidente com o limite crosta continental/oceânica. A existência do Banco de Abrolhos, a leste, atribui à bacia uma fisiografia particular, evidenciada por um alargamento da plataforma continental, que de uma média de 40 km de largura a sul alcança cerca de 240 km na porção centro-norte. O conhecimento adquirido ao longo de 50 anos de exploração, com centenas de poços exploratórios e inúmeras linhas sísmicas 2D e 3D, nas porções terrestre e marinha de águas rasas, profundas e ultraprofundas, somado a contínua integração de novos dados, foram fundamentais para a atualização da Carta Estratigráfica da Bacia. A primeira estratigrafia formal da Bacia do Espírito Santo foi apresentada por Asmus et al., seguida de várias alterações, culminando com a carta apresentada por Vieira et al.. Este trabalho resume o conhecimento adquirido desde a sua última publicação, enfatizando a cronoestratigrafia. Entretanto, os princípios litoestra-tigráficos que embasam este trabalho seguem os mesmos estabelecidos na última edição da carta es-tratigráfica.",O limite leste coincide com o limite crosta continental/oceânica.
resultados/petrobras-5-mini-com-ontologia-add/batch_f92edf32-403b-42d8-9d3a-cbd3932f0816-completo.csv,rag,1327,Qual é a largura da plataforma continental?,240 km na porção centro-norte,"A Bacia do Espírito Santo está situada no Estado do Espírito Santo, delimitada a sul com a Bacia de Campos, através do Alto de Vitória, e a norte com a Bacia de Mucuri. Possui uma área explorável de aproximadamente 41.500 km2, dos quais 3.000 km2 referem-se à bacia terrestre, considerando a fronteira leste coincidente com o limite crosta continental/oceânica. A existência do Banco de Abrolhos, a leste, atribui à bacia uma fisiografia particular, evidenciada por um alargamento da plataforma continental, que de uma média de 40 km de largura a sul alcança cerca de 240 km na porção centro-norte. O conhecimento adquirido ao longo de 50 anos de exploração, com centenas de poços exploratórios e inúmeras linhas sísmicas 2D e 3D, nas porções terrestre e marinha de águas rasas, profundas e ultraprofundas, somado a contínua integração de novos dados, foram fundamentais para a atualização da Carta Estratigráfica da Bacia. A primeira estratigrafia formal da Bacia do Espírito Santo foi apresentada por Asmus et al., seguida de várias alterações, culminando com a carta apresentada por Vieira et al.. Este trabalho resume o conhecimento adquirido desde a sua última publicação, enfatizando a cronoestratigrafia. Entretanto, os princípios litoestra-tigráficos que embasam este trabalho seguem os mesmos estabelecidos na última edição da carta es-tratigráfica.",Varia: em média ~40 km ao sul e chega a cerca de 240 km na porção centro‑norte.
resultados/petrobras-5-mini-com-ontologia-add/batch_f92edf32-403b-42d8-9d3a-cbd3932f0816-completo.csv,graphrag,1327,Qual é a largura da plataforma continental?,240 km na porção centro-norte,"A Bacia do Espírito Santo está situada no Estado do Espírito Santo, delimitada a sul com a Bacia de Campos, através do Alto de Vitória, e a norte com a Bacia de Mucuri. Possui uma área explorável de aproximadamente 41.500 km2, dos quais 3.000 km2 referem-se à bacia terrestre, considerando a fronteira leste coincidente com o limite crosta continental/oceânica. A existência do Banco de Abrolhos, a leste, atribui à bacia uma fisiografia particular, evidenciada por um alargamento da plataforma continental, que de uma média de 40 km de largura a sul alcança cerca de 240 km na porção centro-norte. O conhecimento adquirido ao longo de 50 anos de exploração, com centenas de poços exploratórios e inúmeras linhas sísmicas 2D e 3D, nas porções terrestre e marinha de águas rasas, profundas e ultraprofundas, somado a contínua integração de novos dados, foram fundamentais para a atualização da Carta Estratigráfica da Bacia. A primeira estratigrafia formal da Bacia do Espírito Santo foi apresentada por Asmus et al., seguida de várias alterações, culminando com a carta apresentada por Vieira et al.. Este trabalho resume o conhecimento adquirido desde a sua última publicação, enfatizando a cronoestratigrafia. Entretanto, os princípios litoestra-tigráficos que embasam este trabalho seguem os mesmos estabelecidos na última edição da carta es-tratigráfica.","A plataforma tem cerca de 40 km de largura ao sul, alargando até aproximadamente 240 km na porção centro‑norte."
resultados/petrobras-5-mini-com-ontologia-add/batch_f92edf32-403b-42d8-9d3a-cbd3932f0816-completo.csv,rag,1333,A que se refere a fronteira leste da Bacia do Espírito Santo?,crosta continental/oceânica,"A Bacia do Espírito Santo está situada no Estado do Espírito Santo, delimitada a sul com a Bacia de Campos, através do Alto de Vitória, e a norte com a Bacia de Mucuri. Possui uma área explorável de aproximadamente 41.500 km2, dos quais 3.000 km2 referem-se à bacia terrestre, considerando a fronteira leste coincidente com o limite crosta continental/oceânica. A existência do Banco de Abrolhos, a leste, atribui à bacia uma fisiografia particular, evidenciada por um alargamento da plataforma continental, que de uma média de 40 km de largura a sul alcança cerca de 240 km na porção centro-norte. O conhecimento adquirido ao longo de 50 anos de exploração, com centenas de poços exploratórios e inúmeras linhas sísmicas 2D e 3D, nas porções terrestre e marinha de águas rasas, profundas e ultraprofundas, somado a contínua integração de novos dados, foram fundamentais para a atualização da Carta Estratigráfica da Bacia. A primeira estratigrafia formal da Bacia do Espírito Santo foi apresentada por Asmus et al., seguida de várias alterações, culminando com a carta apresentada por Vieira et al.. Este trabalho resume o conhecimento adquirido desde a sua última publicação, enfatizando a cronoestratigrafia. Entretanto, os princípios litoestra-tigráficos que embasam este trabalho seguem os mesmos estabelecidos na última edição da carta es-tratigráfica.",Refere-se ao limite entre a crosta continental e a crosta oceânica (limite crosta continental/oceânica).
resultados/petrobras-5-mini-com-ontologia-add/batch_f92edf32-403b-42d8-9d3a-cbd3932f0816-completo.csv,graphrag,1333,A que se refere a fronteira leste da Bacia do Espírito Santo?,crosta continental/oceânica,"A Bacia do Espírito Santo está situada no Estado do Espírito Santo, delimitada a sul com a Bacia de Campos, através do Alto de Vitória, e a norte com a Bacia de Mucuri. Possui uma área explorável de aproximadamente 41.500 km2, dos quais 3.000 km2 referem-se à bacia terrestre, considerando a fronteira leste coincidente com o limite crosta continental/oceânica. A existência do Banco de Abrolhos, a leste, atribui à bacia uma fisiografia particular, evidenciada por um alargamento da plataforma continental, que de uma média de 40 km de largura a sul alcança cerca de 240 km na porção centro-norte. O conhecimento adquirido ao longo de 50 anos de exploração, com centenas de poços exploratórios e inúmeras linhas sísmicas 2D e 3D, nas porções terrestre e marinha de águas rasas, profundas e ultraprofundas, somado a contínua integração de novos dados, foram fundamentais para a atualização da Carta Estratigráfica da Bacia. A primeira estratigrafia formal da Bacia do Espírito Santo foi apresentada por Asmus et al., seguida de várias alterações, culminando com a carta apresentada por Vieira et al.. Este trabalho resume o conhecimento adquirido desde a sua última publicação, enfatizando a cronoestratigrafia. Entretanto, os princípios litoestra-tigráficos que embasam este trabalho seguem os mesmos estabelecidos na última edição da carta es-tratigráfica.",Refere-se ao limite entre a crosta continental e a crosta oceânica — o limite crosta continental/oceânica.
resultados/petrobras-5-mini-com-ontologia-add/batch_f92edf32-403b-42d8-9d3a-cbd3932f0816-completo.csv,rag,1338,Quantos quilômetros de área a Bacia do Espírito Santo tem a ver com a bacia terrestre?,3.000,"A Bacia do Espírito Santo está situada no Estado do Espírito Santo, delimitada a sul com a Bacia de Campos, através do Alto de Vitória, e a norte com a Bacia de Mucuri. Possui uma área explorável de aproximadamente 41.500 km2, dos quais 3.000 km2 referem-se à bacia terrestre, considerando a fronteira leste coincidente com o limite crosta continental/oceânica. A existência do Banco de Abrolhos, a leste, atribui à bacia uma fisiografia particular, evidenciada por um alargamento da plataforma continental, que de uma média de 40 km de largura a sul alcança cerca de 240 km na porção centro-norte. O conhecimento adquirido ao longo de 50 anos de exploração, com centenas de poços exploratórios e inúmeras linhas sísmicas 2D e 3D, nas porções terrestre e marinha de águas rasas, profundas e ultraprofundas, somado a contínua integração de novos dados, foram fundamentais para a atualização da Carta Estratigráfica da Bacia. A primeira estratigrafia formal da Bacia do Espírito Santo foi apresentada por Asmus et al., seguida de várias alterações, culminando com a carta apresentada por Vieira et al.. Este trabalho resume o conhecimento adquirido desde a sua última publicação, enfatizando a cronoestratigrafia. Entretanto, os princípios litoestra-tigráficos que embasam este trabalho seguem os mesmos estabelecidos na última edição da carta es-tratigráfica.",A bacia terrestre corresponde a cerca de 3.000 km².
resultados/petrobras-5-mini-com-ontologia-add/batch_f92edf32-403b-42d8-9d3a-cbd3932f0816-completo.csv,graphrag,1338,Quantos quilômetros de área a Bacia do Espírito Santo tem a ver com a bacia terrestre?,3.000,"A Bacia do Espírito Santo está situada no Estado do Espírito Santo, delimitada a sul com a Bacia de Campos, através do Alto de Vitória, e a norte com a Bacia de Mucuri. Possui uma área explorável de aproximadamente 41.500 km2, dos quais 3.000 km2 referem-se à bacia terrestre, considerando a fronteira leste coincidente com o limite crosta continental/oceânica. A existência do Banco de Abrolhos, a leste, atribui à bacia uma fisiografia particular, evidenciada por um alargamento da plataforma continental, que de uma média de 40 km de largura a sul alcança cerca de 240 km na porção centro-norte. O conhecimento adquirido ao longo de 50 anos de exploração, com centenas de poços exploratórios e inúmeras linhas sísmicas 2D e 3D, nas porções terrestre e marinha de águas rasas, profundas e ultraprofundas, somado a contínua integração de novos dados, foram fundamentais para a atualização da Carta Estratigráfica da Bacia. A primeira estratigrafia formal da Bacia do Espírito Santo foi apresentada por Asmus et al., seguida de várias alterações, culminando com a carta apresentada por Vieira et al.. Este trabalho resume o conhecimento adquirido desde a sua última publicação, enfatizando a cronoestratigrafia. Entretanto, os princípios litoestra-tigráficos que embasam este trabalho seguem os mesmos estabelecidos na última edição da carta es-tratigráfica.",Aproximadamente 3.000 km² (área terrestre).
resultados/petrobras-5-mini-com-ontologia-add/batch_f92edf32-403b-42d8-9d3a-cbd3932f0816-completo.csv,rag,1339,O que evidencia a fisiografia do Banco de Abrolhos?,alargamento da plataforma continental,"A Bacia do Espírito Santo está situada no Estado do Espírito Santo, delimitada a sul com a Bacia de Campos, através do Alto de Vitória, e a norte com a Bacia de Mucuri. Possui uma área explorável de aproximadamente 41.500 km2, dos quais 3.000 km2 referem-se à bacia terrestre, considerando a fronteira leste coincidente com o limite crosta continental/oceânica. A existência do Banco de Abrolhos, a leste, atribui à bacia uma fisiografia particular, evidenciada por um alargamento da plataforma continental, que de uma média de 40 km de largura a sul alcança cerca de 240 km na porção centro-norte. O conhecimento adquirido ao longo de 50 anos de exploração, com centenas de poços exploratórios e inúmeras linhas sísmicas 2D e 3D, nas porções terrestre e marinha de águas rasas, profundas e ultraprofundas, somado a contínua integração de novos dados, foram fundamentais para a atualização da Carta Estratigráfica da Bacia. A primeira estratigrafia formal da Bacia do Espírito Santo foi apresentada por Asmus et al., seguida de várias alterações, culminando com a carta apresentada por Vieira et al.. Este trabalho resume o conhecimento adquirido desde a sua última publicação, enfatizando a cronoestratigrafia. Entretanto, os princípios litoestra-tigráficos que embasam este trabalho seguem os mesmos estabelecidos na última edição da carta es-tratigráfica.","Evidencia um alargamento da plataforma continental: de cerca de 40 km de largura ao sul até aproximadamente 240 km na porção centro‑norte, devido ao Banco de Abrolhos a leste."
resultados/petrobras-5-mini-com-ontologia-add/batch_f92edf32-403b-42d8-9d3a-cbd3932f0816-completo.csv,graphrag,1339,O que evidencia a fisiografia do Banco de Abrolhos?,alargamento da plataforma continental,"A Bacia do Espírito Santo está situada no Estado do Espírito Santo, delimitada a sul com a Bacia de Campos, através do Alto de Vitória, e a norte com a Bacia de Mucuri. Possui uma área explorável de aproximadamente 41.500 km2, dos quais 3.000 km2 referem-se à bacia terrestre, considerando a fronteira leste coincidente com o limite crosta continental/oceânica. A existência do Banco de Abrolhos, a leste, atribui à bacia uma fisiografia particular, evidenciada por um alargamento da plataforma continental, que de uma média de 40 km de largura a sul alcança cerca de 240 km na porção centro-norte. O conhecimento adquirido ao longo de 50 anos de exploração, com centenas de poços exploratórios e inúmeras linhas sísmicas 2D e 3D, nas porções terrestre e marinha de águas rasas, profundas e ultraprofundas, somado a contínua integração de novos dados, foram fundamentais para a atualização da Carta Estratigráfica da Bacia. A primeira estratigrafia formal da Bacia do Espírito Santo foi apresentada por Asmus et al., seguida de várias alterações, culminando com a carta apresentada por Vieira et al.. Este trabalho resume o conhecimento adquirido desde a sua última publicação, enfatizando a cronoestratigrafia. Entretanto, os princípios litoestra-tigráficos que embasam este trabalho seguem os mesmos estabelecidos na última edição da carta es-tratigráfica.",Evidencia o alargamento da plataforma continental — de cerca de 40 km na porção sul até ~240 km na porção centro‑norte.
resultados/petrobras-5-mini-com-ontologia-add/batch_f92edf32-403b-42d8-9d3a-cbd3932f0816-completo.csv,rag,1346,O que atribui à bacia uma fisiografia particular?,"A existência do Banco de Abrolhos,","A Bacia do Espírito Santo está situada no Estado do Espírito Santo, delimitada a sul com a Bacia de Campos, através do Alto de Vitória, e a norte com a Bacia de Mucuri. Possui uma área explorável de aproximadamente 41.500 km2, dos quais 3.000 km2 referem-se à bacia terrestre, considerando a fronteira leste coincidente com o limite crosta continental/oceânica. A existência do Banco de Abrolhos, a leste, atribui à bacia uma fisiografia particular, evidenciada por um alargamento da plataforma continental, que de uma média de 40 km de largura a sul alcança cerca de 240 km na porção centro-norte. O conhecimento adquirido ao longo de 50 anos de exploração, com centenas de poços exploratórios e inúmeras linhas sísmicas 2D e 3D, nas porções terrestre e marinha de águas rasas, profundas e ultraprofundas, somado a contínua integração de novos dados, foram fundamentais para a atualização da Carta Estratigráfica da Bacia. A primeira estratigrafia formal da Bacia do Espírito Santo foi apresentada por Asmus et al., seguida de várias alterações, culminando com a carta apresentada por Vieira et al.. Este trabalho resume o conhecimento adquirido desde a sua última publicação, enfatizando a cronoestratigrafia. Entretanto, os princípios litoestra-tigráficos que embasam este trabalho seguem os mesmos estabelecidos na última edição da carta es-tratigráfica.","A existência do Banco de Abrolhos a leste, que provoca o alargamento da plataforma continental."
resultados/petrobras-5-mini-com-ontologia-add/batch_f92edf32-403b-42d8-9d3a-cbd3932f0816-completo.csv,graphrag,1346,O que atribui à bacia uma fisiografia particular?,"A existência do Banco de Abrolhos,","A Bacia do Espírito Santo está situada no Estado do Espírito Santo, delimitada a sul com a Bacia de Campos, através do Alto de Vitória, e a norte com a Bacia de Mucuri. Possui uma área explorável de aproximadamente 41.500 km2, dos quais 3.000 km2 referem-se à bacia terrestre, considerando a fronteira leste coincidente com o limite crosta continental/oceânica. A existência do Banco de Abrolhos, a leste, atribui à bacia uma fisiografia particular, evidenciada por um alargamento da plataforma continental, que de uma média de 40 km de largura a sul alcança cerca de 240 km na porção centro-norte. O conhecimento adquirido ao longo de 50 anos de exploração, com centenas de poços exploratórios e inúmeras linhas sísmicas 2D e 3D, nas porções terrestre e marinha de águas rasas, profundas e ultraprofundas, somado a contínua integração de novos dados, foram fundamentais para a atualização da Carta Estratigráfica da Bacia. A primeira estratigrafia formal da Bacia do Espírito Santo foi apresentada por Asmus et al., seguida de várias alterações, culminando com a carta apresentada por Vieira et al.. Este trabalho resume o conhecimento adquirido desde a sua última publicação, enfatizando a cronoestratigrafia. Entretanto, os princípios litoestra-tigráficos que embasam este trabalho seguem os mesmos estabelecidos na última edição da carta es-tratigráfica.","A existência do Banco de Abrolhos a leste, que provoca o alargamento da plataforma continental."
resultados/petrobras-5-mini-com-ontologia-add/batch_f92edf32-403b-42d8-9d3a-cbd3932f0816-completo.csv,rag,1349,O que este trabalho enfatiza em relação à Bacia do Espírito Santo?,a cronoestratigrafia,"A Bacia do Espírito Santo está situada no Estado do Espírito Santo, delimitada a sul com a Bacia de Campos, através do Alto de Vitória, e a norte com a Bacia de Mucuri. Possui uma área explorável de aproximadamente 41.500 km2, dos quais 3.000 km2 referem-se à bacia terrestre, considerando a fronteira leste coincidente com o limite crosta continental/oceânica. A existência do Banco de Abrolhos, a leste, atribui à bacia uma fisiografia particular, evidenciada por um alargamento da plataforma continental, que de uma média de 40 km de largura a sul alcança cerca de 240 km na porção centro-norte. O conhecimento adquirido ao longo de 50 anos de exploração, com centenas de poços exploratórios e inúmeras linhas sísmicas 2D e 3D, nas porções terrestre e marinha de águas rasas, profundas e ultraprofundas, somado a contínua integração de novos dados, foram fundamentais para a atualização da Carta Estratigráfica da Bacia. A primeira estratigrafia formal da Bacia do Espírito Santo foi apresentada por Asmus et al., seguida de várias alterações, culminando com a carta apresentada por Vieira et al.. Este trabalho resume o conhecimento adquirido desde a sua última publicação, enfatizando a cronoestratigrafia. Entretanto, os princípios litoestra-tigráficos que embasam este trabalho seguem os mesmos estabelecidos na última edição da carta es-tratigráfica.",Enfatiza a cronoestratigrafia da Bacia do Espírito Santo.
resultados/petrobras-5-mini-com-ontologia-add/batch_f92edf32-403b-42d8-9d3a-cbd3932f0816-completo.csv,graphrag,1349,O que este trabalho enfatiza em relação à Bacia do Espírito Santo?,a cronoestratigrafia,"A Bacia do Espírito Santo está situada no Estado do Espírito Santo, delimitada a sul com a Bacia de Campos, através do Alto de Vitória, e a norte com a Bacia de Mucuri. Possui uma área explorável de aproximadamente 41.500 km2, dos quais 3.000 km2 referem-se à bacia terrestre, considerando a fronteira leste coincidente com o limite crosta continental/oceânica. A existência do Banco de Abrolhos, a leste, atribui à bacia uma fisiografia particular, evidenciada por um alargamento da plataforma continental, que de uma média de 40 km de largura a sul alcança cerca de 240 km na porção centro-norte. O conhecimento adquirido ao longo de 50 anos de exploração, com centenas de poços exploratórios e inúmeras linhas sísmicas 2D e 3D, nas porções terrestre e marinha de águas rasas, profundas e ultraprofundas, somado a contínua integração de novos dados, foram fundamentais para a atualização da Carta Estratigráfica da Bacia. A primeira estratigrafia formal da Bacia do Espírito Santo foi apresentada por Asmus et al., seguida de várias alterações, culminando com a carta apresentada por Vieira et al.. Este trabalho resume o conhecimento adquirido desde a sua última publicação, enfatizando a cronoestratigrafia. Entretanto, os princípios litoestra-tigráficos que embasam este trabalho seguem os mesmos estabelecidos na última edição da carta es-tratigráfica.","Enfatiza a cronoestratigrafia da Bacia do Espírito Santo, mantendo os princípios litoestratigráficos da última edição da carta estratigráfica."
resultados/petrobras-5-mini-com-ontologia-add/batch_f92edf32-403b-42d8-9d3a-cbd3932f0816-completo.csv,rag,1352,Onde a Bacia do Espírito Santo está situada?,no Estado do Espírito Santo,"A Bacia do Espírito Santo está situada no Estado do Espírito Santo, delimitada a sul com a Bacia de Campos, através do Alto de Vitória, e a norte com a Bacia de Mucuri. Possui uma área explorável de aproximadamente 41.500 km2, dos quais 3.000 km2 referem-se à bacia terrestre, considerando a fronteira leste coincidente com o limite crosta continental/oceânica. A existência do Banco de Abrolhos, a leste, atribui à bacia uma fisiografia particular, evidenciada por um alargamento da plataforma continental, que de uma média de 40 km de largura a sul alcança cerca de 240 km na porção centro-norte. O conhecimento adquirido ao longo de 50 anos de exploração, com centenas de poços exploratórios e inúmeras linhas sísmicas 2D e 3D, nas porções terrestre e marinha de águas rasas, profundas e ultraprofundas, somado a contínua integração de novos dados, foram fundamentais para a atualização da Carta Estratigráfica da Bacia. A primeira estratigrafia formal da Bacia do Espírito Santo foi apresentada por Asmus et al., seguida de várias alterações, culminando com a carta apresentada por Vieira et al.. Este trabalho resume o conhecimento adquirido desde a sua última publicação, enfatizando a cronoestratigrafia. Entretanto, os princípios litoestra-tigráficos que embasam este trabalho seguem os mesmos estabelecidos na última edição da carta es-tratigráfica.","No Estado do Espírito Santo, limitada ao sul pela Bacia de Campos (pelo Alto de Vitória) e ao norte pela Bacia de Mucuri."
resultados/petrobras-5-mini-com-ontologia-add/batch_f92edf32-403b-42d8-9d3a-cbd3932f0816-completo.csv,graphrag,1352,Onde a Bacia do Espírito Santo está situada?,no Estado do Espírito Santo,"A Bacia do Espírito Santo está situada no Estado do Espírito Santo, delimitada a sul com a Bacia de Campos, através do Alto de Vitória, e a norte com a Bacia de Mucuri. Possui uma área explorável de aproximadamente 41.500 km2, dos quais 3.000 km2 referem-se à bacia terrestre, considerando a fronteira leste coincidente com o limite crosta continental/oceânica. A existência do Banco de Abrolhos, a leste, atribui à bacia uma fisiografia particular, evidenciada por um alargamento da plataforma continental, que de uma média de 40 km de largura a sul alcança cerca de 240 km na porção centro-norte. O conhecimento adquirido ao longo de 50 anos de exploração, com centenas de poços exploratórios e inúmeras linhas sísmicas 2D e 3D, nas porções terrestre e marinha de águas rasas, profundas e ultraprofundas, somado a contínua integração de novos dados, foram fundamentais para a atualização da Carta Estratigráfica da Bacia. A primeira estratigrafia formal da Bacia do Espírito Santo foi apresentada por Asmus et al., seguida de várias alterações, culminando com a carta apresentada por Vieira et al.. Este trabalho resume o conhecimento adquirido desde a sua última publicação, enfatizando a cronoestratigrafia. Entretanto, os princípios litoestra-tigráficos que embasam este trabalho seguem os mesmos estabelecidos na última edição da carta es-tratigráfica.","No Estado do Espírito Santo, no litoral do Brasil."
resultados/petrobras-5-mini-com-ontologia-add/batch_f92edf32-403b-42d8-9d3a-cbd3932f0816-completo.csv,rag,1353,Quais são os limites da Bacia do Espírito Santo?,"a sul com a Bacia de Campos, através do Alto de Vitória, e a norte com a Bacia de Mucuri","A Bacia do Espírito Santo está situada no Estado do Espírito Santo, delimitada a sul com a Bacia de Campos, através do Alto de Vitória, e a norte com a Bacia de Mucuri. Possui uma área explorável de aproximadamente 41.500 km2, dos quais 3.000 km2 referem-se à bacia terrestre, considerando a fronteira leste coincidente com o limite crosta continental/oceânica. A existência do Banco de Abrolhos, a leste, atribui à bacia uma fisiografia particular, evidenciada por um alargamento da plataforma continental, que de uma média de 40 km de largura a sul alcança cerca de 240 km na porção centro-norte. O conhecimento adquirido ao longo de 50 anos de exploração, com centenas de poços exploratórios e inúmeras linhas sísmicas 2D e 3D, nas porções terrestre e marinha de águas rasas, profundas e ultraprofundas, somado a contínua integração de novos dados, foram fundamentais para a atualização da Carta Estratigráfica da Bacia. A primeira estratigrafia formal da Bacia do Espírito Santo foi apresentada por Asmus et al., seguida de várias alterações, culminando com a carta apresentada por Vieira et al.. Este trabalho resume o conhecimento adquirido desde a sua última publicação, enfatizando a cronoestratigrafia. Entretanto, os princípios litoestra-tigráficos que embasam este trabalho seguem os mesmos estabelecidos na última edição da carta es-tratigráfica.","A Bacia do Espírito Santo situa‑se no Estado do Espírito Santo: ao sul é limitada pela Bacia de Campos (pelo Alto de Vitória), ao norte pela Bacia de Mucuri e, a leste, pelo limite crosta continental/oceânica."
resultados/petrobras-5-mini-com-ontologia-add/batch_f92edf32-403b-42d8-9d3a-cbd3932f0816-completo.csv,graphrag,1353,Quais são os limites da Bacia do Espírito Santo?,"a sul com a Bacia de Campos, através do Alto de Vitória, e a norte com a Bacia de Mucuri","A Bacia do Espírito Santo está situada no Estado do Espírito Santo, delimitada a sul com a Bacia de Campos, através do Alto de Vitória, e a norte com a Bacia de Mucuri. Possui uma área explorável de aproximadamente 41.500 km2, dos quais 3.000 km2 referem-se à bacia terrestre, considerando a fronteira leste coincidente com o limite crosta continental/oceânica. A existência do Banco de Abrolhos, a leste, atribui à bacia uma fisiografia particular, evidenciada por um alargamento da plataforma continental, que de uma média de 40 km de largura a sul alcança cerca de 240 km na porção centro-norte. O conhecimento adquirido ao longo de 50 anos de exploração, com centenas de poços exploratórios e inúmeras linhas sísmicas 2D e 3D, nas porções terrestre e marinha de águas rasas, profundas e ultraprofundas, somado a contínua integração de novos dados, foram fundamentais para a atualização da Carta Estratigráfica da Bacia. A primeira estratigrafia formal da Bacia do Espírito Santo foi apresentada por Asmus et al., seguida de várias alterações, culminando com a carta apresentada por Vieira et al.. Este trabalho resume o conhecimento adquirido desde a sua última publicação, enfatizando a cronoestratigrafia. Entretanto, os princípios litoestra-tigráficos que embasam este trabalho seguem os mesmos estabelecidos na última edição da carta es-tratigráfica.","Está no Estado do Espírito Santo. Limites principais: - Sul: Bacia de Campos, separada pelo Alto de Vitória; - Norte: Bacia de Mucuri; - Leste: fronteira crosta continental/oceânica (litoral/limite oceânico)."
resultados/petrobras-5-mini-com-ontologia-add/batch_f92edf32-403b-42d8-9d3a-cbd3932f0816-completo.csv,rag,1390,O que poderia ser considerado compatível com a cinemática definida pelos outros elementos estruturais?,a condição de obliqüidade constante,"oblíquo ou transpressivo, o que produziría uma rotação progressiva dos indicadores cinemáticos. Para a área estudada, a hipótese a não justifica a cinemática contrária, comparando-se os dois flancos das dobras D1, já que as camadas apresentam sempre um deslocamento em direção à zona de charneira. A hipótese b é pouco provável, pois deveria ocorrer também uma dispersão dos valores de acamamento que amostrassem uma suposta deformação tardia. Por fim, a hipótese c, considerando-se a condição de obliqüidade constante em toda a área, seria compatível com a cinemática definida pelos outros elementos estruturais. Outro fato importante relaciona-se ao secciona-mento da zona de falha de Perimbó pelas falhas trans-correntes, principalmente pelas falhas dextrais. Isto sugere uma evolução direcional posterior à nucleação frontal da referida zona de falha, situação contrária à que ocorrería se o regime fosse transpressivo. Com base no exposto, pode-se concluir que a evolução da primeira fase de deformação deu-se a partir de uma convergência, com vetor tectônico direcionado de SE para NW. Assim, verifica-se que no início ocorrería uma deformação predominantemente frontal, quando então seriam desenvolvidas as dobras F1, a zona de falha de Perimbó com características reversas e um sistema conjugado de falhas transcor-rentes, conforme mostrado na figura 42. A continuação do campo compressivo provocaria o achatamento desse par conjugado e a concentração do movimento ao longo das falhas transcorrentes dextrais. O encurtamento podería ser quantificado tomando-se como base um marcador linear, paralelo à direção de compressão máxima. Essa hipótese seria uma alternativa para explicar a abertura do ângulo entre o par conjugado de 60° para 100°. Para o caso bidimensional, e considerando um mecanismo de",A hipótese c — a condição de obliquidade constante em toda a área (regime oblíquo).
resultados/petrobras-5-mini-com-ontologia-add/batch_f92edf32-403b-42d8-9d3a-cbd3932f0816-completo.csv,graphrag,1390,O que poderia ser considerado compatível com a cinemática definida pelos outros elementos estruturais?,a condição de obliqüidade constante,"oblíquo ou transpressivo, o que produziría uma rotação progressiva dos indicadores cinemáticos. Para a área estudada, a hipótese a não justifica a cinemática contrária, comparando-se os dois flancos das dobras D1, já que as camadas apresentam sempre um deslocamento em direção à zona de charneira. A hipótese b é pouco provável, pois deveria ocorrer também uma dispersão dos valores de acamamento que amostrassem uma suposta deformação tardia. Por fim, a hipótese c, considerando-se a condição de obliqüidade constante em toda a área, seria compatível com a cinemática definida pelos outros elementos estruturais. Outro fato importante relaciona-se ao secciona-mento da zona de falha de Perimbó pelas falhas trans-correntes, principalmente pelas falhas dextrais. Isto sugere uma evolução direcional posterior à nucleação frontal da referida zona de falha, situação contrária à que ocorrería se o regime fosse transpressivo. Com base no exposto, pode-se concluir que a evolução da primeira fase de deformação deu-se a partir de uma convergência, com vetor tectônico direcionado de SE para NW. Assim, verifica-se que no início ocorrería uma deformação predominantemente frontal, quando então seriam desenvolvidas as dobras F1, a zona de falha de Perimbó com características reversas e um sistema conjugado de falhas transcor-rentes, conforme mostrado na figura 42. A continuação do campo compressivo provocaria o achatamento desse par conjugado e a concentração do movimento ao longo das falhas transcorrentes dextrais. O encurtamento podería ser quantificado tomando-se como base um marcador linear, paralelo à direção de compressão máxima. Essa hipótese seria uma alternativa para explicar a abertura do ângulo entre o par conjugado de 60° para 100°. Para o caso bidimensional, e considerando um mecanismo de","A hipótese c — ou seja, um regime oblíquo com obliquidade constante em toda a área."
resultados/petrobras-5-mini-com-ontologia-add/batch_f92edf32-403b-42d8-9d3a-cbd3932f0816-completo.csv,rag,1391,O que sugere que a evolução direcional posterior à nucleação frontal da zona de falha desenvolva uma evolução direcional posterior à nucleação frontal?,secciona-mento da zona de falha de Perimbó,"oblíquo ou transpressivo, o que produziría uma rotação progressiva dos indicadores cinemáticos. Para a área estudada, a hipótese a não justifica a cinemática contrária, comparando-se os dois flancos das dobras D1, já que as camadas apresentam sempre um deslocamento em direção à zona de charneira. A hipótese b é pouco provável, pois deveria ocorrer também uma dispersão dos valores de acamamento que amostrassem uma suposta deformação tardia. Por fim, a hipótese c, considerando-se a condição de obliqüidade constante em toda a área, seria compatível com a cinemática definida pelos outros elementos estruturais. Outro fato importante relaciona-se ao secciona-mento da zona de falha de Perimbó pelas falhas trans-correntes, principalmente pelas falhas dextrais. Isto sugere uma evolução direcional posterior à nucleação frontal da referida zona de falha, situação contrária à que ocorrería se o regime fosse transpressivo. Com base no exposto, pode-se concluir que a evolução da primeira fase de deformação deu-se a partir de uma convergência, com vetor tectônico direcionado de SE para NW. Assim, verifica-se que no início ocorrería uma deformação predominantemente frontal, quando então seriam desenvolvidas as dobras F1, a zona de falha de Perimbó com características reversas e um sistema conjugado de falhas transcor-rentes, conforme mostrado na figura 42. A continuação do campo compressivo provocaria o achatamento desse par conjugado e a concentração do movimento ao longo das falhas transcorrentes dextrais. O encurtamento podería ser quantificado tomando-se como base um marcador linear, paralelo à direção de compressão máxima. Essa hipótese seria uma alternativa para explicar a abertura do ângulo entre o par conjugado de 60° para 100°. Para o caso bidimensional, e considerando um mecanismo de","O seccionamento da zona de falha de Perimbó por falhas transcorrentes, principalmente dextrais, indicando uma reorientação do movimento após a nucleação frontal (ao contrário do esperado num regime transpressivo)."
resultados/petrobras-5-mini-com-ontologia-add/batch_f92edf32-403b-42d8-9d3a-cbd3932f0816-completo.csv,graphrag,1391,O que sugere que a evolução direcional posterior à nucleação frontal da zona de falha desenvolva uma evolução direcional posterior à nucleação frontal?,secciona-mento da zona de falha de Perimbó,"oblíquo ou transpressivo, o que produziría uma rotação progressiva dos indicadores cinemáticos. Para a área estudada, a hipótese a não justifica a cinemática contrária, comparando-se os dois flancos das dobras D1, já que as camadas apresentam sempre um deslocamento em direção à zona de charneira. A hipótese b é pouco provável, pois deveria ocorrer também uma dispersão dos valores de acamamento que amostrassem uma suposta deformação tardia. Por fim, a hipótese c, considerando-se a condição de obliqüidade constante em toda a área, seria compatível com a cinemática definida pelos outros elementos estruturais. Outro fato importante relaciona-se ao secciona-mento da zona de falha de Perimbó pelas falhas trans-correntes, principalmente pelas falhas dextrais. Isto sugere uma evolução direcional posterior à nucleação frontal da referida zona de falha, situação contrária à que ocorrería se o regime fosse transpressivo. Com base no exposto, pode-se concluir que a evolução da primeira fase de deformação deu-se a partir de uma convergência, com vetor tectônico direcionado de SE para NW. Assim, verifica-se que no início ocorrería uma deformação predominantemente frontal, quando então seriam desenvolvidas as dobras F1, a zona de falha de Perimbó com características reversas e um sistema conjugado de falhas transcor-rentes, conforme mostrado na figura 42. A continuação do campo compressivo provocaria o achatamento desse par conjugado e a concentração do movimento ao longo das falhas transcorrentes dextrais. O encurtamento podería ser quantificado tomando-se como base um marcador linear, paralelo à direção de compressão máxima. Essa hipótese seria uma alternativa para explicar a abertura do ângulo entre o par conjugado de 60° para 100°. Para o caso bidimensional, e considerando um mecanismo de","O seccionamento da zona de Perimbó por falhas transcorrentes dextrais — ou seja, o desenvolvimento de falhas dextrais que cortam a zona — sugere que, após a nucleação frontal, a deformação evoluiu para concentração do movimento em falhas transcorrentes dextrais (passando de deformação frontal para deslocamento dextral), situação oposta à de um regime transpressivo."
resultados/petrobras-5-mini-com-ontologia-add/batch_f92edf32-403b-42d8-9d3a-cbd3932f0816-completo.csv,rag,1398,Quais regimes produziriam uma rotação progressiva dos indicadores cinemáticos?,oblíquo ou transpressivo,"oblíquo ou transpressivo, o que produziría uma rotação progressiva dos indicadores cinemáticos. Para a área estudada, a hipótese a não justifica a cinemática contrária, comparando-se os dois flancos das dobras D1, já que as camadas apresentam sempre um deslocamento em direção à zona de charneira. A hipótese b é pouco provável, pois deveria ocorrer também uma dispersão dos valores de acamamento que amostrassem uma suposta deformação tardia. Por fim, a hipótese c, considerando-se a condição de obliqüidade constante em toda a área, seria compatível com a cinemática definida pelos outros elementos estruturais. Outro fato importante relaciona-se ao secciona-mento da zona de falha de Perimbó pelas falhas trans-correntes, principalmente pelas falhas dextrais. Isto sugere uma evolução direcional posterior à nucleação frontal da referida zona de falha, situação contrária à que ocorrería se o regime fosse transpressivo. Com base no exposto, pode-se concluir que a evolução da primeira fase de deformação deu-se a partir de uma convergência, com vetor tectônico direcionado de SE para NW. Assim, verifica-se que no início ocorrería uma deformação predominantemente frontal, quando então seriam desenvolvidas as dobras F1, a zona de falha de Perimbó com características reversas e um sistema conjugado de falhas transcor-rentes, conforme mostrado na figura 42. A continuação do campo compressivo provocaria o achatamento desse par conjugado e a concentração do movimento ao longo das falhas transcorrentes dextrais. O encurtamento podería ser quantificado tomando-se como base um marcador linear, paralelo à direção de compressão máxima. Essa hipótese seria uma alternativa para explicar a abertura do ângulo entre o par conjugado de 60° para 100°. Para o caso bidimensional, e considerando um mecanismo de",Regimes oblíquo ou transpressivo.
resultados/petrobras-5-mini-com-ontologia-add/batch_f92edf32-403b-42d8-9d3a-cbd3932f0816-completo.csv,graphrag,1398,Quais regimes produziriam uma rotação progressiva dos indicadores cinemáticos?,oblíquo ou transpressivo,"oblíquo ou transpressivo, o que produziría uma rotação progressiva dos indicadores cinemáticos. Para a área estudada, a hipótese a não justifica a cinemática contrária, comparando-se os dois flancos das dobras D1, já que as camadas apresentam sempre um deslocamento em direção à zona de charneira. A hipótese b é pouco provável, pois deveria ocorrer também uma dispersão dos valores de acamamento que amostrassem uma suposta deformação tardia. Por fim, a hipótese c, considerando-se a condição de obliqüidade constante em toda a área, seria compatível com a cinemática definida pelos outros elementos estruturais. Outro fato importante relaciona-se ao secciona-mento da zona de falha de Perimbó pelas falhas trans-correntes, principalmente pelas falhas dextrais. Isto sugere uma evolução direcional posterior à nucleação frontal da referida zona de falha, situação contrária à que ocorrería se o regime fosse transpressivo. Com base no exposto, pode-se concluir que a evolução da primeira fase de deformação deu-se a partir de uma convergência, com vetor tectônico direcionado de SE para NW. Assim, verifica-se que no início ocorrería uma deformação predominantemente frontal, quando então seriam desenvolvidas as dobras F1, a zona de falha de Perimbó com características reversas e um sistema conjugado de falhas transcor-rentes, conforme mostrado na figura 42. A continuação do campo compressivo provocaria o achatamento desse par conjugado e a concentração do movimento ao longo das falhas transcorrentes dextrais. O encurtamento podería ser quantificado tomando-se como base um marcador linear, paralelo à direção de compressão máxima. Essa hipótese seria uma alternativa para explicar a abertura do ângulo entre o par conjugado de 60° para 100°. Para o caso bidimensional, e considerando um mecanismo de","Regimes oblíquo e transpressivo — sendo o regime transpressivo citado como hipótese, porém menos compatível com as observações."
resultados/petrobras-5-mini-com-ontologia-add/batch_f92edf32-403b-42d8-9d3a-cbd3932f0816-completo.csv,rag,1401,Qual é a base para quantificar o encurtamento?,"um marcador linear, paralelo à direção de compressão máxima","oblíquo ou transpressivo, o que produziría uma rotação progressiva dos indicadores cinemáticos. Para a área estudada, a hipótese a não justifica a cinemática contrária, comparando-se os dois flancos das dobras D1, já que as camadas apresentam sempre um deslocamento em direção à zona de charneira. A hipótese b é pouco provável, pois deveria ocorrer também uma dispersão dos valores de acamamento que amostrassem uma suposta deformação tardia. Por fim, a hipótese c, considerando-se a condição de obliqüidade constante em toda a área, seria compatível com a cinemática definida pelos outros elementos estruturais. Outro fato importante relaciona-se ao secciona-mento da zona de falha de Perimbó pelas falhas trans-correntes, principalmente pelas falhas dextrais. Isto sugere uma evolução direcional posterior à nucleação frontal da referida zona de falha, situação contrária à que ocorrería se o regime fosse transpressivo. Com base no exposto, pode-se concluir que a evolução da primeira fase de deformação deu-se a partir de uma convergência, com vetor tectônico direcionado de SE para NW. Assim, verifica-se que no início ocorrería uma deformação predominantemente frontal, quando então seriam desenvolvidas as dobras F1, a zona de falha de Perimbó com características reversas e um sistema conjugado de falhas transcor-rentes, conforme mostrado na figura 42. A continuação do campo compressivo provocaria o achatamento desse par conjugado e a concentração do movimento ao longo das falhas transcorrentes dextrais. O encurtamento podería ser quantificado tomando-se como base um marcador linear, paralelo à direção de compressão máxima. Essa hipótese seria uma alternativa para explicar a abertura do ângulo entre o par conjugado de 60° para 100°. Para o caso bidimensional, e considerando um mecanismo de",Tomar como base um marcador linear paralelo à direção de compressão máxima.
resultados/petrobras-5-mini-com-ontologia-add/batch_f92edf32-403b-42d8-9d3a-cbd3932f0816-completo.csv,graphrag,1401,Qual é a base para quantificar o encurtamento?,"um marcador linear, paralelo à direção de compressão máxima","oblíquo ou transpressivo, o que produziría uma rotação progressiva dos indicadores cinemáticos. Para a área estudada, a hipótese a não justifica a cinemática contrária, comparando-se os dois flancos das dobras D1, já que as camadas apresentam sempre um deslocamento em direção à zona de charneira. A hipótese b é pouco provável, pois deveria ocorrer também uma dispersão dos valores de acamamento que amostrassem uma suposta deformação tardia. Por fim, a hipótese c, considerando-se a condição de obliqüidade constante em toda a área, seria compatível com a cinemática definida pelos outros elementos estruturais. Outro fato importante relaciona-se ao secciona-mento da zona de falha de Perimbó pelas falhas trans-correntes, principalmente pelas falhas dextrais. Isto sugere uma evolução direcional posterior à nucleação frontal da referida zona de falha, situação contrária à que ocorrería se o regime fosse transpressivo. Com base no exposto, pode-se concluir que a evolução da primeira fase de deformação deu-se a partir de uma convergência, com vetor tectônico direcionado de SE para NW. Assim, verifica-se que no início ocorrería uma deformação predominantemente frontal, quando então seriam desenvolvidas as dobras F1, a zona de falha de Perimbó com características reversas e um sistema conjugado de falhas transcor-rentes, conforme mostrado na figura 42. A continuação do campo compressivo provocaria o achatamento desse par conjugado e a concentração do movimento ao longo das falhas transcorrentes dextrais. O encurtamento podería ser quantificado tomando-se como base um marcador linear, paralelo à direção de compressão máxima. Essa hipótese seria uma alternativa para explicar a abertura do ângulo entre o par conjugado de 60° para 100°. Para o caso bidimensional, e considerando um mecanismo de",Tomar como base um marcador linear paralelo à direção de compressão máxima.
resultados/petrobras-5-mini-com-ontologia-add/batch_f92edf32-403b-42d8-9d3a-cbd3932f0816-completo.csv,rag,1402,Quais são os dois regimes que produziriam uma rotação progressiva dos indicadores cinemáticos?,oblíquo ou transpressivo,"oblíquo ou transpressivo, o que produziría uma rotação progressiva dos indicadores cinemáticos. Para a área estudada, a hipótese a não justifica a cinemática contrária, comparando-se os dois flancos das dobras D1, já que as camadas apresentam sempre um deslocamento em direção à zona de charneira. A hipótese b é pouco provável, pois deveria ocorrer também uma dispersão dos valores de acamamento que amostrassem uma suposta deformação tardia. Por fim, a hipótese c, considerando-se a condição de obliqüidade constante em toda a área, seria compatível com a cinemática definida pelos outros elementos estruturais. Outro fato importante relaciona-se ao secciona-mento da zona de falha de Perimbó pelas falhas trans-correntes, principalmente pelas falhas dextrais. Isto sugere uma evolução direcional posterior à nucleação frontal da referida zona de falha, situação contrária à que ocorrería se o regime fosse transpressivo. Com base no exposto, pode-se concluir que a evolução da primeira fase de deformação deu-se a partir de uma convergência, com vetor tectônico direcionado de SE para NW. Assim, verifica-se que no início ocorrería uma deformação predominantemente frontal, quando então seriam desenvolvidas as dobras F1, a zona de falha de Perimbó com características reversas e um sistema conjugado de falhas transcor-rentes, conforme mostrado na figura 42. A continuação do campo compressivo provocaria o achatamento desse par conjugado e a concentração do movimento ao longo das falhas transcorrentes dextrais. O encurtamento podería ser quantificado tomando-se como base um marcador linear, paralelo à direção de compressão máxima. Essa hipótese seria uma alternativa para explicar a abertura do ângulo entre o par conjugado de 60° para 100°. Para o caso bidimensional, e considerando um mecanismo de",Os regimes oblíquo e transpressivo.
resultados/petrobras-5-mini-com-ontologia-add/batch_f92edf32-403b-42d8-9d3a-cbd3932f0816-completo.csv,graphrag,1402,Quais são os dois regimes que produziriam uma rotação progressiva dos indicadores cinemáticos?,oblíquo ou transpressivo,"oblíquo ou transpressivo, o que produziría uma rotação progressiva dos indicadores cinemáticos. Para a área estudada, a hipótese a não justifica a cinemática contrária, comparando-se os dois flancos das dobras D1, já que as camadas apresentam sempre um deslocamento em direção à zona de charneira. A hipótese b é pouco provável, pois deveria ocorrer também uma dispersão dos valores de acamamento que amostrassem uma suposta deformação tardia. Por fim, a hipótese c, considerando-se a condição de obliqüidade constante em toda a área, seria compatível com a cinemática definida pelos outros elementos estruturais. Outro fato importante relaciona-se ao secciona-mento da zona de falha de Perimbó pelas falhas trans-correntes, principalmente pelas falhas dextrais. Isto sugere uma evolução direcional posterior à nucleação frontal da referida zona de falha, situação contrária à que ocorrería se o regime fosse transpressivo. Com base no exposto, pode-se concluir que a evolução da primeira fase de deformação deu-se a partir de uma convergência, com vetor tectônico direcionado de SE para NW. Assim, verifica-se que no início ocorrería uma deformação predominantemente frontal, quando então seriam desenvolvidas as dobras F1, a zona de falha de Perimbó com características reversas e um sistema conjugado de falhas transcor-rentes, conforme mostrado na figura 42. A continuação do campo compressivo provocaria o achatamento desse par conjugado e a concentração do movimento ao longo das falhas transcorrentes dextrais. O encurtamento podería ser quantificado tomando-se como base um marcador linear, paralelo à direção de compressão máxima. Essa hipótese seria uma alternativa para explicar a abertura do ângulo entre o par conjugado de 60° para 100°. Para o caso bidimensional, e considerando um mecanismo de",Um regime tectônico oblíquo e um regime transpressivo.
resultados/petrobras-5-mini-com-ontologia-add/batch_f92edf32-403b-42d8-9d3a-cbd3932f0816-completo.csv,rag,1406,Qual é a direção do vetor tectônico na primeira fase de deformação?,de SE para NW,"oblíquo ou transpressivo, o que produziría uma rotação progressiva dos indicadores cinemáticos. Para a área estudada, a hipótese a não justifica a cinemática contrária, comparando-se os dois flancos das dobras D1, já que as camadas apresentam sempre um deslocamento em direção à zona de charneira. A hipótese b é pouco provável, pois deveria ocorrer também uma dispersão dos valores de acamamento que amostrassem uma suposta deformação tardia. Por fim, a hipótese c, considerando-se a condição de obliqüidade constante em toda a área, seria compatível com a cinemática definida pelos outros elementos estruturais. Outro fato importante relaciona-se ao secciona-mento da zona de falha de Perimbó pelas falhas trans-correntes, principalmente pelas falhas dextrais. Isto sugere uma evolução direcional posterior à nucleação frontal da referida zona de falha, situação contrária à que ocorrería se o regime fosse transpressivo. Com base no exposto, pode-se concluir que a evolução da primeira fase de deformação deu-se a partir de uma convergência, com vetor tectônico direcionado de SE para NW. Assim, verifica-se que no início ocorrería uma deformação predominantemente frontal, quando então seriam desenvolvidas as dobras F1, a zona de falha de Perimbó com características reversas e um sistema conjugado de falhas transcor-rentes, conforme mostrado na figura 42. A continuação do campo compressivo provocaria o achatamento desse par conjugado e a concentração do movimento ao longo das falhas transcorrentes dextrais. O encurtamento podería ser quantificado tomando-se como base um marcador linear, paralelo à direção de compressão máxima. Essa hipótese seria uma alternativa para explicar a abertura do ângulo entre o par conjugado de 60° para 100°. Para o caso bidimensional, e considerando um mecanismo de",O vetor tectônico na primeira fase foi direcionado de sudeste (SE) para noroeste (NW).
resultados/petrobras-5-mini-com-ontologia-add/batch_f92edf32-403b-42d8-9d3a-cbd3932f0816-completo.csv,graphrag,1406,Qual é a direção do vetor tectônico na primeira fase de deformação?,de SE para NW,"oblíquo ou transpressivo, o que produziría uma rotação progressiva dos indicadores cinemáticos. Para a área estudada, a hipótese a não justifica a cinemática contrária, comparando-se os dois flancos das dobras D1, já que as camadas apresentam sempre um deslocamento em direção à zona de charneira. A hipótese b é pouco provável, pois deveria ocorrer também uma dispersão dos valores de acamamento que amostrassem uma suposta deformação tardia. Por fim, a hipótese c, considerando-se a condição de obliqüidade constante em toda a área, seria compatível com a cinemática definida pelos outros elementos estruturais. Outro fato importante relaciona-se ao secciona-mento da zona de falha de Perimbó pelas falhas trans-correntes, principalmente pelas falhas dextrais. Isto sugere uma evolução direcional posterior à nucleação frontal da referida zona de falha, situação contrária à que ocorrería se o regime fosse transpressivo. Com base no exposto, pode-se concluir que a evolução da primeira fase de deformação deu-se a partir de uma convergência, com vetor tectônico direcionado de SE para NW. Assim, verifica-se que no início ocorrería uma deformação predominantemente frontal, quando então seriam desenvolvidas as dobras F1, a zona de falha de Perimbó com características reversas e um sistema conjugado de falhas transcor-rentes, conforme mostrado na figura 42. A continuação do campo compressivo provocaria o achatamento desse par conjugado e a concentração do movimento ao longo das falhas transcorrentes dextrais. O encurtamento podería ser quantificado tomando-se como base um marcador linear, paralelo à direção de compressão máxima. Essa hipótese seria uma alternativa para explicar a abertura do ângulo entre o par conjugado de 60° para 100°. Para o caso bidimensional, e considerando um mecanismo de","O vetor tectônico na primeira fase foi de convergência, dirigido de sudeste (SE) para noroeste (NW)."
resultados/petrobras-5-mini-com-ontologia-add/batch_f92edf32-403b-42d8-9d3a-cbd3932f0816-completo.csv,rag,1407,O que sugere o seccionamento da zona de falha de Perimbó pelas falhas transcorrentes?,uma evolução direcional posterior à nucleação frontal da referida zona de falha,"oblíquo ou transpressivo, o que produziría uma rotação progressiva dos indicadores cinemáticos. Para a área estudada, a hipótese a não justifica a cinemática contrária, comparando-se os dois flancos das dobras D1, já que as camadas apresentam sempre um deslocamento em direção à zona de charneira. A hipótese b é pouco provável, pois deveria ocorrer também uma dispersão dos valores de acamamento que amostrassem uma suposta deformação tardia. Por fim, a hipótese c, considerando-se a condição de obliqüidade constante em toda a área, seria compatível com a cinemática definida pelos outros elementos estruturais. Outro fato importante relaciona-se ao secciona-mento da zona de falha de Perimbó pelas falhas trans-correntes, principalmente pelas falhas dextrais. Isto sugere uma evolução direcional posterior à nucleação frontal da referida zona de falha, situação contrária à que ocorrería se o regime fosse transpressivo. Com base no exposto, pode-se concluir que a evolução da primeira fase de deformação deu-se a partir de uma convergência, com vetor tectônico direcionado de SE para NW. Assim, verifica-se que no início ocorrería uma deformação predominantemente frontal, quando então seriam desenvolvidas as dobras F1, a zona de falha de Perimbó com características reversas e um sistema conjugado de falhas transcor-rentes, conforme mostrado na figura 42. A continuação do campo compressivo provocaria o achatamento desse par conjugado e a concentração do movimento ao longo das falhas transcorrentes dextrais. O encurtamento podería ser quantificado tomando-se como base um marcador linear, paralelo à direção de compressão máxima. Essa hipótese seria uma alternativa para explicar a abertura do ângulo entre o par conjugado de 60° para 100°. Para o caso bidimensional, e considerando um mecanismo de","Que houve uma evolução direcional posterior à nucleação frontal da zona de falha de Perimbó — as falhas transcorrentes (principalmente dextras) cortaram a zona, desenvolvendo‑se depois e concentrando aí o movimento, em vez de um regime transpressivo contemporâneo."
resultados/petrobras-5-mini-com-ontologia-add/batch_f92edf32-403b-42d8-9d3a-cbd3932f0816-completo.csv,graphrag,1407,O que sugere o seccionamento da zona de falha de Perimbó pelas falhas transcorrentes?,uma evolução direcional posterior à nucleação frontal da referida zona de falha,"oblíquo ou transpressivo, o que produziría uma rotação progressiva dos indicadores cinemáticos. Para a área estudada, a hipótese a não justifica a cinemática contrária, comparando-se os dois flancos das dobras D1, já que as camadas apresentam sempre um deslocamento em direção à zona de charneira. A hipótese b é pouco provável, pois deveria ocorrer também uma dispersão dos valores de acamamento que amostrassem uma suposta deformação tardia. Por fim, a hipótese c, considerando-se a condição de obliqüidade constante em toda a área, seria compatível com a cinemática definida pelos outros elementos estruturais. Outro fato importante relaciona-se ao secciona-mento da zona de falha de Perimbó pelas falhas trans-correntes, principalmente pelas falhas dextrais. Isto sugere uma evolução direcional posterior à nucleação frontal da referida zona de falha, situação contrária à que ocorrería se o regime fosse transpressivo. Com base no exposto, pode-se concluir que a evolução da primeira fase de deformação deu-se a partir de uma convergência, com vetor tectônico direcionado de SE para NW. Assim, verifica-se que no início ocorrería uma deformação predominantemente frontal, quando então seriam desenvolvidas as dobras F1, a zona de falha de Perimbó com características reversas e um sistema conjugado de falhas transcor-rentes, conforme mostrado na figura 42. A continuação do campo compressivo provocaria o achatamento desse par conjugado e a concentração do movimento ao longo das falhas transcorrentes dextrais. O encurtamento podería ser quantificado tomando-se como base um marcador linear, paralelo à direção de compressão máxima. Essa hipótese seria uma alternativa para explicar a abertura do ângulo entre o par conjugado de 60° para 100°. Para o caso bidimensional, e considerando um mecanismo de","Que houve uma evolução direcional posterior à nucleação frontal da zona de falha — ou seja, movimento posterior concentrado em falhas transcorrentes dextrais, o que contraria um regime transpressivo."
resultados/petrobras-5-mini-com-ontologia-add/batch_f92edf32-403b-42d8-9d3a-cbd3932f0816-completo.csv,rag,1412,O que a hipótese b sugere que deveria ocorrer também?,uma dispersão dos valores de acamamento,"oblíquo ou transpressivo, o que produziría uma rotação progressiva dos indicadores cinemáticos. Para a área estudada, a hipótese a não justifica a cinemática contrária, comparando-se os dois flancos das dobras D1, já que as camadas apresentam sempre um deslocamento em direção à zona de charneira. A hipótese b é pouco provável, pois deveria ocorrer também uma dispersão dos valores de acamamento que amostrassem uma suposta deformação tardia. Por fim, a hipótese c, considerando-se a condição de obliqüidade constante em toda a área, seria compatível com a cinemática definida pelos outros elementos estruturais. Outro fato importante relaciona-se ao secciona-mento da zona de falha de Perimbó pelas falhas trans-correntes, principalmente pelas falhas dextrais. Isto sugere uma evolução direcional posterior à nucleação frontal da referida zona de falha, situação contrária à que ocorrería se o regime fosse transpressivo. Com base no exposto, pode-se concluir que a evolução da primeira fase de deformação deu-se a partir de uma convergência, com vetor tectônico direcionado de SE para NW. Assim, verifica-se que no início ocorrería uma deformação predominantemente frontal, quando então seriam desenvolvidas as dobras F1, a zona de falha de Perimbó com características reversas e um sistema conjugado de falhas transcor-rentes, conforme mostrado na figura 42. A continuação do campo compressivo provocaria o achatamento desse par conjugado e a concentração do movimento ao longo das falhas transcorrentes dextrais. O encurtamento podería ser quantificado tomando-se como base um marcador linear, paralelo à direção de compressão máxima. Essa hipótese seria uma alternativa para explicar a abertura do ângulo entre o par conjugado de 60° para 100°. Para o caso bidimensional, e considerando um mecanismo de","Que deveria ocorrer uma dispersão dos valores de acamamento, indicando uma suposta deformação tardia."
resultados/petrobras-5-mini-com-ontologia-add/batch_f92edf32-403b-42d8-9d3a-cbd3932f0816-completo.csv,graphrag,1412,O que a hipótese b sugere que deveria ocorrer também?,uma dispersão dos valores de acamamento,"oblíquo ou transpressivo, o que produziría uma rotação progressiva dos indicadores cinemáticos. Para a área estudada, a hipótese a não justifica a cinemática contrária, comparando-se os dois flancos das dobras D1, já que as camadas apresentam sempre um deslocamento em direção à zona de charneira. A hipótese b é pouco provável, pois deveria ocorrer também uma dispersão dos valores de acamamento que amostrassem uma suposta deformação tardia. Por fim, a hipótese c, considerando-se a condição de obliqüidade constante em toda a área, seria compatível com a cinemática definida pelos outros elementos estruturais. Outro fato importante relaciona-se ao secciona-mento da zona de falha de Perimbó pelas falhas trans-correntes, principalmente pelas falhas dextrais. Isto sugere uma evolução direcional posterior à nucleação frontal da referida zona de falha, situação contrária à que ocorrería se o regime fosse transpressivo. Com base no exposto, pode-se concluir que a evolução da primeira fase de deformação deu-se a partir de uma convergência, com vetor tectônico direcionado de SE para NW. Assim, verifica-se que no início ocorrería uma deformação predominantemente frontal, quando então seriam desenvolvidas as dobras F1, a zona de falha de Perimbó com características reversas e um sistema conjugado de falhas transcor-rentes, conforme mostrado na figura 42. A continuação do campo compressivo provocaria o achatamento desse par conjugado e a concentração do movimento ao longo das falhas transcorrentes dextrais. O encurtamento podería ser quantificado tomando-se como base um marcador linear, paralelo à direção de compressão máxima. Essa hipótese seria uma alternativa para explicar a abertura do ângulo entre o par conjugado de 60° para 100°. Para o caso bidimensional, e considerando um mecanismo de","Que houvesse uma dispersão dos valores de acamamento, indicando uma suposta deformação tardia."
resultados/petrobras-5-mini-com-ontologia-add/batch_f92edf32-403b-42d8-9d3a-cbd3932f0816-completo.csv,rag,1413,Qual é a condição que a hipótese c considera constante em toda a área?,a condição de obliqüidade,"oblíquo ou transpressivo, o que produziría uma rotação progressiva dos indicadores cinemáticos. Para a área estudada, a hipótese a não justifica a cinemática contrária, comparando-se os dois flancos das dobras D1, já que as camadas apresentam sempre um deslocamento em direção à zona de charneira. A hipótese b é pouco provável, pois deveria ocorrer também uma dispersão dos valores de acamamento que amostrassem uma suposta deformação tardia. Por fim, a hipótese c, considerando-se a condição de obliqüidade constante em toda a área, seria compatível com a cinemática definida pelos outros elementos estruturais. Outro fato importante relaciona-se ao secciona-mento da zona de falha de Perimbó pelas falhas trans-correntes, principalmente pelas falhas dextrais. Isto sugere uma evolução direcional posterior à nucleação frontal da referida zona de falha, situação contrária à que ocorrería se o regime fosse transpressivo. Com base no exposto, pode-se concluir que a evolução da primeira fase de deformação deu-se a partir de uma convergência, com vetor tectônico direcionado de SE para NW. Assim, verifica-se que no início ocorrería uma deformação predominantemente frontal, quando então seriam desenvolvidas as dobras F1, a zona de falha de Perimbó com características reversas e um sistema conjugado de falhas transcor-rentes, conforme mostrado na figura 42. A continuação do campo compressivo provocaria o achatamento desse par conjugado e a concentração do movimento ao longo das falhas transcorrentes dextrais. O encurtamento podería ser quantificado tomando-se como base um marcador linear, paralelo à direção de compressão máxima. Essa hipótese seria uma alternativa para explicar a abertura do ângulo entre o par conjugado de 60° para 100°. Para o caso bidimensional, e considerando um mecanismo de",Que a obliquidade seja constante em toda a área.
resultados/petrobras-5-mini-com-ontologia-add/batch_f92edf32-403b-42d8-9d3a-cbd3932f0816-completo.csv,graphrag,1413,Qual é a condição que a hipótese c considera constante em toda a área?,a condição de obliqüidade,"oblíquo ou transpressivo, o que produziría uma rotação progressiva dos indicadores cinemáticos. Para a área estudada, a hipótese a não justifica a cinemática contrária, comparando-se os dois flancos das dobras D1, já que as camadas apresentam sempre um deslocamento em direção à zona de charneira. A hipótese b é pouco provável, pois deveria ocorrer também uma dispersão dos valores de acamamento que amostrassem uma suposta deformação tardia. Por fim, a hipótese c, considerando-se a condição de obliqüidade constante em toda a área, seria compatível com a cinemática definida pelos outros elementos estruturais. Outro fato importante relaciona-se ao secciona-mento da zona de falha de Perimbó pelas falhas trans-correntes, principalmente pelas falhas dextrais. Isto sugere uma evolução direcional posterior à nucleação frontal da referida zona de falha, situação contrária à que ocorrería se o regime fosse transpressivo. Com base no exposto, pode-se concluir que a evolução da primeira fase de deformação deu-se a partir de uma convergência, com vetor tectônico direcionado de SE para NW. Assim, verifica-se que no início ocorrería uma deformação predominantemente frontal, quando então seriam desenvolvidas as dobras F1, a zona de falha de Perimbó com características reversas e um sistema conjugado de falhas transcor-rentes, conforme mostrado na figura 42. A continuação do campo compressivo provocaria o achatamento desse par conjugado e a concentração do movimento ao longo das falhas transcorrentes dextrais. O encurtamento podería ser quantificado tomando-se como base um marcador linear, paralelo à direção de compressão máxima. Essa hipótese seria uma alternativa para explicar a abertura do ângulo entre o par conjugado de 60° para 100°. Para o caso bidimensional, e considerando um mecanismo de",Que a obliquidade (tectônica) seja constante em toda a área.
resultados/petrobras-5-mini-com-ontologia-add/batch_f92edf32-403b-42d8-9d3a-cbd3932f0816-completo.csv,rag,1414,Qual é o nome da descontinuidade crustal?,"Arco de São Mateus,","a uma descontinuidade crustal denominada Arco de São Mateus, que constituiria uma zona de profundas fissuras na crosta. As reativações posteriores desta estrutura controlariam os fenômenos neotectônicos, o padrão de drenagem e a circulação de fluidos. Datação Ar-Ar de um fragmento máfico indicou uma idade de 69,4 ± 1,3 Ma, geocro-nologicamente compatível com a do poço 1-ESS-4, próximo à foz do Rio São Mateus. Novais etal. admitem que há uma interrelação entre a sequência vulcanoclástica da Fm. Abrolhos e sedimentos terciários da Fm. Rio Doce que próxima do contato com as vulcânicas, encontra-se totalmente silicificada ""cozida"""". A Fm. Rio Doce corresponde a arenitos médios a muito grossos",Arco de São Mateus.
resultados/petrobras-5-mini-com-ontologia-add/batch_f92edf32-403b-42d8-9d3a-cbd3932f0816-completo.csv,graphrag,1414,Qual é o nome da descontinuidade crustal?,"Arco de São Mateus,","a uma descontinuidade crustal denominada Arco de São Mateus, que constituiria uma zona de profundas fissuras na crosta. As reativações posteriores desta estrutura controlariam os fenômenos neotectônicos, o padrão de drenagem e a circulação de fluidos. Datação Ar-Ar de um fragmento máfico indicou uma idade de 69,4 ± 1,3 Ma, geocro-nologicamente compatível com a do poço 1-ESS-4, próximo à foz do Rio São Mateus. Novais etal. admitem que há uma interrelação entre a sequência vulcanoclástica da Fm. Abrolhos e sedimentos terciários da Fm. Rio Doce que próxima do contato com as vulcânicas, encontra-se totalmente silicificada ""cozida"""". A Fm. Rio Doce corresponde a arenitos médios a muito grossos",Arco de São Mateus.
resultados/petrobras-5-mini-com-ontologia-add/batch_f92edf32-403b-42d8-9d3a-cbd3932f0816-completo.csv,rag,1415,Qual é a idade do fragmento máfico?,"69,4 ± 1,3 Ma, geocro-nologicamente compatível","a uma descontinuidade crustal denominada Arco de São Mateus, que constituiria uma zona de profundas fissuras na crosta. As reativações posteriores desta estrutura controlariam os fenômenos neotectônicos, o padrão de drenagem e a circulação de fluidos. Datação Ar-Ar de um fragmento máfico indicou uma idade de 69,4 ± 1,3 Ma, geocro-nologicamente compatível com a do poço 1-ESS-4, próximo à foz do Rio São Mateus. Novais etal. admitem que há uma interrelação entre a sequência vulcanoclástica da Fm. Abrolhos e sedimentos terciários da Fm. Rio Doce que próxima do contato com as vulcânicas, encontra-se totalmente silicificada ""cozida"""". A Fm. Rio Doce corresponde a arenitos médios a muito grossos","69,4 ± 1,3 Ma (aprox. 69,4 milhões de anos)."
resultados/petrobras-5-mini-com-ontologia-add/batch_f92edf32-403b-42d8-9d3a-cbd3932f0816-completo.csv,graphrag,1415,Qual é a idade do fragmento máfico?,"69,4 ± 1,3 Ma, geocro-nologicamente compatível","a uma descontinuidade crustal denominada Arco de São Mateus, que constituiria uma zona de profundas fissuras na crosta. As reativações posteriores desta estrutura controlariam os fenômenos neotectônicos, o padrão de drenagem e a circulação de fluidos. Datação Ar-Ar de um fragmento máfico indicou uma idade de 69,4 ± 1,3 Ma, geocro-nologicamente compatível com a do poço 1-ESS-4, próximo à foz do Rio São Mateus. Novais etal. admitem que há uma interrelação entre a sequência vulcanoclástica da Fm. Abrolhos e sedimentos terciários da Fm. Rio Doce que próxima do contato com as vulcânicas, encontra-se totalmente silicificada ""cozida"""". A Fm. Rio Doce corresponde a arenitos médios a muito grossos","69,4 ± 1,3 Ma (datação Ar–Ar)."
resultados/petrobras-5-mini-com-ontologia-add/batch_f92edf32-403b-42d8-9d3a-cbd3932f0816-completo.csv,rag,1416,Qual é a sequência vulcanoclástica da Fm. Rio Doce?,Abrolhos,"a uma descontinuidade crustal denominada Arco de São Mateus, que constituiria uma zona de profundas fissuras na crosta. As reativações posteriores desta estrutura controlariam os fenômenos neotectônicos, o padrão de drenagem e a circulação de fluidos. Datação Ar-Ar de um fragmento máfico indicou uma idade de 69,4 ± 1,3 Ma, geocro-nologicamente compatível com a do poço 1-ESS-4, próximo à foz do Rio São Mateus. Novais etal. admitem que há uma interrelação entre a sequência vulcanoclástica da Fm. Abrolhos e sedimentos terciários da Fm. Rio Doce que próxima do contato com as vulcânicas, encontra-se totalmente silicificada ""cozida"""". A Fm. Rio Doce corresponde a arenitos médios a muito grossos",Trata‑se da sequência vulcanoclástica correlacionada com a Fm. Abrolhos; junto ao contato os sedimentos da Fm. Rio Doce aparecem totalmente silicificados (“cozidos”). Inclui níveis piroclásticos ácidos (traquíticos e riolíticos) associados aos arenitos terciários da formação.
resultados/petrobras-5-mini-com-ontologia-add/batch_f92edf32-403b-42d8-9d3a-cbd3932f0816-completo.csv,graphrag,1416,Qual é a sequência vulcanoclástica da Fm. Rio Doce?,Abrolhos,"a uma descontinuidade crustal denominada Arco de São Mateus, que constituiria uma zona de profundas fissuras na crosta. As reativações posteriores desta estrutura controlariam os fenômenos neotectônicos, o padrão de drenagem e a circulação de fluidos. Datação Ar-Ar de um fragmento máfico indicou uma idade de 69,4 ± 1,3 Ma, geocro-nologicamente compatível com a do poço 1-ESS-4, próximo à foz do Rio São Mateus. Novais etal. admitem que há uma interrelação entre a sequência vulcanoclástica da Fm. Abrolhos e sedimentos terciários da Fm. Rio Doce que próxima do contato com as vulcânicas, encontra-se totalmente silicificada ""cozida"""". A Fm. Rio Doce corresponde a arenitos médios a muito grossos","Trata‑se da sequência vulcanoclástica da Formação Abrolhos — possivelmente inter‑relacionada com os sedimentos da Fm. Rio Doce, que junto ao contacto com as vulcânicas apresenta silicificação intensa."
resultados/petrobras-5-mini-com-ontologia-add/batch_f92edf32-403b-42d8-9d3a-cbd3932f0816-completo.csv,rag,1426,Qual foi a data de um fragmento mafico de uma rocha?,"69,4 ± 1,3 Ma","a uma descontinuidade crustal denominada Arco de São Mateus, que constituiria uma zona de profundas fissuras na crosta. As reativações posteriores desta estrutura controlariam os fenômenos neotectônicos, o padrão de drenagem e a circulação de fluidos. Datação Ar-Ar de um fragmento máfico indicou uma idade de 69,4 ± 1,3 Ma, geocro-nologicamente compatível com a do poço 1-ESS-4, próximo à foz do Rio São Mateus. Novais etal. admitem que há uma interrelação entre a sequência vulcanoclástica da Fm. Abrolhos e sedimentos terciários da Fm. Rio Doce que próxima do contato com as vulcânicas, encontra-se totalmente silicificada ""cozida"""". A Fm. Rio Doce corresponde a arenitos médios a muito grossos","69,4 ± 1,3 Ma (aprox. 69,4 ± 1,3 milhões de anos)."
resultados/petrobras-5-mini-com-ontologia-add/batch_f92edf32-403b-42d8-9d3a-cbd3932f0816-completo.csv,graphrag,1426,Qual foi a data de um fragmento mafico de uma rocha?,"69,4 ± 1,3 Ma","a uma descontinuidade crustal denominada Arco de São Mateus, que constituiria uma zona de profundas fissuras na crosta. As reativações posteriores desta estrutura controlariam os fenômenos neotectônicos, o padrão de drenagem e a circulação de fluidos. Datação Ar-Ar de um fragmento máfico indicou uma idade de 69,4 ± 1,3 Ma, geocro-nologicamente compatível com a do poço 1-ESS-4, próximo à foz do Rio São Mateus. Novais etal. admitem que há uma interrelação entre a sequência vulcanoclástica da Fm. Abrolhos e sedimentos terciários da Fm. Rio Doce que próxima do contato com as vulcânicas, encontra-se totalmente silicificada ""cozida"""". A Fm. Rio Doce corresponde a arenitos médios a muito grossos","A data indicada foi 69,4 ± 1,3 Ma (milhões de anos)."
resultados/petrobras-5-mini-com-ontologia-add/batch_f92edf32-403b-42d8-9d3a-cbd3932f0816-completo.csv,rag,1429,Como é chamada a descontinuidade crustal?,Arco de São Mateus,"a uma descontinuidade crustal denominada Arco de São Mateus, que constituiria uma zona de profundas fissuras na crosta. As reativações posteriores desta estrutura controlariam os fenômenos neotectônicos, o padrão de drenagem e a circulação de fluidos. Datação Ar-Ar de um fragmento máfico indicou uma idade de 69,4 ± 1,3 Ma, geocro-nologicamente compatível com a do poço 1-ESS-4, próximo à foz do Rio São Mateus. Novais etal. admitem que há uma interrelação entre a sequência vulcanoclástica da Fm. Abrolhos e sedimentos terciários da Fm. Rio Doce que próxima do contato com as vulcânicas, encontra-se totalmente silicificada ""cozida"""". A Fm. Rio Doce corresponde a arenitos médios a muito grossos","A descontinuidade crustal é denominada ""Arco de São Mateus""""."""
resultados/petrobras-5-mini-com-ontologia-add/batch_f92edf32-403b-42d8-9d3a-cbd3932f0816-completo.csv,graphrag,1429,Como é chamada a descontinuidade crustal?,Arco de São Mateus,"a uma descontinuidade crustal denominada Arco de São Mateus, que constituiria uma zona de profundas fissuras na crosta. As reativações posteriores desta estrutura controlariam os fenômenos neotectônicos, o padrão de drenagem e a circulação de fluidos. Datação Ar-Ar de um fragmento máfico indicou uma idade de 69,4 ± 1,3 Ma, geocro-nologicamente compatível com a do poço 1-ESS-4, próximo à foz do Rio São Mateus. Novais etal. admitem que há uma interrelação entre a sequência vulcanoclástica da Fm. Abrolhos e sedimentos terciários da Fm. Rio Doce que próxima do contato com as vulcânicas, encontra-se totalmente silicificada ""cozida"""". A Fm. Rio Doce corresponde a arenitos médios a muito grossos",Chama‑se Arco de São Mateus.
resultados/petrobras-5-mini-com-ontologia-add/batch_f92edf32-403b-42d8-9d3a-cbd3932f0816-completo.csv,rag,1430,Qual é a área das rochas piroclásticas ácidas encontradas na região nordeste de Minas Gerais?,75km de comprimento por 25km de largura,"a uma descontinuidade crustal denominada Arco de São Mateus, que constituiria uma zona de profundas fissuras na crosta. As reativações posteriores desta estrutura controlariam os fenômenos neotectônicos, o padrão de drenagem e a circulação de fluidos. Datação Ar-Ar de um fragmento máfico indicou uma idade de 69,4 ± 1,3 Ma, geocro-nologicamente compatível com a do poço 1-ESS-4, próximo à foz do Rio São Mateus. Novais etal. admitem que há uma interrelação entre a sequência vulcanoclástica da Fm. Abrolhos e sedimentos terciários da Fm. Rio Doce que próxima do contato com as vulcânicas, encontra-se totalmente silicificada ""cozida"""". A Fm. Rio Doce corresponde a arenitos médios a muito grossos",Cerca de 75 km por 25 km — aproximadamente 1.875 km² (1875 km²).
resultados/petrobras-5-mini-com-ontologia-add/batch_f92edf32-403b-42d8-9d3a-cbd3932f0816-completo.csv,graphrag,1430,Qual é a área das rochas piroclásticas ácidas encontradas na região nordeste de Minas Gerais?,75km de comprimento por 25km de largura,"a uma descontinuidade crustal denominada Arco de São Mateus, que constituiria uma zona de profundas fissuras na crosta. As reativações posteriores desta estrutura controlariam os fenômenos neotectônicos, o padrão de drenagem e a circulação de fluidos. Datação Ar-Ar de um fragmento máfico indicou uma idade de 69,4 ± 1,3 Ma, geocro-nologicamente compatível com a do poço 1-ESS-4, próximo à foz do Rio São Mateus. Novais etal. admitem que há uma interrelação entre a sequência vulcanoclástica da Fm. Abrolhos e sedimentos terciários da Fm. Rio Doce que próxima do contato com as vulcânicas, encontra-se totalmente silicificada ""cozida"""". A Fm. Rio Doce corresponde a arenitos médios a muito grossos",Cerca de 75 km de comprimento por 25 km de largura — aproximadamente 1.875 km² — com orientação NE–SW.
resultados/petrobras-5-mini-com-ontologia-add/batch_f92edf32-403b-42d8-9d3a-cbd3932f0816-completo.csv,rag,1436,Qual a idade geocronológica indicada pela datação Ar-Ar de um fragmento máfico?,"69,4 ± 1,3 Ma","a uma descontinuidade crustal denominada Arco de São Mateus, que constituiria uma zona de profundas fissuras na crosta. As reativações posteriores desta estrutura controlariam os fenômenos neotectônicos, o padrão de drenagem e a circulação de fluidos. Datação Ar-Ar de um fragmento máfico indicou uma idade de 69,4 ± 1,3 Ma, geocro-nologicamente compatível com a do poço 1-ESS-4, próximo à foz do Rio São Mateus. Novais etal. admitem que há uma interrelação entre a sequência vulcanoclástica da Fm. Abrolhos e sedimentos terciários da Fm. Rio Doce que próxima do contato com as vulcânicas, encontra-se totalmente silicificada ""cozida"""". A Fm. Rio Doce corresponde a arenitos médios a muito grossos","69,4 ± 1,3 Ma (milhões de anos)."
resultados/petrobras-5-mini-com-ontologia-add/batch_f92edf32-403b-42d8-9d3a-cbd3932f0816-completo.csv,graphrag,1436,Qual a idade geocronológica indicada pela datação Ar-Ar de um fragmento máfico?,"69,4 ± 1,3 Ma","a uma descontinuidade crustal denominada Arco de São Mateus, que constituiria uma zona de profundas fissuras na crosta. As reativações posteriores desta estrutura controlariam os fenômenos neotectônicos, o padrão de drenagem e a circulação de fluidos. Datação Ar-Ar de um fragmento máfico indicou uma idade de 69,4 ± 1,3 Ma, geocro-nologicamente compatível com a do poço 1-ESS-4, próximo à foz do Rio São Mateus. Novais etal. admitem que há uma interrelação entre a sequência vulcanoclástica da Fm. Abrolhos e sedimentos terciários da Fm. Rio Doce que próxima do contato com as vulcânicas, encontra-se totalmente silicificada ""cozida"""". A Fm. Rio Doce corresponde a arenitos médios a muito grossos","69,4 ± 1,3 Ma (milhões de anos)."
resultados/petrobras-5-mini-com-ontologia-add/batch_f92edf32-403b-42d8-9d3a-cbd3932f0816-completo.csv,rag,1439,"O que controlaria os fenômenos neotectônicos, o padrão de drenagem e a circulação de fluidos na região?","a uma descontinuidade crustal denominada Arco de São Mateus,","a uma descontinuidade crustal denominada Arco de São Mateus, que constituiria uma zona de profundas fissuras na crosta. As reativações posteriores desta estrutura controlariam os fenômenos neotectônicos, o padrão de drenagem e a circulação de fluidos. Datação Ar-Ar de um fragmento máfico indicou uma idade de 69,4 ± 1,3 Ma, geocro-nologicamente compatível com a do poço 1-ESS-4, próximo à foz do Rio São Mateus. Novais etal. admitem que há uma interrelação entre a sequência vulcanoclástica da Fm. Abrolhos e sedimentos terciários da Fm. Rio Doce que próxima do contato com as vulcânicas, encontra-se totalmente silicificada ""cozida"""". A Fm. Rio Doce corresponde a arenitos médios a muito grossos",As reativações da descontinuidade crustal denominada Arco de São Mateus — uma zona de profundas fissuras na crosta.
resultados/petrobras-5-mini-com-ontologia-add/batch_f92edf32-403b-42d8-9d3a-cbd3932f0816-completo.csv,graphrag,1439,"O que controlaria os fenômenos neotectônicos, o padrão de drenagem e a circulação de fluidos na região?","a uma descontinuidade crustal denominada Arco de São Mateus,","a uma descontinuidade crustal denominada Arco de São Mateus, que constituiria uma zona de profundas fissuras na crosta. As reativações posteriores desta estrutura controlariam os fenômenos neotectônicos, o padrão de drenagem e a circulação de fluidos. Datação Ar-Ar de um fragmento máfico indicou uma idade de 69,4 ± 1,3 Ma, geocro-nologicamente compatível com a do poço 1-ESS-4, próximo à foz do Rio São Mateus. Novais etal. admitem que há uma interrelação entre a sequência vulcanoclástica da Fm. Abrolhos e sedimentos terciários da Fm. Rio Doce que próxima do contato com as vulcânicas, encontra-se totalmente silicificada ""cozida"""". A Fm. Rio Doce corresponde a arenitos médios a muito grossos",As reativações da descontinuidade crustal denominada Arco de São Mateus — uma zona de profundas fissuras na crosta.
resultados/petrobras-5-mini-com-ontologia-add/batch_f92edf32-403b-42d8-9d3a-cbd3932f0816-completo.csv,rag,1440,Qual é a idade do fragmento máfico mencionado no texto?,"69,4 ± 1,3 Ma","a uma descontinuidade crustal denominada Arco de São Mateus, que constituiria uma zona de profundas fissuras na crosta. As reativações posteriores desta estrutura controlariam os fenômenos neotectônicos, o padrão de drenagem e a circulação de fluidos. Datação Ar-Ar de um fragmento máfico indicou uma idade de 69,4 ± 1,3 Ma, geocro-nologicamente compatível com a do poço 1-ESS-4, próximo à foz do Rio São Mateus. Novais etal. admitem que há uma interrelação entre a sequência vulcanoclástica da Fm. Abrolhos e sedimentos terciários da Fm. Rio Doce que próxima do contato com as vulcânicas, encontra-se totalmente silicificada ""cozida"""". A Fm. Rio Doce corresponde a arenitos médios a muito grossos","69,4 ± 1,3 Ma (milhões de anos)."
resultados/petrobras-5-mini-com-ontologia-add/batch_f92edf32-403b-42d8-9d3a-cbd3932f0816-completo.csv,graphrag,1440,Qual é a idade do fragmento máfico mencionado no texto?,"69,4 ± 1,3 Ma","a uma descontinuidade crustal denominada Arco de São Mateus, que constituiria uma zona de profundas fissuras na crosta. As reativações posteriores desta estrutura controlariam os fenômenos neotectônicos, o padrão de drenagem e a circulação de fluidos. Datação Ar-Ar de um fragmento máfico indicou uma idade de 69,4 ± 1,3 Ma, geocro-nologicamente compatível com a do poço 1-ESS-4, próximo à foz do Rio São Mateus. Novais etal. admitem que há uma interrelação entre a sequência vulcanoclástica da Fm. Abrolhos e sedimentos terciários da Fm. Rio Doce que próxima do contato com as vulcânicas, encontra-se totalmente silicificada ""cozida"""". A Fm. Rio Doce corresponde a arenitos médios a muito grossos","O fragmento máfico tem 69,4 ± 1,3 Ma (milhões de anos)."
resultados/petrobras-5-mini-com-ontologia-add/batch_f92edf32-403b-42d8-9d3a-cbd3932f0816-completo.csv,rag,1441,O que é a Fm. Rio Doce?,"arenitos médios a muito grossos, quartzozos, feldspáticos, com cores cinza-esverdeadas, maciços ou com estratificações cruzadas","a uma descontinuidade crustal denominada Arco de São Mateus, que constituiria uma zona de profundas fissuras na crosta. As reativações posteriores desta estrutura controlariam os fenômenos neotectônicos, o padrão de drenagem e a circulação de fluidos. Datação Ar-Ar de um fragmento máfico indicou uma idade de 69,4 ± 1,3 Ma, geocro-nologicamente compatível com a do poço 1-ESS-4, próximo à foz do Rio São Mateus. Novais etal. admitem que há uma interrelação entre a sequência vulcanoclástica da Fm. Abrolhos e sedimentos terciários da Fm. Rio Doce que próxima do contato com as vulcânicas, encontra-se totalmente silicificada ""cozida"""". A Fm. Rio Doce corresponde a arenitos médios a muito grossos","A Fm. Rio Doce é uma formação sedimentar (terciária) composta por arenitos médios a muito grossos, quartzozos e feldspáticos, de cor cinza‑esverdeada, maciços ou com estratificação cruzada; são sedimentos mal selecionados, pouco lamosos e extremamente litificados, com grãos cimentados por sílica criptocristalina (frequentemente silicificados junto a corpos vulcânicos)."
resultados/petrobras-5-mini-com-ontologia-add/batch_f92edf32-403b-42d8-9d3a-cbd3932f0816-completo.csv,graphrag,1441,O que é a Fm. Rio Doce?,"arenitos médios a muito grossos, quartzozos, feldspáticos, com cores cinza-esverdeadas, maciços ou com estratificações cruzadas","a uma descontinuidade crustal denominada Arco de São Mateus, que constituiria uma zona de profundas fissuras na crosta. As reativações posteriores desta estrutura controlariam os fenômenos neotectônicos, o padrão de drenagem e a circulação de fluidos. Datação Ar-Ar de um fragmento máfico indicou uma idade de 69,4 ± 1,3 Ma, geocro-nologicamente compatível com a do poço 1-ESS-4, próximo à foz do Rio São Mateus. Novais etal. admitem que há uma interrelação entre a sequência vulcanoclástica da Fm. Abrolhos e sedimentos terciários da Fm. Rio Doce que próxima do contato com as vulcânicas, encontra-se totalmente silicificada ""cozida"""". A Fm. Rio Doce corresponde a arenitos médios a muito grossos","A Formação Rio Doce é uma unidade de sedimentos terciários composta por arenitos médios a muito grossos, quartzozos e feldspáticos (cores cinza‑esverdeadas, maciços ou com estratificações cruzadas), mal selecionados, pouco lamosos e extremamente litificados, com grãos cimentados por sílica criptocristalina; próximos ao contato com vulcânicas apresentam forte silicificação."
resultados/petrobras-5-mini-com-ontologia-add/batch_f92edf32-403b-42d8-9d3a-cbd3932f0816-completo.csv,rag,1442,Como são os sedimentos da Fm. Rio Doce?,"mal selecionados, pouco lamosos e extremamente litificados, com os grãos cimentados por sílica criptocristalina","a uma descontinuidade crustal denominada Arco de São Mateus, que constituiria uma zona de profundas fissuras na crosta. As reativações posteriores desta estrutura controlariam os fenômenos neotectônicos, o padrão de drenagem e a circulação de fluidos. Datação Ar-Ar de um fragmento máfico indicou uma idade de 69,4 ± 1,3 Ma, geocro-nologicamente compatível com a do poço 1-ESS-4, próximo à foz do Rio São Mateus. Novais etal. admitem que há uma interrelação entre a sequência vulcanoclástica da Fm. Abrolhos e sedimentos terciários da Fm. Rio Doce que próxima do contato com as vulcânicas, encontra-se totalmente silicificada ""cozida"""". A Fm. Rio Doce corresponde a arenitos médios a muito grossos","São arenitos médios a muito grossos, quartzozos e feldspáticos (cinza‑esverdeados), maciços ou com estratificações cruzadas; mal selecionados, pouco lamosos e extremamente litificados, com grãos cimentados por sílica criptocristalina."
resultados/petrobras-5-mini-com-ontologia-add/batch_f92edf32-403b-42d8-9d3a-cbd3932f0816-completo.csv,graphrag,1442,Como são os sedimentos da Fm. Rio Doce?,"mal selecionados, pouco lamosos e extremamente litificados, com os grãos cimentados por sílica criptocristalina","a uma descontinuidade crustal denominada Arco de São Mateus, que constituiria uma zona de profundas fissuras na crosta. As reativações posteriores desta estrutura controlariam os fenômenos neotectônicos, o padrão de drenagem e a circulação de fluidos. Datação Ar-Ar de um fragmento máfico indicou uma idade de 69,4 ± 1,3 Ma, geocro-nologicamente compatível com a do poço 1-ESS-4, próximo à foz do Rio São Mateus. Novais etal. admitem que há uma interrelação entre a sequência vulcanoclástica da Fm. Abrolhos e sedimentos terciários da Fm. Rio Doce que próxima do contato com as vulcânicas, encontra-se totalmente silicificada ""cozida"""". A Fm. Rio Doce corresponde a arenitos médios a muito grossos","São arenitos médios a muito grossos, quartzozos e feldspáticos (cinza‑esverdeados), maciços ou com estratificações cruzadas; mal selecionados, pouco lamosos e extremamente litificados, com grãos cimentados por sílica criptocristalina — próximos às vulcânicas mostram silicificação intensa (""cozidos"""")."""
resultados/petrobras-5-mini-com-ontologia-add/batch_f92edf32-403b-42d8-9d3a-cbd3932f0816-completo.csv,rag,1443,Qual é a direção das rochas piroclásticas ácidas mencionadas por Raposo et al.?,NE-SW,"a uma descontinuidade crustal denominada Arco de São Mateus, que constituiria uma zona de profundas fissuras na crosta. As reativações posteriores desta estrutura controlariam os fenômenos neotectônicos, o padrão de drenagem e a circulação de fluidos. Datação Ar-Ar de um fragmento máfico indicou uma idade de 69,4 ± 1,3 Ma, geocro-nologicamente compatível com a do poço 1-ESS-4, próximo à foz do Rio São Mateus. Novais etal. admitem que há uma interrelação entre a sequência vulcanoclástica da Fm. Abrolhos e sedimentos terciários da Fm. Rio Doce que próxima do contato com as vulcânicas, encontra-se totalmente silicificada ""cozida"""". A Fm. Rio Doce corresponde a arenitos médios a muito grossos",A direção é NE–SW (nordeste–sudoeste).
resultados/petrobras-5-mini-com-ontologia-add/batch_f92edf32-403b-42d8-9d3a-cbd3932f0816-completo.csv,graphrag,1443,Qual é a direção das rochas piroclásticas ácidas mencionadas por Raposo et al.?,NE-SW,"a uma descontinuidade crustal denominada Arco de São Mateus, que constituiria uma zona de profundas fissuras na crosta. As reativações posteriores desta estrutura controlariam os fenômenos neotectônicos, o padrão de drenagem e a circulação de fluidos. Datação Ar-Ar de um fragmento máfico indicou uma idade de 69,4 ± 1,3 Ma, geocro-nologicamente compatível com a do poço 1-ESS-4, próximo à foz do Rio São Mateus. Novais etal. admitem que há uma interrelação entre a sequência vulcanoclástica da Fm. Abrolhos e sedimentos terciários da Fm. Rio Doce que próxima do contato com as vulcânicas, encontra-se totalmente silicificada ""cozida"""". A Fm. Rio Doce corresponde a arenitos médios a muito grossos",Direção NE–SW (nordeste–sudoeste).
resultados/petrobras-5-mini-com-ontologia-add/batch_f92edf32-403b-42d8-9d3a-cbd3932f0816-completo.csv,rag,1445,Qual é a coluna de hidrocarbonetos constatada?,"255 m,","detentor do direito de exploração sob regime de contrato de risco, que perfurou apenas um poço e a considerou não atrativa, permitiu que no início de 1988 a PETROBRÁS descobrisse, com a perfuração do pioneiro 1-PRS-4, a acumulação de hidrocarbonetos do Campo de Tubarão. As rochas-reservatório encontram-se no topo da seqüência carbonáti- ca Guarujá Inferior, identificada a partir de -4 540 m. A coluna de hidrocarbonetos constatada foi de 255 m, e a grande surpresa foi o desenvolvimento de uma série de níveis estratigráficos com porosi-dades variando de 12% a 24% e permeabilidades de até 1 400 md, quando os valores preditivos de porosidade, em função do rearranjo e obliteração do espaço poroso, impostos pelo soterramento, deveríam situar-se em torno de 7%. A continuidade do processo exploratório permitiu identificar a constância das fácies potencial mente reservatórios, adotando-se a subdivisão em zonas produtoras diferenciadas proposta por Andrade e Saito. Utilizaram-se os códigos B1, B2 e B3, respectivamente, para os reservatórios da porção superior, média e inferior da acumulação. Uma série de marcos elétricos são reconhecidos e rastreados dentro do campo. Eles tém caráter cronoestratigráfico, o que permite",255 m.
resultados/petrobras-5-mini-com-ontologia-add/batch_f92edf32-403b-42d8-9d3a-cbd3932f0816-completo.csv,graphrag,1445,Qual é a coluna de hidrocarbonetos constatada?,"255 m,","detentor do direito de exploração sob regime de contrato de risco, que perfurou apenas um poço e a considerou não atrativa, permitiu que no início de 1988 a PETROBRÁS descobrisse, com a perfuração do pioneiro 1-PRS-4, a acumulação de hidrocarbonetos do Campo de Tubarão. As rochas-reservatório encontram-se no topo da seqüência carbonáti- ca Guarujá Inferior, identificada a partir de -4 540 m. A coluna de hidrocarbonetos constatada foi de 255 m, e a grande surpresa foi o desenvolvimento de uma série de níveis estratigráficos com porosi-dades variando de 12% a 24% e permeabilidades de até 1 400 md, quando os valores preditivos de porosidade, em função do rearranjo e obliteração do espaço poroso, impostos pelo soterramento, deveríam situar-se em torno de 7%. A continuidade do processo exploratório permitiu identificar a constância das fácies potencial mente reservatórios, adotando-se a subdivisão em zonas produtoras diferenciadas proposta por Andrade e Saito. Utilizaram-se os códigos B1, B2 e B3, respectivamente, para os reservatórios da porção superior, média e inferior da acumulação. Uma série de marcos elétricos são reconhecidos e rastreados dentro do campo. Eles tém caráter cronoestratigráfico, o que permite",255 m.
resultados/petrobras-5-mini-com-ontologia-add/batch_f92edf32-403b-42d8-9d3a-cbd3932f0816-completo.csv,rag,1446,O que foi adotado para identificar a constância dos reservatórios?,a subdivisão em zonas produtoras diferenciadas,"detentor do direito de exploração sob regime de contrato de risco, que perfurou apenas um poço e a considerou não atrativa, permitiu que no início de 1988 a PETROBRÁS descobrisse, com a perfuração do pioneiro 1-PRS-4, a acumulação de hidrocarbonetos do Campo de Tubarão. As rochas-reservatório encontram-se no topo da seqüência carbonáti- ca Guarujá Inferior, identificada a partir de -4 540 m. A coluna de hidrocarbonetos constatada foi de 255 m, e a grande surpresa foi o desenvolvimento de uma série de níveis estratigráficos com porosi-dades variando de 12% a 24% e permeabilidades de até 1 400 md, quando os valores preditivos de porosidade, em função do rearranjo e obliteração do espaço poroso, impostos pelo soterramento, deveríam situar-se em torno de 7%. A continuidade do processo exploratório permitiu identificar a constância das fácies potencial mente reservatórios, adotando-se a subdivisão em zonas produtoras diferenciadas proposta por Andrade e Saito. Utilizaram-se os códigos B1, B2 e B3, respectivamente, para os reservatórios da porção superior, média e inferior da acumulação. Uma série de marcos elétricos são reconhecidos e rastreados dentro do campo. Eles tém caráter cronoestratigráfico, o que permite","Foi adotada a subdivisão em zonas produtoras diferenciadas proposta por Andrade e Saito, usando os códigos B1, B2 e B3."
resultados/petrobras-5-mini-com-ontologia-add/batch_f92edf32-403b-42d8-9d3a-cbd3932f0816-completo.csv,graphrag,1446,O que foi adotado para identificar a constância dos reservatórios?,a subdivisão em zonas produtoras diferenciadas,"detentor do direito de exploração sob regime de contrato de risco, que perfurou apenas um poço e a considerou não atrativa, permitiu que no início de 1988 a PETROBRÁS descobrisse, com a perfuração do pioneiro 1-PRS-4, a acumulação de hidrocarbonetos do Campo de Tubarão. As rochas-reservatório encontram-se no topo da seqüência carbonáti- ca Guarujá Inferior, identificada a partir de -4 540 m. A coluna de hidrocarbonetos constatada foi de 255 m, e a grande surpresa foi o desenvolvimento de uma série de níveis estratigráficos com porosi-dades variando de 12% a 24% e permeabilidades de até 1 400 md, quando os valores preditivos de porosidade, em função do rearranjo e obliteração do espaço poroso, impostos pelo soterramento, deveríam situar-se em torno de 7%. A continuidade do processo exploratório permitiu identificar a constância das fácies potencial mente reservatórios, adotando-se a subdivisão em zonas produtoras diferenciadas proposta por Andrade e Saito. Utilizaram-se os códigos B1, B2 e B3, respectivamente, para os reservatórios da porção superior, média e inferior da acumulação. Uma série de marcos elétricos são reconhecidos e rastreados dentro do campo. Eles tém caráter cronoestratigráfico, o que permite","Adotou-se a subdivisão em zonas produtoras diferenciadas (proposta por Andrade e Saito), usando os códigos B1, B2 e B3 para superior, média e inferior."
resultados/petrobras-5-mini-com-ontologia-add/batch_f92edf32-403b-42d8-9d3a-cbd3932f0816-completo.csv,rag,1449,Qual é o tamanho da coluna de hidrocarbonetos constatada?,255 m,"detentor do direito de exploração sob regime de contrato de risco, que perfurou apenas um poço e a considerou não atrativa, permitiu que no início de 1988 a PETROBRÁS descobrisse, com a perfuração do pioneiro 1-PRS-4, a acumulação de hidrocarbonetos do Campo de Tubarão. As rochas-reservatório encontram-se no topo da seqüência carbonáti- ca Guarujá Inferior, identificada a partir de -4 540 m. A coluna de hidrocarbonetos constatada foi de 255 m, e a grande surpresa foi o desenvolvimento de uma série de níveis estratigráficos com porosi-dades variando de 12% a 24% e permeabilidades de até 1 400 md, quando os valores preditivos de porosidade, em função do rearranjo e obliteração do espaço poroso, impostos pelo soterramento, deveríam situar-se em torno de 7%. A continuidade do processo exploratório permitiu identificar a constância das fácies potencial mente reservatórios, adotando-se a subdivisão em zonas produtoras diferenciadas proposta por Andrade e Saito. Utilizaram-se os códigos B1, B2 e B3, respectivamente, para os reservatórios da porção superior, média e inferior da acumulação. Uma série de marcos elétricos são reconhecidos e rastreados dentro do campo. Eles tém caráter cronoestratigráfico, o que permite",A coluna constatada foi de 255 m (255 metros).
resultados/petrobras-5-mini-com-ontologia-add/batch_f92edf32-403b-42d8-9d3a-cbd3932f0816-completo.csv,graphrag,1449,Qual é o tamanho da coluna de hidrocarbonetos constatada?,255 m,"detentor do direito de exploração sob regime de contrato de risco, que perfurou apenas um poço e a considerou não atrativa, permitiu que no início de 1988 a PETROBRÁS descobrisse, com a perfuração do pioneiro 1-PRS-4, a acumulação de hidrocarbonetos do Campo de Tubarão. As rochas-reservatório encontram-se no topo da seqüência carbonáti- ca Guarujá Inferior, identificada a partir de -4 540 m. A coluna de hidrocarbonetos constatada foi de 255 m, e a grande surpresa foi o desenvolvimento de uma série de níveis estratigráficos com porosi-dades variando de 12% a 24% e permeabilidades de até 1 400 md, quando os valores preditivos de porosidade, em função do rearranjo e obliteração do espaço poroso, impostos pelo soterramento, deveríam situar-se em torno de 7%. A continuidade do processo exploratório permitiu identificar a constância das fácies potencial mente reservatórios, adotando-se a subdivisão em zonas produtoras diferenciadas proposta por Andrade e Saito. Utilizaram-se os códigos B1, B2 e B3, respectivamente, para os reservatórios da porção superior, média e inferior da acumulação. Uma série de marcos elétricos são reconhecidos e rastreados dentro do campo. Eles tém caráter cronoestratigráfico, o que permite",255 m.
resultados/petrobras-5-mini-com-ontologia-add/batch_f92edf32-403b-42d8-9d3a-cbd3932f0816-completo.csv,rag,1451,Qual foi o valor preditivo de porosidade previsto?,7%,"detentor do direito de exploração sob regime de contrato de risco, que perfurou apenas um poço e a considerou não atrativa, permitiu que no início de 1988 a PETROBRÁS descobrisse, com a perfuração do pioneiro 1-PRS-4, a acumulação de hidrocarbonetos do Campo de Tubarão. As rochas-reservatório encontram-se no topo da seqüência carbonáti- ca Guarujá Inferior, identificada a partir de -4 540 m. A coluna de hidrocarbonetos constatada foi de 255 m, e a grande surpresa foi o desenvolvimento de uma série de níveis estratigráficos com porosi-dades variando de 12% a 24% e permeabilidades de até 1 400 md, quando os valores preditivos de porosidade, em função do rearranjo e obliteração do espaço poroso, impostos pelo soterramento, deveríam situar-se em torno de 7%. A continuidade do processo exploratório permitiu identificar a constância das fácies potencial mente reservatórios, adotando-se a subdivisão em zonas produtoras diferenciadas proposta por Andrade e Saito. Utilizaram-se os códigos B1, B2 e B3, respectivamente, para os reservatórios da porção superior, média e inferior da acumulação. Uma série de marcos elétricos são reconhecidos e rastreados dentro do campo. Eles tém caráter cronoestratigráfico, o que permite",Cerca de 7%.
resultados/petrobras-5-mini-com-ontologia-add/batch_f92edf32-403b-42d8-9d3a-cbd3932f0816-completo.csv,graphrag,1451,Qual foi o valor preditivo de porosidade previsto?,7%,"detentor do direito de exploração sob regime de contrato de risco, que perfurou apenas um poço e a considerou não atrativa, permitiu que no início de 1988 a PETROBRÁS descobrisse, com a perfuração do pioneiro 1-PRS-4, a acumulação de hidrocarbonetos do Campo de Tubarão. As rochas-reservatório encontram-se no topo da seqüência carbonáti- ca Guarujá Inferior, identificada a partir de -4 540 m. A coluna de hidrocarbonetos constatada foi de 255 m, e a grande surpresa foi o desenvolvimento de uma série de níveis estratigráficos com porosi-dades variando de 12% a 24% e permeabilidades de até 1 400 md, quando os valores preditivos de porosidade, em função do rearranjo e obliteração do espaço poroso, impostos pelo soterramento, deveríam situar-se em torno de 7%. A continuidade do processo exploratório permitiu identificar a constância das fácies potencial mente reservatórios, adotando-se a subdivisão em zonas produtoras diferenciadas proposta por Andrade e Saito. Utilizaram-se os códigos B1, B2 e B3, respectivamente, para os reservatórios da porção superior, média e inferior da acumulação. Uma série de marcos elétricos são reconhecidos e rastreados dentro do campo. Eles tém caráter cronoestratigráfico, o que permite",Aproximadamente 7%.
resultados/petrobras-5-mini-com-ontologia-add/batch_f92edf32-403b-42d8-9d3a-cbd3932f0816-completo.csv,rag,1454,O que a PETROBRÁS descobriu com o poço pioneiro 1 - PRS - 4?,a acumulação de hidrocarbonetos do Campo de Tubarão,"detentor do direito de exploração sob regime de contrato de risco, que perfurou apenas um poço e a considerou não atrativa, permitiu que no início de 1988 a PETROBRÁS descobrisse, com a perfuração do pioneiro 1-PRS-4, a acumulação de hidrocarbonetos do Campo de Tubarão. As rochas-reservatório encontram-se no topo da seqüência carbonáti- ca Guarujá Inferior, identificada a partir de -4 540 m. A coluna de hidrocarbonetos constatada foi de 255 m, e a grande surpresa foi o desenvolvimento de uma série de níveis estratigráficos com porosi-dades variando de 12% a 24% e permeabilidades de até 1 400 md, quando os valores preditivos de porosidade, em função do rearranjo e obliteração do espaço poroso, impostos pelo soterramento, deveríam situar-se em torno de 7%. A continuidade do processo exploratório permitiu identificar a constância das fácies potencial mente reservatórios, adotando-se a subdivisão em zonas produtoras diferenciadas proposta por Andrade e Saito. Utilizaram-se os códigos B1, B2 e B3, respectivamente, para os reservatórios da porção superior, média e inferior da acumulação. Uma série de marcos elétricos são reconhecidos e rastreados dentro do campo. Eles tém caráter cronoestratigráfico, o que permite",A acumulação de hidrocarbonetos do Campo de Tubarão — com rochas‑reservatório no topo da sequência carbonática Guarujá Inferior e coluna de hidrocarbonetos de 255 m.
resultados/petrobras-5-mini-com-ontologia-add/batch_f92edf32-403b-42d8-9d3a-cbd3932f0816-completo.csv,graphrag,1454,O que a PETROBRÁS descobriu com o poço pioneiro 1 - PRS - 4?,a acumulação de hidrocarbonetos do Campo de Tubarão,"detentor do direito de exploração sob regime de contrato de risco, que perfurou apenas um poço e a considerou não atrativa, permitiu que no início de 1988 a PETROBRÁS descobrisse, com a perfuração do pioneiro 1-PRS-4, a acumulação de hidrocarbonetos do Campo de Tubarão. As rochas-reservatório encontram-se no topo da seqüência carbonáti- ca Guarujá Inferior, identificada a partir de -4 540 m. A coluna de hidrocarbonetos constatada foi de 255 m, e a grande surpresa foi o desenvolvimento de uma série de níveis estratigráficos com porosi-dades variando de 12% a 24% e permeabilidades de até 1 400 md, quando os valores preditivos de porosidade, em função do rearranjo e obliteração do espaço poroso, impostos pelo soterramento, deveríam situar-se em torno de 7%. A continuidade do processo exploratório permitiu identificar a constância das fácies potencial mente reservatórios, adotando-se a subdivisão em zonas produtoras diferenciadas proposta por Andrade e Saito. Utilizaram-se os códigos B1, B2 e B3, respectivamente, para os reservatórios da porção superior, média e inferior da acumulação. Uma série de marcos elétricos são reconhecidos e rastreados dentro do campo. Eles tém caráter cronoestratigráfico, o que permite","Descobriu a acumulação de hidrocarbonetos do Campo de Tubarão — coluna de 255 m; rochas‑reservatório no topo do Guarujá Inferior (porosidade 12–24%, permeabilidade até 1.400 md)."
resultados/petrobras-5-mini-com-ontologia-add/batch_f92edf32-403b-42d8-9d3a-cbd3932f0816-completo.csv,rag,1456,Onde as rochas do reservatório de Tubarão se encontram?,Guarujá Inferior,"detentor do direito de exploração sob regime de contrato de risco, que perfurou apenas um poço e a considerou não atrativa, permitiu que no início de 1988 a PETROBRÁS descobrisse, com a perfuração do pioneiro 1-PRS-4, a acumulação de hidrocarbonetos do Campo de Tubarão. As rochas-reservatório encontram-se no topo da seqüência carbonáti- ca Guarujá Inferior, identificada a partir de -4 540 m. A coluna de hidrocarbonetos constatada foi de 255 m, e a grande surpresa foi o desenvolvimento de uma série de níveis estratigráficos com porosi-dades variando de 12% a 24% e permeabilidades de até 1 400 md, quando os valores preditivos de porosidade, em função do rearranjo e obliteração do espaço poroso, impostos pelo soterramento, deveríam situar-se em torno de 7%. A continuidade do processo exploratório permitiu identificar a constância das fácies potencial mente reservatórios, adotando-se a subdivisão em zonas produtoras diferenciadas proposta por Andrade e Saito. Utilizaram-se os códigos B1, B2 e B3, respectivamente, para os reservatórios da porção superior, média e inferior da acumulação. Uma série de marcos elétricos são reconhecidos e rastreados dentro do campo. Eles tém caráter cronoestratigráfico, o que permite","No topo da sequência carbonática Guarujá Inferior, identificada a partir de −4.540 m."
resultados/petrobras-5-mini-com-ontologia-add/batch_f92edf32-403b-42d8-9d3a-cbd3932f0816-completo.csv,graphrag,1456,Onde as rochas do reservatório de Tubarão se encontram?,Guarujá Inferior,"detentor do direito de exploração sob regime de contrato de risco, que perfurou apenas um poço e a considerou não atrativa, permitiu que no início de 1988 a PETROBRÁS descobrisse, com a perfuração do pioneiro 1-PRS-4, a acumulação de hidrocarbonetos do Campo de Tubarão. As rochas-reservatório encontram-se no topo da seqüência carbonáti- ca Guarujá Inferior, identificada a partir de -4 540 m. A coluna de hidrocarbonetos constatada foi de 255 m, e a grande surpresa foi o desenvolvimento de uma série de níveis estratigráficos com porosi-dades variando de 12% a 24% e permeabilidades de até 1 400 md, quando os valores preditivos de porosidade, em função do rearranjo e obliteração do espaço poroso, impostos pelo soterramento, deveríam situar-se em torno de 7%. A continuidade do processo exploratório permitiu identificar a constância das fácies potencial mente reservatórios, adotando-se a subdivisão em zonas produtoras diferenciadas proposta por Andrade e Saito. Utilizaram-se os códigos B1, B2 e B3, respectivamente, para os reservatórios da porção superior, média e inferior da acumulação. Uma série de marcos elétricos são reconhecidos e rastreados dentro do campo. Eles tém caráter cronoestratigráfico, o que permite","No topo da sequência carbonática Guarujá Inferior, a partir de −4.540 m."
resultados/petrobras-5-mini-com-ontologia-add/batch_f92edf32-403b-42d8-9d3a-cbd3932f0816-completo.csv,rag,1458,Qual foi o valor preditivo de porosidade?,7%,"detentor do direito de exploração sob regime de contrato de risco, que perfurou apenas um poço e a considerou não atrativa, permitiu que no início de 1988 a PETROBRÁS descobrisse, com a perfuração do pioneiro 1-PRS-4, a acumulação de hidrocarbonetos do Campo de Tubarão. As rochas-reservatório encontram-se no topo da seqüência carbonáti- ca Guarujá Inferior, identificada a partir de -4 540 m. A coluna de hidrocarbonetos constatada foi de 255 m, e a grande surpresa foi o desenvolvimento de uma série de níveis estratigráficos com porosi-dades variando de 12% a 24% e permeabilidades de até 1 400 md, quando os valores preditivos de porosidade, em função do rearranjo e obliteração do espaço poroso, impostos pelo soterramento, deveríam situar-se em torno de 7%. A continuidade do processo exploratório permitiu identificar a constância das fácies potencial mente reservatórios, adotando-se a subdivisão em zonas produtoras diferenciadas proposta por Andrade e Saito. Utilizaram-se os códigos B1, B2 e B3, respectivamente, para os reservatórios da porção superior, média e inferior da acumulação. Uma série de marcos elétricos são reconhecidos e rastreados dentro do campo. Eles tém caráter cronoestratigráfico, o que permite",Em torno de 7%.
resultados/petrobras-5-mini-com-ontologia-add/batch_f92edf32-403b-42d8-9d3a-cbd3932f0816-completo.csv,graphrag,1458,Qual foi o valor preditivo de porosidade?,7%,"detentor do direito de exploração sob regime de contrato de risco, que perfurou apenas um poço e a considerou não atrativa, permitiu que no início de 1988 a PETROBRÁS descobrisse, com a perfuração do pioneiro 1-PRS-4, a acumulação de hidrocarbonetos do Campo de Tubarão. As rochas-reservatório encontram-se no topo da seqüência carbonáti- ca Guarujá Inferior, identificada a partir de -4 540 m. A coluna de hidrocarbonetos constatada foi de 255 m, e a grande surpresa foi o desenvolvimento de uma série de níveis estratigráficos com porosi-dades variando de 12% a 24% e permeabilidades de até 1 400 md, quando os valores preditivos de porosidade, em função do rearranjo e obliteração do espaço poroso, impostos pelo soterramento, deveríam situar-se em torno de 7%. A continuidade do processo exploratório permitiu identificar a constância das fácies potencial mente reservatórios, adotando-se a subdivisão em zonas produtoras diferenciadas proposta por Andrade e Saito. Utilizaram-se os códigos B1, B2 e B3, respectivamente, para os reservatórios da porção superior, média e inferior da acumulação. Uma série de marcos elétricos são reconhecidos e rastreados dentro do campo. Eles tém caráter cronoestratigráfico, o que permite",O valor preditivo de porosidade foi de cerca de 7%.
resultados/petrobras-5-mini-com-ontologia-add/batch_f92edf32-403b-42d8-9d3a-cbd3932f0816-completo.csv,rag,1464,O que a continuidade do processo de exploração permitiu identificar a constância?,reservatórios,"detentor do direito de exploração sob regime de contrato de risco, que perfurou apenas um poço e a considerou não atrativa, permitiu que no início de 1988 a PETROBRÁS descobrisse, com a perfuração do pioneiro 1-PRS-4, a acumulação de hidrocarbonetos do Campo de Tubarão. As rochas-reservatório encontram-se no topo da seqüência carbonáti- ca Guarujá Inferior, identificada a partir de -4 540 m. A coluna de hidrocarbonetos constatada foi de 255 m, e a grande surpresa foi o desenvolvimento de uma série de níveis estratigráficos com porosi-dades variando de 12% a 24% e permeabilidades de até 1 400 md, quando os valores preditivos de porosidade, em função do rearranjo e obliteração do espaço poroso, impostos pelo soterramento, deveríam situar-se em torno de 7%. A continuidade do processo exploratório permitiu identificar a constância das fácies potencial mente reservatórios, adotando-se a subdivisão em zonas produtoras diferenciadas proposta por Andrade e Saito. Utilizaram-se os códigos B1, B2 e B3, respectivamente, para os reservatórios da porção superior, média e inferior da acumulação. Uma série de marcos elétricos são reconhecidos e rastreados dentro do campo. Eles tém caráter cronoestratigráfico, o que permite",A constância das fácies potencialmente reservatórias.
resultados/petrobras-5-mini-com-ontologia-add/batch_f92edf32-403b-42d8-9d3a-cbd3932f0816-completo.csv,graphrag,1464,O que a continuidade do processo de exploração permitiu identificar a constância?,reservatórios,"detentor do direito de exploração sob regime de contrato de risco, que perfurou apenas um poço e a considerou não atrativa, permitiu que no início de 1988 a PETROBRÁS descobrisse, com a perfuração do pioneiro 1-PRS-4, a acumulação de hidrocarbonetos do Campo de Tubarão. As rochas-reservatório encontram-se no topo da seqüência carbonáti- ca Guarujá Inferior, identificada a partir de -4 540 m. A coluna de hidrocarbonetos constatada foi de 255 m, e a grande surpresa foi o desenvolvimento de uma série de níveis estratigráficos com porosi-dades variando de 12% a 24% e permeabilidades de até 1 400 md, quando os valores preditivos de porosidade, em função do rearranjo e obliteração do espaço poroso, impostos pelo soterramento, deveríam situar-se em torno de 7%. A continuidade do processo exploratório permitiu identificar a constância das fácies potencial mente reservatórios, adotando-se a subdivisão em zonas produtoras diferenciadas proposta por Andrade e Saito. Utilizaram-se os códigos B1, B2 e B3, respectivamente, para os reservatórios da porção superior, média e inferior da acumulação. Uma série de marcos elétricos são reconhecidos e rastreados dentro do campo. Eles tém caráter cronoestratigráfico, o que permite","A constância das fácies potencialmente reservatórias (subdivididas em zonas produtoras B1, B2 e B3)."
resultados/petrobras-5-mini-com-ontologia-add/batch_f92edf32-403b-42d8-9d3a-cbd3932f0816-completo.csv,rag,1468,A que profundidade foram identificadas as rochas-reservatório do Campo de Tubarão?,a partir de -4 540 m,"detentor do direito de exploração sob regime de contrato de risco, que perfurou apenas um poço e a considerou não atrativa, permitiu que no início de 1988 a PETROBRÁS descobrisse, com a perfuração do pioneiro 1-PRS-4, a acumulação de hidrocarbonetos do Campo de Tubarão. As rochas-reservatório encontram-se no topo da seqüência carbonáti- ca Guarujá Inferior, identificada a partir de -4 540 m. A coluna de hidrocarbonetos constatada foi de 255 m, e a grande surpresa foi o desenvolvimento de uma série de níveis estratigráficos com porosi-dades variando de 12% a 24% e permeabilidades de até 1 400 md, quando os valores preditivos de porosidade, em função do rearranjo e obliteração do espaço poroso, impostos pelo soterramento, deveríam situar-se em torno de 7%. A continuidade do processo exploratório permitiu identificar a constância das fácies potencial mente reservatórios, adotando-se a subdivisão em zonas produtoras diferenciadas proposta por Andrade e Saito. Utilizaram-se os códigos B1, B2 e B3, respectivamente, para os reservatórios da porção superior, média e inferior da acumulação. Uma série de marcos elétricos são reconhecidos e rastreados dentro do campo. Eles tém caráter cronoestratigráfico, o que permite",Foram identificadas a partir de cerca de 4.540 m de profundidade.
resultados/petrobras-5-mini-com-ontologia-add/batch_f92edf32-403b-42d8-9d3a-cbd3932f0816-completo.csv,graphrag,1468,A que profundidade foram identificadas as rochas-reservatório do Campo de Tubarão?,a partir de -4 540 m,"detentor do direito de exploração sob regime de contrato de risco, que perfurou apenas um poço e a considerou não atrativa, permitiu que no início de 1988 a PETROBRÁS descobrisse, com a perfuração do pioneiro 1-PRS-4, a acumulação de hidrocarbonetos do Campo de Tubarão. As rochas-reservatório encontram-se no topo da seqüência carbonáti- ca Guarujá Inferior, identificada a partir de -4 540 m. A coluna de hidrocarbonetos constatada foi de 255 m, e a grande surpresa foi o desenvolvimento de uma série de níveis estratigráficos com porosi-dades variando de 12% a 24% e permeabilidades de até 1 400 md, quando os valores preditivos de porosidade, em função do rearranjo e obliteração do espaço poroso, impostos pelo soterramento, deveríam situar-se em torno de 7%. A continuidade do processo exploratório permitiu identificar a constância das fácies potencial mente reservatórios, adotando-se a subdivisão em zonas produtoras diferenciadas proposta por Andrade e Saito. Utilizaram-se os códigos B1, B2 e B3, respectivamente, para os reservatórios da porção superior, média e inferior da acumulação. Uma série de marcos elétricos são reconhecidos e rastreados dentro do campo. Eles tém caráter cronoestratigráfico, o que permite",Foram identificadas a partir de 4.540 m de profundidade.
resultados/petrobras-5-mini-com-ontologia-add/batch_f92edf32-403b-42d8-9d3a-cbd3932f0816-completo.csv,rag,1469,Qual foi a coluna de hidrocarbonetos constatada no Campo de Tubarão?,255 m,"detentor do direito de exploração sob regime de contrato de risco, que perfurou apenas um poço e a considerou não atrativa, permitiu que no início de 1988 a PETROBRÁS descobrisse, com a perfuração do pioneiro 1-PRS-4, a acumulação de hidrocarbonetos do Campo de Tubarão. As rochas-reservatório encontram-se no topo da seqüência carbonáti- ca Guarujá Inferior, identificada a partir de -4 540 m. A coluna de hidrocarbonetos constatada foi de 255 m, e a grande surpresa foi o desenvolvimento de uma série de níveis estratigráficos com porosi-dades variando de 12% a 24% e permeabilidades de até 1 400 md, quando os valores preditivos de porosidade, em função do rearranjo e obliteração do espaço poroso, impostos pelo soterramento, deveríam situar-se em torno de 7%. A continuidade do processo exploratório permitiu identificar a constância das fácies potencial mente reservatórios, adotando-se a subdivisão em zonas produtoras diferenciadas proposta por Andrade e Saito. Utilizaram-se os códigos B1, B2 e B3, respectivamente, para os reservatórios da porção superior, média e inferior da acumulação. Uma série de marcos elétricos são reconhecidos e rastreados dentro do campo. Eles tém caráter cronoestratigráfico, o que permite",255 metros.
resultados/petrobras-5-mini-com-ontologia-add/batch_f92edf32-403b-42d8-9d3a-cbd3932f0816-completo.csv,graphrag,1469,Qual foi a coluna de hidrocarbonetos constatada no Campo de Tubarão?,255 m,"detentor do direito de exploração sob regime de contrato de risco, que perfurou apenas um poço e a considerou não atrativa, permitiu que no início de 1988 a PETROBRÁS descobrisse, com a perfuração do pioneiro 1-PRS-4, a acumulação de hidrocarbonetos do Campo de Tubarão. As rochas-reservatório encontram-se no topo da seqüência carbonáti- ca Guarujá Inferior, identificada a partir de -4 540 m. A coluna de hidrocarbonetos constatada foi de 255 m, e a grande surpresa foi o desenvolvimento de uma série de níveis estratigráficos com porosi-dades variando de 12% a 24% e permeabilidades de até 1 400 md, quando os valores preditivos de porosidade, em função do rearranjo e obliteração do espaço poroso, impostos pelo soterramento, deveríam situar-se em torno de 7%. A continuidade do processo exploratório permitiu identificar a constância das fácies potencial mente reservatórios, adotando-se a subdivisão em zonas produtoras diferenciadas proposta por Andrade e Saito. Utilizaram-se os códigos B1, B2 e B3, respectivamente, para os reservatórios da porção superior, média e inferior da acumulação. Uma série de marcos elétricos são reconhecidos e rastreados dentro do campo. Eles tém caráter cronoestratigráfico, o que permite",A coluna constatada foi de 255 metros.
resultados/petrobras-5-mini-com-ontologia-add/batch_f92edf32-403b-42d8-9d3a-cbd3932f0816-completo.csv,rag,1471,"Quais códigos foram utilizados para os reservatórios da porção superior, média e inferior da acumulação no Campo de Tubarão?","B1, B2 e B3","detentor do direito de exploração sob regime de contrato de risco, que perfurou apenas um poço e a considerou não atrativa, permitiu que no início de 1988 a PETROBRÁS descobrisse, com a perfuração do pioneiro 1-PRS-4, a acumulação de hidrocarbonetos do Campo de Tubarão. As rochas-reservatório encontram-se no topo da seqüência carbonáti- ca Guarujá Inferior, identificada a partir de -4 540 m. A coluna de hidrocarbonetos constatada foi de 255 m, e a grande surpresa foi o desenvolvimento de uma série de níveis estratigráficos com porosi-dades variando de 12% a 24% e permeabilidades de até 1 400 md, quando os valores preditivos de porosidade, em função do rearranjo e obliteração do espaço poroso, impostos pelo soterramento, deveríam situar-se em torno de 7%. A continuidade do processo exploratório permitiu identificar a constância das fácies potencial mente reservatórios, adotando-se a subdivisão em zonas produtoras diferenciadas proposta por Andrade e Saito. Utilizaram-se os códigos B1, B2 e B3, respectivamente, para os reservatórios da porção superior, média e inferior da acumulação. Uma série de marcos elétricos são reconhecidos e rastreados dentro do campo. Eles tém caráter cronoestratigráfico, o que permite","Foram usados os códigos B1 (porção superior), B2 (porção média) e B3 (porção inferior)."
resultados/petrobras-5-mini-com-ontologia-add/batch_f92edf32-403b-42d8-9d3a-cbd3932f0816-completo.csv,graphrag,1471,"Quais códigos foram utilizados para os reservatórios da porção superior, média e inferior da acumulação no Campo de Tubarão?","B1, B2 e B3","detentor do direito de exploração sob regime de contrato de risco, que perfurou apenas um poço e a considerou não atrativa, permitiu que no início de 1988 a PETROBRÁS descobrisse, com a perfuração do pioneiro 1-PRS-4, a acumulação de hidrocarbonetos do Campo de Tubarão. As rochas-reservatório encontram-se no topo da seqüência carbonáti- ca Guarujá Inferior, identificada a partir de -4 540 m. A coluna de hidrocarbonetos constatada foi de 255 m, e a grande surpresa foi o desenvolvimento de uma série de níveis estratigráficos com porosi-dades variando de 12% a 24% e permeabilidades de até 1 400 md, quando os valores preditivos de porosidade, em função do rearranjo e obliteração do espaço poroso, impostos pelo soterramento, deveríam situar-se em torno de 7%. A continuidade do processo exploratório permitiu identificar a constância das fácies potencial mente reservatórios, adotando-se a subdivisão em zonas produtoras diferenciadas proposta por Andrade e Saito. Utilizaram-se os códigos B1, B2 e B3, respectivamente, para os reservatórios da porção superior, média e inferior da acumulação. Uma série de marcos elétricos são reconhecidos e rastreados dentro do campo. Eles tém caráter cronoestratigráfico, o que permite","Foram usados os códigos B1 (porção superior), B2 (média) e B3 (inferior)."
resultados/petrobras-5-mini-com-ontologia-add/batch_f92edf32-403b-42d8-9d3a-cbd3932f0816-completo.csv,rag,1473,Em que profundidade foi identificada a seqüência carbonática Guarujá Inferior?,-4 540 m,"detentor do direito de exploração sob regime de contrato de risco, que perfurou apenas um poço e a considerou não atrativa, permitiu que no início de 1988 a PETROBRÁS descobrisse, com a perfuração do pioneiro 1-PRS-4, a acumulação de hidrocarbonetos do Campo de Tubarão. As rochas-reservatório encontram-se no topo da seqüência carbonáti- ca Guarujá Inferior, identificada a partir de -4 540 m. A coluna de hidrocarbonetos constatada foi de 255 m, e a grande surpresa foi o desenvolvimento de uma série de níveis estratigráficos com porosi-dades variando de 12% a 24% e permeabilidades de até 1 400 md, quando os valores preditivos de porosidade, em função do rearranjo e obliteração do espaço poroso, impostos pelo soterramento, deveríam situar-se em torno de 7%. A continuidade do processo exploratório permitiu identificar a constância das fácies potencial mente reservatórios, adotando-se a subdivisão em zonas produtoras diferenciadas proposta por Andrade e Saito. Utilizaram-se os códigos B1, B2 e B3, respectivamente, para os reservatórios da porção superior, média e inferior da acumulação. Uma série de marcos elétricos são reconhecidos e rastreados dentro do campo. Eles tém caráter cronoestratigráfico, o que permite",Foi identificada a partir de -4 540 m de profundidade.
resultados/petrobras-5-mini-com-ontologia-add/batch_f92edf32-403b-42d8-9d3a-cbd3932f0816-completo.csv,graphrag,1473,Em que profundidade foi identificada a seqüência carbonática Guarujá Inferior?,-4 540 m,"detentor do direito de exploração sob regime de contrato de risco, que perfurou apenas um poço e a considerou não atrativa, permitiu que no início de 1988 a PETROBRÁS descobrisse, com a perfuração do pioneiro 1-PRS-4, a acumulação de hidrocarbonetos do Campo de Tubarão. As rochas-reservatório encontram-se no topo da seqüência carbonáti- ca Guarujá Inferior, identificada a partir de -4 540 m. A coluna de hidrocarbonetos constatada foi de 255 m, e a grande surpresa foi o desenvolvimento de uma série de níveis estratigráficos com porosi-dades variando de 12% a 24% e permeabilidades de até 1 400 md, quando os valores preditivos de porosidade, em função do rearranjo e obliteração do espaço poroso, impostos pelo soterramento, deveríam situar-se em torno de 7%. A continuidade do processo exploratório permitiu identificar a constância das fácies potencial mente reservatórios, adotando-se a subdivisão em zonas produtoras diferenciadas proposta por Andrade e Saito. Utilizaram-se os códigos B1, B2 e B3, respectivamente, para os reservatórios da porção superior, média e inferior da acumulação. Uma série de marcos elétricos são reconhecidos e rastreados dentro do campo. Eles tém caráter cronoestratigráfico, o que permite",Foi identificada a partir de -4.540 m (topo da sequência).
resultados/petrobras-5-mini-com-ontologia-add/batch_f92edf32-403b-42d8-9d3a-cbd3932f0816-completo.csv,rag,1474,Qual é a extensão da coluna de hidrocarbonetos encontrada no Campo de Tubarão?,255 m,"detentor do direito de exploração sob regime de contrato de risco, que perfurou apenas um poço e a considerou não atrativa, permitiu que no início de 1988 a PETROBRÁS descobrisse, com a perfuração do pioneiro 1-PRS-4, a acumulação de hidrocarbonetos do Campo de Tubarão. As rochas-reservatório encontram-se no topo da seqüência carbonáti- ca Guarujá Inferior, identificada a partir de -4 540 m. A coluna de hidrocarbonetos constatada foi de 255 m, e a grande surpresa foi o desenvolvimento de uma série de níveis estratigráficos com porosi-dades variando de 12% a 24% e permeabilidades de até 1 400 md, quando os valores preditivos de porosidade, em função do rearranjo e obliteração do espaço poroso, impostos pelo soterramento, deveríam situar-se em torno de 7%. A continuidade do processo exploratório permitiu identificar a constância das fácies potencial mente reservatórios, adotando-se a subdivisão em zonas produtoras diferenciadas proposta por Andrade e Saito. Utilizaram-se os códigos B1, B2 e B3, respectivamente, para os reservatórios da porção superior, média e inferior da acumulação. Uma série de marcos elétricos são reconhecidos e rastreados dentro do campo. Eles tém caráter cronoestratigráfico, o que permite",255 m.
resultados/petrobras-5-mini-com-ontologia-add/batch_f92edf32-403b-42d8-9d3a-cbd3932f0816-completo.csv,graphrag,1474,Qual é a extensão da coluna de hidrocarbonetos encontrada no Campo de Tubarão?,255 m,"detentor do direito de exploração sob regime de contrato de risco, que perfurou apenas um poço e a considerou não atrativa, permitiu que no início de 1988 a PETROBRÁS descobrisse, com a perfuração do pioneiro 1-PRS-4, a acumulação de hidrocarbonetos do Campo de Tubarão. As rochas-reservatório encontram-se no topo da seqüência carbonáti- ca Guarujá Inferior, identificada a partir de -4 540 m. A coluna de hidrocarbonetos constatada foi de 255 m, e a grande surpresa foi o desenvolvimento de uma série de níveis estratigráficos com porosi-dades variando de 12% a 24% e permeabilidades de até 1 400 md, quando os valores preditivos de porosidade, em função do rearranjo e obliteração do espaço poroso, impostos pelo soterramento, deveríam situar-se em torno de 7%. A continuidade do processo exploratório permitiu identificar a constância das fácies potencial mente reservatórios, adotando-se a subdivisão em zonas produtoras diferenciadas proposta por Andrade e Saito. Utilizaram-se os códigos B1, B2 e B3, respectivamente, para os reservatórios da porção superior, média e inferior da acumulação. Uma série de marcos elétricos são reconhecidos e rastreados dentro do campo. Eles tém caráter cronoestratigráfico, o que permite",A coluna de hidrocarbonetos tem 255 m de espessura.
resultados/petrobras-5-mini-com-ontologia-add/batch_f92edf32-403b-42d8-9d3a-cbd3932f0816-completo.csv,rag,1475,Quais são os valores preditivos de porosidade para as rochas-reservatório do Campo de Tubarão?,em torno de 7%,"detentor do direito de exploração sob regime de contrato de risco, que perfurou apenas um poço e a considerou não atrativa, permitiu que no início de 1988 a PETROBRÁS descobrisse, com a perfuração do pioneiro 1-PRS-4, a acumulação de hidrocarbonetos do Campo de Tubarão. As rochas-reservatório encontram-se no topo da seqüência carbonáti- ca Guarujá Inferior, identificada a partir de -4 540 m. A coluna de hidrocarbonetos constatada foi de 255 m, e a grande surpresa foi o desenvolvimento de uma série de níveis estratigráficos com porosi-dades variando de 12% a 24% e permeabilidades de até 1 400 md, quando os valores preditivos de porosidade, em função do rearranjo e obliteração do espaço poroso, impostos pelo soterramento, deveríam situar-se em torno de 7%. A continuidade do processo exploratório permitiu identificar a constância das fácies potencial mente reservatórios, adotando-se a subdivisão em zonas produtoras diferenciadas proposta por Andrade e Saito. Utilizaram-se os códigos B1, B2 e B3, respectivamente, para os reservatórios da porção superior, média e inferior da acumulação. Uma série de marcos elétricos são reconhecidos e rastreados dentro do campo. Eles tém caráter cronoestratigráfico, o que permite",Os valores preditivos de porosidade eram cerca de 7%.
resultados/petrobras-5-mini-com-ontologia-add/batch_f92edf32-403b-42d8-9d3a-cbd3932f0816-completo.csv,graphrag,1475,Quais são os valores preditivos de porosidade para as rochas-reservatório do Campo de Tubarão?,em torno de 7%,"detentor do direito de exploração sob regime de contrato de risco, que perfurou apenas um poço e a considerou não atrativa, permitiu que no início de 1988 a PETROBRÁS descobrisse, com a perfuração do pioneiro 1-PRS-4, a acumulação de hidrocarbonetos do Campo de Tubarão. As rochas-reservatório encontram-se no topo da seqüência carbonáti- ca Guarujá Inferior, identificada a partir de -4 540 m. A coluna de hidrocarbonetos constatada foi de 255 m, e a grande surpresa foi o desenvolvimento de uma série de níveis estratigráficos com porosi-dades variando de 12% a 24% e permeabilidades de até 1 400 md, quando os valores preditivos de porosidade, em função do rearranjo e obliteração do espaço poroso, impostos pelo soterramento, deveríam situar-se em torno de 7%. A continuidade do processo exploratório permitiu identificar a constância das fácies potencial mente reservatórios, adotando-se a subdivisão em zonas produtoras diferenciadas proposta por Andrade e Saito. Utilizaram-se os códigos B1, B2 e B3, respectivamente, para os reservatórios da porção superior, média e inferior da acumulação. Uma série de marcos elétricos são reconhecidos e rastreados dentro do campo. Eles tém caráter cronoestratigráfico, o que permite",O valor preditivo é cerca de 7%. (As porosidades observadas no campo variaram entre 12% e 24%.)
resultados/petrobras-5-mini-com-ontologia-add/batch_f92edf32-403b-42d8-9d3a-cbd3932f0816-completo.csv,rag,1476,Como os reservatórios do Campo de Tubarão foram subdivididos?,"Utilizaram-se os códigos B1, B2 e B3,","detentor do direito de exploração sob regime de contrato de risco, que perfurou apenas um poço e a considerou não atrativa, permitiu que no início de 1988 a PETROBRÁS descobrisse, com a perfuração do pioneiro 1-PRS-4, a acumulação de hidrocarbonetos do Campo de Tubarão. As rochas-reservatório encontram-se no topo da seqüência carbonáti- ca Guarujá Inferior, identificada a partir de -4 540 m. A coluna de hidrocarbonetos constatada foi de 255 m, e a grande surpresa foi o desenvolvimento de uma série de níveis estratigráficos com porosi-dades variando de 12% a 24% e permeabilidades de até 1 400 md, quando os valores preditivos de porosidade, em função do rearranjo e obliteração do espaço poroso, impostos pelo soterramento, deveríam situar-se em torno de 7%. A continuidade do processo exploratório permitiu identificar a constância das fácies potencial mente reservatórios, adotando-se a subdivisão em zonas produtoras diferenciadas proposta por Andrade e Saito. Utilizaram-se os códigos B1, B2 e B3, respectivamente, para os reservatórios da porção superior, média e inferior da acumulação. Uma série de marcos elétricos são reconhecidos e rastreados dentro do campo. Eles tém caráter cronoestratigráfico, o que permite","Foram subdivididos em zonas produtoras diferenciadas (Andrade & Saito) codificadas B1, B2 e B3, correspondendo às porções superior, média e inferior do reservatório."
resultados/petrobras-5-mini-com-ontologia-add/batch_f92edf32-403b-42d8-9d3a-cbd3932f0816-completo.csv,graphrag,1476,Como os reservatórios do Campo de Tubarão foram subdivididos?,"Utilizaram-se os códigos B1, B2 e B3,","detentor do direito de exploração sob regime de contrato de risco, que perfurou apenas um poço e a considerou não atrativa, permitiu que no início de 1988 a PETROBRÁS descobrisse, com a perfuração do pioneiro 1-PRS-4, a acumulação de hidrocarbonetos do Campo de Tubarão. As rochas-reservatório encontram-se no topo da seqüência carbonáti- ca Guarujá Inferior, identificada a partir de -4 540 m. A coluna de hidrocarbonetos constatada foi de 255 m, e a grande surpresa foi o desenvolvimento de uma série de níveis estratigráficos com porosi-dades variando de 12% a 24% e permeabilidades de até 1 400 md, quando os valores preditivos de porosidade, em função do rearranjo e obliteração do espaço poroso, impostos pelo soterramento, deveríam situar-se em torno de 7%. A continuidade do processo exploratório permitiu identificar a constância das fácies potencial mente reservatórios, adotando-se a subdivisão em zonas produtoras diferenciadas proposta por Andrade e Saito. Utilizaram-se os códigos B1, B2 e B3, respectivamente, para os reservatórios da porção superior, média e inferior da acumulação. Uma série de marcos elétricos são reconhecidos e rastreados dentro do campo. Eles tém caráter cronoestratigráfico, o que permite","Foram subdivididos, segundo Andrade e Saito, em zonas produtoras codificadas B1, B2 e B3 — respectivamente porção superior, média e inferior da acumulação."
resultados/petrobras-5-mini-com-ontologia-add/batch_f92edf32-403b-42d8-9d3a-cbd3932f0816-completo.csv,rag,1477,Qual é o termo usado para descrever a geologia das seqüências fanerozóicas ocorrentes dentro das fronteiras da Bacia do São Francisco?,Bacia Sanfranciscana,"A geologia das seqüências fanerozóicas ocorrentes dentro dos limites da Bacia do São Francisco foi revista de maneira abrangente e objetiva por Sgarbi et al.. Estes autores utilizam o termo Bacia Sanfranciscana para o registro sedimentar/ vulcânico fanerozóico da Bacia do São Francisco. A litoestratigrafia, espessuras, interpretações paleoam-bientais e idades dessas unidades aqui apresentadas na carta estratigráfica, e o breve texto descritivo que segue adiante, foram totalmente baseadas nos trabalhos desses autores. O Grupo Santa Fé é o único remanescente erosional paleozóico de coberturas intracratônicas mais amplas, que eventualmente existiram sobre a bacia ligando as Bacias do Paraná e do Parnaíba. Seus diamictitos/tilitos/fácies tilóides e folhelhos com dropstones basais apontam para uma unidade crono-correlata aos sedimentos permocarboníferos glaciais do Grupo Itararé da Bacia do Paraná. Três unidades cretácicas, de natureza continental formam chapadas e tabuleiros na Bacia do São Francisco. O Grupo Areado representa paleoambien-tes lacustres assoreados por arenitos flúvio-deltaicos, fluviais diversos e eólicos. O ambiente tectônico prevalente durante a sua sedimentação foi distensional, provável reflexo intracontinental do quebramento do Supercontinente Gondwana exatamente nessa época. O Grupo Mata da Corda inicia-se com extrusão de rochas vulcânicas e subvulcânicas kamafugíticas datadas em torno de 90-80 Ma, coincidentes em tempo com o início do magmatismo alcalino da região sudeste do Brasil. Intrusões","O termo usado é ""Bacia Sanfranciscana""""."""
resultados/petrobras-5-mini-com-ontologia-add/batch_f92edf32-403b-42d8-9d3a-cbd3932f0816-completo.csv,graphrag,1477,Qual é o termo usado para descrever a geologia das seqüências fanerozóicas ocorrentes dentro das fronteiras da Bacia do São Francisco?,Bacia Sanfranciscana,"A geologia das seqüências fanerozóicas ocorrentes dentro dos limites da Bacia do São Francisco foi revista de maneira abrangente e objetiva por Sgarbi et al.. Estes autores utilizam o termo Bacia Sanfranciscana para o registro sedimentar/ vulcânico fanerozóico da Bacia do São Francisco. A litoestratigrafia, espessuras, interpretações paleoam-bientais e idades dessas unidades aqui apresentadas na carta estratigráfica, e o breve texto descritivo que segue adiante, foram totalmente baseadas nos trabalhos desses autores. O Grupo Santa Fé é o único remanescente erosional paleozóico de coberturas intracratônicas mais amplas, que eventualmente existiram sobre a bacia ligando as Bacias do Paraná e do Parnaíba. Seus diamictitos/tilitos/fácies tilóides e folhelhos com dropstones basais apontam para uma unidade crono-correlata aos sedimentos permocarboníferos glaciais do Grupo Itararé da Bacia do Paraná. Três unidades cretácicas, de natureza continental formam chapadas e tabuleiros na Bacia do São Francisco. O Grupo Areado representa paleoambien-tes lacustres assoreados por arenitos flúvio-deltaicos, fluviais diversos e eólicos. O ambiente tectônico prevalente durante a sua sedimentação foi distensional, provável reflexo intracontinental do quebramento do Supercontinente Gondwana exatamente nessa época. O Grupo Mata da Corda inicia-se com extrusão de rochas vulcânicas e subvulcânicas kamafugíticas datadas em torno de 90-80 Ma, coincidentes em tempo com o início do magmatismo alcalino da região sudeste do Brasil. Intrusões","O termo é ""Bacia Sanfranciscana""""."""
resultados/petrobras-5-mini-com-ontologia-add/batch_f92edf32-403b-42d8-9d3a-cbd3932f0816-completo.csv,rag,1479,Quantas unidades cretácicas formam chapadas e tabuleiros na Bacia do São Francisco?,Três,"A geologia das seqüências fanerozóicas ocorrentes dentro dos limites da Bacia do São Francisco foi revista de maneira abrangente e objetiva por Sgarbi et al.. Estes autores utilizam o termo Bacia Sanfranciscana para o registro sedimentar/ vulcânico fanerozóico da Bacia do São Francisco. A litoestratigrafia, espessuras, interpretações paleoam-bientais e idades dessas unidades aqui apresentadas na carta estratigráfica, e o breve texto descritivo que segue adiante, foram totalmente baseadas nos trabalhos desses autores. O Grupo Santa Fé é o único remanescente erosional paleozóico de coberturas intracratônicas mais amplas, que eventualmente existiram sobre a bacia ligando as Bacias do Paraná e do Parnaíba. Seus diamictitos/tilitos/fácies tilóides e folhelhos com dropstones basais apontam para uma unidade crono-correlata aos sedimentos permocarboníferos glaciais do Grupo Itararé da Bacia do Paraná. Três unidades cretácicas, de natureza continental formam chapadas e tabuleiros na Bacia do São Francisco. O Grupo Areado representa paleoambien-tes lacustres assoreados por arenitos flúvio-deltaicos, fluviais diversos e eólicos. O ambiente tectônico prevalente durante a sua sedimentação foi distensional, provável reflexo intracontinental do quebramento do Supercontinente Gondwana exatamente nessa época. O Grupo Mata da Corda inicia-se com extrusão de rochas vulcânicas e subvulcânicas kamafugíticas datadas em torno de 90-80 Ma, coincidentes em tempo com o início do magmatismo alcalino da região sudeste do Brasil. Intrusões",Três unidades cretácicas.
resultados/petrobras-5-mini-com-ontologia-add/batch_f92edf32-403b-42d8-9d3a-cbd3932f0816-completo.csv,graphrag,1479,Quantas unidades cretácicas formam chapadas e tabuleiros na Bacia do São Francisco?,Três,"A geologia das seqüências fanerozóicas ocorrentes dentro dos limites da Bacia do São Francisco foi revista de maneira abrangente e objetiva por Sgarbi et al.. Estes autores utilizam o termo Bacia Sanfranciscana para o registro sedimentar/ vulcânico fanerozóico da Bacia do São Francisco. A litoestratigrafia, espessuras, interpretações paleoam-bientais e idades dessas unidades aqui apresentadas na carta estratigráfica, e o breve texto descritivo que segue adiante, foram totalmente baseadas nos trabalhos desses autores. O Grupo Santa Fé é o único remanescente erosional paleozóico de coberturas intracratônicas mais amplas, que eventualmente existiram sobre a bacia ligando as Bacias do Paraná e do Parnaíba. Seus diamictitos/tilitos/fácies tilóides e folhelhos com dropstones basais apontam para uma unidade crono-correlata aos sedimentos permocarboníferos glaciais do Grupo Itararé da Bacia do Paraná. Três unidades cretácicas, de natureza continental formam chapadas e tabuleiros na Bacia do São Francisco. O Grupo Areado representa paleoambien-tes lacustres assoreados por arenitos flúvio-deltaicos, fluviais diversos e eólicos. O ambiente tectônico prevalente durante a sua sedimentação foi distensional, provável reflexo intracontinental do quebramento do Supercontinente Gondwana exatamente nessa época. O Grupo Mata da Corda inicia-se com extrusão de rochas vulcânicas e subvulcânicas kamafugíticas datadas em torno de 90-80 Ma, coincidentes em tempo com o início do magmatismo alcalino da região sudeste do Brasil. Intrusões",Três unidades cretácicas.
resultados/petrobras-5-mini-com-ontologia-add/batch_f92edf32-403b-42d8-9d3a-cbd3932f0816-completo.csv,rag,1482,Qual é o termo usado para descrever o registro geológico fanerozóico da Bacia do São Francisco?,Bacia Sanfranciscana,"A geologia das seqüências fanerozóicas ocorrentes dentro dos limites da Bacia do São Francisco foi revista de maneira abrangente e objetiva por Sgarbi et al.. Estes autores utilizam o termo Bacia Sanfranciscana para o registro sedimentar/ vulcânico fanerozóico da Bacia do São Francisco. A litoestratigrafia, espessuras, interpretações paleoam-bientais e idades dessas unidades aqui apresentadas na carta estratigráfica, e o breve texto descritivo que segue adiante, foram totalmente baseadas nos trabalhos desses autores. O Grupo Santa Fé é o único remanescente erosional paleozóico de coberturas intracratônicas mais amplas, que eventualmente existiram sobre a bacia ligando as Bacias do Paraná e do Parnaíba. Seus diamictitos/tilitos/fácies tilóides e folhelhos com dropstones basais apontam para uma unidade crono-correlata aos sedimentos permocarboníferos glaciais do Grupo Itararé da Bacia do Paraná. Três unidades cretácicas, de natureza continental formam chapadas e tabuleiros na Bacia do São Francisco. O Grupo Areado representa paleoambien-tes lacustres assoreados por arenitos flúvio-deltaicos, fluviais diversos e eólicos. O ambiente tectônico prevalente durante a sua sedimentação foi distensional, provável reflexo intracontinental do quebramento do Supercontinente Gondwana exatamente nessa época. O Grupo Mata da Corda inicia-se com extrusão de rochas vulcânicas e subvulcânicas kamafugíticas datadas em torno de 90-80 Ma, coincidentes em tempo com o início do magmatismo alcalino da região sudeste do Brasil. Intrusões","O termo é ""Bacia Sanfranciscana""""."""
resultados/petrobras-5-mini-com-ontologia-add/batch_f92edf32-403b-42d8-9d3a-cbd3932f0816-completo.csv,graphrag,1482,Qual é o termo usado para descrever o registro geológico fanerozóico da Bacia do São Francisco?,Bacia Sanfranciscana,"A geologia das seqüências fanerozóicas ocorrentes dentro dos limites da Bacia do São Francisco foi revista de maneira abrangente e objetiva por Sgarbi et al.. Estes autores utilizam o termo Bacia Sanfranciscana para o registro sedimentar/ vulcânico fanerozóico da Bacia do São Francisco. A litoestratigrafia, espessuras, interpretações paleoam-bientais e idades dessas unidades aqui apresentadas na carta estratigráfica, e o breve texto descritivo que segue adiante, foram totalmente baseadas nos trabalhos desses autores. O Grupo Santa Fé é o único remanescente erosional paleozóico de coberturas intracratônicas mais amplas, que eventualmente existiram sobre a bacia ligando as Bacias do Paraná e do Parnaíba. Seus diamictitos/tilitos/fácies tilóides e folhelhos com dropstones basais apontam para uma unidade crono-correlata aos sedimentos permocarboníferos glaciais do Grupo Itararé da Bacia do Paraná. Três unidades cretácicas, de natureza continental formam chapadas e tabuleiros na Bacia do São Francisco. O Grupo Areado representa paleoambien-tes lacustres assoreados por arenitos flúvio-deltaicos, fluviais diversos e eólicos. O ambiente tectônico prevalente durante a sua sedimentação foi distensional, provável reflexo intracontinental do quebramento do Supercontinente Gondwana exatamente nessa época. O Grupo Mata da Corda inicia-se com extrusão de rochas vulcânicas e subvulcânicas kamafugíticas datadas em torno de 90-80 Ma, coincidentes em tempo com o início do magmatismo alcalino da região sudeste do Brasil. Intrusões","O termo usado é ""Bacia Sanfranciscana""""."""
resultados/petrobras-5-mini-com-ontologia-add/batch_f92edf32-403b-42d8-9d3a-cbd3932f0816-completo.csv,rag,1485,Qual é a única seqüência erosional paleozóica que existe em toda a bacia?,O Grupo Santa Fé,"A geologia das seqüências fanerozóicas ocorrentes dentro dos limites da Bacia do São Francisco foi revista de maneira abrangente e objetiva por Sgarbi et al.. Estes autores utilizam o termo Bacia Sanfranciscana para o registro sedimentar/ vulcânico fanerozóico da Bacia do São Francisco. A litoestratigrafia, espessuras, interpretações paleoam-bientais e idades dessas unidades aqui apresentadas na carta estratigráfica, e o breve texto descritivo que segue adiante, foram totalmente baseadas nos trabalhos desses autores. O Grupo Santa Fé é o único remanescente erosional paleozóico de coberturas intracratônicas mais amplas, que eventualmente existiram sobre a bacia ligando as Bacias do Paraná e do Parnaíba. Seus diamictitos/tilitos/fácies tilóides e folhelhos com dropstones basais apontam para uma unidade crono-correlata aos sedimentos permocarboníferos glaciais do Grupo Itararé da Bacia do Paraná. Três unidades cretácicas, de natureza continental formam chapadas e tabuleiros na Bacia do São Francisco. O Grupo Areado representa paleoambien-tes lacustres assoreados por arenitos flúvio-deltaicos, fluviais diversos e eólicos. O ambiente tectônico prevalente durante a sua sedimentação foi distensional, provável reflexo intracontinental do quebramento do Supercontinente Gondwana exatamente nessa época. O Grupo Mata da Corda inicia-se com extrusão de rochas vulcânicas e subvulcânicas kamafugíticas datadas em torno de 90-80 Ma, coincidentes em tempo com o início do magmatismo alcalino da região sudeste do Brasil. Intrusões",O Grupo Santa Fé.
resultados/petrobras-5-mini-com-ontologia-add/batch_f92edf32-403b-42d8-9d3a-cbd3932f0816-completo.csv,graphrag,1485,Qual é a única seqüência erosional paleozóica que existe em toda a bacia?,O Grupo Santa Fé,"A geologia das seqüências fanerozóicas ocorrentes dentro dos limites da Bacia do São Francisco foi revista de maneira abrangente e objetiva por Sgarbi et al.. Estes autores utilizam o termo Bacia Sanfranciscana para o registro sedimentar/ vulcânico fanerozóico da Bacia do São Francisco. A litoestratigrafia, espessuras, interpretações paleoam-bientais e idades dessas unidades aqui apresentadas na carta estratigráfica, e o breve texto descritivo que segue adiante, foram totalmente baseadas nos trabalhos desses autores. O Grupo Santa Fé é o único remanescente erosional paleozóico de coberturas intracratônicas mais amplas, que eventualmente existiram sobre a bacia ligando as Bacias do Paraná e do Parnaíba. Seus diamictitos/tilitos/fácies tilóides e folhelhos com dropstones basais apontam para uma unidade crono-correlata aos sedimentos permocarboníferos glaciais do Grupo Itararé da Bacia do Paraná. Três unidades cretácicas, de natureza continental formam chapadas e tabuleiros na Bacia do São Francisco. O Grupo Areado representa paleoambien-tes lacustres assoreados por arenitos flúvio-deltaicos, fluviais diversos e eólicos. O ambiente tectônico prevalente durante a sua sedimentação foi distensional, provável reflexo intracontinental do quebramento do Supercontinente Gondwana exatamente nessa época. O Grupo Mata da Corda inicia-se com extrusão de rochas vulcânicas e subvulcânicas kamafugíticas datadas em torno de 90-80 Ma, coincidentes em tempo com o início do magmatismo alcalino da região sudeste do Brasil. Intrusões",O Grupo Santa Fé.
resultados/petrobras-5-mini-com-ontologia-add/batch_f92edf32-403b-42d8-9d3a-cbd3932f0816-completo.csv,rag,1487,Qual é o nome da seqüência fanerozóica da Bacia do São Francisco?,Bacia Sanfranciscana,"A geologia das seqüências fanerozóicas ocorrentes dentro dos limites da Bacia do São Francisco foi revista de maneira abrangente e objetiva por Sgarbi et al.. Estes autores utilizam o termo Bacia Sanfranciscana para o registro sedimentar/ vulcânico fanerozóico da Bacia do São Francisco. A litoestratigrafia, espessuras, interpretações paleoam-bientais e idades dessas unidades aqui apresentadas na carta estratigráfica, e o breve texto descritivo que segue adiante, foram totalmente baseadas nos trabalhos desses autores. O Grupo Santa Fé é o único remanescente erosional paleozóico de coberturas intracratônicas mais amplas, que eventualmente existiram sobre a bacia ligando as Bacias do Paraná e do Parnaíba. Seus diamictitos/tilitos/fácies tilóides e folhelhos com dropstones basais apontam para uma unidade crono-correlata aos sedimentos permocarboníferos glaciais do Grupo Itararé da Bacia do Paraná. Três unidades cretácicas, de natureza continental formam chapadas e tabuleiros na Bacia do São Francisco. O Grupo Areado representa paleoambien-tes lacustres assoreados por arenitos flúvio-deltaicos, fluviais diversos e eólicos. O ambiente tectônico prevalente durante a sua sedimentação foi distensional, provável reflexo intracontinental do quebramento do Supercontinente Gondwana exatamente nessa época. O Grupo Mata da Corda inicia-se com extrusão de rochas vulcânicas e subvulcânicas kamafugíticas datadas em torno de 90-80 Ma, coincidentes em tempo com o início do magmatismo alcalino da região sudeste do Brasil. Intrusões",Chama‑se Bacia Sanfranciscana.
resultados/petrobras-5-mini-com-ontologia-add/batch_f92edf32-403b-42d8-9d3a-cbd3932f0816-completo.csv,graphrag,1487,Qual é o nome da seqüência fanerozóica da Bacia do São Francisco?,Bacia Sanfranciscana,"A geologia das seqüências fanerozóicas ocorrentes dentro dos limites da Bacia do São Francisco foi revista de maneira abrangente e objetiva por Sgarbi et al.. Estes autores utilizam o termo Bacia Sanfranciscana para o registro sedimentar/ vulcânico fanerozóico da Bacia do São Francisco. A litoestratigrafia, espessuras, interpretações paleoam-bientais e idades dessas unidades aqui apresentadas na carta estratigráfica, e o breve texto descritivo que segue adiante, foram totalmente baseadas nos trabalhos desses autores. O Grupo Santa Fé é o único remanescente erosional paleozóico de coberturas intracratônicas mais amplas, que eventualmente existiram sobre a bacia ligando as Bacias do Paraná e do Parnaíba. Seus diamictitos/tilitos/fácies tilóides e folhelhos com dropstones basais apontam para uma unidade crono-correlata aos sedimentos permocarboníferos glaciais do Grupo Itararé da Bacia do Paraná. Três unidades cretácicas, de natureza continental formam chapadas e tabuleiros na Bacia do São Francisco. O Grupo Areado representa paleoambien-tes lacustres assoreados por arenitos flúvio-deltaicos, fluviais diversos e eólicos. O ambiente tectônico prevalente durante a sua sedimentação foi distensional, provável reflexo intracontinental do quebramento do Supercontinente Gondwana exatamente nessa época. O Grupo Mata da Corda inicia-se com extrusão de rochas vulcânicas e subvulcânicas kamafugíticas datadas em torno de 90-80 Ma, coincidentes em tempo com o início do magmatismo alcalino da região sudeste do Brasil. Intrusões",Bacia Sanfranciscana.
resultados/petrobras-5-mini-com-ontologia-add/batch_f92edf32-403b-42d8-9d3a-cbd3932f0816-completo.csv,rag,1489,Que tipo de ambiente tectônico prevalecia durante a sedimentação do Grupo Areado?,distensional,"A geologia das seqüências fanerozóicas ocorrentes dentro dos limites da Bacia do São Francisco foi revista de maneira abrangente e objetiva por Sgarbi et al.. Estes autores utilizam o termo Bacia Sanfranciscana para o registro sedimentar/ vulcânico fanerozóico da Bacia do São Francisco. A litoestratigrafia, espessuras, interpretações paleoam-bientais e idades dessas unidades aqui apresentadas na carta estratigráfica, e o breve texto descritivo que segue adiante, foram totalmente baseadas nos trabalhos desses autores. O Grupo Santa Fé é o único remanescente erosional paleozóico de coberturas intracratônicas mais amplas, que eventualmente existiram sobre a bacia ligando as Bacias do Paraná e do Parnaíba. Seus diamictitos/tilitos/fácies tilóides e folhelhos com dropstones basais apontam para uma unidade crono-correlata aos sedimentos permocarboníferos glaciais do Grupo Itararé da Bacia do Paraná. Três unidades cretácicas, de natureza continental formam chapadas e tabuleiros na Bacia do São Francisco. O Grupo Areado representa paleoambien-tes lacustres assoreados por arenitos flúvio-deltaicos, fluviais diversos e eólicos. O ambiente tectônico prevalente durante a sua sedimentação foi distensional, provável reflexo intracontinental do quebramento do Supercontinente Gondwana exatamente nessa época. O Grupo Mata da Corda inicia-se com extrusão de rochas vulcânicas e subvulcânicas kamafugíticas datadas em torno de 90-80 Ma, coincidentes em tempo com o início do magmatismo alcalino da região sudeste do Brasil. Intrusões",Um regime distensional — associado ao rifte intracontinental pelo rompimento do Gondwana.
resultados/petrobras-5-mini-com-ontologia-add/batch_f92edf32-403b-42d8-9d3a-cbd3932f0816-completo.csv,graphrag,1489,Que tipo de ambiente tectônico prevalecia durante a sedimentação do Grupo Areado?,distensional,"A geologia das seqüências fanerozóicas ocorrentes dentro dos limites da Bacia do São Francisco foi revista de maneira abrangente e objetiva por Sgarbi et al.. Estes autores utilizam o termo Bacia Sanfranciscana para o registro sedimentar/ vulcânico fanerozóico da Bacia do São Francisco. A litoestratigrafia, espessuras, interpretações paleoam-bientais e idades dessas unidades aqui apresentadas na carta estratigráfica, e o breve texto descritivo que segue adiante, foram totalmente baseadas nos trabalhos desses autores. O Grupo Santa Fé é o único remanescente erosional paleozóico de coberturas intracratônicas mais amplas, que eventualmente existiram sobre a bacia ligando as Bacias do Paraná e do Parnaíba. Seus diamictitos/tilitos/fácies tilóides e folhelhos com dropstones basais apontam para uma unidade crono-correlata aos sedimentos permocarboníferos glaciais do Grupo Itararé da Bacia do Paraná. Três unidades cretácicas, de natureza continental formam chapadas e tabuleiros na Bacia do São Francisco. O Grupo Areado representa paleoambien-tes lacustres assoreados por arenitos flúvio-deltaicos, fluviais diversos e eólicos. O ambiente tectônico prevalente durante a sua sedimentação foi distensional, provável reflexo intracontinental do quebramento do Supercontinente Gondwana exatamente nessa época. O Grupo Mata da Corda inicia-se com extrusão de rochas vulcânicas e subvulcânicas kamafugíticas datadas em torno de 90-80 Ma, coincidentes em tempo com o início do magmatismo alcalino da região sudeste do Brasil. Intrusões",Predominantemente distensional — rifte intracontinental associado ao rompimento (quebra) de Gondwana.
resultados/petrobras-5-mini-com-ontologia-add/batch_f92edf32-403b-42d8-9d3a-cbd3932f0816-completo.csv,rag,1493,Qual é o termo para o registro sedimentar fanerozóico da Bacia do São Francisco?,Bacia Sanfranciscana,"A geologia das seqüências fanerozóicas ocorrentes dentro dos limites da Bacia do São Francisco foi revista de maneira abrangente e objetiva por Sgarbi et al.. Estes autores utilizam o termo Bacia Sanfranciscana para o registro sedimentar/ vulcânico fanerozóico da Bacia do São Francisco. A litoestratigrafia, espessuras, interpretações paleoam-bientais e idades dessas unidades aqui apresentadas na carta estratigráfica, e o breve texto descritivo que segue adiante, foram totalmente baseadas nos trabalhos desses autores. O Grupo Santa Fé é o único remanescente erosional paleozóico de coberturas intracratônicas mais amplas, que eventualmente existiram sobre a bacia ligando as Bacias do Paraná e do Parnaíba. Seus diamictitos/tilitos/fácies tilóides e folhelhos com dropstones basais apontam para uma unidade crono-correlata aos sedimentos permocarboníferos glaciais do Grupo Itararé da Bacia do Paraná. Três unidades cretácicas, de natureza continental formam chapadas e tabuleiros na Bacia do São Francisco. O Grupo Areado representa paleoambien-tes lacustres assoreados por arenitos flúvio-deltaicos, fluviais diversos e eólicos. O ambiente tectônico prevalente durante a sua sedimentação foi distensional, provável reflexo intracontinental do quebramento do Supercontinente Gondwana exatamente nessa época. O Grupo Mata da Corda inicia-se com extrusão de rochas vulcânicas e subvulcânicas kamafugíticas datadas em torno de 90-80 Ma, coincidentes em tempo com o início do magmatismo alcalino da região sudeste do Brasil. Intrusões","O termo é ""Bacia Sanfranciscana""""."""
resultados/petrobras-5-mini-com-ontologia-add/batch_f92edf32-403b-42d8-9d3a-cbd3932f0816-completo.csv,graphrag,1493,Qual é o termo para o registro sedimentar fanerozóico da Bacia do São Francisco?,Bacia Sanfranciscana,"A geologia das seqüências fanerozóicas ocorrentes dentro dos limites da Bacia do São Francisco foi revista de maneira abrangente e objetiva por Sgarbi et al.. Estes autores utilizam o termo Bacia Sanfranciscana para o registro sedimentar/ vulcânico fanerozóico da Bacia do São Francisco. A litoestratigrafia, espessuras, interpretações paleoam-bientais e idades dessas unidades aqui apresentadas na carta estratigráfica, e o breve texto descritivo que segue adiante, foram totalmente baseadas nos trabalhos desses autores. O Grupo Santa Fé é o único remanescente erosional paleozóico de coberturas intracratônicas mais amplas, que eventualmente existiram sobre a bacia ligando as Bacias do Paraná e do Parnaíba. Seus diamictitos/tilitos/fácies tilóides e folhelhos com dropstones basais apontam para uma unidade crono-correlata aos sedimentos permocarboníferos glaciais do Grupo Itararé da Bacia do Paraná. Três unidades cretácicas, de natureza continental formam chapadas e tabuleiros na Bacia do São Francisco. O Grupo Areado representa paleoambien-tes lacustres assoreados por arenitos flúvio-deltaicos, fluviais diversos e eólicos. O ambiente tectônico prevalente durante a sua sedimentação foi distensional, provável reflexo intracontinental do quebramento do Supercontinente Gondwana exatamente nessa época. O Grupo Mata da Corda inicia-se com extrusão de rochas vulcânicas e subvulcânicas kamafugíticas datadas em torno de 90-80 Ma, coincidentes em tempo com o início do magmatismo alcalino da região sudeste do Brasil. Intrusões","O termo utilizado é ""Bacia Sanfranciscana""""."""
resultados/petrobras-5-mini-com-ontologia-add/batch_f92edf32-403b-42d8-9d3a-cbd3932f0816-completo.csv,rag,1495,Qual foi o ambiente tectônico prevalente durante a sedimentação do Grupo Areado?,distensional,"A geologia das seqüências fanerozóicas ocorrentes dentro dos limites da Bacia do São Francisco foi revista de maneira abrangente e objetiva por Sgarbi et al.. Estes autores utilizam o termo Bacia Sanfranciscana para o registro sedimentar/ vulcânico fanerozóico da Bacia do São Francisco. A litoestratigrafia, espessuras, interpretações paleoam-bientais e idades dessas unidades aqui apresentadas na carta estratigráfica, e o breve texto descritivo que segue adiante, foram totalmente baseadas nos trabalhos desses autores. O Grupo Santa Fé é o único remanescente erosional paleozóico de coberturas intracratônicas mais amplas, que eventualmente existiram sobre a bacia ligando as Bacias do Paraná e do Parnaíba. Seus diamictitos/tilitos/fácies tilóides e folhelhos com dropstones basais apontam para uma unidade crono-correlata aos sedimentos permocarboníferos glaciais do Grupo Itararé da Bacia do Paraná. Três unidades cretácicas, de natureza continental formam chapadas e tabuleiros na Bacia do São Francisco. O Grupo Areado representa paleoambien-tes lacustres assoreados por arenitos flúvio-deltaicos, fluviais diversos e eólicos. O ambiente tectônico prevalente durante a sua sedimentação foi distensional, provável reflexo intracontinental do quebramento do Supercontinente Gondwana exatamente nessa época. O Grupo Mata da Corda inicia-se com extrusão de rochas vulcânicas e subvulcânicas kamafugíticas datadas em torno de 90-80 Ma, coincidentes em tempo com o início do magmatismo alcalino da região sudeste do Brasil. Intrusões",O ambiente tectônico foi distensional — provavelmente reflexo intracontinental do rifteamento associado ao quebramento do Gondwana.
resultados/petrobras-5-mini-com-ontologia-add/batch_f92edf32-403b-42d8-9d3a-cbd3932f0816-completo.csv,graphrag,1495,Qual foi o ambiente tectônico prevalente durante a sedimentação do Grupo Areado?,distensional,"A geologia das seqüências fanerozóicas ocorrentes dentro dos limites da Bacia do São Francisco foi revista de maneira abrangente e objetiva por Sgarbi et al.. Estes autores utilizam o termo Bacia Sanfranciscana para o registro sedimentar/ vulcânico fanerozóico da Bacia do São Francisco. A litoestratigrafia, espessuras, interpretações paleoam-bientais e idades dessas unidades aqui apresentadas na carta estratigráfica, e o breve texto descritivo que segue adiante, foram totalmente baseadas nos trabalhos desses autores. O Grupo Santa Fé é o único remanescente erosional paleozóico de coberturas intracratônicas mais amplas, que eventualmente existiram sobre a bacia ligando as Bacias do Paraná e do Parnaíba. Seus diamictitos/tilitos/fácies tilóides e folhelhos com dropstones basais apontam para uma unidade crono-correlata aos sedimentos permocarboníferos glaciais do Grupo Itararé da Bacia do Paraná. Três unidades cretácicas, de natureza continental formam chapadas e tabuleiros na Bacia do São Francisco. O Grupo Areado representa paleoambien-tes lacustres assoreados por arenitos flúvio-deltaicos, fluviais diversos e eólicos. O ambiente tectônico prevalente durante a sua sedimentação foi distensional, provável reflexo intracontinental do quebramento do Supercontinente Gondwana exatamente nessa época. O Grupo Mata da Corda inicia-se com extrusão de rochas vulcânicas e subvulcânicas kamafugíticas datadas em torno de 90-80 Ma, coincidentes em tempo com o início do magmatismo alcalino da região sudeste do Brasil. Intrusões",O ambiente tectônico foi distensional — um regime extensional associado ao rifteamento intracontinental (ligado ao rompimento do Gondwana).
resultados/petrobras-5-mini-com-ontologia-add/batch_f92edf32-403b-42d8-9d3a-cbd3932f0816-completo.csv,rag,1497,Qual é o único remanescente erosional paleozóico de coberturas intracratônicas mais amplas que eventualmente existiu na Bacia do São Francisco?,O Grupo Santa Fé,"A geologia das seqüências fanerozóicas ocorrentes dentro dos limites da Bacia do São Francisco foi revista de maneira abrangente e objetiva por Sgarbi et al.. Estes autores utilizam o termo Bacia Sanfranciscana para o registro sedimentar/ vulcânico fanerozóico da Bacia do São Francisco. A litoestratigrafia, espessuras, interpretações paleoam-bientais e idades dessas unidades aqui apresentadas na carta estratigráfica, e o breve texto descritivo que segue adiante, foram totalmente baseadas nos trabalhos desses autores. O Grupo Santa Fé é o único remanescente erosional paleozóico de coberturas intracratônicas mais amplas, que eventualmente existiram sobre a bacia ligando as Bacias do Paraná e do Parnaíba. Seus diamictitos/tilitos/fácies tilóides e folhelhos com dropstones basais apontam para uma unidade crono-correlata aos sedimentos permocarboníferos glaciais do Grupo Itararé da Bacia do Paraná. Três unidades cretácicas, de natureza continental formam chapadas e tabuleiros na Bacia do São Francisco. O Grupo Areado representa paleoambien-tes lacustres assoreados por arenitos flúvio-deltaicos, fluviais diversos e eólicos. O ambiente tectônico prevalente durante a sua sedimentação foi distensional, provável reflexo intracontinental do quebramento do Supercontinente Gondwana exatamente nessa época. O Grupo Mata da Corda inicia-se com extrusão de rochas vulcânicas e subvulcânicas kamafugíticas datadas em torno de 90-80 Ma, coincidentes em tempo com o início do magmatismo alcalino da região sudeste do Brasil. Intrusões",O Grupo Santa Fé.
resultados/petrobras-5-mini-com-ontologia-add/batch_f92edf32-403b-42d8-9d3a-cbd3932f0816-completo.csv,graphrag,1497,Qual é o único remanescente erosional paleozóico de coberturas intracratônicas mais amplas que eventualmente existiu na Bacia do São Francisco?,O Grupo Santa Fé,"A geologia das seqüências fanerozóicas ocorrentes dentro dos limites da Bacia do São Francisco foi revista de maneira abrangente e objetiva por Sgarbi et al.. Estes autores utilizam o termo Bacia Sanfranciscana para o registro sedimentar/ vulcânico fanerozóico da Bacia do São Francisco. A litoestratigrafia, espessuras, interpretações paleoam-bientais e idades dessas unidades aqui apresentadas na carta estratigráfica, e o breve texto descritivo que segue adiante, foram totalmente baseadas nos trabalhos desses autores. O Grupo Santa Fé é o único remanescente erosional paleozóico de coberturas intracratônicas mais amplas, que eventualmente existiram sobre a bacia ligando as Bacias do Paraná e do Parnaíba. Seus diamictitos/tilitos/fácies tilóides e folhelhos com dropstones basais apontam para uma unidade crono-correlata aos sedimentos permocarboníferos glaciais do Grupo Itararé da Bacia do Paraná. Três unidades cretácicas, de natureza continental formam chapadas e tabuleiros na Bacia do São Francisco. O Grupo Areado representa paleoambien-tes lacustres assoreados por arenitos flúvio-deltaicos, fluviais diversos e eólicos. O ambiente tectônico prevalente durante a sua sedimentação foi distensional, provável reflexo intracontinental do quebramento do Supercontinente Gondwana exatamente nessa época. O Grupo Mata da Corda inicia-se com extrusão de rochas vulcânicas e subvulcânicas kamafugíticas datadas em torno de 90-80 Ma, coincidentes em tempo com o início do magmatismo alcalino da região sudeste do Brasil. Intrusões",O Grupo Santa Fé.
resultados/petrobras-5-mini-com-ontologia-add/batch_f92edf32-403b-42d8-9d3a-cbd3932f0816-completo.csv,rag,1500,O que o Grupo Santa Fé representa na geologia da Bacia do São Francisco?,o único remanescente erosional paleozóico de coberturas intracratônicas mais amplas,"A geologia das seqüências fanerozóicas ocorrentes dentro dos limites da Bacia do São Francisco foi revista de maneira abrangente e objetiva por Sgarbi et al.. Estes autores utilizam o termo Bacia Sanfranciscana para o registro sedimentar/ vulcânico fanerozóico da Bacia do São Francisco. A litoestratigrafia, espessuras, interpretações paleoam-bientais e idades dessas unidades aqui apresentadas na carta estratigráfica, e o breve texto descritivo que segue adiante, foram totalmente baseadas nos trabalhos desses autores. O Grupo Santa Fé é o único remanescente erosional paleozóico de coberturas intracratônicas mais amplas, que eventualmente existiram sobre a bacia ligando as Bacias do Paraná e do Parnaíba. Seus diamictitos/tilitos/fácies tilóides e folhelhos com dropstones basais apontam para uma unidade crono-correlata aos sedimentos permocarboníferos glaciais do Grupo Itararé da Bacia do Paraná. Três unidades cretácicas, de natureza continental formam chapadas e tabuleiros na Bacia do São Francisco. O Grupo Areado representa paleoambien-tes lacustres assoreados por arenitos flúvio-deltaicos, fluviais diversos e eólicos. O ambiente tectônico prevalente durante a sua sedimentação foi distensional, provável reflexo intracontinental do quebramento do Supercontinente Gondwana exatamente nessa época. O Grupo Mata da Corda inicia-se com extrusão de rochas vulcânicas e subvulcânicas kamafugíticas datadas em torno de 90-80 Ma, coincidentes em tempo com o início do magmatismo alcalino da região sudeste do Brasil. Intrusões",É o único remanescente erosional paleozóico das coberturas intracratônicas mais amplas que ligavam as bacias do Paraná e do Parnaíba na Bacia do São Francisco; seus diamictitos/tilitos e folhelhos com dropstones indicam correlação cronológica com os sedimentos glaciais permocarboníferos do Grupo Itararé.
resultados/petrobras-5-mini-com-ontologia-add/batch_f92edf32-403b-42d8-9d3a-cbd3932f0816-completo.csv,graphrag,1500,O que o Grupo Santa Fé representa na geologia da Bacia do São Francisco?,o único remanescente erosional paleozóico de coberturas intracratônicas mais amplas,"A geologia das seqüências fanerozóicas ocorrentes dentro dos limites da Bacia do São Francisco foi revista de maneira abrangente e objetiva por Sgarbi et al.. Estes autores utilizam o termo Bacia Sanfranciscana para o registro sedimentar/ vulcânico fanerozóico da Bacia do São Francisco. A litoestratigrafia, espessuras, interpretações paleoam-bientais e idades dessas unidades aqui apresentadas na carta estratigráfica, e o breve texto descritivo que segue adiante, foram totalmente baseadas nos trabalhos desses autores. O Grupo Santa Fé é o único remanescente erosional paleozóico de coberturas intracratônicas mais amplas, que eventualmente existiram sobre a bacia ligando as Bacias do Paraná e do Parnaíba. Seus diamictitos/tilitos/fácies tilóides e folhelhos com dropstones basais apontam para uma unidade crono-correlata aos sedimentos permocarboníferos glaciais do Grupo Itararé da Bacia do Paraná. Três unidades cretácicas, de natureza continental formam chapadas e tabuleiros na Bacia do São Francisco. O Grupo Areado representa paleoambien-tes lacustres assoreados por arenitos flúvio-deltaicos, fluviais diversos e eólicos. O ambiente tectônico prevalente durante a sua sedimentação foi distensional, provável reflexo intracontinental do quebramento do Supercontinente Gondwana exatamente nessa época. O Grupo Mata da Corda inicia-se com extrusão de rochas vulcânicas e subvulcânicas kamafugíticas datadas em torno de 90-80 Ma, coincidentes em tempo com o início do magmatismo alcalino da região sudeste do Brasil. Intrusões","É o único remanescente erosional paleozóico de coberturas intracratônicas na Bacia do São Francisco, contendo diamictitos/tilitos e folhelhos com dropstones basais, cronocorrelato dos sedimentos glaciais permocarboníferos (Grupo Itararé)."
resultados/petrobras-5-mini-com-ontologia-add/batch_f92edf32-403b-42d8-9d3a-cbd3932f0816-completo.csv,rag,1501,Qual a natureza das três unidades cretácicas que formam chapadas e tabuleiros na Bacia do São Francisco?,de natureza continental,"A geologia das seqüências fanerozóicas ocorrentes dentro dos limites da Bacia do São Francisco foi revista de maneira abrangente e objetiva por Sgarbi et al.. Estes autores utilizam o termo Bacia Sanfranciscana para o registro sedimentar/ vulcânico fanerozóico da Bacia do São Francisco. A litoestratigrafia, espessuras, interpretações paleoam-bientais e idades dessas unidades aqui apresentadas na carta estratigráfica, e o breve texto descritivo que segue adiante, foram totalmente baseadas nos trabalhos desses autores. O Grupo Santa Fé é o único remanescente erosional paleozóico de coberturas intracratônicas mais amplas, que eventualmente existiram sobre a bacia ligando as Bacias do Paraná e do Parnaíba. Seus diamictitos/tilitos/fácies tilóides e folhelhos com dropstones basais apontam para uma unidade crono-correlata aos sedimentos permocarboníferos glaciais do Grupo Itararé da Bacia do Paraná. Três unidades cretácicas, de natureza continental formam chapadas e tabuleiros na Bacia do São Francisco. O Grupo Areado representa paleoambien-tes lacustres assoreados por arenitos flúvio-deltaicos, fluviais diversos e eólicos. O ambiente tectônico prevalente durante a sua sedimentação foi distensional, provável reflexo intracontinental do quebramento do Supercontinente Gondwana exatamente nessa época. O Grupo Mata da Corda inicia-se com extrusão de rochas vulcânicas e subvulcânicas kamafugíticas datadas em torno de 90-80 Ma, coincidentes em tempo com o início do magmatismo alcalino da região sudeste do Brasil. Intrusões","São de natureza continental — sedimentos lacustres e assoreados por arenitos flúvio‑deltaicos, fluviais e eólicos (Grupo Areado) e unidades com atividade vulcânica kamafugítica (Grupo Mata da Corda)."
resultados/petrobras-5-mini-com-ontologia-add/batch_f92edf32-403b-42d8-9d3a-cbd3932f0816-completo.csv,graphrag,1501,Qual a natureza das três unidades cretácicas que formam chapadas e tabuleiros na Bacia do São Francisco?,de natureza continental,"A geologia das seqüências fanerozóicas ocorrentes dentro dos limites da Bacia do São Francisco foi revista de maneira abrangente e objetiva por Sgarbi et al.. Estes autores utilizam o termo Bacia Sanfranciscana para o registro sedimentar/ vulcânico fanerozóico da Bacia do São Francisco. A litoestratigrafia, espessuras, interpretações paleoam-bientais e idades dessas unidades aqui apresentadas na carta estratigráfica, e o breve texto descritivo que segue adiante, foram totalmente baseadas nos trabalhos desses autores. O Grupo Santa Fé é o único remanescente erosional paleozóico de coberturas intracratônicas mais amplas, que eventualmente existiram sobre a bacia ligando as Bacias do Paraná e do Parnaíba. Seus diamictitos/tilitos/fácies tilóides e folhelhos com dropstones basais apontam para uma unidade crono-correlata aos sedimentos permocarboníferos glaciais do Grupo Itararé da Bacia do Paraná. Três unidades cretácicas, de natureza continental formam chapadas e tabuleiros na Bacia do São Francisco. O Grupo Areado representa paleoambien-tes lacustres assoreados por arenitos flúvio-deltaicos, fluviais diversos e eólicos. O ambiente tectônico prevalente durante a sua sedimentação foi distensional, provável reflexo intracontinental do quebramento do Supercontinente Gondwana exatamente nessa época. O Grupo Mata da Corda inicia-se com extrusão de rochas vulcânicas e subvulcânicas kamafugíticas datadas em torno de 90-80 Ma, coincidentes em tempo com o início do magmatismo alcalino da região sudeste do Brasil. Intrusões",Elas são de natureza continental.
resultados/petrobras-5-mini-com-ontologia-add/batch_f92edf32-403b-42d8-9d3a-cbd3932f0816-completo.csv,rag,1502,Qual o ambiente tectônico prevalente durante a sedimentação do Grupo Areado na Bacia do São Francisco?,distensional,"A geologia das seqüências fanerozóicas ocorrentes dentro dos limites da Bacia do São Francisco foi revista de maneira abrangente e objetiva por Sgarbi et al.. Estes autores utilizam o termo Bacia Sanfranciscana para o registro sedimentar/ vulcânico fanerozóico da Bacia do São Francisco. A litoestratigrafia, espessuras, interpretações paleoam-bientais e idades dessas unidades aqui apresentadas na carta estratigráfica, e o breve texto descritivo que segue adiante, foram totalmente baseadas nos trabalhos desses autores. O Grupo Santa Fé é o único remanescente erosional paleozóico de coberturas intracratônicas mais amplas, que eventualmente existiram sobre a bacia ligando as Bacias do Paraná e do Parnaíba. Seus diamictitos/tilitos/fácies tilóides e folhelhos com dropstones basais apontam para uma unidade crono-correlata aos sedimentos permocarboníferos glaciais do Grupo Itararé da Bacia do Paraná. Três unidades cretácicas, de natureza continental formam chapadas e tabuleiros na Bacia do São Francisco. O Grupo Areado representa paleoambien-tes lacustres assoreados por arenitos flúvio-deltaicos, fluviais diversos e eólicos. O ambiente tectônico prevalente durante a sua sedimentação foi distensional, provável reflexo intracontinental do quebramento do Supercontinente Gondwana exatamente nessa época. O Grupo Mata da Corda inicia-se com extrusão de rochas vulcânicas e subvulcânicas kamafugíticas datadas em torno de 90-80 Ma, coincidentes em tempo com o início do magmatismo alcalino da região sudeste do Brasil. Intrusões",Foi um regime distensional — rifteamento intracontinental associado ao rompimento do Gondwana.
resultados/petrobras-5-mini-com-ontologia-add/batch_f92edf32-403b-42d8-9d3a-cbd3932f0816-completo.csv,graphrag,1502,Qual o ambiente tectônico prevalente durante a sedimentação do Grupo Areado na Bacia do São Francisco?,distensional,"A geologia das seqüências fanerozóicas ocorrentes dentro dos limites da Bacia do São Francisco foi revista de maneira abrangente e objetiva por Sgarbi et al.. Estes autores utilizam o termo Bacia Sanfranciscana para o registro sedimentar/ vulcânico fanerozóico da Bacia do São Francisco. A litoestratigrafia, espessuras, interpretações paleoam-bientais e idades dessas unidades aqui apresentadas na carta estratigráfica, e o breve texto descritivo que segue adiante, foram totalmente baseadas nos trabalhos desses autores. O Grupo Santa Fé é o único remanescente erosional paleozóico de coberturas intracratônicas mais amplas, que eventualmente existiram sobre a bacia ligando as Bacias do Paraná e do Parnaíba. Seus diamictitos/tilitos/fácies tilóides e folhelhos com dropstones basais apontam para uma unidade crono-correlata aos sedimentos permocarboníferos glaciais do Grupo Itararé da Bacia do Paraná. Três unidades cretácicas, de natureza continental formam chapadas e tabuleiros na Bacia do São Francisco. O Grupo Areado representa paleoambien-tes lacustres assoreados por arenitos flúvio-deltaicos, fluviais diversos e eólicos. O ambiente tectônico prevalente durante a sua sedimentação foi distensional, provável reflexo intracontinental do quebramento do Supercontinente Gondwana exatamente nessa época. O Grupo Mata da Corda inicia-se com extrusão de rochas vulcânicas e subvulcânicas kamafugíticas datadas em torno de 90-80 Ma, coincidentes em tempo com o início do magmatismo alcalino da região sudeste do Brasil. Intrusões","Predominou um ambiente tectônico distensional (extensional), provavelmente como reflexo intracontinental do rompimento do Gondwana."
resultados/petrobras-5-mini-com-ontologia-add/batch_f92edf32-403b-42d8-9d3a-cbd3932f0816-completo.csv,rag,1506,O que os diamictitos/tilitos/fácies tilóides e folhelhos com dropstones basais do Grupo Santa Fé apontam?,para uma unidade crono-correlata aos sedimentos permocarboníferos glaciais do Grupo Itararé da Bacia do Paraná,"A geologia das seqüências fanerozóicas ocorrentes dentro dos limites da Bacia do São Francisco foi revista de maneira abrangente e objetiva por Sgarbi et al.. Estes autores utilizam o termo Bacia Sanfranciscana para o registro sedimentar/ vulcânico fanerozóico da Bacia do São Francisco. A litoestratigrafia, espessuras, interpretações paleoam-bientais e idades dessas unidades aqui apresentadas na carta estratigráfica, e o breve texto descritivo que segue adiante, foram totalmente baseadas nos trabalhos desses autores. O Grupo Santa Fé é o único remanescente erosional paleozóico de coberturas intracratônicas mais amplas, que eventualmente existiram sobre a bacia ligando as Bacias do Paraná e do Parnaíba. Seus diamictitos/tilitos/fácies tilóides e folhelhos com dropstones basais apontam para uma unidade crono-correlata aos sedimentos permocarboníferos glaciais do Grupo Itararé da Bacia do Paraná. Três unidades cretácicas, de natureza continental formam chapadas e tabuleiros na Bacia do São Francisco. O Grupo Areado representa paleoambien-tes lacustres assoreados por arenitos flúvio-deltaicos, fluviais diversos e eólicos. O ambiente tectônico prevalente durante a sua sedimentação foi distensional, provável reflexo intracontinental do quebramento do Supercontinente Gondwana exatamente nessa época. O Grupo Mata da Corda inicia-se com extrusão de rochas vulcânicas e subvulcânicas kamafugíticas datadas em torno de 90-80 Ma, coincidentes em tempo com o início do magmatismo alcalino da região sudeste do Brasil. Intrusões",Que se tratam de uma unidade crono-correlata aos sedimentos glaciais permocarboníferos do Grupo Itararé da Bacia do Paraná.
resultados/petrobras-5-mini-com-ontologia-add/batch_f92edf32-403b-42d8-9d3a-cbd3932f0816-completo.csv,graphrag,1506,O que os diamictitos/tilitos/fácies tilóides e folhelhos com dropstones basais do Grupo Santa Fé apontam?,para uma unidade crono-correlata aos sedimentos permocarboníferos glaciais do Grupo Itararé da Bacia do Paraná,"A geologia das seqüências fanerozóicas ocorrentes dentro dos limites da Bacia do São Francisco foi revista de maneira abrangente e objetiva por Sgarbi et al.. Estes autores utilizam o termo Bacia Sanfranciscana para o registro sedimentar/ vulcânico fanerozóico da Bacia do São Francisco. A litoestratigrafia, espessuras, interpretações paleoam-bientais e idades dessas unidades aqui apresentadas na carta estratigráfica, e o breve texto descritivo que segue adiante, foram totalmente baseadas nos trabalhos desses autores. O Grupo Santa Fé é o único remanescente erosional paleozóico de coberturas intracratônicas mais amplas, que eventualmente existiram sobre a bacia ligando as Bacias do Paraná e do Parnaíba. Seus diamictitos/tilitos/fácies tilóides e folhelhos com dropstones basais apontam para uma unidade crono-correlata aos sedimentos permocarboníferos glaciais do Grupo Itararé da Bacia do Paraná. Três unidades cretácicas, de natureza continental formam chapadas e tabuleiros na Bacia do São Francisco. O Grupo Areado representa paleoambien-tes lacustres assoreados por arenitos flúvio-deltaicos, fluviais diversos e eólicos. O ambiente tectônico prevalente durante a sua sedimentação foi distensional, provável reflexo intracontinental do quebramento do Supercontinente Gondwana exatamente nessa época. O Grupo Mata da Corda inicia-se com extrusão de rochas vulcânicas e subvulcânicas kamafugíticas datadas em torno de 90-80 Ma, coincidentes em tempo com o início do magmatismo alcalino da região sudeste do Brasil. Intrusões",Indicam deposição glaciária e são crono‑correlatas aos sedimentos glaciais permocarboníferos do Grupo Itararé (Bacia do Paraná).
resultados/petrobras-5-mini-com-ontologia-add/batch_f92edf32-403b-42d8-9d3a-cbd3932f0816-completo.csv,rag,1508,Em que ambiente tectônico ocorreu a sedimentação do Grupo Areado?,"distensional, provável reflexo intracontinental do quebramento do Supercontinente Gondwana","A geologia das seqüências fanerozóicas ocorrentes dentro dos limites da Bacia do São Francisco foi revista de maneira abrangente e objetiva por Sgarbi et al.. Estes autores utilizam o termo Bacia Sanfranciscana para o registro sedimentar/ vulcânico fanerozóico da Bacia do São Francisco. A litoestratigrafia, espessuras, interpretações paleoam-bientais e idades dessas unidades aqui apresentadas na carta estratigráfica, e o breve texto descritivo que segue adiante, foram totalmente baseadas nos trabalhos desses autores. O Grupo Santa Fé é o único remanescente erosional paleozóico de coberturas intracratônicas mais amplas, que eventualmente existiram sobre a bacia ligando as Bacias do Paraná e do Parnaíba. Seus diamictitos/tilitos/fácies tilóides e folhelhos com dropstones basais apontam para uma unidade crono-correlata aos sedimentos permocarboníferos glaciais do Grupo Itararé da Bacia do Paraná. Três unidades cretácicas, de natureza continental formam chapadas e tabuleiros na Bacia do São Francisco. O Grupo Areado representa paleoambien-tes lacustres assoreados por arenitos flúvio-deltaicos, fluviais diversos e eólicos. O ambiente tectônico prevalente durante a sua sedimentação foi distensional, provável reflexo intracontinental do quebramento do Supercontinente Gondwana exatamente nessa época. O Grupo Mata da Corda inicia-se com extrusão de rochas vulcânicas e subvulcânicas kamafugíticas datadas em torno de 90-80 Ma, coincidentes em tempo com o início do magmatismo alcalino da região sudeste do Brasil. Intrusões",Em um regime distensional — um rifteamento intracontinental associado ao quebramento do Gondwana.
resultados/petrobras-5-mini-com-ontologia-add/batch_f92edf32-403b-42d8-9d3a-cbd3932f0816-completo.csv,graphrag,1508,Em que ambiente tectônico ocorreu a sedimentação do Grupo Areado?,"distensional, provável reflexo intracontinental do quebramento do Supercontinente Gondwana","A geologia das seqüências fanerozóicas ocorrentes dentro dos limites da Bacia do São Francisco foi revista de maneira abrangente e objetiva por Sgarbi et al.. Estes autores utilizam o termo Bacia Sanfranciscana para o registro sedimentar/ vulcânico fanerozóico da Bacia do São Francisco. A litoestratigrafia, espessuras, interpretações paleoam-bientais e idades dessas unidades aqui apresentadas na carta estratigráfica, e o breve texto descritivo que segue adiante, foram totalmente baseadas nos trabalhos desses autores. O Grupo Santa Fé é o único remanescente erosional paleozóico de coberturas intracratônicas mais amplas, que eventualmente existiram sobre a bacia ligando as Bacias do Paraná e do Parnaíba. Seus diamictitos/tilitos/fácies tilóides e folhelhos com dropstones basais apontam para uma unidade crono-correlata aos sedimentos permocarboníferos glaciais do Grupo Itararé da Bacia do Paraná. Três unidades cretácicas, de natureza continental formam chapadas e tabuleiros na Bacia do São Francisco. O Grupo Areado representa paleoambien-tes lacustres assoreados por arenitos flúvio-deltaicos, fluviais diversos e eólicos. O ambiente tectônico prevalente durante a sua sedimentação foi distensional, provável reflexo intracontinental do quebramento do Supercontinente Gondwana exatamente nessa época. O Grupo Mata da Corda inicia-se com extrusão de rochas vulcânicas e subvulcânicas kamafugíticas datadas em torno de 90-80 Ma, coincidentes em tempo com o início do magmatismo alcalino da região sudeste do Brasil. Intrusões",A sedimentação do Grupo Areado ocorreu num regime tectônico distensional — rift intracontinental associado ao início da quebra do Gondwana.
resultados/petrobras-5-mini-com-ontologia-add/batch_f92edf32-403b-42d8-9d3a-cbd3932f0816-completo.csv,rag,1542,O que não permite discriminar padrões de terminação de refletores sísmicos na 4a e 5a ordens?,as seções sísmicas disponíveis,"A utilização de um arcabouço estratigráfico de alta frequência para a Sequência A seguindo os preceitos da Moderna Estratigrafia (Catunea-nu, 2006; Catuneanu et al. 2009, Hunt e Tucker, 1992; VanWagoner et al., 1988; Galloway, 1989; Posamentier e Allen, 1999) foi dificultada pelo difícil rastreamento dos refletores e marcadores de um rollover para outro, principalmente no sentido dlp, em um intervalo estratigráfico dominado por intensa halocinese. Além disso, as seções sísmicas disponíveis não apresentam conteúdo de resolução suficientemente alto para permitir discriminar padrões de terminação de refletores sísmicos na 4a e 5a ordens. Esses padrões, se perceptíveis, poderiam auxiliar na determinação das principais superfícies estratigráficas correlativas às flutuações do nível de base, nesse caso viabilizando um estudo sismoestratigráfico mais apurado. A descrição dos testemunhos e a interpretação dos perfis de poços mostraram que as descontinuidades erosivas registradas nos canais incisos, que poderiam indicar exposições su-baéreas de alta frequência, não ocorrem, nos poços analisados, de forma cíclica, impossibilitando sua utilização como superfícies delimitadoras de sequências de alta frequência. Optou-se, assim, pelo uso das superfícies transgressivas ou de afogamento que recobrem os carbonatos de plataforma, como limites de parassequências, estas últimas compostas por uma sucessão basal transgressiva e uma sucessão superior regressiva.",A insuficiente resolução das seções sísmicas disponíveis (baixa qualidade/resolução sísmica).
resultados/petrobras-5-mini-com-ontologia-add/batch_f92edf32-403b-42d8-9d3a-cbd3932f0816-completo.csv,graphrag,1542,O que não permite discriminar padrões de terminação de refletores sísmicos na 4a e 5a ordens?,as seções sísmicas disponíveis,"A utilização de um arcabouço estratigráfico de alta frequência para a Sequência A seguindo os preceitos da Moderna Estratigrafia (Catunea-nu, 2006; Catuneanu et al. 2009, Hunt e Tucker, 1992; VanWagoner et al., 1988; Galloway, 1989; Posamentier e Allen, 1999) foi dificultada pelo difícil rastreamento dos refletores e marcadores de um rollover para outro, principalmente no sentido dlp, em um intervalo estratigráfico dominado por intensa halocinese. Além disso, as seções sísmicas disponíveis não apresentam conteúdo de resolução suficientemente alto para permitir discriminar padrões de terminação de refletores sísmicos na 4a e 5a ordens. Esses padrões, se perceptíveis, poderiam auxiliar na determinação das principais superfícies estratigráficas correlativas às flutuações do nível de base, nesse caso viabilizando um estudo sismoestratigráfico mais apurado. A descrição dos testemunhos e a interpretação dos perfis de poços mostraram que as descontinuidades erosivas registradas nos canais incisos, que poderiam indicar exposições su-baéreas de alta frequência, não ocorrem, nos poços analisados, de forma cíclica, impossibilitando sua utilização como superfícies delimitadoras de sequências de alta frequência. Optou-se, assim, pelo uso das superfícies transgressivas ou de afogamento que recobrem os carbonatos de plataforma, como limites de parassequências, estas últimas compostas por uma sucessão basal transgressiva e uma sucessão superior regressiva.",A resolução sísmica insuficiente das seções sísmicas disponíveis.
resultados/petrobras-5-mini-com-ontologia-add/batch_f92edf32-403b-42d8-9d3a-cbd3932f0816-completo.csv,rag,1543,Quais são as duas ordens que não apresentam conteúdo de resolução suficientemente alto para permitir discriminar padrões de terminação de refletores sísmicos?,4a e 5a,"A utilização de um arcabouço estratigráfico de alta frequência para a Sequência A seguindo os preceitos da Moderna Estratigrafia (Catunea-nu, 2006; Catuneanu et al. 2009, Hunt e Tucker, 1992; VanWagoner et al., 1988; Galloway, 1989; Posamentier e Allen, 1999) foi dificultada pelo difícil rastreamento dos refletores e marcadores de um rollover para outro, principalmente no sentido dlp, em um intervalo estratigráfico dominado por intensa halocinese. Além disso, as seções sísmicas disponíveis não apresentam conteúdo de resolução suficientemente alto para permitir discriminar padrões de terminação de refletores sísmicos na 4a e 5a ordens. Esses padrões, se perceptíveis, poderiam auxiliar na determinação das principais superfícies estratigráficas correlativas às flutuações do nível de base, nesse caso viabilizando um estudo sismoestratigráfico mais apurado. A descrição dos testemunhos e a interpretação dos perfis de poços mostraram que as descontinuidades erosivas registradas nos canais incisos, que poderiam indicar exposições su-baéreas de alta frequência, não ocorrem, nos poços analisados, de forma cíclica, impossibilitando sua utilização como superfícies delimitadoras de sequências de alta frequência. Optou-se, assim, pelo uso das superfícies transgressivas ou de afogamento que recobrem os carbonatos de plataforma, como limites de parassequências, estas últimas compostas por uma sucessão basal transgressiva e uma sucessão superior regressiva.",As 4ª e 5ª ordens (quarta e quinta ordens).
resultados/petrobras-5-mini-com-ontologia-add/batch_f92edf32-403b-42d8-9d3a-cbd3932f0816-completo.csv,graphrag,1543,Quais são as duas ordens que não apresentam conteúdo de resolução suficientemente alto para permitir discriminar padrões de terminação de refletores sísmicos?,4a e 5a,"A utilização de um arcabouço estratigráfico de alta frequência para a Sequência A seguindo os preceitos da Moderna Estratigrafia (Catunea-nu, 2006; Catuneanu et al. 2009, Hunt e Tucker, 1992; VanWagoner et al., 1988; Galloway, 1989; Posamentier e Allen, 1999) foi dificultada pelo difícil rastreamento dos refletores e marcadores de um rollover para outro, principalmente no sentido dlp, em um intervalo estratigráfico dominado por intensa halocinese. Além disso, as seções sísmicas disponíveis não apresentam conteúdo de resolução suficientemente alto para permitir discriminar padrões de terminação de refletores sísmicos na 4a e 5a ordens. Esses padrões, se perceptíveis, poderiam auxiliar na determinação das principais superfícies estratigráficas correlativas às flutuações do nível de base, nesse caso viabilizando um estudo sismoestratigráfico mais apurado. A descrição dos testemunhos e a interpretação dos perfis de poços mostraram que as descontinuidades erosivas registradas nos canais incisos, que poderiam indicar exposições su-baéreas de alta frequência, não ocorrem, nos poços analisados, de forma cíclica, impossibilitando sua utilização como superfícies delimitadoras de sequências de alta frequência. Optou-se, assim, pelo uso das superfícies transgressivas ou de afogamento que recobrem os carbonatos de plataforma, como limites de parassequências, estas últimas compostas por uma sucessão basal transgressiva e uma sucessão superior regressiva.",As ordens de 4ª e 5ª.
resultados/petrobras-5-mini-com-ontologia-add/batch_f92edf32-403b-42d8-9d3a-cbd3932f0816-completo.csv,rag,1544,"Qual foi a dificuldade de rastrear os refletores e marcadores de um rollover para outro, principalmente no sentido dlp?",intensa halocinese,"A utilização de um arcabouço estratigráfico de alta frequência para a Sequência A seguindo os preceitos da Moderna Estratigrafia (Catunea-nu, 2006; Catuneanu et al. 2009, Hunt e Tucker, 1992; VanWagoner et al., 1988; Galloway, 1989; Posamentier e Allen, 1999) foi dificultada pelo difícil rastreamento dos refletores e marcadores de um rollover para outro, principalmente no sentido dlp, em um intervalo estratigráfico dominado por intensa halocinese. Além disso, as seções sísmicas disponíveis não apresentam conteúdo de resolução suficientemente alto para permitir discriminar padrões de terminação de refletores sísmicos na 4a e 5a ordens. Esses padrões, se perceptíveis, poderiam auxiliar na determinação das principais superfícies estratigráficas correlativas às flutuações do nível de base, nesse caso viabilizando um estudo sismoestratigráfico mais apurado. A descrição dos testemunhos e a interpretação dos perfis de poços mostraram que as descontinuidades erosivas registradas nos canais incisos, que poderiam indicar exposições su-baéreas de alta frequência, não ocorrem, nos poços analisados, de forma cíclica, impossibilitando sua utilização como superfícies delimitadoras de sequências de alta frequência. Optou-se, assim, pelo uso das superfícies transgressivas ou de afogamento que recobrem os carbonatos de plataforma, como limites de parassequências, estas últimas compostas por uma sucessão basal transgressiva e uma sucessão superior regressiva.","Porque o intervalo é fortemente afetado por halocinese, que deforma/desloca os refletores, e as sísmicas disponíveis têm resolução insuficiente (não permitem discriminar terminações de 4ª/5ª ordens); esse conjunto dificultou seguir os marcadores de um rollover para outro, especialmente no sentido dlp."
resultados/petrobras-5-mini-com-ontologia-add/batch_f92edf32-403b-42d8-9d3a-cbd3932f0816-completo.csv,graphrag,1544,"Qual foi a dificuldade de rastrear os refletores e marcadores de um rollover para outro, principalmente no sentido dlp?",intensa halocinese,"A utilização de um arcabouço estratigráfico de alta frequência para a Sequência A seguindo os preceitos da Moderna Estratigrafia (Catunea-nu, 2006; Catuneanu et al. 2009, Hunt e Tucker, 1992; VanWagoner et al., 1988; Galloway, 1989; Posamentier e Allen, 1999) foi dificultada pelo difícil rastreamento dos refletores e marcadores de um rollover para outro, principalmente no sentido dlp, em um intervalo estratigráfico dominado por intensa halocinese. Além disso, as seções sísmicas disponíveis não apresentam conteúdo de resolução suficientemente alto para permitir discriminar padrões de terminação de refletores sísmicos na 4a e 5a ordens. Esses padrões, se perceptíveis, poderiam auxiliar na determinação das principais superfícies estratigráficas correlativas às flutuações do nível de base, nesse caso viabilizando um estudo sismoestratigráfico mais apurado. A descrição dos testemunhos e a interpretação dos perfis de poços mostraram que as descontinuidades erosivas registradas nos canais incisos, que poderiam indicar exposições su-baéreas de alta frequência, não ocorrem, nos poços analisados, de forma cíclica, impossibilitando sua utilização como superfícies delimitadoras de sequências de alta frequência. Optou-se, assim, pelo uso das superfícies transgressivas ou de afogamento que recobrem os carbonatos de plataforma, como limites de parassequências, estas últimas compostas por uma sucessão basal transgressiva e uma sucessão superior regressiva.","Porque o intervalo era dominado por intensa halocinese, o que dificultou o rastreio dos refletores entre rollovers — agravado pela resolução sísmica insuficiente."
resultados/petrobras-5-mini-com-ontologia-add/batch_f92edf32-403b-42d8-9d3a-cbd3932f0816-completo.csv,rag,1547,O que as seções sísmicas disponíveis não permitiram discriminar?,padrões de terminação de refletores sísmicos,"A utilização de um arcabouço estratigráfico de alta frequência para a Sequência A seguindo os preceitos da Moderna Estratigrafia (Catunea-nu, 2006; Catuneanu et al. 2009, Hunt e Tucker, 1992; VanWagoner et al., 1988; Galloway, 1989; Posamentier e Allen, 1999) foi dificultada pelo difícil rastreamento dos refletores e marcadores de um rollover para outro, principalmente no sentido dlp, em um intervalo estratigráfico dominado por intensa halocinese. Além disso, as seções sísmicas disponíveis não apresentam conteúdo de resolução suficientemente alto para permitir discriminar padrões de terminação de refletores sísmicos na 4a e 5a ordens. Esses padrões, se perceptíveis, poderiam auxiliar na determinação das principais superfícies estratigráficas correlativas às flutuações do nível de base, nesse caso viabilizando um estudo sismoestratigráfico mais apurado. A descrição dos testemunhos e a interpretação dos perfis de poços mostraram que as descontinuidades erosivas registradas nos canais incisos, que poderiam indicar exposições su-baéreas de alta frequência, não ocorrem, nos poços analisados, de forma cíclica, impossibilitando sua utilização como superfícies delimitadoras de sequências de alta frequência. Optou-se, assim, pelo uso das superfícies transgressivas ou de afogamento que recobrem os carbonatos de plataforma, como limites de parassequências, estas últimas compostas por uma sucessão basal transgressiva e uma sucessão superior regressiva.",Padrões de terminação de refletores sísmicos de 4ª e 5ª ordens.
resultados/petrobras-5-mini-com-ontologia-add/batch_f92edf32-403b-42d8-9d3a-cbd3932f0816-completo.csv,graphrag,1547,O que as seções sísmicas disponíveis não permitiram discriminar?,padrões de terminação de refletores sísmicos,"A utilização de um arcabouço estratigráfico de alta frequência para a Sequência A seguindo os preceitos da Moderna Estratigrafia (Catunea-nu, 2006; Catuneanu et al. 2009, Hunt e Tucker, 1992; VanWagoner et al., 1988; Galloway, 1989; Posamentier e Allen, 1999) foi dificultada pelo difícil rastreamento dos refletores e marcadores de um rollover para outro, principalmente no sentido dlp, em um intervalo estratigráfico dominado por intensa halocinese. Além disso, as seções sísmicas disponíveis não apresentam conteúdo de resolução suficientemente alto para permitir discriminar padrões de terminação de refletores sísmicos na 4a e 5a ordens. Esses padrões, se perceptíveis, poderiam auxiliar na determinação das principais superfícies estratigráficas correlativas às flutuações do nível de base, nesse caso viabilizando um estudo sismoestratigráfico mais apurado. A descrição dos testemunhos e a interpretação dos perfis de poços mostraram que as descontinuidades erosivas registradas nos canais incisos, que poderiam indicar exposições su-baéreas de alta frequência, não ocorrem, nos poços analisados, de forma cíclica, impossibilitando sua utilização como superfícies delimitadoras de sequências de alta frequência. Optou-se, assim, pelo uso das superfícies transgressivas ou de afogamento que recobrem os carbonatos de plataforma, como limites de parassequências, estas últimas compostas por uma sucessão basal transgressiva e uma sucessão superior regressiva.",Os padrões de terminação de refletores sísmicos de 4ª e 5ª ordens (devido à baixa resolução das seções).
resultados/petrobras-5-mini-com-ontologia-add/batch_f92edf32-403b-42d8-9d3a-cbd3932f0816-completo.csv,rag,1552,O que as seções sísmicas disponíveis não permitem discriminar?,padrões de terminação de refletores sísmicos,"A utilização de um arcabouço estratigráfico de alta frequência para a Sequência A seguindo os preceitos da Moderna Estratigrafia (Catunea-nu, 2006; Catuneanu et al. 2009, Hunt e Tucker, 1992; VanWagoner et al., 1988; Galloway, 1989; Posamentier e Allen, 1999) foi dificultada pelo difícil rastreamento dos refletores e marcadores de um rollover para outro, principalmente no sentido dlp, em um intervalo estratigráfico dominado por intensa halocinese. Além disso, as seções sísmicas disponíveis não apresentam conteúdo de resolução suficientemente alto para permitir discriminar padrões de terminação de refletores sísmicos na 4a e 5a ordens. Esses padrões, se perceptíveis, poderiam auxiliar na determinação das principais superfícies estratigráficas correlativas às flutuações do nível de base, nesse caso viabilizando um estudo sismoestratigráfico mais apurado. A descrição dos testemunhos e a interpretação dos perfis de poços mostraram que as descontinuidades erosivas registradas nos canais incisos, que poderiam indicar exposições su-baéreas de alta frequência, não ocorrem, nos poços analisados, de forma cíclica, impossibilitando sua utilização como superfícies delimitadoras de sequências de alta frequência. Optou-se, assim, pelo uso das superfícies transgressivas ou de afogamento que recobrem os carbonatos de plataforma, como limites de parassequências, estas últimas compostas por uma sucessão basal transgressiva e uma sucessão superior regressiva.",Os padrões de terminação de refletores sísmicos das ordens 4ª e 5ª.
resultados/petrobras-5-mini-com-ontologia-add/batch_f92edf32-403b-42d8-9d3a-cbd3932f0816-completo.csv,graphrag,1552,O que as seções sísmicas disponíveis não permitem discriminar?,padrões de terminação de refletores sísmicos,"A utilização de um arcabouço estratigráfico de alta frequência para a Sequência A seguindo os preceitos da Moderna Estratigrafia (Catunea-nu, 2006; Catuneanu et al. 2009, Hunt e Tucker, 1992; VanWagoner et al., 1988; Galloway, 1989; Posamentier e Allen, 1999) foi dificultada pelo difícil rastreamento dos refletores e marcadores de um rollover para outro, principalmente no sentido dlp, em um intervalo estratigráfico dominado por intensa halocinese. Além disso, as seções sísmicas disponíveis não apresentam conteúdo de resolução suficientemente alto para permitir discriminar padrões de terminação de refletores sísmicos na 4a e 5a ordens. Esses padrões, se perceptíveis, poderiam auxiliar na determinação das principais superfícies estratigráficas correlativas às flutuações do nível de base, nesse caso viabilizando um estudo sismoestratigráfico mais apurado. A descrição dos testemunhos e a interpretação dos perfis de poços mostraram que as descontinuidades erosivas registradas nos canais incisos, que poderiam indicar exposições su-baéreas de alta frequência, não ocorrem, nos poços analisados, de forma cíclica, impossibilitando sua utilização como superfícies delimitadoras de sequências de alta frequência. Optou-se, assim, pelo uso das superfícies transgressivas ou de afogamento que recobrem os carbonatos de plataforma, como limites de parassequências, estas últimas compostas por uma sucessão basal transgressiva e uma sucessão superior regressiva.","Os padrões de terminação de refletores sísmicos em ordens menores (4ª e 5ª ordens), devido à resolução sísmica insuficiente."
resultados/petrobras-5-mini-com-ontologia-add/batch_f92edf32-403b-42d8-9d3a-cbd3932f0816-completo.csv,rag,1555,O que foi dificultado para traçar sequências de alta frequência?,rastreamento dos refletores e marcadores,"A utilização de um arcabouço estratigráfico de alta frequência para a Sequência A seguindo os preceitos da Moderna Estratigrafia (Catunea-nu, 2006; Catuneanu et al. 2009, Hunt e Tucker, 1992; VanWagoner et al., 1988; Galloway, 1989; Posamentier e Allen, 1999) foi dificultada pelo difícil rastreamento dos refletores e marcadores de um rollover para outro, principalmente no sentido dlp, em um intervalo estratigráfico dominado por intensa halocinese. Além disso, as seções sísmicas disponíveis não apresentam conteúdo de resolução suficientemente alto para permitir discriminar padrões de terminação de refletores sísmicos na 4a e 5a ordens. Esses padrões, se perceptíveis, poderiam auxiliar na determinação das principais superfícies estratigráficas correlativas às flutuações do nível de base, nesse caso viabilizando um estudo sismoestratigráfico mais apurado. A descrição dos testemunhos e a interpretação dos perfis de poços mostraram que as descontinuidades erosivas registradas nos canais incisos, que poderiam indicar exposições su-baéreas de alta frequência, não ocorrem, nos poços analisados, de forma cíclica, impossibilitando sua utilização como superfícies delimitadoras de sequências de alta frequência. Optou-se, assim, pelo uso das superfícies transgressivas ou de afogamento que recobrem os carbonatos de plataforma, como limites de parassequências, estas últimas compostas por uma sucessão basal transgressiva e uma sucessão superior regressiva.","O traçado foi dificultado pelo difícil rastreamento dos refletores/marcadores entre rollovers (especialmente no dlp) devido à intensa halocinese, pela resolução sísmica insuficiente para distinguir padrões de terminação de 4ª/5ª ordens, e pela ausência de descontinuidades erosivas cíclicas nos testemunhos que pudessem delimitar sequências."
resultados/petrobras-5-mini-com-ontologia-add/batch_f92edf32-403b-42d8-9d3a-cbd3932f0816-completo.csv,graphrag,1555,O que foi dificultado para traçar sequências de alta frequência?,rastreamento dos refletores e marcadores,"A utilização de um arcabouço estratigráfico de alta frequência para a Sequência A seguindo os preceitos da Moderna Estratigrafia (Catunea-nu, 2006; Catuneanu et al. 2009, Hunt e Tucker, 1992; VanWagoner et al., 1988; Galloway, 1989; Posamentier e Allen, 1999) foi dificultada pelo difícil rastreamento dos refletores e marcadores de um rollover para outro, principalmente no sentido dlp, em um intervalo estratigráfico dominado por intensa halocinese. Além disso, as seções sísmicas disponíveis não apresentam conteúdo de resolução suficientemente alto para permitir discriminar padrões de terminação de refletores sísmicos na 4a e 5a ordens. Esses padrões, se perceptíveis, poderiam auxiliar na determinação das principais superfícies estratigráficas correlativas às flutuações do nível de base, nesse caso viabilizando um estudo sismoestratigráfico mais apurado. A descrição dos testemunhos e a interpretação dos perfis de poços mostraram que as descontinuidades erosivas registradas nos canais incisos, que poderiam indicar exposições su-baéreas de alta frequência, não ocorrem, nos poços analisados, de forma cíclica, impossibilitando sua utilização como superfícies delimitadoras de sequências de alta frequência. Optou-se, assim, pelo uso das superfícies transgressivas ou de afogamento que recobrem os carbonatos de plataforma, como limites de parassequências, estas últimas compostas por uma sucessão basal transgressiva e uma sucessão superior regressiva.","O traçado de sequências de alta frequência foi dificultado pelo difícil rastreamento de refletores e marcadores (de um rollover para outro, especialmente no sentido dlp) em intervalo dominado por intensa halocinese, pela resolução sísmica insuficiente para discriminar padrões de terminação de 4ª/5ª ordens e pela ocorrência não cíclica das descontinuidades erosivas em canais incisos."
resultados/petrobras-5-mini-com-ontologia-add/batch_f92edf32-403b-42d8-9d3a-cbd3932f0816-completo.csv,rag,1556,Quais são os preceitos utilizados para a utilização de um arcabouço estratigráfico de alta frequência na Sequência A?,"Moderna Estratigrafia (Catunea-nu, 2006; Catuneanu et al. 2009, Hunt e Tucker, 1992; VanWagoner et al., 1988; Galloway, 1989; Posamentier e Allen, 1999)","A utilização de um arcabouço estratigráfico de alta frequência para a Sequência A seguindo os preceitos da Moderna Estratigrafia (Catunea-nu, 2006; Catuneanu et al. 2009, Hunt e Tucker, 1992; VanWagoner et al., 1988; Galloway, 1989; Posamentier e Allen, 1999) foi dificultada pelo difícil rastreamento dos refletores e marcadores de um rollover para outro, principalmente no sentido dlp, em um intervalo estratigráfico dominado por intensa halocinese. Além disso, as seções sísmicas disponíveis não apresentam conteúdo de resolução suficientemente alto para permitir discriminar padrões de terminação de refletores sísmicos na 4a e 5a ordens. Esses padrões, se perceptíveis, poderiam auxiliar na determinação das principais superfícies estratigráficas correlativas às flutuações do nível de base, nesse caso viabilizando um estudo sismoestratigráfico mais apurado. A descrição dos testemunhos e a interpretação dos perfis de poços mostraram que as descontinuidades erosivas registradas nos canais incisos, que poderiam indicar exposições su-baéreas de alta frequência, não ocorrem, nos poços analisados, de forma cíclica, impossibilitando sua utilização como superfícies delimitadoras de sequências de alta frequência. Optou-se, assim, pelo uso das superfícies transgressivas ou de afogamento que recobrem os carbonatos de plataforma, como limites de parassequências, estas últimas compostas por uma sucessão basal transgressiva e uma sucessão superior regressiva.","Foram seguidos os preceitos da Estratigrafia Moderna (Catuneanu 2006; Catuneanu et al. 2009; Van Wagoner et al. 1988; Galloway 1989; Hunt & Tucker 1992; Posamentier & Allen 1999): uso de arcabouço de alta frequência baseado em terminação de refletores sísmicos (onlap, downlap, toplap, truncation) e identificação de superfícies estratigráficas correlativas associadas a flutuações do nível de base (seqüências e parassequências), com tentativa de discriminar ordens 4ª–5ª e empregar descontinuidades erosivas como limites de sequências. Contudo, devido ao difícil rastreamento de refletores (intensa halocinese) e baixa resolução sísmica, e à ausência de descontinuidades erosivas cíclicas nos testemunhos, optou‑se por adotar as superfícies transgressivas/ de afogamento que recobrem os carbonatos de plataforma como limites de parassequências (cada parassequência = sucessão basal transgressiva + sucessão superior regressiva)."
resultados/petrobras-5-mini-com-ontologia-add/batch_f92edf32-403b-42d8-9d3a-cbd3932f0816-completo.csv,graphrag,1556,Quais são os preceitos utilizados para a utilização de um arcabouço estratigráfico de alta frequência na Sequência A?,"Moderna Estratigrafia (Catunea-nu, 2006; Catuneanu et al. 2009, Hunt e Tucker, 1992; VanWagoner et al., 1988; Galloway, 1989; Posamentier e Allen, 1999)","A utilização de um arcabouço estratigráfico de alta frequência para a Sequência A seguindo os preceitos da Moderna Estratigrafia (Catunea-nu, 2006; Catuneanu et al. 2009, Hunt e Tucker, 1992; VanWagoner et al., 1988; Galloway, 1989; Posamentier e Allen, 1999) foi dificultada pelo difícil rastreamento dos refletores e marcadores de um rollover para outro, principalmente no sentido dlp, em um intervalo estratigráfico dominado por intensa halocinese. Além disso, as seções sísmicas disponíveis não apresentam conteúdo de resolução suficientemente alto para permitir discriminar padrões de terminação de refletores sísmicos na 4a e 5a ordens. Esses padrões, se perceptíveis, poderiam auxiliar na determinação das principais superfícies estratigráficas correlativas às flutuações do nível de base, nesse caso viabilizando um estudo sismoestratigráfico mais apurado. A descrição dos testemunhos e a interpretação dos perfis de poços mostraram que as descontinuidades erosivas registradas nos canais incisos, que poderiam indicar exposições su-baéreas de alta frequência, não ocorrem, nos poços analisados, de forma cíclica, impossibilitando sua utilização como superfícies delimitadoras de sequências de alta frequência. Optou-se, assim, pelo uso das superfícies transgressivas ou de afogamento que recobrem os carbonatos de plataforma, como limites de parassequências, estas últimas compostas por uma sucessão basal transgressiva e uma sucessão superior regressiva.","Foram seguidos os preceitos da Estratigrafia Moderna, conforme: Catuneanu (2006); Catuneanu et al. (2009); Hunt & Tucker (1992); Van Wagoner et al. (1988); Galloway (1989) e Posamentier & Allen (1999)."
resultados/petrobras-5-mini-com-ontologia-add/batch_f92edf32-403b-42d8-9d3a-cbd3932f0816-completo.csv,rag,1557,Por que a utilização de um arcabouço estratigráfico de alta frequência para a Sequência A foi dificultada?,"pelo difícil rastreamento dos refletores e marcadores de um rollover para outro, principalmente no sentido dlp, em um intervalo estratigráfico dominado por intensa halocinese","A utilização de um arcabouço estratigráfico de alta frequência para a Sequência A seguindo os preceitos da Moderna Estratigrafia (Catunea-nu, 2006; Catuneanu et al. 2009, Hunt e Tucker, 1992; VanWagoner et al., 1988; Galloway, 1989; Posamentier e Allen, 1999) foi dificultada pelo difícil rastreamento dos refletores e marcadores de um rollover para outro, principalmente no sentido dlp, em um intervalo estratigráfico dominado por intensa halocinese. Além disso, as seções sísmicas disponíveis não apresentam conteúdo de resolução suficientemente alto para permitir discriminar padrões de terminação de refletores sísmicos na 4a e 5a ordens. Esses padrões, se perceptíveis, poderiam auxiliar na determinação das principais superfícies estratigráficas correlativas às flutuações do nível de base, nesse caso viabilizando um estudo sismoestratigráfico mais apurado. A descrição dos testemunhos e a interpretação dos perfis de poços mostraram que as descontinuidades erosivas registradas nos canais incisos, que poderiam indicar exposições su-baéreas de alta frequência, não ocorrem, nos poços analisados, de forma cíclica, impossibilitando sua utilização como superfícies delimitadoras de sequências de alta frequência. Optou-se, assim, pelo uso das superfícies transgressivas ou de afogamento que recobrem os carbonatos de plataforma, como limites de parassequências, estas últimas compostas por uma sucessão basal transgressiva e uma sucessão superior regressiva.","Porque foi difícil rastrear e correlacionar os marcadores de alta frequência: (1) intensa halocinese no intervalo impediu o seguimento dos refletores de um rollover a outro, especialmente no sentido dlp; (2) as linhas sísmicas não têm resolução suficiente para discriminar padrões de terminação de 4ª e 5ª ordens que auxiliariam na identificação das superfícies correlativas; (3) nos testemunhos e perfis de poço as descontinuidades erosivas (canais incisos) não aparecem de forma cíclica, não podendo ser usadas como limites de sequências de alta frequência."
resultados/petrobras-5-mini-com-ontologia-add/batch_f92edf32-403b-42d8-9d3a-cbd3932f0816-completo.csv,graphrag,1557,Por que a utilização de um arcabouço estratigráfico de alta frequência para a Sequência A foi dificultada?,"pelo difícil rastreamento dos refletores e marcadores de um rollover para outro, principalmente no sentido dlp, em um intervalo estratigráfico dominado por intensa halocinese","A utilização de um arcabouço estratigráfico de alta frequência para a Sequência A seguindo os preceitos da Moderna Estratigrafia (Catunea-nu, 2006; Catuneanu et al. 2009, Hunt e Tucker, 1992; VanWagoner et al., 1988; Galloway, 1989; Posamentier e Allen, 1999) foi dificultada pelo difícil rastreamento dos refletores e marcadores de um rollover para outro, principalmente no sentido dlp, em um intervalo estratigráfico dominado por intensa halocinese. Além disso, as seções sísmicas disponíveis não apresentam conteúdo de resolução suficientemente alto para permitir discriminar padrões de terminação de refletores sísmicos na 4a e 5a ordens. Esses padrões, se perceptíveis, poderiam auxiliar na determinação das principais superfícies estratigráficas correlativas às flutuações do nível de base, nesse caso viabilizando um estudo sismoestratigráfico mais apurado. A descrição dos testemunhos e a interpretação dos perfis de poços mostraram que as descontinuidades erosivas registradas nos canais incisos, que poderiam indicar exposições su-baéreas de alta frequência, não ocorrem, nos poços analisados, de forma cíclica, impossibilitando sua utilização como superfícies delimitadoras de sequências de alta frequência. Optou-se, assim, pelo uso das superfícies transgressivas ou de afogamento que recobrem os carbonatos de plataforma, como limites de parassequências, estas últimas compostas por uma sucessão basal transgressiva e uma sucessão superior regressiva.","Porque houve dificuldade em rastrear refletores e marcadores entre rollovers num intervalo dominado por intensa halocinese (especialmente no sentido dlp), as seções sísmicas tinham resolução insuficiente para discriminar padrões de terminação de 4ª/5ª ordens, e as descontinuidades erosivas (potenciais exposições subaéreas) não aparecem de forma cíclica nos testemunhos/poços."
resultados/petrobras-5-mini-com-ontologia-add/batch_f92edf32-403b-42d8-9d3a-cbd3932f0816-completo.csv,rag,1558,O que as seções sísmicas disponíveis não apresentam para permitir discriminar padrões de terminação de refletores sísmicos na 4a e 5a ordens?,conteúdo de resolução suficientemente alto,"A utilização de um arcabouço estratigráfico de alta frequência para a Sequência A seguindo os preceitos da Moderna Estratigrafia (Catunea-nu, 2006; Catuneanu et al. 2009, Hunt e Tucker, 1992; VanWagoner et al., 1988; Galloway, 1989; Posamentier e Allen, 1999) foi dificultada pelo difícil rastreamento dos refletores e marcadores de um rollover para outro, principalmente no sentido dlp, em um intervalo estratigráfico dominado por intensa halocinese. Além disso, as seções sísmicas disponíveis não apresentam conteúdo de resolução suficientemente alto para permitir discriminar padrões de terminação de refletores sísmicos na 4a e 5a ordens. Esses padrões, se perceptíveis, poderiam auxiliar na determinação das principais superfícies estratigráficas correlativas às flutuações do nível de base, nesse caso viabilizando um estudo sismoestratigráfico mais apurado. A descrição dos testemunhos e a interpretação dos perfis de poços mostraram que as descontinuidades erosivas registradas nos canais incisos, que poderiam indicar exposições su-baéreas de alta frequência, não ocorrem, nos poços analisados, de forma cíclica, impossibilitando sua utilização como superfícies delimitadoras de sequências de alta frequência. Optou-se, assim, pelo uso das superfícies transgressivas ou de afogamento que recobrem os carbonatos de plataforma, como limites de parassequências, estas últimas compostas por uma sucessão basal transgressiva e uma sucessão superior regressiva.","Elas não apresentam conteúdo de resolução suficientemente alto (isto é, falta de resolução espacial/temporal adequada) para discriminar padrões de terminação de 4ª e 5ª ordens."
resultados/petrobras-5-mini-com-ontologia-add/batch_f92edf32-403b-42d8-9d3a-cbd3932f0816-completo.csv,graphrag,1558,O que as seções sísmicas disponíveis não apresentam para permitir discriminar padrões de terminação de refletores sísmicos na 4a e 5a ordens?,conteúdo de resolução suficientemente alto,"A utilização de um arcabouço estratigráfico de alta frequência para a Sequência A seguindo os preceitos da Moderna Estratigrafia (Catunea-nu, 2006; Catuneanu et al. 2009, Hunt e Tucker, 1992; VanWagoner et al., 1988; Galloway, 1989; Posamentier e Allen, 1999) foi dificultada pelo difícil rastreamento dos refletores e marcadores de um rollover para outro, principalmente no sentido dlp, em um intervalo estratigráfico dominado por intensa halocinese. Além disso, as seções sísmicas disponíveis não apresentam conteúdo de resolução suficientemente alto para permitir discriminar padrões de terminação de refletores sísmicos na 4a e 5a ordens. Esses padrões, se perceptíveis, poderiam auxiliar na determinação das principais superfícies estratigráficas correlativas às flutuações do nível de base, nesse caso viabilizando um estudo sismoestratigráfico mais apurado. A descrição dos testemunhos e a interpretação dos perfis de poços mostraram que as descontinuidades erosivas registradas nos canais incisos, que poderiam indicar exposições su-baéreas de alta frequência, não ocorrem, nos poços analisados, de forma cíclica, impossibilitando sua utilização como superfícies delimitadoras de sequências de alta frequência. Optou-se, assim, pelo uso das superfícies transgressivas ou de afogamento que recobrem os carbonatos de plataforma, como limites de parassequências, estas últimas compostas por uma sucessão basal transgressiva e uma sucessão superior regressiva.","Conteúdo com resolução suficientemente alta — ou seja, resolução sísmica insuficiente."
resultados/petrobras-5-mini-com-ontologia-add/batch_f92edf32-403b-42d8-9d3a-cbd3932f0816-completo.csv,rag,1559,Por que as descontinuidades erosivas registradas nos canais incisos não puderam ser utilizadas como superfícies delimitadoras de sequências de alta frequência?,"não ocorrem, nos poços analisados, de forma cíclica, impossibilitando sua utilização como superfícies delimitadoras de sequências de alta frequência","A utilização de um arcabouço estratigráfico de alta frequência para a Sequência A seguindo os preceitos da Moderna Estratigrafia (Catunea-nu, 2006; Catuneanu et al. 2009, Hunt e Tucker, 1992; VanWagoner et al., 1988; Galloway, 1989; Posamentier e Allen, 1999) foi dificultada pelo difícil rastreamento dos refletores e marcadores de um rollover para outro, principalmente no sentido dlp, em um intervalo estratigráfico dominado por intensa halocinese. Além disso, as seções sísmicas disponíveis não apresentam conteúdo de resolução suficientemente alto para permitir discriminar padrões de terminação de refletores sísmicos na 4a e 5a ordens. Esses padrões, se perceptíveis, poderiam auxiliar na determinação das principais superfícies estratigráficas correlativas às flutuações do nível de base, nesse caso viabilizando um estudo sismoestratigráfico mais apurado. A descrição dos testemunhos e a interpretação dos perfis de poços mostraram que as descontinuidades erosivas registradas nos canais incisos, que poderiam indicar exposições su-baéreas de alta frequência, não ocorrem, nos poços analisados, de forma cíclica, impossibilitando sua utilização como superfícies delimitadoras de sequências de alta frequência. Optou-se, assim, pelo uso das superfícies transgressivas ou de afogamento que recobrem os carbonatos de plataforma, como limites de parassequências, estas últimas compostas por uma sucessão basal transgressiva e uma sucessão superior regressiva.","Porque, conforme os testemunhos e perfis de poço, as descontinuidades erosivas dos canais incisos não ocorrem de forma cíclica nos poços analisados, logo não funcionam como superfícies limitantes de sequências de alta frequência. Ademais, o forte efeito da halocinese e a resolução sísmica insuficiente impediram rastrear e identificar padrões de terminação de refletores necessários para suportar esse enquadramento."
resultados/petrobras-5-mini-com-ontologia-add/batch_f92edf32-403b-42d8-9d3a-cbd3932f0816-completo.csv,graphrag,1559,Por que as descontinuidades erosivas registradas nos canais incisos não puderam ser utilizadas como superfícies delimitadoras de sequências de alta frequência?,"não ocorrem, nos poços analisados, de forma cíclica, impossibilitando sua utilização como superfícies delimitadoras de sequências de alta frequência","A utilização de um arcabouço estratigráfico de alta frequência para a Sequência A seguindo os preceitos da Moderna Estratigrafia (Catunea-nu, 2006; Catuneanu et al. 2009, Hunt e Tucker, 1992; VanWagoner et al., 1988; Galloway, 1989; Posamentier e Allen, 1999) foi dificultada pelo difícil rastreamento dos refletores e marcadores de um rollover para outro, principalmente no sentido dlp, em um intervalo estratigráfico dominado por intensa halocinese. Além disso, as seções sísmicas disponíveis não apresentam conteúdo de resolução suficientemente alto para permitir discriminar padrões de terminação de refletores sísmicos na 4a e 5a ordens. Esses padrões, se perceptíveis, poderiam auxiliar na determinação das principais superfícies estratigráficas correlativas às flutuações do nível de base, nesse caso viabilizando um estudo sismoestratigráfico mais apurado. A descrição dos testemunhos e a interpretação dos perfis de poços mostraram que as descontinuidades erosivas registradas nos canais incisos, que poderiam indicar exposições su-baéreas de alta frequência, não ocorrem, nos poços analisados, de forma cíclica, impossibilitando sua utilização como superfícies delimitadoras de sequências de alta frequência. Optou-se, assim, pelo uso das superfícies transgressivas ou de afogamento que recobrem os carbonatos de plataforma, como limites de parassequências, estas últimas compostas por uma sucessão basal transgressiva e uma sucessão superior regressiva.","Porque as descontinuidades erosivas observadas nos canais não ocorriam de forma cíclica nos poços analisados — logo não eram critérios recorrentes de limite de sequência de alta frequência — e, adicionalmente, o difícil rastreio de refletores (por intensa halocinese) e a resolução sísmica insuficiente impediam reconhecer padrões de terminação de 4ª/5ª ordem que sustentassem esse uso."
resultados/petrobras-5-mini-com-ontologia-add/batch_f92edf32-403b-42d8-9d3a-cbd3932f0816-completo.csv,rag,1560,"O que foi utilizado como limites de parassequências, compostas por uma sucessão basal transgressiva e uma sucessão superior regressiva?",as superfícies transgressivas ou de afogamento que recobrem os carbonatos de plataforma,"A utilização de um arcabouço estratigráfico de alta frequência para a Sequência A seguindo os preceitos da Moderna Estratigrafia (Catunea-nu, 2006; Catuneanu et al. 2009, Hunt e Tucker, 1992; VanWagoner et al., 1988; Galloway, 1989; Posamentier e Allen, 1999) foi dificultada pelo difícil rastreamento dos refletores e marcadores de um rollover para outro, principalmente no sentido dlp, em um intervalo estratigráfico dominado por intensa halocinese. Além disso, as seções sísmicas disponíveis não apresentam conteúdo de resolução suficientemente alto para permitir discriminar padrões de terminação de refletores sísmicos na 4a e 5a ordens. Esses padrões, se perceptíveis, poderiam auxiliar na determinação das principais superfícies estratigráficas correlativas às flutuações do nível de base, nesse caso viabilizando um estudo sismoestratigráfico mais apurado. A descrição dos testemunhos e a interpretação dos perfis de poços mostraram que as descontinuidades erosivas registradas nos canais incisos, que poderiam indicar exposições su-baéreas de alta frequência, não ocorrem, nos poços analisados, de forma cíclica, impossibilitando sua utilização como superfícies delimitadoras de sequências de alta frequência. Optou-se, assim, pelo uso das superfícies transgressivas ou de afogamento que recobrem os carbonatos de plataforma, como limites de parassequências, estas últimas compostas por uma sucessão basal transgressiva e uma sucessão superior regressiva.",As superfícies transgressivas (ou de afogamento) que recobrem os carbonatos de plataforma.
resultados/petrobras-5-mini-com-ontologia-add/batch_f92edf32-403b-42d8-9d3a-cbd3932f0816-completo.csv,graphrag,1560,"O que foi utilizado como limites de parassequências, compostas por uma sucessão basal transgressiva e uma sucessão superior regressiva?",as superfícies transgressivas ou de afogamento que recobrem os carbonatos de plataforma,"A utilização de um arcabouço estratigráfico de alta frequência para a Sequência A seguindo os preceitos da Moderna Estratigrafia (Catunea-nu, 2006; Catuneanu et al. 2009, Hunt e Tucker, 1992; VanWagoner et al., 1988; Galloway, 1989; Posamentier e Allen, 1999) foi dificultada pelo difícil rastreamento dos refletores e marcadores de um rollover para outro, principalmente no sentido dlp, em um intervalo estratigráfico dominado por intensa halocinese. Além disso, as seções sísmicas disponíveis não apresentam conteúdo de resolução suficientemente alto para permitir discriminar padrões de terminação de refletores sísmicos na 4a e 5a ordens. Esses padrões, se perceptíveis, poderiam auxiliar na determinação das principais superfícies estratigráficas correlativas às flutuações do nível de base, nesse caso viabilizando um estudo sismoestratigráfico mais apurado. A descrição dos testemunhos e a interpretação dos perfis de poços mostraram que as descontinuidades erosivas registradas nos canais incisos, que poderiam indicar exposições su-baéreas de alta frequência, não ocorrem, nos poços analisados, de forma cíclica, impossibilitando sua utilização como superfícies delimitadoras de sequências de alta frequência. Optou-se, assim, pelo uso das superfícies transgressivas ou de afogamento que recobrem os carbonatos de plataforma, como limites de parassequências, estas últimas compostas por uma sucessão basal transgressiva e uma sucessão superior regressiva.",Foram usadas as superfícies transgressivas (ou de afogamento) que recobrem os carbonatos de plataforma.
resultados/petrobras-5-mini-com-ontologia-add/batch_f92edf32-403b-42d8-9d3a-cbd3932f0816-completo.csv,rag,1562,O que dificultou a utilização de um arcabouço estratigráfico de alta frequência para a Sequência A?,"o difícil rastreamento dos refletores e marcadores de um rollover para outro, principalmente no sentido dlp, em um intervalo estratigráfico dominado por intensa halocinese","A utilização de um arcabouço estratigráfico de alta frequência para a Sequência A seguindo os preceitos da Moderna Estratigrafia (Catunea-nu, 2006; Catuneanu et al. 2009, Hunt e Tucker, 1992; VanWagoner et al., 1988; Galloway, 1989; Posamentier e Allen, 1999) foi dificultada pelo difícil rastreamento dos refletores e marcadores de um rollover para outro, principalmente no sentido dlp, em um intervalo estratigráfico dominado por intensa halocinese. Além disso, as seções sísmicas disponíveis não apresentam conteúdo de resolução suficientemente alto para permitir discriminar padrões de terminação de refletores sísmicos na 4a e 5a ordens. Esses padrões, se perceptíveis, poderiam auxiliar na determinação das principais superfícies estratigráficas correlativas às flutuações do nível de base, nesse caso viabilizando um estudo sismoestratigráfico mais apurado. A descrição dos testemunhos e a interpretação dos perfis de poços mostraram que as descontinuidades erosivas registradas nos canais incisos, que poderiam indicar exposições su-baéreas de alta frequência, não ocorrem, nos poços analisados, de forma cíclica, impossibilitando sua utilização como superfícies delimitadoras de sequências de alta frequência. Optou-se, assim, pelo uso das superfícies transgressivas ou de afogamento que recobrem os carbonatos de plataforma, como limites de parassequências, estas últimas compostas por uma sucessão basal transgressiva e uma sucessão superior regressiva.","Porque não foi possível rastrear consistentemente os refletores/marcadores entre rollovers (especialmente no sentido dlp) num intervalo dominado por intensa halocinese; as sísmicas disponíveis não têm resolução suficiente para discriminar padrões de terminação de 4ª–5ª ordens; e as descontinuidades erosivas nos poços (canais incisos) não ocorrem de forma cíclica, impedindo seu uso como limites de sequências de alta frequência."
resultados/petrobras-5-mini-com-ontologia-add/batch_f92edf32-403b-42d8-9d3a-cbd3932f0816-completo.csv,graphrag,1562,O que dificultou a utilização de um arcabouço estratigráfico de alta frequência para a Sequência A?,"o difícil rastreamento dos refletores e marcadores de um rollover para outro, principalmente no sentido dlp, em um intervalo estratigráfico dominado por intensa halocinese","A utilização de um arcabouço estratigráfico de alta frequência para a Sequência A seguindo os preceitos da Moderna Estratigrafia (Catunea-nu, 2006; Catuneanu et al. 2009, Hunt e Tucker, 1992; VanWagoner et al., 1988; Galloway, 1989; Posamentier e Allen, 1999) foi dificultada pelo difícil rastreamento dos refletores e marcadores de um rollover para outro, principalmente no sentido dlp, em um intervalo estratigráfico dominado por intensa halocinese. Além disso, as seções sísmicas disponíveis não apresentam conteúdo de resolução suficientemente alto para permitir discriminar padrões de terminação de refletores sísmicos na 4a e 5a ordens. Esses padrões, se perceptíveis, poderiam auxiliar na determinação das principais superfícies estratigráficas correlativas às flutuações do nível de base, nesse caso viabilizando um estudo sismoestratigráfico mais apurado. A descrição dos testemunhos e a interpretação dos perfis de poços mostraram que as descontinuidades erosivas registradas nos canais incisos, que poderiam indicar exposições su-baéreas de alta frequência, não ocorrem, nos poços analisados, de forma cíclica, impossibilitando sua utilização como superfícies delimitadoras de sequências de alta frequência. Optou-se, assim, pelo uso das superfícies transgressivas ou de afogamento que recobrem os carbonatos de plataforma, como limites de parassequências, estas últimas compostas por uma sucessão basal transgressiva e uma sucessão superior regressiva.","Principalmente três fatores: (1) difícil rastreamento dos refletores e marcadores entre rollovers num intervalo dominado por intensa halocinese (sobretudo no sentido dlp); (2) resolução sísmica insuficiente para discriminar padrões de terminação de 4ª e 5ª ordens; (3) as descontinuidades erosivas observadas nos canais incisos nos poços não ocorrem de forma cíclica, impedindo seu uso como limites de sequências de alta frequência."
resultados/petrobras-5-mini-com-ontologia-add/batch_f92edf32-403b-42d8-9d3a-cbd3932f0816-completo.csv,rag,1563,O que poderia auxiliar na determinação das principais superfícies estratigráficas correlativas às flutuações do nível de base?,padrões de terminação de refletores sísmicos na 4a e 5a ordens,"A utilização de um arcabouço estratigráfico de alta frequência para a Sequência A seguindo os preceitos da Moderna Estratigrafia (Catunea-nu, 2006; Catuneanu et al. 2009, Hunt e Tucker, 1992; VanWagoner et al., 1988; Galloway, 1989; Posamentier e Allen, 1999) foi dificultada pelo difícil rastreamento dos refletores e marcadores de um rollover para outro, principalmente no sentido dlp, em um intervalo estratigráfico dominado por intensa halocinese. Além disso, as seções sísmicas disponíveis não apresentam conteúdo de resolução suficientemente alto para permitir discriminar padrões de terminação de refletores sísmicos na 4a e 5a ordens. Esses padrões, se perceptíveis, poderiam auxiliar na determinação das principais superfícies estratigráficas correlativas às flutuações do nível de base, nesse caso viabilizando um estudo sismoestratigráfico mais apurado. A descrição dos testemunhos e a interpretação dos perfis de poços mostraram que as descontinuidades erosivas registradas nos canais incisos, que poderiam indicar exposições su-baéreas de alta frequência, não ocorrem, nos poços analisados, de forma cíclica, impossibilitando sua utilização como superfícies delimitadoras de sequências de alta frequência. Optou-se, assim, pelo uso das superfícies transgressivas ou de afogamento que recobrem os carbonatos de plataforma, como limites de parassequências, estas últimas compostas por uma sucessão basal transgressiva e uma sucessão superior regressiva.","A identificação dos padrões de terminação dos refletores sísmicos (especialmente em ordens de 4ª e 5ª) através de sísmica de resolução mais alta — ou seja, análise sismoestratigráfica de alta resolução."
resultados/petrobras-5-mini-com-ontologia-add/batch_f92edf32-403b-42d8-9d3a-cbd3932f0816-completo.csv,graphrag,1563,O que poderia auxiliar na determinação das principais superfícies estratigráficas correlativas às flutuações do nível de base?,padrões de terminação de refletores sísmicos na 4a e 5a ordens,"A utilização de um arcabouço estratigráfico de alta frequência para a Sequência A seguindo os preceitos da Moderna Estratigrafia (Catunea-nu, 2006; Catuneanu et al. 2009, Hunt e Tucker, 1992; VanWagoner et al., 1988; Galloway, 1989; Posamentier e Allen, 1999) foi dificultada pelo difícil rastreamento dos refletores e marcadores de um rollover para outro, principalmente no sentido dlp, em um intervalo estratigráfico dominado por intensa halocinese. Além disso, as seções sísmicas disponíveis não apresentam conteúdo de resolução suficientemente alto para permitir discriminar padrões de terminação de refletores sísmicos na 4a e 5a ordens. Esses padrões, se perceptíveis, poderiam auxiliar na determinação das principais superfícies estratigráficas correlativas às flutuações do nível de base, nesse caso viabilizando um estudo sismoestratigráfico mais apurado. A descrição dos testemunhos e a interpretação dos perfis de poços mostraram que as descontinuidades erosivas registradas nos canais incisos, que poderiam indicar exposições su-baéreas de alta frequência, não ocorrem, nos poços analisados, de forma cíclica, impossibilitando sua utilização como superfícies delimitadoras de sequências de alta frequência. Optou-se, assim, pelo uso das superfícies transgressivas ou de afogamento que recobrem os carbonatos de plataforma, como limites de parassequências, estas últimas compostas por uma sucessão basal transgressiva e uma sucessão superior regressiva.",A discriminação dos padrões de terminação de refletores sísmicos (4ª e 5ª ordens) em imagens sísmicas de resolução suficientemente alta — permitindo um estudo sismoestratigráfico mais apurado.
resultados/petrobras-5-mini-com-ontologia-add/batch_f92edf32-403b-42d8-9d3a-cbd3932f0816-completo.csv,rag,1564,O que não ocorrem de forma cíclica nos poços analisados?,descontinuidades erosivas registradas nos canais incisos,"A utilização de um arcabouço estratigráfico de alta frequência para a Sequência A seguindo os preceitos da Moderna Estratigrafia (Catunea-nu, 2006; Catuneanu et al. 2009, Hunt e Tucker, 1992; VanWagoner et al., 1988; Galloway, 1989; Posamentier e Allen, 1999) foi dificultada pelo difícil rastreamento dos refletores e marcadores de um rollover para outro, principalmente no sentido dlp, em um intervalo estratigráfico dominado por intensa halocinese. Além disso, as seções sísmicas disponíveis não apresentam conteúdo de resolução suficientemente alto para permitir discriminar padrões de terminação de refletores sísmicos na 4a e 5a ordens. Esses padrões, se perceptíveis, poderiam auxiliar na determinação das principais superfícies estratigráficas correlativas às flutuações do nível de base, nesse caso viabilizando um estudo sismoestratigráfico mais apurado. A descrição dos testemunhos e a interpretação dos perfis de poços mostraram que as descontinuidades erosivas registradas nos canais incisos, que poderiam indicar exposições su-baéreas de alta frequência, não ocorrem, nos poços analisados, de forma cíclica, impossibilitando sua utilização como superfícies delimitadoras de sequências de alta frequência. Optou-se, assim, pelo uso das superfícies transgressivas ou de afogamento que recobrem os carbonatos de plataforma, como limites de parassequências, estas últimas compostas por uma sucessão basal transgressiva e uma sucessão superior regressiva.",As descontinuidades erosivas registradas nos canais incisos (potenciais exposições subaéreas de alta frequência).
resultados/petrobras-5-mini-com-ontologia-add/batch_f92edf32-403b-42d8-9d3a-cbd3932f0816-completo.csv,graphrag,1564,O que não ocorrem de forma cíclica nos poços analisados?,descontinuidades erosivas registradas nos canais incisos,"A utilização de um arcabouço estratigráfico de alta frequência para a Sequência A seguindo os preceitos da Moderna Estratigrafia (Catunea-nu, 2006; Catuneanu et al. 2009, Hunt e Tucker, 1992; VanWagoner et al., 1988; Galloway, 1989; Posamentier e Allen, 1999) foi dificultada pelo difícil rastreamento dos refletores e marcadores de um rollover para outro, principalmente no sentido dlp, em um intervalo estratigráfico dominado por intensa halocinese. Além disso, as seções sísmicas disponíveis não apresentam conteúdo de resolução suficientemente alto para permitir discriminar padrões de terminação de refletores sísmicos na 4a e 5a ordens. Esses padrões, se perceptíveis, poderiam auxiliar na determinação das principais superfícies estratigráficas correlativas às flutuações do nível de base, nesse caso viabilizando um estudo sismoestratigráfico mais apurado. A descrição dos testemunhos e a interpretação dos perfis de poços mostraram que as descontinuidades erosivas registradas nos canais incisos, que poderiam indicar exposições su-baéreas de alta frequência, não ocorrem, nos poços analisados, de forma cíclica, impossibilitando sua utilização como superfícies delimitadoras de sequências de alta frequência. Optou-se, assim, pelo uso das superfícies transgressivas ou de afogamento que recobrem os carbonatos de plataforma, como limites de parassequências, estas últimas compostas por uma sucessão basal transgressiva e uma sucessão superior regressiva.",As descontinuidades erosivas registradas nos canais incisos.
resultados/petrobras-5-mini-com-ontologia-add/batch_f92edf32-403b-42d8-9d3a-cbd3932f0816-completo.csv,rag,1565,O que foram usadas como limites de parassequências?,superfícies transgressivas ou de afogamento que recobrem os carbonatos de plataforma,"A utilização de um arcabouço estratigráfico de alta frequência para a Sequência A seguindo os preceitos da Moderna Estratigrafia (Catunea-nu, 2006; Catuneanu et al. 2009, Hunt e Tucker, 1992; VanWagoner et al., 1988; Galloway, 1989; Posamentier e Allen, 1999) foi dificultada pelo difícil rastreamento dos refletores e marcadores de um rollover para outro, principalmente no sentido dlp, em um intervalo estratigráfico dominado por intensa halocinese. Além disso, as seções sísmicas disponíveis não apresentam conteúdo de resolução suficientemente alto para permitir discriminar padrões de terminação de refletores sísmicos na 4a e 5a ordens. Esses padrões, se perceptíveis, poderiam auxiliar na determinação das principais superfícies estratigráficas correlativas às flutuações do nível de base, nesse caso viabilizando um estudo sismoestratigráfico mais apurado. A descrição dos testemunhos e a interpretação dos perfis de poços mostraram que as descontinuidades erosivas registradas nos canais incisos, que poderiam indicar exposições su-baéreas de alta frequência, não ocorrem, nos poços analisados, de forma cíclica, impossibilitando sua utilização como superfícies delimitadoras de sequências de alta frequência. Optou-se, assim, pelo uso das superfícies transgressivas ou de afogamento que recobrem os carbonatos de plataforma, como limites de parassequências, estas últimas compostas por uma sucessão basal transgressiva e uma sucessão superior regressiva.",Foram usadas as superfícies transgressivas (de afogamento) que recobrem os carbonatos de plataforma.
resultados/petrobras-5-mini-com-ontologia-add/batch_f92edf32-403b-42d8-9d3a-cbd3932f0816-completo.csv,graphrag,1565,O que foram usadas como limites de parassequências?,superfícies transgressivas ou de afogamento que recobrem os carbonatos de plataforma,"A utilização de um arcabouço estratigráfico de alta frequência para a Sequência A seguindo os preceitos da Moderna Estratigrafia (Catunea-nu, 2006; Catuneanu et al. 2009, Hunt e Tucker, 1992; VanWagoner et al., 1988; Galloway, 1989; Posamentier e Allen, 1999) foi dificultada pelo difícil rastreamento dos refletores e marcadores de um rollover para outro, principalmente no sentido dlp, em um intervalo estratigráfico dominado por intensa halocinese. Além disso, as seções sísmicas disponíveis não apresentam conteúdo de resolução suficientemente alto para permitir discriminar padrões de terminação de refletores sísmicos na 4a e 5a ordens. Esses padrões, se perceptíveis, poderiam auxiliar na determinação das principais superfícies estratigráficas correlativas às flutuações do nível de base, nesse caso viabilizando um estudo sismoestratigráfico mais apurado. A descrição dos testemunhos e a interpretação dos perfis de poços mostraram que as descontinuidades erosivas registradas nos canais incisos, que poderiam indicar exposições su-baéreas de alta frequência, não ocorrem, nos poços analisados, de forma cíclica, impossibilitando sua utilização como superfícies delimitadoras de sequências de alta frequência. Optou-se, assim, pelo uso das superfícies transgressivas ou de afogamento que recobrem os carbonatos de plataforma, como limites de parassequências, estas últimas compostas por uma sucessão basal transgressiva e uma sucessão superior regressiva.",Foram usadas superfícies transgressivas (de afogamento) que recobrem os carbonatos de plataforma.
resultados/petrobras-5-mini-com-ontologia-add/batch_f92edf32-403b-42d8-9d3a-cbd3932f0816-completo.csv,rag,1566,Qual é a parte mais superior da Formação Pendência?,a Seqüência K40,", bem como nos depocentros relacionados às falhas de Macau e Ubarana. Litoestratigraficamente, a Seqüência K40 constitui a parte mais superior da Formação Pendência, sendo constituída por arenitos grossos e pelitos de um sistema flúvio-deltaico-lacustrino. A Seqüência K40 é constituída por uma cunha clástica sintectônica, reconhecida inicialmente no bloco baixo da Falha de Pescada, cuja atividade está geneticamente relacionada a um aumento da taxa de subsidência no final da fase de rifteamento da bacia. O sistema de falhas de Pescada possui direção geral WNW-ESE e constitui o limite proximal de ocorrência desta seqüência. O preenchimento sedimentar é dado por sistemas deposicionais continentais, dominados por leques aluviais e sistemas fluviais de alta energia, com bancos carbonáticos restritos. A esta seção de rochas corresponde à unidade litoestratigráfica denominada Formação Pescada. A partir do Neo-aptiano inicia-se a deposição da megasseqüência proto-oceânica sobre uma forte discordância angular, em resposta ao início de uma subsidência termal lenta e generalizada: a Seqüência K50.",A Seqüência K40.
resultados/petrobras-5-mini-com-ontologia-add/batch_f92edf32-403b-42d8-9d3a-cbd3932f0816-completo.csv,graphrag,1566,Qual é a parte mais superior da Formação Pendência?,a Seqüência K40,", bem como nos depocentros relacionados às falhas de Macau e Ubarana. Litoestratigraficamente, a Seqüência K40 constitui a parte mais superior da Formação Pendência, sendo constituída por arenitos grossos e pelitos de um sistema flúvio-deltaico-lacustrino. A Seqüência K40 é constituída por uma cunha clástica sintectônica, reconhecida inicialmente no bloco baixo da Falha de Pescada, cuja atividade está geneticamente relacionada a um aumento da taxa de subsidência no final da fase de rifteamento da bacia. O sistema de falhas de Pescada possui direção geral WNW-ESE e constitui o limite proximal de ocorrência desta seqüência. O preenchimento sedimentar é dado por sistemas deposicionais continentais, dominados por leques aluviais e sistemas fluviais de alta energia, com bancos carbonáticos restritos. A esta seção de rochas corresponde à unidade litoestratigráfica denominada Formação Pescada. A partir do Neo-aptiano inicia-se a deposição da megasseqüência proto-oceânica sobre uma forte discordância angular, em resposta ao início de uma subsidência termal lenta e generalizada: a Seqüência K50.",A Seqüência K40.
resultados/petrobras-5-mini-com-ontologia-add/batch_f92edf32-403b-42d8-9d3a-cbd3932f0816-completo.csv,rag,1568,Qual sistema é o limite proximal de ocorrência da Seqüência K40?,sistema de falhas de Pescada,", bem como nos depocentros relacionados às falhas de Macau e Ubarana. Litoestratigraficamente, a Seqüência K40 constitui a parte mais superior da Formação Pendência, sendo constituída por arenitos grossos e pelitos de um sistema flúvio-deltaico-lacustrino. A Seqüência K40 é constituída por uma cunha clástica sintectônica, reconhecida inicialmente no bloco baixo da Falha de Pescada, cuja atividade está geneticamente relacionada a um aumento da taxa de subsidência no final da fase de rifteamento da bacia. O sistema de falhas de Pescada possui direção geral WNW-ESE e constitui o limite proximal de ocorrência desta seqüência. O preenchimento sedimentar é dado por sistemas deposicionais continentais, dominados por leques aluviais e sistemas fluviais de alta energia, com bancos carbonáticos restritos. A esta seção de rochas corresponde à unidade litoestratigráfica denominada Formação Pescada. A partir do Neo-aptiano inicia-se a deposição da megasseqüência proto-oceânica sobre uma forte discordância angular, em resposta ao início de uma subsidência termal lenta e generalizada: a Seqüência K50.",O sistema de falhas de Pescada (direção geral WNW–ESE).
resultados/petrobras-5-mini-com-ontologia-add/batch_f92edf32-403b-42d8-9d3a-cbd3932f0816-completo.csv,graphrag,1568,Qual sistema é o limite proximal de ocorrência da Seqüência K40?,sistema de falhas de Pescada,", bem como nos depocentros relacionados às falhas de Macau e Ubarana. Litoestratigraficamente, a Seqüência K40 constitui a parte mais superior da Formação Pendência, sendo constituída por arenitos grossos e pelitos de um sistema flúvio-deltaico-lacustrino. A Seqüência K40 é constituída por uma cunha clástica sintectônica, reconhecida inicialmente no bloco baixo da Falha de Pescada, cuja atividade está geneticamente relacionada a um aumento da taxa de subsidência no final da fase de rifteamento da bacia. O sistema de falhas de Pescada possui direção geral WNW-ESE e constitui o limite proximal de ocorrência desta seqüência. O preenchimento sedimentar é dado por sistemas deposicionais continentais, dominados por leques aluviais e sistemas fluviais de alta energia, com bancos carbonáticos restritos. A esta seção de rochas corresponde à unidade litoestratigráfica denominada Formação Pescada. A partir do Neo-aptiano inicia-se a deposição da megasseqüência proto-oceânica sobre uma forte discordância angular, em resposta ao início de uma subsidência termal lenta e generalizada: a Seqüência K50.",O sistema de falhas de Pescada.
resultados/petrobras-5-mini-com-ontologia-add/batch_f92edf32-403b-42d8-9d3a-cbd3932f0816-completo.csv,rag,1569,Quando começa a deposição da megasseqüência proto-oceânica?,Neo-aptiano,", bem como nos depocentros relacionados às falhas de Macau e Ubarana. Litoestratigraficamente, a Seqüência K40 constitui a parte mais superior da Formação Pendência, sendo constituída por arenitos grossos e pelitos de um sistema flúvio-deltaico-lacustrino. A Seqüência K40 é constituída por uma cunha clástica sintectônica, reconhecida inicialmente no bloco baixo da Falha de Pescada, cuja atividade está geneticamente relacionada a um aumento da taxa de subsidência no final da fase de rifteamento da bacia. O sistema de falhas de Pescada possui direção geral WNW-ESE e constitui o limite proximal de ocorrência desta seqüência. O preenchimento sedimentar é dado por sistemas deposicionais continentais, dominados por leques aluviais e sistemas fluviais de alta energia, com bancos carbonáticos restritos. A esta seção de rochas corresponde à unidade litoestratigráfica denominada Formação Pescada. A partir do Neo-aptiano inicia-se a deposição da megasseqüência proto-oceânica sobre uma forte discordância angular, em resposta ao início de uma subsidência termal lenta e generalizada: a Seqüência K50.",A deposição inicia-se a partir do Neo-aptiano.
resultados/petrobras-5-mini-com-ontologia-add/batch_f92edf32-403b-42d8-9d3a-cbd3932f0816-completo.csv,graphrag,1569,Quando começa a deposição da megasseqüência proto-oceânica?,Neo-aptiano,", bem como nos depocentros relacionados às falhas de Macau e Ubarana. Litoestratigraficamente, a Seqüência K40 constitui a parte mais superior da Formação Pendência, sendo constituída por arenitos grossos e pelitos de um sistema flúvio-deltaico-lacustrino. A Seqüência K40 é constituída por uma cunha clástica sintectônica, reconhecida inicialmente no bloco baixo da Falha de Pescada, cuja atividade está geneticamente relacionada a um aumento da taxa de subsidência no final da fase de rifteamento da bacia. O sistema de falhas de Pescada possui direção geral WNW-ESE e constitui o limite proximal de ocorrência desta seqüência. O preenchimento sedimentar é dado por sistemas deposicionais continentais, dominados por leques aluviais e sistemas fluviais de alta energia, com bancos carbonáticos restritos. A esta seção de rochas corresponde à unidade litoestratigráfica denominada Formação Pescada. A partir do Neo-aptiano inicia-se a deposição da megasseqüência proto-oceânica sobre uma forte discordância angular, em resposta ao início de uma subsidência termal lenta e generalizada: a Seqüência K50.",A partir do Neo-aptiano — início da deposição da Seqüência K50.
resultados/petrobras-5-mini-com-ontologia-add/batch_f92edf32-403b-42d8-9d3a-cbd3932f0816-completo.csv,rag,1571,Em que período começa a deposição da megasseqüência proto - oceânica?,Neo-aptiano,", bem como nos depocentros relacionados às falhas de Macau e Ubarana. Litoestratigraficamente, a Seqüência K40 constitui a parte mais superior da Formação Pendência, sendo constituída por arenitos grossos e pelitos de um sistema flúvio-deltaico-lacustrino. A Seqüência K40 é constituída por uma cunha clástica sintectônica, reconhecida inicialmente no bloco baixo da Falha de Pescada, cuja atividade está geneticamente relacionada a um aumento da taxa de subsidência no final da fase de rifteamento da bacia. O sistema de falhas de Pescada possui direção geral WNW-ESE e constitui o limite proximal de ocorrência desta seqüência. O preenchimento sedimentar é dado por sistemas deposicionais continentais, dominados por leques aluviais e sistemas fluviais de alta energia, com bancos carbonáticos restritos. A esta seção de rochas corresponde à unidade litoestratigráfica denominada Formação Pescada. A partir do Neo-aptiano inicia-se a deposição da megasseqüência proto-oceânica sobre uma forte discordância angular, em resposta ao início de uma subsidência termal lenta e generalizada: a Seqüência K50.",A deposição começa a partir do Neo-aptiano.
resultados/petrobras-5-mini-com-ontologia-add/batch_f92edf32-403b-42d8-9d3a-cbd3932f0816-completo.csv,graphrag,1571,Em que período começa a deposição da megasseqüência proto - oceânica?,Neo-aptiano,", bem como nos depocentros relacionados às falhas de Macau e Ubarana. Litoestratigraficamente, a Seqüência K40 constitui a parte mais superior da Formação Pendência, sendo constituída por arenitos grossos e pelitos de um sistema flúvio-deltaico-lacustrino. A Seqüência K40 é constituída por uma cunha clástica sintectônica, reconhecida inicialmente no bloco baixo da Falha de Pescada, cuja atividade está geneticamente relacionada a um aumento da taxa de subsidência no final da fase de rifteamento da bacia. O sistema de falhas de Pescada possui direção geral WNW-ESE e constitui o limite proximal de ocorrência desta seqüência. O preenchimento sedimentar é dado por sistemas deposicionais continentais, dominados por leques aluviais e sistemas fluviais de alta energia, com bancos carbonáticos restritos. A esta seção de rochas corresponde à unidade litoestratigráfica denominada Formação Pescada. A partir do Neo-aptiano inicia-se a deposição da megasseqüência proto-oceânica sobre uma forte discordância angular, em resposta ao início de uma subsidência termal lenta e generalizada: a Seqüência K50.",A deposição começa a partir do Neo-aptiano.
resultados/petrobras-5-mini-com-ontologia-add/batch_f92edf32-403b-42d8-9d3a-cbd3932f0816-completo.csv,rag,1572,Qual é a direção geral do sistema de falhas de Pescada?,WNW-ESE,", bem como nos depocentros relacionados às falhas de Macau e Ubarana. Litoestratigraficamente, a Seqüência K40 constitui a parte mais superior da Formação Pendência, sendo constituída por arenitos grossos e pelitos de um sistema flúvio-deltaico-lacustrino. A Seqüência K40 é constituída por uma cunha clástica sintectônica, reconhecida inicialmente no bloco baixo da Falha de Pescada, cuja atividade está geneticamente relacionada a um aumento da taxa de subsidência no final da fase de rifteamento da bacia. O sistema de falhas de Pescada possui direção geral WNW-ESE e constitui o limite proximal de ocorrência desta seqüência. O preenchimento sedimentar é dado por sistemas deposicionais continentais, dominados por leques aluviais e sistemas fluviais de alta energia, com bancos carbonáticos restritos. A esta seção de rochas corresponde à unidade litoestratigráfica denominada Formação Pescada. A partir do Neo-aptiano inicia-se a deposição da megasseqüência proto-oceânica sobre uma forte discordância angular, em resposta ao início de uma subsidência termal lenta e generalizada: a Seqüência K50.",A direção geral é WNW–ESE (oeste-noroeste a leste-sudeste).
resultados/petrobras-5-mini-com-ontologia-add/batch_f92edf32-403b-42d8-9d3a-cbd3932f0816-completo.csv,graphrag,1572,Qual é a direção geral do sistema de falhas de Pescada?,WNW-ESE,", bem como nos depocentros relacionados às falhas de Macau e Ubarana. Litoestratigraficamente, a Seqüência K40 constitui a parte mais superior da Formação Pendência, sendo constituída por arenitos grossos e pelitos de um sistema flúvio-deltaico-lacustrino. A Seqüência K40 é constituída por uma cunha clástica sintectônica, reconhecida inicialmente no bloco baixo da Falha de Pescada, cuja atividade está geneticamente relacionada a um aumento da taxa de subsidência no final da fase de rifteamento da bacia. O sistema de falhas de Pescada possui direção geral WNW-ESE e constitui o limite proximal de ocorrência desta seqüência. O preenchimento sedimentar é dado por sistemas deposicionais continentais, dominados por leques aluviais e sistemas fluviais de alta energia, com bancos carbonáticos restritos. A esta seção de rochas corresponde à unidade litoestratigráfica denominada Formação Pescada. A partir do Neo-aptiano inicia-se a deposição da megasseqüência proto-oceânica sobre uma forte discordância angular, em resposta ao início de uma subsidência termal lenta e generalizada: a Seqüência K50.",A direção geral é WNW–ESE (Oeste‑Noroeste a Este‑Sudeste).
resultados/petrobras-5-mini-com-ontologia-add/batch_f92edf32-403b-42d8-9d3a-cbd3932f0816-completo.csv,rag,1573,Quais são os materiais da Seqüência K40?,arenitos grossos e pelitos,", bem como nos depocentros relacionados às falhas de Macau e Ubarana. Litoestratigraficamente, a Seqüência K40 constitui a parte mais superior da Formação Pendência, sendo constituída por arenitos grossos e pelitos de um sistema flúvio-deltaico-lacustrino. A Seqüência K40 é constituída por uma cunha clástica sintectônica, reconhecida inicialmente no bloco baixo da Falha de Pescada, cuja atividade está geneticamente relacionada a um aumento da taxa de subsidência no final da fase de rifteamento da bacia. O sistema de falhas de Pescada possui direção geral WNW-ESE e constitui o limite proximal de ocorrência desta seqüência. O preenchimento sedimentar é dado por sistemas deposicionais continentais, dominados por leques aluviais e sistemas fluviais de alta energia, com bancos carbonáticos restritos. A esta seção de rochas corresponde à unidade litoestratigráfica denominada Formação Pescada. A partir do Neo-aptiano inicia-se a deposição da megasseqüência proto-oceânica sobre uma forte discordância angular, em resposta ao início de uma subsidência termal lenta e generalizada: a Seqüência K50.","A Seqüência K40 é formada por arenitos grossos e pelitos (depósitos flúvio‑deltaico‑lacustres), correspondendo a uma cunha clástica sintectônica com leques aluviais e sistemas fluviais de alta energia, e bancos carbonáticos restritos."
resultados/petrobras-5-mini-com-ontologia-add/batch_f92edf32-403b-42d8-9d3a-cbd3932f0816-completo.csv,graphrag,1573,Quais são os materiais da Seqüência K40?,arenitos grossos e pelitos,", bem como nos depocentros relacionados às falhas de Macau e Ubarana. Litoestratigraficamente, a Seqüência K40 constitui a parte mais superior da Formação Pendência, sendo constituída por arenitos grossos e pelitos de um sistema flúvio-deltaico-lacustrino. A Seqüência K40 é constituída por uma cunha clástica sintectônica, reconhecida inicialmente no bloco baixo da Falha de Pescada, cuja atividade está geneticamente relacionada a um aumento da taxa de subsidência no final da fase de rifteamento da bacia. O sistema de falhas de Pescada possui direção geral WNW-ESE e constitui o limite proximal de ocorrência desta seqüência. O preenchimento sedimentar é dado por sistemas deposicionais continentais, dominados por leques aluviais e sistemas fluviais de alta energia, com bancos carbonáticos restritos. A esta seção de rochas corresponde à unidade litoestratigráfica denominada Formação Pescada. A partir do Neo-aptiano inicia-se a deposição da megasseqüência proto-oceânica sobre uma forte discordância angular, em resposta ao início de uma subsidência termal lenta e generalizada: a Seqüência K50.","A Seqüência K40 é constituída principalmente por arenitos grossos e pelitos, com bancos carbonáticos restritos (formando uma cunha clástica sintectônica de depósitos continentais)."
resultados/petrobras-5-mini-com-ontologia-add/batch_f92edf32-403b-42d8-9d3a-cbd3932f0816-completo.csv,rag,1574,O que está geneticamente relacionado à atividade da Seqüência K40?,aumento da taxa de subsidência,", bem como nos depocentros relacionados às falhas de Macau e Ubarana. Litoestratigraficamente, a Seqüência K40 constitui a parte mais superior da Formação Pendência, sendo constituída por arenitos grossos e pelitos de um sistema flúvio-deltaico-lacustrino. A Seqüência K40 é constituída por uma cunha clástica sintectônica, reconhecida inicialmente no bloco baixo da Falha de Pescada, cuja atividade está geneticamente relacionada a um aumento da taxa de subsidência no final da fase de rifteamento da bacia. O sistema de falhas de Pescada possui direção geral WNW-ESE e constitui o limite proximal de ocorrência desta seqüência. O preenchimento sedimentar é dado por sistemas deposicionais continentais, dominados por leques aluviais e sistemas fluviais de alta energia, com bancos carbonáticos restritos. A esta seção de rochas corresponde à unidade litoestratigráfica denominada Formação Pescada. A partir do Neo-aptiano inicia-se a deposição da megasseqüência proto-oceânica sobre uma forte discordância angular, em resposta ao início de uma subsidência termal lenta e generalizada: a Seqüência K50.",Um aumento da taxa de subsidência no final da fase de rifteamento da bacia.
resultados/petrobras-5-mini-com-ontologia-add/batch_f92edf32-403b-42d8-9d3a-cbd3932f0816-completo.csv,graphrag,1574,O que está geneticamente relacionado à atividade da Seqüência K40?,aumento da taxa de subsidência,", bem como nos depocentros relacionados às falhas de Macau e Ubarana. Litoestratigraficamente, a Seqüência K40 constitui a parte mais superior da Formação Pendência, sendo constituída por arenitos grossos e pelitos de um sistema flúvio-deltaico-lacustrino. A Seqüência K40 é constituída por uma cunha clástica sintectônica, reconhecida inicialmente no bloco baixo da Falha de Pescada, cuja atividade está geneticamente relacionada a um aumento da taxa de subsidência no final da fase de rifteamento da bacia. O sistema de falhas de Pescada possui direção geral WNW-ESE e constitui o limite proximal de ocorrência desta seqüência. O preenchimento sedimentar é dado por sistemas deposicionais continentais, dominados por leques aluviais e sistemas fluviais de alta energia, com bancos carbonáticos restritos. A esta seção de rochas corresponde à unidade litoestratigráfica denominada Formação Pescada. A partir do Neo-aptiano inicia-se a deposição da megasseqüência proto-oceânica sobre uma forte discordância angular, em resposta ao início de uma subsidência termal lenta e generalizada: a Seqüência K50.",Um aumento da taxa de subsidência no final da fase de rifteamento da bacia.
resultados/petrobras-5-mini-com-ontologia-add/batch_f92edf32-403b-42d8-9d3a-cbd3932f0816-completo.csv,rag,1577,Quais são as duas rochas que constituem a Seqüência K40?,arenitos grossos e pelitos,", bem como nos depocentros relacionados às falhas de Macau e Ubarana. Litoestratigraficamente, a Seqüência K40 constitui a parte mais superior da Formação Pendência, sendo constituída por arenitos grossos e pelitos de um sistema flúvio-deltaico-lacustrino. A Seqüência K40 é constituída por uma cunha clástica sintectônica, reconhecida inicialmente no bloco baixo da Falha de Pescada, cuja atividade está geneticamente relacionada a um aumento da taxa de subsidência no final da fase de rifteamento da bacia. O sistema de falhas de Pescada possui direção geral WNW-ESE e constitui o limite proximal de ocorrência desta seqüência. O preenchimento sedimentar é dado por sistemas deposicionais continentais, dominados por leques aluviais e sistemas fluviais de alta energia, com bancos carbonáticos restritos. A esta seção de rochas corresponde à unidade litoestratigráfica denominada Formação Pescada. A partir do Neo-aptiano inicia-se a deposição da megasseqüência proto-oceânica sobre uma forte discordância angular, em resposta ao início de uma subsidência termal lenta e generalizada: a Seqüência K50.",Arenitos grossos e pelitos.
resultados/petrobras-5-mini-com-ontologia-add/batch_f92edf32-403b-42d8-9d3a-cbd3932f0816-completo.csv,graphrag,1577,Quais são as duas rochas que constituem a Seqüência K40?,arenitos grossos e pelitos,", bem como nos depocentros relacionados às falhas de Macau e Ubarana. Litoestratigraficamente, a Seqüência K40 constitui a parte mais superior da Formação Pendência, sendo constituída por arenitos grossos e pelitos de um sistema flúvio-deltaico-lacustrino. A Seqüência K40 é constituída por uma cunha clástica sintectônica, reconhecida inicialmente no bloco baixo da Falha de Pescada, cuja atividade está geneticamente relacionada a um aumento da taxa de subsidência no final da fase de rifteamento da bacia. O sistema de falhas de Pescada possui direção geral WNW-ESE e constitui o limite proximal de ocorrência desta seqüência. O preenchimento sedimentar é dado por sistemas deposicionais continentais, dominados por leques aluviais e sistemas fluviais de alta energia, com bancos carbonáticos restritos. A esta seção de rochas corresponde à unidade litoestratigráfica denominada Formação Pescada. A partir do Neo-aptiano inicia-se a deposição da megasseqüência proto-oceânica sobre uma forte discordância angular, em resposta ao início de uma subsidência termal lenta e generalizada: a Seqüência K50.",São arenitos grossos e pelitos.
resultados/petrobras-5-mini-com-ontologia-add/batch_f92edf32-403b-42d8-9d3a-cbd3932f0816-completo.csv,rag,1579,A que está geneticamente relacionada a atividade da Seqüência K40?,um aumento da taxa de subsidência,", bem como nos depocentros relacionados às falhas de Macau e Ubarana. Litoestratigraficamente, a Seqüência K40 constitui a parte mais superior da Formação Pendência, sendo constituída por arenitos grossos e pelitos de um sistema flúvio-deltaico-lacustrino. A Seqüência K40 é constituída por uma cunha clástica sintectônica, reconhecida inicialmente no bloco baixo da Falha de Pescada, cuja atividade está geneticamente relacionada a um aumento da taxa de subsidência no final da fase de rifteamento da bacia. O sistema de falhas de Pescada possui direção geral WNW-ESE e constitui o limite proximal de ocorrência desta seqüência. O preenchimento sedimentar é dado por sistemas deposicionais continentais, dominados por leques aluviais e sistemas fluviais de alta energia, com bancos carbonáticos restritos. A esta seção de rochas corresponde à unidade litoestratigráfica denominada Formação Pescada. A partir do Neo-aptiano inicia-se a deposição da megasseqüência proto-oceânica sobre uma forte discordância angular, em resposta ao início de uma subsidência termal lenta e generalizada: a Seqüência K50.",A um aumento da taxa de subsidência no final da fase de rifteamento da bacia.
resultados/petrobras-5-mini-com-ontologia-add/batch_f92edf32-403b-42d8-9d3a-cbd3932f0816-completo.csv,graphrag,1579,A que está geneticamente relacionada a atividade da Seqüência K40?,um aumento da taxa de subsidência,", bem como nos depocentros relacionados às falhas de Macau e Ubarana. Litoestratigraficamente, a Seqüência K40 constitui a parte mais superior da Formação Pendência, sendo constituída por arenitos grossos e pelitos de um sistema flúvio-deltaico-lacustrino. A Seqüência K40 é constituída por uma cunha clástica sintectônica, reconhecida inicialmente no bloco baixo da Falha de Pescada, cuja atividade está geneticamente relacionada a um aumento da taxa de subsidência no final da fase de rifteamento da bacia. O sistema de falhas de Pescada possui direção geral WNW-ESE e constitui o limite proximal de ocorrência desta seqüência. O preenchimento sedimentar é dado por sistemas deposicionais continentais, dominados por leques aluviais e sistemas fluviais de alta energia, com bancos carbonáticos restritos. A esta seção de rochas corresponde à unidade litoestratigráfica denominada Formação Pescada. A partir do Neo-aptiano inicia-se a deposição da megasseqüência proto-oceânica sobre uma forte discordância angular, em resposta ao início de uma subsidência termal lenta e generalizada: a Seqüência K50.",À um aumento da taxa de subsidência no final da fase de rifteamento da bacia.
resultados/petrobras-5-mini-com-ontologia-add/batch_f92edf32-403b-42d8-9d3a-cbd3932f0816-completo.csv,rag,1580,O que constitui a parte mais superior da Formação Pendência?,A Seqüência K40,", bem como nos depocentros relacionados às falhas de Macau e Ubarana. Litoestratigraficamente, a Seqüência K40 constitui a parte mais superior da Formação Pendência, sendo constituída por arenitos grossos e pelitos de um sistema flúvio-deltaico-lacustrino. A Seqüência K40 é constituída por uma cunha clástica sintectônica, reconhecida inicialmente no bloco baixo da Falha de Pescada, cuja atividade está geneticamente relacionada a um aumento da taxa de subsidência no final da fase de rifteamento da bacia. O sistema de falhas de Pescada possui direção geral WNW-ESE e constitui o limite proximal de ocorrência desta seqüência. O preenchimento sedimentar é dado por sistemas deposicionais continentais, dominados por leques aluviais e sistemas fluviais de alta energia, com bancos carbonáticos restritos. A esta seção de rochas corresponde à unidade litoestratigráfica denominada Formação Pescada. A partir do Neo-aptiano inicia-se a deposição da megasseqüência proto-oceânica sobre uma forte discordância angular, em resposta ao início de uma subsidência termal lenta e generalizada: a Seqüência K50.",A Seqüência K40 — composta por arenitos grossos e pelitos de um sistema flúvio‑deltaico‑lacustrino.
resultados/petrobras-5-mini-com-ontologia-add/batch_f92edf32-403b-42d8-9d3a-cbd3932f0816-completo.csv,graphrag,1580,O que constitui a parte mais superior da Formação Pendência?,A Seqüência K40,", bem como nos depocentros relacionados às falhas de Macau e Ubarana. Litoestratigraficamente, a Seqüência K40 constitui a parte mais superior da Formação Pendência, sendo constituída por arenitos grossos e pelitos de um sistema flúvio-deltaico-lacustrino. A Seqüência K40 é constituída por uma cunha clástica sintectônica, reconhecida inicialmente no bloco baixo da Falha de Pescada, cuja atividade está geneticamente relacionada a um aumento da taxa de subsidência no final da fase de rifteamento da bacia. O sistema de falhas de Pescada possui direção geral WNW-ESE e constitui o limite proximal de ocorrência desta seqüência. O preenchimento sedimentar é dado por sistemas deposicionais continentais, dominados por leques aluviais e sistemas fluviais de alta energia, com bancos carbonáticos restritos. A esta seção de rochas corresponde à unidade litoestratigráfica denominada Formação Pescada. A partir do Neo-aptiano inicia-se a deposição da megasseqüência proto-oceânica sobre uma forte discordância angular, em resposta ao início de uma subsidência termal lenta e generalizada: a Seqüência K50.",A Seqüência K40 — composta por arenitos grossos e pelitos de um sistema flúvio‑deltaico‑lacustrino.
resultados/petrobras-5-mini-com-ontologia-add/batch_f92edf32-403b-42d8-9d3a-cbd3932f0816-completo.csv,rag,1582,O que preenche o sistema de falhas de Pescada?,"sistemas deposicionais continentais, dominados por leques aluviais e sistemas fluviais de alta energia",", bem como nos depocentros relacionados às falhas de Macau e Ubarana. Litoestratigraficamente, a Seqüência K40 constitui a parte mais superior da Formação Pendência, sendo constituída por arenitos grossos e pelitos de um sistema flúvio-deltaico-lacustrino. A Seqüência K40 é constituída por uma cunha clástica sintectônica, reconhecida inicialmente no bloco baixo da Falha de Pescada, cuja atividade está geneticamente relacionada a um aumento da taxa de subsidência no final da fase de rifteamento da bacia. O sistema de falhas de Pescada possui direção geral WNW-ESE e constitui o limite proximal de ocorrência desta seqüência. O preenchimento sedimentar é dado por sistemas deposicionais continentais, dominados por leques aluviais e sistemas fluviais de alta energia, com bancos carbonáticos restritos. A esta seção de rochas corresponde à unidade litoestratigráfica denominada Formação Pescada. A partir do Neo-aptiano inicia-se a deposição da megasseqüência proto-oceânica sobre uma forte discordância angular, em resposta ao início de uma subsidência termal lenta e generalizada: a Seqüência K50.","Por sistemas deposicionais continentais — dominados por leques aluviais e sistemas fluviais de alta energia, com bancos carbonáticos restritos (unidade litoestratigráfica: Formação Pescada)."
resultados/petrobras-5-mini-com-ontologia-add/batch_f92edf32-403b-42d8-9d3a-cbd3932f0816-completo.csv,graphrag,1582,O que preenche o sistema de falhas de Pescada?,"sistemas deposicionais continentais, dominados por leques aluviais e sistemas fluviais de alta energia",", bem como nos depocentros relacionados às falhas de Macau e Ubarana. Litoestratigraficamente, a Seqüência K40 constitui a parte mais superior da Formação Pendência, sendo constituída por arenitos grossos e pelitos de um sistema flúvio-deltaico-lacustrino. A Seqüência K40 é constituída por uma cunha clástica sintectônica, reconhecida inicialmente no bloco baixo da Falha de Pescada, cuja atividade está geneticamente relacionada a um aumento da taxa de subsidência no final da fase de rifteamento da bacia. O sistema de falhas de Pescada possui direção geral WNW-ESE e constitui o limite proximal de ocorrência desta seqüência. O preenchimento sedimentar é dado por sistemas deposicionais continentais, dominados por leques aluviais e sistemas fluviais de alta energia, com bancos carbonáticos restritos. A esta seção de rochas corresponde à unidade litoestratigráfica denominada Formação Pescada. A partir do Neo-aptiano inicia-se a deposição da megasseqüência proto-oceânica sobre uma forte discordância angular, em resposta ao início de uma subsidência termal lenta e generalizada: a Seqüência K50.","O preenchimento é sedimentar continental: dominado por leques aluviais e sistemas fluviais de alta energia, com bancos carbonáticos restritos."
resultados/petrobras-5-mini-com-ontologia-add/batch_f92edf32-403b-42d8-9d3a-cbd3932f0816-completo.csv,rag,1583,Qual é a unidade litoestratigráfica correspondente à seção de rochas dominada por sistemas deposicionais continentais?,Formação Pescada,", bem como nos depocentros relacionados às falhas de Macau e Ubarana. Litoestratigraficamente, a Seqüência K40 constitui a parte mais superior da Formação Pendência, sendo constituída por arenitos grossos e pelitos de um sistema flúvio-deltaico-lacustrino. A Seqüência K40 é constituída por uma cunha clástica sintectônica, reconhecida inicialmente no bloco baixo da Falha de Pescada, cuja atividade está geneticamente relacionada a um aumento da taxa de subsidência no final da fase de rifteamento da bacia. O sistema de falhas de Pescada possui direção geral WNW-ESE e constitui o limite proximal de ocorrência desta seqüência. O preenchimento sedimentar é dado por sistemas deposicionais continentais, dominados por leques aluviais e sistemas fluviais de alta energia, com bancos carbonáticos restritos. A esta seção de rochas corresponde à unidade litoestratigráfica denominada Formação Pescada. A partir do Neo-aptiano inicia-se a deposição da megasseqüência proto-oceânica sobre uma forte discordância angular, em resposta ao início de uma subsidência termal lenta e generalizada: a Seqüência K50.",A unidade litoestratigráfica é a Formação Pescada.
resultados/petrobras-5-mini-com-ontologia-add/batch_f92edf32-403b-42d8-9d3a-cbd3932f0816-completo.csv,graphrag,1583,Qual é a unidade litoestratigráfica correspondente à seção de rochas dominada por sistemas deposicionais continentais?,Formação Pescada,", bem como nos depocentros relacionados às falhas de Macau e Ubarana. Litoestratigraficamente, a Seqüência K40 constitui a parte mais superior da Formação Pendência, sendo constituída por arenitos grossos e pelitos de um sistema flúvio-deltaico-lacustrino. A Seqüência K40 é constituída por uma cunha clástica sintectônica, reconhecida inicialmente no bloco baixo da Falha de Pescada, cuja atividade está geneticamente relacionada a um aumento da taxa de subsidência no final da fase de rifteamento da bacia. O sistema de falhas de Pescada possui direção geral WNW-ESE e constitui o limite proximal de ocorrência desta seqüência. O preenchimento sedimentar é dado por sistemas deposicionais continentais, dominados por leques aluviais e sistemas fluviais de alta energia, com bancos carbonáticos restritos. A esta seção de rochas corresponde à unidade litoestratigráfica denominada Formação Pescada. A partir do Neo-aptiano inicia-se a deposição da megasseqüência proto-oceânica sobre uma forte discordância angular, em resposta ao início de uma subsidência termal lenta e generalizada: a Seqüência K50.",Formação Pescada.
resultados/petrobras-5-mini-com-ontologia-add/batch_f92edf32-403b-42d8-9d3a-cbd3932f0816-completo.csv,rag,1584,Quando inicia-se a deposição da megasseqüência proto-oceânica?,A partir do Neo-aptiano,", bem como nos depocentros relacionados às falhas de Macau e Ubarana. Litoestratigraficamente, a Seqüência K40 constitui a parte mais superior da Formação Pendência, sendo constituída por arenitos grossos e pelitos de um sistema flúvio-deltaico-lacustrino. A Seqüência K40 é constituída por uma cunha clástica sintectônica, reconhecida inicialmente no bloco baixo da Falha de Pescada, cuja atividade está geneticamente relacionada a um aumento da taxa de subsidência no final da fase de rifteamento da bacia. O sistema de falhas de Pescada possui direção geral WNW-ESE e constitui o limite proximal de ocorrência desta seqüência. O preenchimento sedimentar é dado por sistemas deposicionais continentais, dominados por leques aluviais e sistemas fluviais de alta energia, com bancos carbonáticos restritos. A esta seção de rochas corresponde à unidade litoestratigráfica denominada Formação Pescada. A partir do Neo-aptiano inicia-se a deposição da megasseqüência proto-oceânica sobre uma forte discordância angular, em resposta ao início de uma subsidência termal lenta e generalizada: a Seqüência K50.",A deposição inicia-se a partir do Neo-aptiano.
resultados/petrobras-5-mini-com-ontologia-add/batch_f92edf32-403b-42d8-9d3a-cbd3932f0816-completo.csv,graphrag,1584,Quando inicia-se a deposição da megasseqüência proto-oceânica?,A partir do Neo-aptiano,", bem como nos depocentros relacionados às falhas de Macau e Ubarana. Litoestratigraficamente, a Seqüência K40 constitui a parte mais superior da Formação Pendência, sendo constituída por arenitos grossos e pelitos de um sistema flúvio-deltaico-lacustrino. A Seqüência K40 é constituída por uma cunha clástica sintectônica, reconhecida inicialmente no bloco baixo da Falha de Pescada, cuja atividade está geneticamente relacionada a um aumento da taxa de subsidência no final da fase de rifteamento da bacia. O sistema de falhas de Pescada possui direção geral WNW-ESE e constitui o limite proximal de ocorrência desta seqüência. O preenchimento sedimentar é dado por sistemas deposicionais continentais, dominados por leques aluviais e sistemas fluviais de alta energia, com bancos carbonáticos restritos. A esta seção de rochas corresponde à unidade litoestratigráfica denominada Formação Pescada. A partir do Neo-aptiano inicia-se a deposição da megasseqüência proto-oceânica sobre uma forte discordância angular, em resposta ao início de uma subsidência termal lenta e generalizada: a Seqüência K50.",A deposição inicia‑se a partir do Neo‑aptiano.
resultados/petrobras-5-mini-com-ontologia-add/batch_f92edf32-403b-42d8-9d3a-cbd3932f0816-completo.csv,rag,1585,Qual é a direção geral das falhas de Pescada?,direção geral WNW-ESE,", bem como nos depocentros relacionados às falhas de Macau e Ubarana. Litoestratigraficamente, a Seqüência K40 constitui a parte mais superior da Formação Pendência, sendo constituída por arenitos grossos e pelitos de um sistema flúvio-deltaico-lacustrino. A Seqüência K40 é constituída por uma cunha clástica sintectônica, reconhecida inicialmente no bloco baixo da Falha de Pescada, cuja atividade está geneticamente relacionada a um aumento da taxa de subsidência no final da fase de rifteamento da bacia. O sistema de falhas de Pescada possui direção geral WNW-ESE e constitui o limite proximal de ocorrência desta seqüência. O preenchimento sedimentar é dado por sistemas deposicionais continentais, dominados por leques aluviais e sistemas fluviais de alta energia, com bancos carbonáticos restritos. A esta seção de rochas corresponde à unidade litoestratigráfica denominada Formação Pescada. A partir do Neo-aptiano inicia-se a deposição da megasseqüência proto-oceânica sobre uma forte discordância angular, em resposta ao início de uma subsidência termal lenta e generalizada: a Seqüência K50.",A direção geral é WNW–ESE (oeste-noroeste a leste-sudeste).
resultados/petrobras-5-mini-com-ontologia-add/batch_f92edf32-403b-42d8-9d3a-cbd3932f0816-completo.csv,graphrag,1585,Qual é a direção geral das falhas de Pescada?,direção geral WNW-ESE,", bem como nos depocentros relacionados às falhas de Macau e Ubarana. Litoestratigraficamente, a Seqüência K40 constitui a parte mais superior da Formação Pendência, sendo constituída por arenitos grossos e pelitos de um sistema flúvio-deltaico-lacustrino. A Seqüência K40 é constituída por uma cunha clástica sintectônica, reconhecida inicialmente no bloco baixo da Falha de Pescada, cuja atividade está geneticamente relacionada a um aumento da taxa de subsidência no final da fase de rifteamento da bacia. O sistema de falhas de Pescada possui direção geral WNW-ESE e constitui o limite proximal de ocorrência desta seqüência. O preenchimento sedimentar é dado por sistemas deposicionais continentais, dominados por leques aluviais e sistemas fluviais de alta energia, com bancos carbonáticos restritos. A esta seção de rochas corresponde à unidade litoestratigráfica denominada Formação Pescada. A partir do Neo-aptiano inicia-se a deposição da megasseqüência proto-oceânica sobre uma forte discordância angular, em resposta ao início de uma subsidência termal lenta e generalizada: a Seqüência K50.",A direção geral é WNW–ESE (oeste‑noroeste a leste‑sudeste).
resultados/petrobras-5-mini-com-ontologia-add/batch_f92edf32-403b-42d8-9d3a-cbd3932f0816-completo.csv,rag,1586,O que é a Seqüência K40?,"A Seqüência K40 é constituída por uma cunha clástica sintectônica, reconhecida inicialmente no bloco baixo da Falha de Pescada, cuja atividade está geneticamente relacionada a um aumento da taxa de subsidência no final da fase de rifteamento da bacia.",", bem como nos depocentros relacionados às falhas de Macau e Ubarana. Litoestratigraficamente, a Seqüência K40 constitui a parte mais superior da Formação Pendência, sendo constituída por arenitos grossos e pelitos de um sistema flúvio-deltaico-lacustrino. A Seqüência K40 é constituída por uma cunha clástica sintectônica, reconhecida inicialmente no bloco baixo da Falha de Pescada, cuja atividade está geneticamente relacionada a um aumento da taxa de subsidência no final da fase de rifteamento da bacia. O sistema de falhas de Pescada possui direção geral WNW-ESE e constitui o limite proximal de ocorrência desta seqüência. O preenchimento sedimentar é dado por sistemas deposicionais continentais, dominados por leques aluviais e sistemas fluviais de alta energia, com bancos carbonáticos restritos. A esta seção de rochas corresponde à unidade litoestratigráfica denominada Formação Pescada. A partir do Neo-aptiano inicia-se a deposição da megasseqüência proto-oceânica sobre uma forte discordância angular, em resposta ao início de uma subsidência termal lenta e generalizada: a Seqüência K50.","A Seqüência K40 é a parte mais superior da Formação Pendência, formada por arenitos grossos e pelitos de um sistema flúvio‑deltaico‑lacustrino. Trata‑se de uma cunha clástica sintectônica, associada ao bloco baixo da Falha de Pescada e ao aumento da subsidência no fim do rifteamento, com depósitos continentais dominados por leques aluviais e sistemas fluviais de alta energia (com bancos carbonáticos restritos). Litoestratigraficamente, essa seção corresponde também à Formação Pescada."
resultados/petrobras-5-mini-com-ontologia-add/batch_f92edf32-403b-42d8-9d3a-cbd3932f0816-completo.csv,graphrag,1586,O que é a Seqüência K40?,"A Seqüência K40 é constituída por uma cunha clástica sintectônica, reconhecida inicialmente no bloco baixo da Falha de Pescada, cuja atividade está geneticamente relacionada a um aumento da taxa de subsidência no final da fase de rifteamento da bacia.",", bem como nos depocentros relacionados às falhas de Macau e Ubarana. Litoestratigraficamente, a Seqüência K40 constitui a parte mais superior da Formação Pendência, sendo constituída por arenitos grossos e pelitos de um sistema flúvio-deltaico-lacustrino. A Seqüência K40 é constituída por uma cunha clástica sintectônica, reconhecida inicialmente no bloco baixo da Falha de Pescada, cuja atividade está geneticamente relacionada a um aumento da taxa de subsidência no final da fase de rifteamento da bacia. O sistema de falhas de Pescada possui direção geral WNW-ESE e constitui o limite proximal de ocorrência desta seqüência. O preenchimento sedimentar é dado por sistemas deposicionais continentais, dominados por leques aluviais e sistemas fluviais de alta energia, com bancos carbonáticos restritos. A esta seção de rochas corresponde à unidade litoestratigráfica denominada Formação Pescada. A partir do Neo-aptiano inicia-se a deposição da megasseqüência proto-oceânica sobre uma forte discordância angular, em resposta ao início de uma subsidência termal lenta e generalizada: a Seqüência K50.","A Seqüência K40 é a parte mais superior da Formação Pendência: uma cunha clástica sintectônica formada por arenitos grossos e pelitos, depositada por um sistema flúvio‑deltaico‑lacustrino no fim do rifteamento (associada à atividade da Falha de Pescada e ao aumento da subsidência). Corresponde à unidade denominada Formação Pescada, com depósitos continentais (leques aluviais e rios de alta energia)."
resultados/petrobras-5-mini-com-ontologia-add/batch_f92edf32-403b-42d8-9d3a-cbd3932f0816-completo.csv,rag,1587,Quais são os sistemas deposicionais continentais que preenchem o sedimentar da Seqüência K40?,"sistemas deposicionais continentais, dominados por leques aluviais e sistemas fluviais de alta energia, com bancos carbonáticos restritos.",", bem como nos depocentros relacionados às falhas de Macau e Ubarana. Litoestratigraficamente, a Seqüência K40 constitui a parte mais superior da Formação Pendência, sendo constituída por arenitos grossos e pelitos de um sistema flúvio-deltaico-lacustrino. A Seqüência K40 é constituída por uma cunha clástica sintectônica, reconhecida inicialmente no bloco baixo da Falha de Pescada, cuja atividade está geneticamente relacionada a um aumento da taxa de subsidência no final da fase de rifteamento da bacia. O sistema de falhas de Pescada possui direção geral WNW-ESE e constitui o limite proximal de ocorrência desta seqüência. O preenchimento sedimentar é dado por sistemas deposicionais continentais, dominados por leques aluviais e sistemas fluviais de alta energia, com bancos carbonáticos restritos. A esta seção de rochas corresponde à unidade litoestratigráfica denominada Formação Pescada. A partir do Neo-aptiano inicia-se a deposição da megasseqüência proto-oceânica sobre uma forte discordância angular, em resposta ao início de uma subsidência termal lenta e generalizada: a Seqüência K50.","São leques aluviais e sistemas fluviais de alta energia, com bancos carbonáticos restritos."
resultados/petrobras-5-mini-com-ontologia-add/batch_f92edf32-403b-42d8-9d3a-cbd3932f0816-completo.csv,graphrag,1587,Quais são os sistemas deposicionais continentais que preenchem o sedimentar da Seqüência K40?,"sistemas deposicionais continentais, dominados por leques aluviais e sistemas fluviais de alta energia, com bancos carbonáticos restritos.",", bem como nos depocentros relacionados às falhas de Macau e Ubarana. Litoestratigraficamente, a Seqüência K40 constitui a parte mais superior da Formação Pendência, sendo constituída por arenitos grossos e pelitos de um sistema flúvio-deltaico-lacustrino. A Seqüência K40 é constituída por uma cunha clástica sintectônica, reconhecida inicialmente no bloco baixo da Falha de Pescada, cuja atividade está geneticamente relacionada a um aumento da taxa de subsidência no final da fase de rifteamento da bacia. O sistema de falhas de Pescada possui direção geral WNW-ESE e constitui o limite proximal de ocorrência desta seqüência. O preenchimento sedimentar é dado por sistemas deposicionais continentais, dominados por leques aluviais e sistemas fluviais de alta energia, com bancos carbonáticos restritos. A esta seção de rochas corresponde à unidade litoestratigráfica denominada Formação Pescada. A partir do Neo-aptiano inicia-se a deposição da megasseqüência proto-oceânica sobre uma forte discordância angular, em resposta ao início de uma subsidência termal lenta e generalizada: a Seqüência K50.","Principalmente leques aluviais e sistemas fluviais de alta energia, em um contexto de sistema flúvio-deltaico-lacustrino."
resultados/petrobras-5-mini-com-ontologia-add/batch_f92edf32-403b-42d8-9d3a-cbd3932f0816-completo.csv,rag,1588,Qual é a unidade litoestratigráfica que corresponde à seção de rochas da Seqüência K40?,Formação Pescada,", bem como nos depocentros relacionados às falhas de Macau e Ubarana. Litoestratigraficamente, a Seqüência K40 constitui a parte mais superior da Formação Pendência, sendo constituída por arenitos grossos e pelitos de um sistema flúvio-deltaico-lacustrino. A Seqüência K40 é constituída por uma cunha clástica sintectônica, reconhecida inicialmente no bloco baixo da Falha de Pescada, cuja atividade está geneticamente relacionada a um aumento da taxa de subsidência no final da fase de rifteamento da bacia. O sistema de falhas de Pescada possui direção geral WNW-ESE e constitui o limite proximal de ocorrência desta seqüência. O preenchimento sedimentar é dado por sistemas deposicionais continentais, dominados por leques aluviais e sistemas fluviais de alta energia, com bancos carbonáticos restritos. A esta seção de rochas corresponde à unidade litoestratigráfica denominada Formação Pescada. A partir do Neo-aptiano inicia-se a deposição da megasseqüência proto-oceânica sobre uma forte discordância angular, em resposta ao início de uma subsidência termal lenta e generalizada: a Seqüência K50.",A unidade litoestratigráfica correspondente é a Formação Pescada.
resultados/petrobras-5-mini-com-ontologia-add/batch_f92edf32-403b-42d8-9d3a-cbd3932f0816-completo.csv,graphrag,1588,Qual é a unidade litoestratigráfica que corresponde à seção de rochas da Seqüência K40?,Formação Pescada,", bem como nos depocentros relacionados às falhas de Macau e Ubarana. Litoestratigraficamente, a Seqüência K40 constitui a parte mais superior da Formação Pendência, sendo constituída por arenitos grossos e pelitos de um sistema flúvio-deltaico-lacustrino. A Seqüência K40 é constituída por uma cunha clástica sintectônica, reconhecida inicialmente no bloco baixo da Falha de Pescada, cuja atividade está geneticamente relacionada a um aumento da taxa de subsidência no final da fase de rifteamento da bacia. O sistema de falhas de Pescada possui direção geral WNW-ESE e constitui o limite proximal de ocorrência desta seqüência. O preenchimento sedimentar é dado por sistemas deposicionais continentais, dominados por leques aluviais e sistemas fluviais de alta energia, com bancos carbonáticos restritos. A esta seção de rochas corresponde à unidade litoestratigráfica denominada Formação Pescada. A partir do Neo-aptiano inicia-se a deposição da megasseqüência proto-oceânica sobre uma forte discordância angular, em resposta ao início de uma subsidência termal lenta e generalizada: a Seqüência K50.",A unidade litoestratigráfica é a Formação Pescada.
resultados/petrobras-5-mini-com-ontologia-add/batch_f92edf32-403b-42d8-9d3a-cbd3932f0816-completo.csv,rag,1632,O que causou o processo de dobramento por deslizamento flexural?,anisotropia mecânica,"e intra-estratais.. Mecanismo de Dobramento - Nos flancos das dobras predominaram mecanismos de deslizamento flexural, enquanto na região de charneira prevaleceu a flambagem {flexural slip e buckling, sensu Park, 1989; fig. 15). A relação angular entre os indicadores cinemáticos nas superfícies de deslizamento e os eixos das dobras F1 indica a atuação de uma componente de rotação horária durante o fenômeno de deslizamento flexural. Alternativamente, poder-se-ia dizer que esta rotação ocorreu após a nucleação das dobras F1.'O processo de dobramento por deslizamento flexural foi conseqüência da anisotropia mecânica entre as camadas, com a deformação concentrando-se em níveis de folhelhos e siltitos, intercalados a arenitos. Por outro lado, o mecanismo de ftambagem indica uma resposta homogênea do material próximo à zona de charneira das dobras, com a nucleação de falhas reversas revelando ter a deformação atingido o ponto de ruptura.","Foi causada pela anisotropia mecânica entre as camadas, com a deformação concentrando‑se em níveis de folhelhos e siltitos intercalados com arenitos."
resultados/petrobras-5-mini-com-ontologia-add/batch_f92edf32-403b-42d8-9d3a-cbd3932f0816-completo.csv,graphrag,1632,O que causou o processo de dobramento por deslizamento flexural?,anisotropia mecânica,"e intra-estratais.. Mecanismo de Dobramento - Nos flancos das dobras predominaram mecanismos de deslizamento flexural, enquanto na região de charneira prevaleceu a flambagem {flexural slip e buckling, sensu Park, 1989; fig. 15). A relação angular entre os indicadores cinemáticos nas superfícies de deslizamento e os eixos das dobras F1 indica a atuação de uma componente de rotação horária durante o fenômeno de deslizamento flexural. Alternativamente, poder-se-ia dizer que esta rotação ocorreu após a nucleação das dobras F1.'O processo de dobramento por deslizamento flexural foi conseqüência da anisotropia mecânica entre as camadas, com a deformação concentrando-se em níveis de folhelhos e siltitos, intercalados a arenitos. Por outro lado, o mecanismo de ftambagem indica uma resposta homogênea do material próximo à zona de charneira das dobras, com a nucleação de falhas reversas revelando ter a deformação atingido o ponto de ruptura.","Foi causada pela anisotropia mecânica entre camadas, com a deformação concentrando‑se em níveis de folhelhos e siltitos intercalados com arenitos."
resultados/petrobras-5-mini-com-ontologia-add/batch_f92edf32-403b-42d8-9d3a-cbd3932f0816-completo.csv,rag,1634,Que mecanismo predomina nos flancos das dobras?,mecanismos de deslizamento flexural,"e intra-estratais.. Mecanismo de Dobramento - Nos flancos das dobras predominaram mecanismos de deslizamento flexural, enquanto na região de charneira prevaleceu a flambagem {flexural slip e buckling, sensu Park, 1989; fig. 15). A relação angular entre os indicadores cinemáticos nas superfícies de deslizamento e os eixos das dobras F1 indica a atuação de uma componente de rotação horária durante o fenômeno de deslizamento flexural. Alternativamente, poder-se-ia dizer que esta rotação ocorreu após a nucleação das dobras F1.'O processo de dobramento por deslizamento flexural foi conseqüência da anisotropia mecânica entre as camadas, com a deformação concentrando-se em níveis de folhelhos e siltitos, intercalados a arenitos. Por outro lado, o mecanismo de ftambagem indica uma resposta homogênea do material próximo à zona de charneira das dobras, com a nucleação de falhas reversas revelando ter a deformação atingido o ponto de ruptura.",Predomina o deslizamento flexural (flexural slip) nos flancos das dobras.
resultados/petrobras-5-mini-com-ontologia-add/batch_f92edf32-403b-42d8-9d3a-cbd3932f0816-completo.csv,graphrag,1634,Que mecanismo predomina nos flancos das dobras?,mecanismos de deslizamento flexural,"e intra-estratais.. Mecanismo de Dobramento - Nos flancos das dobras predominaram mecanismos de deslizamento flexural, enquanto na região de charneira prevaleceu a flambagem {flexural slip e buckling, sensu Park, 1989; fig. 15). A relação angular entre os indicadores cinemáticos nas superfícies de deslizamento e os eixos das dobras F1 indica a atuação de uma componente de rotação horária durante o fenômeno de deslizamento flexural. Alternativamente, poder-se-ia dizer que esta rotação ocorreu após a nucleação das dobras F1.'O processo de dobramento por deslizamento flexural foi conseqüência da anisotropia mecânica entre as camadas, com a deformação concentrando-se em níveis de folhelhos e siltitos, intercalados a arenitos. Por outro lado, o mecanismo de ftambagem indica uma resposta homogênea do material próximo à zona de charneira das dobras, com a nucleação de falhas reversas revelando ter a deformação atingido o ponto de ruptura.",O deslizamento flexural (flexural slip).
resultados/petrobras-5-mini-com-ontologia-add/batch_f92edf32-403b-42d8-9d3a-cbd3932f0816-completo.csv,rag,1637,O que ocorreu em conseqüência da anisotropia mecânica entre camadas?,O processo de dobramento por deslizamento flexural,"e intra-estratais.. Mecanismo de Dobramento - Nos flancos das dobras predominaram mecanismos de deslizamento flexural, enquanto na região de charneira prevaleceu a flambagem {flexural slip e buckling, sensu Park, 1989; fig. 15). A relação angular entre os indicadores cinemáticos nas superfícies de deslizamento e os eixos das dobras F1 indica a atuação de uma componente de rotação horária durante o fenômeno de deslizamento flexural. Alternativamente, poder-se-ia dizer que esta rotação ocorreu após a nucleação das dobras F1.'O processo de dobramento por deslizamento flexural foi conseqüência da anisotropia mecânica entre as camadas, com a deformação concentrando-se em níveis de folhelhos e siltitos, intercalados a arenitos. Por outro lado, o mecanismo de ftambagem indica uma resposta homogênea do material próximo à zona de charneira das dobras, com a nucleação de falhas reversas revelando ter a deformação atingido o ponto de ruptura.","Ocorreu dobramento por deslizamento flexural, com a deformação concentrando‑se em níveis de folhelhos e siltitos intercalados a arenitos."
resultados/petrobras-5-mini-com-ontologia-add/batch_f92edf32-403b-42d8-9d3a-cbd3932f0816-completo.csv,graphrag,1637,O que ocorreu em conseqüência da anisotropia mecânica entre camadas?,O processo de dobramento por deslizamento flexural,"e intra-estratais.. Mecanismo de Dobramento - Nos flancos das dobras predominaram mecanismos de deslizamento flexural, enquanto na região de charneira prevaleceu a flambagem {flexural slip e buckling, sensu Park, 1989; fig. 15). A relação angular entre os indicadores cinemáticos nas superfícies de deslizamento e os eixos das dobras F1 indica a atuação de uma componente de rotação horária durante o fenômeno de deslizamento flexural. Alternativamente, poder-se-ia dizer que esta rotação ocorreu após a nucleação das dobras F1.'O processo de dobramento por deslizamento flexural foi conseqüência da anisotropia mecânica entre as camadas, com a deformação concentrando-se em níveis de folhelhos e siltitos, intercalados a arenitos. Por outro lado, o mecanismo de ftambagem indica uma resposta homogênea do material próximo à zona de charneira das dobras, com a nucleação de falhas reversas revelando ter a deformação atingido o ponto de ruptura.","Ocorreu o dobramento por deslizamento flexural, com a deformação concentrada em níveis de folhelhos e siltitos intercalados com arenitos."
resultados/petrobras-5-mini-com-ontologia-add/batch_f92edf32-403b-42d8-9d3a-cbd3932f0816-completo.csv,rag,1638,Onde se concentra a deformação?,"níveis de folhelhos e siltitos, intercalados a arenitos","e intra-estratais.. Mecanismo de Dobramento - Nos flancos das dobras predominaram mecanismos de deslizamento flexural, enquanto na região de charneira prevaleceu a flambagem {flexural slip e buckling, sensu Park, 1989; fig. 15). A relação angular entre os indicadores cinemáticos nas superfícies de deslizamento e os eixos das dobras F1 indica a atuação de uma componente de rotação horária durante o fenômeno de deslizamento flexural. Alternativamente, poder-se-ia dizer que esta rotação ocorreu após a nucleação das dobras F1.'O processo de dobramento por deslizamento flexural foi conseqüência da anisotropia mecânica entre as camadas, com a deformação concentrando-se em níveis de folhelhos e siltitos, intercalados a arenitos. Por outro lado, o mecanismo de ftambagem indica uma resposta homogênea do material próximo à zona de charneira das dobras, com a nucleação de falhas reversas revelando ter a deformação atingido o ponto de ruptura.","A deformação concentra‑se nos níveis de folhelhos e siltitos intercalados com arenitos; na charneira a resposta é mais homogênea, chegando à ruptura com nucleação de falhas reversas."
resultados/petrobras-5-mini-com-ontologia-add/batch_f92edf32-403b-42d8-9d3a-cbd3932f0816-completo.csv,graphrag,1638,Onde se concentra a deformação?,"níveis de folhelhos e siltitos, intercalados a arenitos","e intra-estratais.. Mecanismo de Dobramento - Nos flancos das dobras predominaram mecanismos de deslizamento flexural, enquanto na região de charneira prevaleceu a flambagem {flexural slip e buckling, sensu Park, 1989; fig. 15). A relação angular entre os indicadores cinemáticos nas superfícies de deslizamento e os eixos das dobras F1 indica a atuação de uma componente de rotação horária durante o fenômeno de deslizamento flexural. Alternativamente, poder-se-ia dizer que esta rotação ocorreu após a nucleação das dobras F1.'O processo de dobramento por deslizamento flexural foi conseqüência da anisotropia mecânica entre as camadas, com a deformação concentrando-se em níveis de folhelhos e siltitos, intercalados a arenitos. Por outro lado, o mecanismo de ftambagem indica uma resposta homogênea do material próximo à zona de charneira das dobras, com a nucleação de falhas reversas revelando ter a deformação atingido o ponto de ruptura.",A deformação concentra‑se nos níveis mais fracos — folhelhos e siltitos (intercalados a arenitos).
resultados/petrobras-5-mini-com-ontologia-add/batch_f92edf32-403b-42d8-9d3a-cbd3932f0816-completo.csv,rag,1641,O que revela que a deformação atingiu o ponto de ruptura?,a nucleação de falhas reversas,"e intra-estratais.. Mecanismo de Dobramento - Nos flancos das dobras predominaram mecanismos de deslizamento flexural, enquanto na região de charneira prevaleceu a flambagem {flexural slip e buckling, sensu Park, 1989; fig. 15). A relação angular entre os indicadores cinemáticos nas superfícies de deslizamento e os eixos das dobras F1 indica a atuação de uma componente de rotação horária durante o fenômeno de deslizamento flexural. Alternativamente, poder-se-ia dizer que esta rotação ocorreu após a nucleação das dobras F1.'O processo de dobramento por deslizamento flexural foi conseqüência da anisotropia mecânica entre as camadas, com a deformação concentrando-se em níveis de folhelhos e siltitos, intercalados a arenitos. Por outro lado, o mecanismo de ftambagem indica uma resposta homogênea do material próximo à zona de charneira das dobras, com a nucleação de falhas reversas revelando ter a deformação atingido o ponto de ruptura.",A nucleação de falhas reversas (na zona de charneira) revela que a deformação atingiu o ponto de ruptura.
resultados/petrobras-5-mini-com-ontologia-add/batch_f92edf32-403b-42d8-9d3a-cbd3932f0816-completo.csv,graphrag,1641,O que revela que a deformação atingiu o ponto de ruptura?,a nucleação de falhas reversas,"e intra-estratais.. Mecanismo de Dobramento - Nos flancos das dobras predominaram mecanismos de deslizamento flexural, enquanto na região de charneira prevaleceu a flambagem {flexural slip e buckling, sensu Park, 1989; fig. 15). A relação angular entre os indicadores cinemáticos nas superfícies de deslizamento e os eixos das dobras F1 indica a atuação de uma componente de rotação horária durante o fenômeno de deslizamento flexural. Alternativamente, poder-se-ia dizer que esta rotação ocorreu após a nucleação das dobras F1.'O processo de dobramento por deslizamento flexural foi conseqüência da anisotropia mecânica entre as camadas, com a deformação concentrando-se em níveis de folhelhos e siltitos, intercalados a arenitos. Por outro lado, o mecanismo de ftambagem indica uma resposta homogênea do material próximo à zona de charneira das dobras, com a nucleação de falhas reversas revelando ter a deformação atingido o ponto de ruptura.",A nucleação de falhas reversas (falhas inversas) na região de charneira.
resultados/petrobras-5-mini-com-ontologia-add/batch_f92edf32-403b-42d8-9d3a-cbd3932f0816-completo.csv,rag,1642,O que indica a relação angular entre os indicadores cinemáticos nas superfícies de deslizamento e os eixos das dobras F1?,a atuação de uma componente de rotação horária,"e intra-estratais.. Mecanismo de Dobramento - Nos flancos das dobras predominaram mecanismos de deslizamento flexural, enquanto na região de charneira prevaleceu a flambagem {flexural slip e buckling, sensu Park, 1989; fig. 15). A relação angular entre os indicadores cinemáticos nas superfícies de deslizamento e os eixos das dobras F1 indica a atuação de uma componente de rotação horária durante o fenômeno de deslizamento flexural. Alternativamente, poder-se-ia dizer que esta rotação ocorreu após a nucleação das dobras F1.'O processo de dobramento por deslizamento flexural foi conseqüência da anisotropia mecânica entre as camadas, com a deformação concentrando-se em níveis de folhelhos e siltitos, intercalados a arenitos. Por outro lado, o mecanismo de ftambagem indica uma resposta homogênea do material próximo à zona de charneira das dobras, com a nucleação de falhas reversas revelando ter a deformação atingido o ponto de ruptura.","Indica a atuação de uma componente de rotação horária durante o deslizamento flexural — ou, alternativamente, que essa rotação ocorreu após a nucleação das dobras F1."
resultados/petrobras-5-mini-com-ontologia-add/batch_f92edf32-403b-42d8-9d3a-cbd3932f0816-completo.csv,graphrag,1642,O que indica a relação angular entre os indicadores cinemáticos nas superfícies de deslizamento e os eixos das dobras F1?,a atuação de uma componente de rotação horária,"e intra-estratais.. Mecanismo de Dobramento - Nos flancos das dobras predominaram mecanismos de deslizamento flexural, enquanto na região de charneira prevaleceu a flambagem {flexural slip e buckling, sensu Park, 1989; fig. 15). A relação angular entre os indicadores cinemáticos nas superfícies de deslizamento e os eixos das dobras F1 indica a atuação de uma componente de rotação horária durante o fenômeno de deslizamento flexural. Alternativamente, poder-se-ia dizer que esta rotação ocorreu após a nucleação das dobras F1.'O processo de dobramento por deslizamento flexural foi conseqüência da anisotropia mecânica entre as camadas, com a deformação concentrando-se em níveis de folhelhos e siltitos, intercalados a arenitos. Por outro lado, o mecanismo de ftambagem indica uma resposta homogênea do material próximo à zona de charneira das dobras, com a nucleação de falhas reversas revelando ter a deformação atingido o ponto de ruptura.","Indica a atuação de uma componente de rotação horária durante o deslizamento flexural — ou, alternativamente, que essa rotação ocorreu após a nucleação das dobras F1."
resultados/petrobras-5-mini-com-ontologia-add/batch_f92edf32-403b-42d8-9d3a-cbd3932f0816-completo.csv,rag,1643,O que a relação angular entre os indicadores cinemáticos nas superfícies de deslizamento e os eixos das dobras indica?,uma componente de rotação horária,"e intra-estratais.. Mecanismo de Dobramento - Nos flancos das dobras predominaram mecanismos de deslizamento flexural, enquanto na região de charneira prevaleceu a flambagem {flexural slip e buckling, sensu Park, 1989; fig. 15). A relação angular entre os indicadores cinemáticos nas superfícies de deslizamento e os eixos das dobras F1 indica a atuação de uma componente de rotação horária durante o fenômeno de deslizamento flexural. Alternativamente, poder-se-ia dizer que esta rotação ocorreu após a nucleação das dobras F1.'O processo de dobramento por deslizamento flexural foi conseqüência da anisotropia mecânica entre as camadas, com a deformação concentrando-se em níveis de folhelhos e siltitos, intercalados a arenitos. Por outro lado, o mecanismo de ftambagem indica uma resposta homogênea do material próximo à zona de charneira das dobras, com a nucleação de falhas reversas revelando ter a deformação atingido o ponto de ruptura.","Indica a atuação de uma componente de rotação horária durante o deslizamento flexural — ou, alternativamente, que essa rotação ocorreu após a nucleação das dobras F1."
resultados/petrobras-5-mini-com-ontologia-add/batch_f92edf32-403b-42d8-9d3a-cbd3932f0816-completo.csv,graphrag,1643,O que a relação angular entre os indicadores cinemáticos nas superfícies de deslizamento e os eixos das dobras indica?,uma componente de rotação horária,"e intra-estratais.. Mecanismo de Dobramento - Nos flancos das dobras predominaram mecanismos de deslizamento flexural, enquanto na região de charneira prevaleceu a flambagem {flexural slip e buckling, sensu Park, 1989; fig. 15). A relação angular entre os indicadores cinemáticos nas superfícies de deslizamento e os eixos das dobras F1 indica a atuação de uma componente de rotação horária durante o fenômeno de deslizamento flexural. Alternativamente, poder-se-ia dizer que esta rotação ocorreu após a nucleação das dobras F1.'O processo de dobramento por deslizamento flexural foi conseqüência da anisotropia mecânica entre as camadas, com a deformação concentrando-se em níveis de folhelhos e siltitos, intercalados a arenitos. Por outro lado, o mecanismo de ftambagem indica uma resposta homogênea do material próximo à zona de charneira das dobras, com a nucleação de falhas reversas revelando ter a deformação atingido o ponto de ruptura.","Indica a atuação de uma componente de rotação horária durante o deslizamento flexural — ou, alternativamente, que essa rotação ocorreu após a nucleação das dobras F1."
resultados/petrobras-5-mini-com-ontologia-add/batch_f92edf32-403b-42d8-9d3a-cbd3932f0816-completo.csv,rag,1646,O que foi conseqüência da anisotropia mecânica entre camadas?,O processo de dobramento por deslizamento flexural,"e intra-estratais.. Mecanismo de Dobramento - Nos flancos das dobras predominaram mecanismos de deslizamento flexural, enquanto na região de charneira prevaleceu a flambagem {flexural slip e buckling, sensu Park, 1989; fig. 15). A relação angular entre os indicadores cinemáticos nas superfícies de deslizamento e os eixos das dobras F1 indica a atuação de uma componente de rotação horária durante o fenômeno de deslizamento flexural. Alternativamente, poder-se-ia dizer que esta rotação ocorreu após a nucleação das dobras F1.'O processo de dobramento por deslizamento flexural foi conseqüência da anisotropia mecânica entre as camadas, com a deformação concentrando-se em níveis de folhelhos e siltitos, intercalados a arenitos. Por outro lado, o mecanismo de ftambagem indica uma resposta homogênea do material próximo à zona de charneira das dobras, com a nucleação de falhas reversas revelando ter a deformação atingido o ponto de ruptura.","O dobramento por deslizamento flexural, com a deformação concentrada em níveis de folhelhos e siltitos intercalados por arenitos."
resultados/petrobras-5-mini-com-ontologia-add/batch_f92edf32-403b-42d8-9d3a-cbd3932f0816-completo.csv,graphrag,1646,O que foi conseqüência da anisotropia mecânica entre camadas?,O processo de dobramento por deslizamento flexural,"e intra-estratais.. Mecanismo de Dobramento - Nos flancos das dobras predominaram mecanismos de deslizamento flexural, enquanto na região de charneira prevaleceu a flambagem {flexural slip e buckling, sensu Park, 1989; fig. 15). A relação angular entre os indicadores cinemáticos nas superfícies de deslizamento e os eixos das dobras F1 indica a atuação de uma componente de rotação horária durante o fenômeno de deslizamento flexural. Alternativamente, poder-se-ia dizer que esta rotação ocorreu após a nucleação das dobras F1.'O processo de dobramento por deslizamento flexural foi conseqüência da anisotropia mecânica entre as camadas, com a deformação concentrando-se em níveis de folhelhos e siltitos, intercalados a arenitos. Por outro lado, o mecanismo de ftambagem indica uma resposta homogênea do material próximo à zona de charneira das dobras, com a nucleação de falhas reversas revelando ter a deformação atingido o ponto de ruptura.",O dobramento por deslizamento flexural — com a deformação concentrando‑se em níveis de folhelhos e siltitos intercalados a arenitos.
resultados/petrobras-5-mini-com-ontologia-add/batch_f92edf32-403b-42d8-9d3a-cbd3932f0816-completo.csv,rag,1654,Em que região de dobras predomina o mecanismo de flambagem?,região de charneira,"e intra-estratais.. Mecanismo de Dobramento - Nos flancos das dobras predominaram mecanismos de deslizamento flexural, enquanto na região de charneira prevaleceu a flambagem {flexural slip e buckling, sensu Park, 1989; fig. 15). A relação angular entre os indicadores cinemáticos nas superfícies de deslizamento e os eixos das dobras F1 indica a atuação de uma componente de rotação horária durante o fenômeno de deslizamento flexural. Alternativamente, poder-se-ia dizer que esta rotação ocorreu após a nucleação das dobras F1.'O processo de dobramento por deslizamento flexural foi conseqüência da anisotropia mecânica entre as camadas, com a deformação concentrando-se em níveis de folhelhos e siltitos, intercalados a arenitos. Por outro lado, o mecanismo de ftambagem indica uma resposta homogênea do material próximo à zona de charneira das dobras, com a nucleação de falhas reversas revelando ter a deformação atingido o ponto de ruptura.",Na região de charneira das dobras (próxima à zona de charneira).
resultados/petrobras-5-mini-com-ontologia-add/batch_f92edf32-403b-42d8-9d3a-cbd3932f0816-completo.csv,graphrag,1654,Em que região de dobras predomina o mecanismo de flambagem?,região de charneira,"e intra-estratais.. Mecanismo de Dobramento - Nos flancos das dobras predominaram mecanismos de deslizamento flexural, enquanto na região de charneira prevaleceu a flambagem {flexural slip e buckling, sensu Park, 1989; fig. 15). A relação angular entre os indicadores cinemáticos nas superfícies de deslizamento e os eixos das dobras F1 indica a atuação de uma componente de rotação horária durante o fenômeno de deslizamento flexural. Alternativamente, poder-se-ia dizer que esta rotação ocorreu após a nucleação das dobras F1.'O processo de dobramento por deslizamento flexural foi conseqüência da anisotropia mecânica entre as camadas, com a deformação concentrando-se em níveis de folhelhos e siltitos, intercalados a arenitos. Por outro lado, o mecanismo de ftambagem indica uma resposta homogênea do material próximo à zona de charneira das dobras, com a nucleação de falhas reversas revelando ter a deformação atingido o ponto de ruptura.",Na região de charneira das dobras (zona central).
resultados/petrobras-5-mini-com-ontologia-add/batch_f92edf32-403b-42d8-9d3a-cbd3932f0816-completo.csv,rag,1659,Qual foi o mecanismo predominante nos flancos das dobras?,mecanismos de deslizamento flexural,"e intra-estratais.. Mecanismo de Dobramento - Nos flancos das dobras predominaram mecanismos de deslizamento flexural, enquanto na região de charneira prevaleceu a flambagem {flexural slip e buckling, sensu Park, 1989; fig. 15). A relação angular entre os indicadores cinemáticos nas superfícies de deslizamento e os eixos das dobras F1 indica a atuação de uma componente de rotação horária durante o fenômeno de deslizamento flexural. Alternativamente, poder-se-ia dizer que esta rotação ocorreu após a nucleação das dobras F1.'O processo de dobramento por deslizamento flexural foi conseqüência da anisotropia mecânica entre as camadas, com a deformação concentrando-se em níveis de folhelhos e siltitos, intercalados a arenitos. Por outro lado, o mecanismo de ftambagem indica uma resposta homogênea do material próximo à zona de charneira das dobras, com a nucleação de falhas reversas revelando ter a deformação atingido o ponto de ruptura.",Predominou o deslizamento flexural (flexural slip).
resultados/petrobras-5-mini-com-ontologia-add/batch_f92edf32-403b-42d8-9d3a-cbd3932f0816-completo.csv,graphrag,1659,Qual foi o mecanismo predominante nos flancos das dobras?,mecanismos de deslizamento flexural,"e intra-estratais.. Mecanismo de Dobramento - Nos flancos das dobras predominaram mecanismos de deslizamento flexural, enquanto na região de charneira prevaleceu a flambagem {flexural slip e buckling, sensu Park, 1989; fig. 15). A relação angular entre os indicadores cinemáticos nas superfícies de deslizamento e os eixos das dobras F1 indica a atuação de uma componente de rotação horária durante o fenômeno de deslizamento flexural. Alternativamente, poder-se-ia dizer que esta rotação ocorreu após a nucleação das dobras F1.'O processo de dobramento por deslizamento flexural foi conseqüência da anisotropia mecânica entre as camadas, com a deformação concentrando-se em níveis de folhelhos e siltitos, intercalados a arenitos. Por outro lado, o mecanismo de ftambagem indica uma resposta homogênea do material próximo à zona de charneira das dobras, com a nucleação de falhas reversas revelando ter a deformação atingido o ponto de ruptura.",O deslizamento flexural.
resultados/petrobras-5-mini-com-ontologia-add/batch_f92edf32-403b-42d8-9d3a-cbd3932f0816-completo.csv,rag,1664,Qual a relação angular entre os indicadores cinemáticos nas superfícies de deslizamento e os eixos das dobras F1?,indica a atuação de uma componente de rotação horária durante o fenômeno de deslizamento flexural,"e intra-estratais.. Mecanismo de Dobramento - Nos flancos das dobras predominaram mecanismos de deslizamento flexural, enquanto na região de charneira prevaleceu a flambagem {flexural slip e buckling, sensu Park, 1989; fig. 15). A relação angular entre os indicadores cinemáticos nas superfícies de deslizamento e os eixos das dobras F1 indica a atuação de uma componente de rotação horária durante o fenômeno de deslizamento flexural. Alternativamente, poder-se-ia dizer que esta rotação ocorreu após a nucleação das dobras F1.'O processo de dobramento por deslizamento flexural foi conseqüência da anisotropia mecânica entre as camadas, com a deformação concentrando-se em níveis de folhelhos e siltitos, intercalados a arenitos. Por outro lado, o mecanismo de ftambagem indica uma resposta homogênea do material próximo à zona de charneira das dobras, com a nucleação de falhas reversas revelando ter a deformação atingido o ponto de ruptura.","Indica uma componente de rotação horária entre os indicadores cinemáticos das superfícies de deslizamento e os eixos das dobras F1 — ou seja, essa rotação ocorreu durante o deslizamento flexural (ou, alternativamente, após a nucleação das dobras F1)."
resultados/petrobras-5-mini-com-ontologia-add/batch_f92edf32-403b-42d8-9d3a-cbd3932f0816-completo.csv,graphrag,1664,Qual a relação angular entre os indicadores cinemáticos nas superfícies de deslizamento e os eixos das dobras F1?,indica a atuação de uma componente de rotação horária durante o fenômeno de deslizamento flexural,"e intra-estratais.. Mecanismo de Dobramento - Nos flancos das dobras predominaram mecanismos de deslizamento flexural, enquanto na região de charneira prevaleceu a flambagem {flexural slip e buckling, sensu Park, 1989; fig. 15). A relação angular entre os indicadores cinemáticos nas superfícies de deslizamento e os eixos das dobras F1 indica a atuação de uma componente de rotação horária durante o fenômeno de deslizamento flexural. Alternativamente, poder-se-ia dizer que esta rotação ocorreu após a nucleação das dobras F1.'O processo de dobramento por deslizamento flexural foi conseqüência da anisotropia mecânica entre as camadas, com a deformação concentrando-se em níveis de folhelhos e siltitos, intercalados a arenitos. Por outro lado, o mecanismo de ftambagem indica uma resposta homogênea do material próximo à zona de charneira das dobras, com a nucleação de falhas reversas revelando ter a deformação atingido o ponto de ruptura.","Indicam uma componente de rotação horária — ou seja, os indicadores nas superfícies de deslizamento mostram um deslocamento no sentido horário relativamente aos eixos das dobras F1 (podendo ocorrer durante o deslizamento flexural ou após a nucleação das dobras)."
resultados/petrobras-5-mini-com-ontologia-add/batch_f92edf32-403b-42d8-9d3a-cbd3932f0816-completo.csv,rag,1665,O que foi consequência da anisotropia mecânica entre as camadas no processo de dobramento por deslizamento flexural?,"a deformação concentrando-se em níveis de folhelhos e siltitos, intercalados a arenitos","e intra-estratais.. Mecanismo de Dobramento - Nos flancos das dobras predominaram mecanismos de deslizamento flexural, enquanto na região de charneira prevaleceu a flambagem {flexural slip e buckling, sensu Park, 1989; fig. 15). A relação angular entre os indicadores cinemáticos nas superfícies de deslizamento e os eixos das dobras F1 indica a atuação de uma componente de rotação horária durante o fenômeno de deslizamento flexural. Alternativamente, poder-se-ia dizer que esta rotação ocorreu após a nucleação das dobras F1.'O processo de dobramento por deslizamento flexural foi conseqüência da anisotropia mecânica entre as camadas, com a deformação concentrando-se em níveis de folhelhos e siltitos, intercalados a arenitos. Por outro lado, o mecanismo de ftambagem indica uma resposta homogênea do material próximo à zona de charneira das dobras, com a nucleação de falhas reversas revelando ter a deformação atingido o ponto de ruptura.",O dobramento por deslizamento flexural — com a deformação concentrando‑se em níveis de folhelhos e siltitos intercalados a arenitos.
resultados/petrobras-5-mini-com-ontologia-add/batch_f92edf32-403b-42d8-9d3a-cbd3932f0816-completo.csv,graphrag,1665,O que foi consequência da anisotropia mecânica entre as camadas no processo de dobramento por deslizamento flexural?,"a deformação concentrando-se em níveis de folhelhos e siltitos, intercalados a arenitos","e intra-estratais.. Mecanismo de Dobramento - Nos flancos das dobras predominaram mecanismos de deslizamento flexural, enquanto na região de charneira prevaleceu a flambagem {flexural slip e buckling, sensu Park, 1989; fig. 15). A relação angular entre os indicadores cinemáticos nas superfícies de deslizamento e os eixos das dobras F1 indica a atuação de uma componente de rotação horária durante o fenômeno de deslizamento flexural. Alternativamente, poder-se-ia dizer que esta rotação ocorreu após a nucleação das dobras F1.'O processo de dobramento por deslizamento flexural foi conseqüência da anisotropia mecânica entre as camadas, com a deformação concentrando-se em níveis de folhelhos e siltitos, intercalados a arenitos. Por outro lado, o mecanismo de ftambagem indica uma resposta homogênea do material próximo à zona de charneira das dobras, com a nucleação de falhas reversas revelando ter a deformação atingido o ponto de ruptura.",Que houve dobramento por deslizamento flexural — a deformação concentrou‑se em níveis de folhelhos e siltitos intercalados com arenitos (predominando nos flancos das dobras).
resultados/petrobras-5-mini-com-ontologia-add/batch_f92edf32-403b-42d8-9d3a-cbd3932f0816-completo.csv,rag,1666,O que indica o mecanismo de flambagem em relação à resposta do material próximo à zona de charneira das dobras?,uma resposta homogênea do material próximo à zona de charneira das dobras,"e intra-estratais.. Mecanismo de Dobramento - Nos flancos das dobras predominaram mecanismos de deslizamento flexural, enquanto na região de charneira prevaleceu a flambagem {flexural slip e buckling, sensu Park, 1989; fig. 15). A relação angular entre os indicadores cinemáticos nas superfícies de deslizamento e os eixos das dobras F1 indica a atuação de uma componente de rotação horária durante o fenômeno de deslizamento flexural. Alternativamente, poder-se-ia dizer que esta rotação ocorreu após a nucleação das dobras F1.'O processo de dobramento por deslizamento flexural foi conseqüência da anisotropia mecânica entre as camadas, com a deformação concentrando-se em níveis de folhelhos e siltitos, intercalados a arenitos. Por outro lado, o mecanismo de ftambagem indica uma resposta homogênea do material próximo à zona de charneira das dobras, com a nucleação de falhas reversas revelando ter a deformação atingido o ponto de ruptura.","Que houve uma resposta homogênea do material perto da zona de charneira, e a nucleação de falhas reversas indica que a deformação atingiu o ponto de ruptura."
resultados/petrobras-5-mini-com-ontologia-add/batch_f92edf32-403b-42d8-9d3a-cbd3932f0816-completo.csv,graphrag,1666,O que indica o mecanismo de flambagem em relação à resposta do material próximo à zona de charneira das dobras?,uma resposta homogênea do material próximo à zona de charneira das dobras,"e intra-estratais.. Mecanismo de Dobramento - Nos flancos das dobras predominaram mecanismos de deslizamento flexural, enquanto na região de charneira prevaleceu a flambagem {flexural slip e buckling, sensu Park, 1989; fig. 15). A relação angular entre os indicadores cinemáticos nas superfícies de deslizamento e os eixos das dobras F1 indica a atuação de uma componente de rotação horária durante o fenômeno de deslizamento flexural. Alternativamente, poder-se-ia dizer que esta rotação ocorreu após a nucleação das dobras F1.'O processo de dobramento por deslizamento flexural foi conseqüência da anisotropia mecânica entre as camadas, com a deformação concentrando-se em níveis de folhelhos e siltitos, intercalados a arenitos. Por outro lado, o mecanismo de ftambagem indica uma resposta homogênea do material próximo à zona de charneira das dobras, com a nucleação de falhas reversas revelando ter a deformação atingido o ponto de ruptura.","Que o material próximo à charneira respondeu de forma homogênea, indicando deformação até a ruptura (nucleação de falhas reversas)."
resultados/petrobras-5-mini-com-ontologia-add/batch_f92edf32-403b-42d8-9d3a-cbd3932f0816-completo.csv,rag,1668,Quais mecanismos de dobramento predominaram nos flancos das dobras?,mecanismos de deslizamento flexural,"e intra-estratais.. Mecanismo de Dobramento - Nos flancos das dobras predominaram mecanismos de deslizamento flexural, enquanto na região de charneira prevaleceu a flambagem {flexural slip e buckling, sensu Park, 1989; fig. 15). A relação angular entre os indicadores cinemáticos nas superfícies de deslizamento e os eixos das dobras F1 indica a atuação de uma componente de rotação horária durante o fenômeno de deslizamento flexural. Alternativamente, poder-se-ia dizer que esta rotação ocorreu após a nucleação das dobras F1.'O processo de dobramento por deslizamento flexural foi conseqüência da anisotropia mecânica entre as camadas, com a deformação concentrando-se em níveis de folhelhos e siltitos, intercalados a arenitos. Por outro lado, o mecanismo de ftambagem indica uma resposta homogênea do material próximo à zona de charneira das dobras, com a nucleação de falhas reversas revelando ter a deformação atingido o ponto de ruptura.",Predominou o deslizamento flexural (flexural slip) nos flancos das dobras.
resultados/petrobras-5-mini-com-ontologia-add/batch_f92edf32-403b-42d8-9d3a-cbd3932f0816-completo.csv,graphrag,1668,Quais mecanismos de dobramento predominaram nos flancos das dobras?,mecanismos de deslizamento flexural,"e intra-estratais.. Mecanismo de Dobramento - Nos flancos das dobras predominaram mecanismos de deslizamento flexural, enquanto na região de charneira prevaleceu a flambagem {flexural slip e buckling, sensu Park, 1989; fig. 15). A relação angular entre os indicadores cinemáticos nas superfícies de deslizamento e os eixos das dobras F1 indica a atuação de uma componente de rotação horária durante o fenômeno de deslizamento flexural. Alternativamente, poder-se-ia dizer que esta rotação ocorreu após a nucleação das dobras F1.'O processo de dobramento por deslizamento flexural foi conseqüência da anisotropia mecânica entre as camadas, com a deformação concentrando-se em níveis de folhelhos e siltitos, intercalados a arenitos. Por outro lado, o mecanismo de ftambagem indica uma resposta homogênea do material próximo à zona de charneira das dobras, com a nucleação de falhas reversas revelando ter a deformação atingido o ponto de ruptura.","Predominou o deslizamento flexural (flexural slip) nos flancos das dobras — deslizamento ao longo de superfícies entre camadas, favorecido pela anisotropia mecânica entre camadas."
resultados/petrobras-5-mini-com-ontologia-add/batch_f92edf32-403b-42d8-9d3a-cbd3932f0816-completo.csv,rag,1669,O que prevaleceu na região de charneira das dobras?,flambagem,"e intra-estratais.. Mecanismo de Dobramento - Nos flancos das dobras predominaram mecanismos de deslizamento flexural, enquanto na região de charneira prevaleceu a flambagem {flexural slip e buckling, sensu Park, 1989; fig. 15). A relação angular entre os indicadores cinemáticos nas superfícies de deslizamento e os eixos das dobras F1 indica a atuação de uma componente de rotação horária durante o fenômeno de deslizamento flexural. Alternativamente, poder-se-ia dizer que esta rotação ocorreu após a nucleação das dobras F1.'O processo de dobramento por deslizamento flexural foi conseqüência da anisotropia mecânica entre as camadas, com a deformação concentrando-se em níveis de folhelhos e siltitos, intercalados a arenitos. Por outro lado, o mecanismo de ftambagem indica uma resposta homogênea do material próximo à zona de charneira das dobras, com a nucleação de falhas reversas revelando ter a deformação atingido o ponto de ruptura.","A flambagem (buckling) prevaleceu na região de charneira, com resposta homogênea do material e nucleação de falhas reversas."
resultados/petrobras-5-mini-com-ontologia-add/batch_f92edf32-403b-42d8-9d3a-cbd3932f0816-completo.csv,graphrag,1669,O que prevaleceu na região de charneira das dobras?,flambagem,"e intra-estratais.. Mecanismo de Dobramento - Nos flancos das dobras predominaram mecanismos de deslizamento flexural, enquanto na região de charneira prevaleceu a flambagem {flexural slip e buckling, sensu Park, 1989; fig. 15). A relação angular entre os indicadores cinemáticos nas superfícies de deslizamento e os eixos das dobras F1 indica a atuação de uma componente de rotação horária durante o fenômeno de deslizamento flexural. Alternativamente, poder-se-ia dizer que esta rotação ocorreu após a nucleação das dobras F1.'O processo de dobramento por deslizamento flexural foi conseqüência da anisotropia mecânica entre as camadas, com a deformação concentrando-se em níveis de folhelhos e siltitos, intercalados a arenitos. Por outro lado, o mecanismo de ftambagem indica uma resposta homogênea do material próximo à zona de charneira das dobras, com a nucleação de falhas reversas revelando ter a deformação atingido o ponto de ruptura.","Na região de charneira prevaleceu a flambagem, com resposta homogênea do material."
resultados/petrobras-5-mini-com-ontologia-add/batch_f92edf32-403b-42d8-9d3a-cbd3932f0816-completo.csv,rag,1670,O que é indicado pela relação angular entre os indicadores cinemáticos nas superfícies de deslizamento e os eixos das dobras F1?,a atuação de uma componente de rotação horária durante o fenômeno de deslizamento flexural,"e intra-estratais.. Mecanismo de Dobramento - Nos flancos das dobras predominaram mecanismos de deslizamento flexural, enquanto na região de charneira prevaleceu a flambagem {flexural slip e buckling, sensu Park, 1989; fig. 15). A relação angular entre os indicadores cinemáticos nas superfícies de deslizamento e os eixos das dobras F1 indica a atuação de uma componente de rotação horária durante o fenômeno de deslizamento flexural. Alternativamente, poder-se-ia dizer que esta rotação ocorreu após a nucleação das dobras F1.'O processo de dobramento por deslizamento flexural foi conseqüência da anisotropia mecânica entre as camadas, com a deformação concentrando-se em níveis de folhelhos e siltitos, intercalados a arenitos. Por outro lado, o mecanismo de ftambagem indica uma resposta homogênea do material próximo à zona de charneira das dobras, com a nucleação de falhas reversas revelando ter a deformação atingido o ponto de ruptura.","Indica a atuação de uma componente de rotação horária durante o deslizamento flexural — ou, alternativamente, que essa rotação ocorreu após a nucleação das dobras F1."
resultados/petrobras-5-mini-com-ontologia-add/batch_f92edf32-403b-42d8-9d3a-cbd3932f0816-completo.csv,graphrag,1670,O que é indicado pela relação angular entre os indicadores cinemáticos nas superfícies de deslizamento e os eixos das dobras F1?,a atuação de uma componente de rotação horária durante o fenômeno de deslizamento flexural,"e intra-estratais.. Mecanismo de Dobramento - Nos flancos das dobras predominaram mecanismos de deslizamento flexural, enquanto na região de charneira prevaleceu a flambagem {flexural slip e buckling, sensu Park, 1989; fig. 15). A relação angular entre os indicadores cinemáticos nas superfícies de deslizamento e os eixos das dobras F1 indica a atuação de uma componente de rotação horária durante o fenômeno de deslizamento flexural. Alternativamente, poder-se-ia dizer que esta rotação ocorreu após a nucleação das dobras F1.'O processo de dobramento por deslizamento flexural foi conseqüência da anisotropia mecânica entre as camadas, com a deformação concentrando-se em níveis de folhelhos e siltitos, intercalados a arenitos. Por outro lado, o mecanismo de ftambagem indica uma resposta homogênea do material próximo à zona de charneira das dobras, com a nucleação de falhas reversas revelando ter a deformação atingido o ponto de ruptura.","Indica a atuação de uma componente de rotação horária durante o deslizamento flexural — ou, alternativamente, que essa rotação ocorreu após a nucleação das dobras F1."
resultados/petrobras-5-mini-com-ontologia-add/batch_f92edf32-403b-42d8-9d3a-cbd3932f0816-completo.csv,rag,1672,O que é conseqüência da anisotropia mecânica entre as camadas?,o processo de dobramento por deslizamento flexural,"e intra-estratais.. Mecanismo de Dobramento - Nos flancos das dobras predominaram mecanismos de deslizamento flexural, enquanto na região de charneira prevaleceu a flambagem {flexural slip e buckling, sensu Park, 1989; fig. 15). A relação angular entre os indicadores cinemáticos nas superfícies de deslizamento e os eixos das dobras F1 indica a atuação de uma componente de rotação horária durante o fenômeno de deslizamento flexural. Alternativamente, poder-se-ia dizer que esta rotação ocorreu após a nucleação das dobras F1.'O processo de dobramento por deslizamento flexural foi conseqüência da anisotropia mecânica entre as camadas, com a deformação concentrando-se em níveis de folhelhos e siltitos, intercalados a arenitos. Por outro lado, o mecanismo de ftambagem indica uma resposta homogênea do material próximo à zona de charneira das dobras, com a nucleação de falhas reversas revelando ter a deformação atingido o ponto de ruptura.","O processo de dobramento por deslizamento flexural — ou seja, dobramento com deslizamento entre camadas, com deformação concentrada em folhelhos e siltitos intercalados a arenitos."
resultados/petrobras-5-mini-com-ontologia-add/batch_f92edf32-403b-42d8-9d3a-cbd3932f0816-completo.csv,graphrag,1672,O que é conseqüência da anisotropia mecânica entre as camadas?,o processo de dobramento por deslizamento flexural,"e intra-estratais.. Mecanismo de Dobramento - Nos flancos das dobras predominaram mecanismos de deslizamento flexural, enquanto na região de charneira prevaleceu a flambagem {flexural slip e buckling, sensu Park, 1989; fig. 15). A relação angular entre os indicadores cinemáticos nas superfícies de deslizamento e os eixos das dobras F1 indica a atuação de uma componente de rotação horária durante o fenômeno de deslizamento flexural. Alternativamente, poder-se-ia dizer que esta rotação ocorreu após a nucleação das dobras F1.'O processo de dobramento por deslizamento flexural foi conseqüência da anisotropia mecânica entre as camadas, com a deformação concentrando-se em níveis de folhelhos e siltitos, intercalados a arenitos. Por outro lado, o mecanismo de ftambagem indica uma resposta homogênea do material próximo à zona de charneira das dobras, com a nucleação de falhas reversas revelando ter a deformação atingido o ponto de ruptura.",O dobramento por deslizamento flexural — a deformação ficou concentrada nos níveis mais fracos (folhelhos e siltitos) intercalados com arenitos.
resultados/petrobras-5-mini-com-ontologia-add/batch_f92edf32-403b-42d8-9d3a-cbd3932f0816-completo.csv,rag,1676,Qual é o teor de argila infiltrada em depósitos terciários e pleistocênicos do Sudoeste americano?,10 a 20%,"logenéticas. Referências a infiltração mecânica de argilas em outros ambientes sedimentares antigos são muito raras e superficiais. LOUCKS et alii invocam este processo para explicar day coats presentes em alguns arenitos depositados em deltas e ilhas de barreira no Terciário da Costa do Golfo, mas não desenvolvem maiores comentários a respeito. KESSLER identifica cutículas de argila e hematita em arenitos de duna e wadi do Permiano do Mar do Norte como acumuladas por infiltração mecânica, citando características convergen-* tes com as descritas por WALKER. A introdução de grandes volumes de argila por infiltração mecânica parece estar, entretanto, relacionada, basicamente, com sistemas aluviais entrelaçados sob clima árido/semi-árido. WALKER et alii reportam que os depósitos terciários e pleistocênicos do Sudoeste americano contêm comu-mente de 10 a 20% de argilas infiltradas. Este teor representa uma grande quantidade de material introduzido pós-depo-sicionalmente em sedimentos originalmente livres de argila. 0 processo de infiltração mecânica promove, como se vê, modificações marcantes na textura, mineralogia e composição química dos sedimentos onde atua. Seu reconhecimento é, portanto, fundamental para a correta interpretação da história deposicional e diagenética dos arenitos e conglomerados onde ocorre. 4 - RECONHECIMENTO DAS ARGILAS DE INFILTRAÇÃO O que se pretende aqui é demonstrar que o reconhecimento de argilas mecanicamente infiltradas é plenamente possível em sedimentos antigos e que a análise de lâminas delgadas é a melhor ferramenta para sua identificação e descrição. Estudos de CRONE com infiltração artificial em",Comumente entre 10% e 20% de argilas infiltradas.
resultados/petrobras-5-mini-com-ontologia-add/batch_f92edf32-403b-42d8-9d3a-cbd3932f0816-completo.csv,graphrag,1676,Qual é o teor de argila infiltrada em depósitos terciários e pleistocênicos do Sudoeste americano?,10 a 20%,"logenéticas. Referências a infiltração mecânica de argilas em outros ambientes sedimentares antigos são muito raras e superficiais. LOUCKS et alii invocam este processo para explicar day coats presentes em alguns arenitos depositados em deltas e ilhas de barreira no Terciário da Costa do Golfo, mas não desenvolvem maiores comentários a respeito. KESSLER identifica cutículas de argila e hematita em arenitos de duna e wadi do Permiano do Mar do Norte como acumuladas por infiltração mecânica, citando características convergen-* tes com as descritas por WALKER. A introdução de grandes volumes de argila por infiltração mecânica parece estar, entretanto, relacionada, basicamente, com sistemas aluviais entrelaçados sob clima árido/semi-árido. WALKER et alii reportam que os depósitos terciários e pleistocênicos do Sudoeste americano contêm comu-mente de 10 a 20% de argilas infiltradas. Este teor representa uma grande quantidade de material introduzido pós-depo-sicionalmente em sedimentos originalmente livres de argila. 0 processo de infiltração mecânica promove, como se vê, modificações marcantes na textura, mineralogia e composição química dos sedimentos onde atua. Seu reconhecimento é, portanto, fundamental para a correta interpretação da história deposicional e diagenética dos arenitos e conglomerados onde ocorre. 4 - RECONHECIMENTO DAS ARGILAS DE INFILTRAÇÃO O que se pretende aqui é demonstrar que o reconhecimento de argilas mecanicamente infiltradas é plenamente possível em sedimentos antigos e que a análise de lâminas delgadas é a melhor ferramenta para sua identificação e descrição. Estudos de CRONE com infiltração artificial em",Cerca de 10–20% de argilas infiltradas.
resultados/petrobras-5-mini-com-ontologia-add/batch_f92edf32-403b-42d8-9d3a-cbd3932f0816-completo.csv,rag,1680,O que é muito raro em outros ambientes sedimentares antigos?,infiltração mecânica de argilas,"logenéticas. Referências a infiltração mecânica de argilas em outros ambientes sedimentares antigos são muito raras e superficiais. LOUCKS et alii invocam este processo para explicar day coats presentes em alguns arenitos depositados em deltas e ilhas de barreira no Terciário da Costa do Golfo, mas não desenvolvem maiores comentários a respeito. KESSLER identifica cutículas de argila e hematita em arenitos de duna e wadi do Permiano do Mar do Norte como acumuladas por infiltração mecânica, citando características convergen-* tes com as descritas por WALKER. A introdução de grandes volumes de argila por infiltração mecânica parece estar, entretanto, relacionada, basicamente, com sistemas aluviais entrelaçados sob clima árido/semi-árido. WALKER et alii reportam que os depósitos terciários e pleistocênicos do Sudoeste americano contêm comu-mente de 10 a 20% de argilas infiltradas. Este teor representa uma grande quantidade de material introduzido pós-depo-sicionalmente em sedimentos originalmente livres de argila. 0 processo de infiltração mecânica promove, como se vê, modificações marcantes na textura, mineralogia e composição química dos sedimentos onde atua. Seu reconhecimento é, portanto, fundamental para a correta interpretação da história deposicional e diagenética dos arenitos e conglomerados onde ocorre. 4 - RECONHECIMENTO DAS ARGILAS DE INFILTRAÇÃO O que se pretende aqui é demonstrar que o reconhecimento de argilas mecanicamente infiltradas é plenamente possível em sedimentos antigos e que a análise de lâminas delgadas é a melhor ferramenta para sua identificação e descrição. Estudos de CRONE com infiltração artificial em",Referências à infiltração mecânica de argilas em outros ambientes sedimentares antigos.
resultados/petrobras-5-mini-com-ontologia-add/batch_f92edf32-403b-42d8-9d3a-cbd3932f0816-completo.csv,graphrag,1680,O que é muito raro em outros ambientes sedimentares antigos?,infiltração mecânica de argilas,"logenéticas. Referências a infiltração mecânica de argilas em outros ambientes sedimentares antigos são muito raras e superficiais. LOUCKS et alii invocam este processo para explicar day coats presentes em alguns arenitos depositados em deltas e ilhas de barreira no Terciário da Costa do Golfo, mas não desenvolvem maiores comentários a respeito. KESSLER identifica cutículas de argila e hematita em arenitos de duna e wadi do Permiano do Mar do Norte como acumuladas por infiltração mecânica, citando características convergen-* tes com as descritas por WALKER. A introdução de grandes volumes de argila por infiltração mecânica parece estar, entretanto, relacionada, basicamente, com sistemas aluviais entrelaçados sob clima árido/semi-árido. WALKER et alii reportam que os depósitos terciários e pleistocênicos do Sudoeste americano contêm comu-mente de 10 a 20% de argilas infiltradas. Este teor representa uma grande quantidade de material introduzido pós-depo-sicionalmente em sedimentos originalmente livres de argila. 0 processo de infiltração mecânica promove, como se vê, modificações marcantes na textura, mineralogia e composição química dos sedimentos onde atua. Seu reconhecimento é, portanto, fundamental para a correta interpretação da história deposicional e diagenética dos arenitos e conglomerados onde ocorre. 4 - RECONHECIMENTO DAS ARGILAS DE INFILTRAÇÃO O que se pretende aqui é demonstrar que o reconhecimento de argilas mecanicamente infiltradas é plenamente possível em sedimentos antigos e que a análise de lâminas delgadas é a melhor ferramenta para sua identificação e descrição. Estudos de CRONE com infiltração artificial em",Referências à infiltração mecânica de argilas.
resultados/petrobras-5-mini-com-ontologia-add/batch_f92edf32-403b-42d8-9d3a-cbd3932f0816-completo.csv,rag,1682,Em que região estão localizadas as ilhas de barreira?,Terciário da Costa do Golfo,"logenéticas. Referências a infiltração mecânica de argilas em outros ambientes sedimentares antigos são muito raras e superficiais. LOUCKS et alii invocam este processo para explicar day coats presentes em alguns arenitos depositados em deltas e ilhas de barreira no Terciário da Costa do Golfo, mas não desenvolvem maiores comentários a respeito. KESSLER identifica cutículas de argila e hematita em arenitos de duna e wadi do Permiano do Mar do Norte como acumuladas por infiltração mecânica, citando características convergen-* tes com as descritas por WALKER. A introdução de grandes volumes de argila por infiltração mecânica parece estar, entretanto, relacionada, basicamente, com sistemas aluviais entrelaçados sob clima árido/semi-árido. WALKER et alii reportam que os depósitos terciários e pleistocênicos do Sudoeste americano contêm comu-mente de 10 a 20% de argilas infiltradas. Este teor representa uma grande quantidade de material introduzido pós-depo-sicionalmente em sedimentos originalmente livres de argila. 0 processo de infiltração mecânica promove, como se vê, modificações marcantes na textura, mineralogia e composição química dos sedimentos onde atua. Seu reconhecimento é, portanto, fundamental para a correta interpretação da história deposicional e diagenética dos arenitos e conglomerados onde ocorre. 4 - RECONHECIMENTO DAS ARGILAS DE INFILTRAÇÃO O que se pretende aqui é demonstrar que o reconhecimento de argilas mecanicamente infiltradas é plenamente possível em sedimentos antigos e que a análise de lâminas delgadas é a melhor ferramenta para sua identificação e descrição. Estudos de CRONE com infiltração artificial em",Na Costa do Golfo.
resultados/petrobras-5-mini-com-ontologia-add/batch_f92edf32-403b-42d8-9d3a-cbd3932f0816-completo.csv,graphrag,1682,Em que região estão localizadas as ilhas de barreira?,Terciário da Costa do Golfo,"logenéticas. Referências a infiltração mecânica de argilas em outros ambientes sedimentares antigos são muito raras e superficiais. LOUCKS et alii invocam este processo para explicar day coats presentes em alguns arenitos depositados em deltas e ilhas de barreira no Terciário da Costa do Golfo, mas não desenvolvem maiores comentários a respeito. KESSLER identifica cutículas de argila e hematita em arenitos de duna e wadi do Permiano do Mar do Norte como acumuladas por infiltração mecânica, citando características convergen-* tes com as descritas por WALKER. A introdução de grandes volumes de argila por infiltração mecânica parece estar, entretanto, relacionada, basicamente, com sistemas aluviais entrelaçados sob clima árido/semi-árido. WALKER et alii reportam que os depósitos terciários e pleistocênicos do Sudoeste americano contêm comu-mente de 10 a 20% de argilas infiltradas. Este teor representa uma grande quantidade de material introduzido pós-depo-sicionalmente em sedimentos originalmente livres de argila. 0 processo de infiltração mecânica promove, como se vê, modificações marcantes na textura, mineralogia e composição química dos sedimentos onde atua. Seu reconhecimento é, portanto, fundamental para a correta interpretação da história deposicional e diagenética dos arenitos e conglomerados onde ocorre. 4 - RECONHECIMENTO DAS ARGILAS DE INFILTRAÇÃO O que se pretende aqui é demonstrar que o reconhecimento de argilas mecanicamente infiltradas é plenamente possível em sedimentos antigos e que a análise de lâminas delgadas é a melhor ferramenta para sua identificação e descrição. Estudos de CRONE com infiltração artificial em",Na Costa do Golfo.
resultados/petrobras-5-mini-com-ontologia-add/batch_f92edf32-403b-42d8-9d3a-cbd3932f0816-completo.csv,rag,1683,Que porcentagem de argilas infiltradas existem nos depósitos terciários e pleistocênicos do Sudoeste americano?,10 a 20%,"logenéticas. Referências a infiltração mecânica de argilas em outros ambientes sedimentares antigos são muito raras e superficiais. LOUCKS et alii invocam este processo para explicar day coats presentes em alguns arenitos depositados em deltas e ilhas de barreira no Terciário da Costa do Golfo, mas não desenvolvem maiores comentários a respeito. KESSLER identifica cutículas de argila e hematita em arenitos de duna e wadi do Permiano do Mar do Norte como acumuladas por infiltração mecânica, citando características convergen-* tes com as descritas por WALKER. A introdução de grandes volumes de argila por infiltração mecânica parece estar, entretanto, relacionada, basicamente, com sistemas aluviais entrelaçados sob clima árido/semi-árido. WALKER et alii reportam que os depósitos terciários e pleistocênicos do Sudoeste americano contêm comu-mente de 10 a 20% de argilas infiltradas. Este teor representa uma grande quantidade de material introduzido pós-depo-sicionalmente em sedimentos originalmente livres de argila. 0 processo de infiltração mecânica promove, como se vê, modificações marcantes na textura, mineralogia e composição química dos sedimentos onde atua. Seu reconhecimento é, portanto, fundamental para a correta interpretação da história deposicional e diagenética dos arenitos e conglomerados onde ocorre. 4 - RECONHECIMENTO DAS ARGILAS DE INFILTRAÇÃO O que se pretende aqui é demonstrar que o reconhecimento de argilas mecanicamente infiltradas é plenamente possível em sedimentos antigos e que a análise de lâminas delgadas é a melhor ferramenta para sua identificação e descrição. Estudos de CRONE com infiltração artificial em",Comumente entre 10% e 20% de argilas infiltradas.
resultados/petrobras-5-mini-com-ontologia-add/batch_f92edf32-403b-42d8-9d3a-cbd3932f0816-completo.csv,graphrag,1683,Que porcentagem de argilas infiltradas existem nos depósitos terciários e pleistocênicos do Sudoeste americano?,10 a 20%,"logenéticas. Referências a infiltração mecânica de argilas em outros ambientes sedimentares antigos são muito raras e superficiais. LOUCKS et alii invocam este processo para explicar day coats presentes em alguns arenitos depositados em deltas e ilhas de barreira no Terciário da Costa do Golfo, mas não desenvolvem maiores comentários a respeito. KESSLER identifica cutículas de argila e hematita em arenitos de duna e wadi do Permiano do Mar do Norte como acumuladas por infiltração mecânica, citando características convergen-* tes com as descritas por WALKER. A introdução de grandes volumes de argila por infiltração mecânica parece estar, entretanto, relacionada, basicamente, com sistemas aluviais entrelaçados sob clima árido/semi-árido. WALKER et alii reportam que os depósitos terciários e pleistocênicos do Sudoeste americano contêm comu-mente de 10 a 20% de argilas infiltradas. Este teor representa uma grande quantidade de material introduzido pós-depo-sicionalmente em sedimentos originalmente livres de argila. 0 processo de infiltração mecânica promove, como se vê, modificações marcantes na textura, mineralogia e composição química dos sedimentos onde atua. Seu reconhecimento é, portanto, fundamental para a correta interpretação da história deposicional e diagenética dos arenitos e conglomerados onde ocorre. 4 - RECONHECIMENTO DAS ARGILAS DE INFILTRAÇÃO O que se pretende aqui é demonstrar que o reconhecimento de argilas mecanicamente infiltradas é plenamente possível em sedimentos antigos e que a análise de lâminas delgadas é a melhor ferramenta para sua identificação e descrição. Estudos de CRONE com infiltração artificial em",Comumente cerca de 10 a 20% de argilas infiltradas.
resultados/petrobras-5-mini-com-ontologia-add/batch_f92edf32-403b-42d8-9d3a-cbd3932f0816-completo.csv,rag,1684,Onde estão localizadas as cutículas de argila e hematita que KESSLER identificou como acumuladas por infiltração mecânica?,Permiano do Mar do Norte,"logenéticas. Referências a infiltração mecânica de argilas em outros ambientes sedimentares antigos são muito raras e superficiais. LOUCKS et alii invocam este processo para explicar day coats presentes em alguns arenitos depositados em deltas e ilhas de barreira no Terciário da Costa do Golfo, mas não desenvolvem maiores comentários a respeito. KESSLER identifica cutículas de argila e hematita em arenitos de duna e wadi do Permiano do Mar do Norte como acumuladas por infiltração mecânica, citando características convergen-* tes com as descritas por WALKER. A introdução de grandes volumes de argila por infiltração mecânica parece estar, entretanto, relacionada, basicamente, com sistemas aluviais entrelaçados sob clima árido/semi-árido. WALKER et alii reportam que os depósitos terciários e pleistocênicos do Sudoeste americano contêm comu-mente de 10 a 20% de argilas infiltradas. Este teor representa uma grande quantidade de material introduzido pós-depo-sicionalmente em sedimentos originalmente livres de argila. 0 processo de infiltração mecânica promove, como se vê, modificações marcantes na textura, mineralogia e composição química dos sedimentos onde atua. Seu reconhecimento é, portanto, fundamental para a correta interpretação da história deposicional e diagenética dos arenitos e conglomerados onde ocorre. 4 - RECONHECIMENTO DAS ARGILAS DE INFILTRAÇÃO O que se pretende aqui é demonstrar que o reconhecimento de argilas mecanicamente infiltradas é plenamente possível em sedimentos antigos e que a análise de lâminas delgadas é a melhor ferramenta para sua identificação e descrição. Estudos de CRONE com infiltração artificial em",Em arenitos de duna e de wadi do Permiano do Mar do Norte.
resultados/petrobras-5-mini-com-ontologia-add/batch_f92edf32-403b-42d8-9d3a-cbd3932f0816-completo.csv,graphrag,1684,Onde estão localizadas as cutículas de argila e hematita que KESSLER identificou como acumuladas por infiltração mecânica?,Permiano do Mar do Norte,"logenéticas. Referências a infiltração mecânica de argilas em outros ambientes sedimentares antigos são muito raras e superficiais. LOUCKS et alii invocam este processo para explicar day coats presentes em alguns arenitos depositados em deltas e ilhas de barreira no Terciário da Costa do Golfo, mas não desenvolvem maiores comentários a respeito. KESSLER identifica cutículas de argila e hematita em arenitos de duna e wadi do Permiano do Mar do Norte como acumuladas por infiltração mecânica, citando características convergen-* tes com as descritas por WALKER. A introdução de grandes volumes de argila por infiltração mecânica parece estar, entretanto, relacionada, basicamente, com sistemas aluviais entrelaçados sob clima árido/semi-árido. WALKER et alii reportam que os depósitos terciários e pleistocênicos do Sudoeste americano contêm comu-mente de 10 a 20% de argilas infiltradas. Este teor representa uma grande quantidade de material introduzido pós-depo-sicionalmente em sedimentos originalmente livres de argila. 0 processo de infiltração mecânica promove, como se vê, modificações marcantes na textura, mineralogia e composição química dos sedimentos onde atua. Seu reconhecimento é, portanto, fundamental para a correta interpretação da história deposicional e diagenética dos arenitos e conglomerados onde ocorre. 4 - RECONHECIMENTO DAS ARGILAS DE INFILTRAÇÃO O que se pretende aqui é demonstrar que o reconhecimento de argilas mecanicamente infiltradas é plenamente possível em sedimentos antigos e que a análise de lâminas delgadas é a melhor ferramenta para sua identificação e descrição. Estudos de CRONE com infiltração artificial em",Em arenitos de duna e wadi do Permiano do Mar do Norte.
resultados/petrobras-5-mini-com-ontologia-add/batch_f92edf32-403b-42d8-9d3a-cbd3932f0816-completo.csv,rag,1685,"O que promove modificações marcantes na textura, mineralogia e composição química dos sedimentos?",processo de infiltração mecânica,"logenéticas. Referências a infiltração mecânica de argilas em outros ambientes sedimentares antigos são muito raras e superficiais. LOUCKS et alii invocam este processo para explicar day coats presentes em alguns arenitos depositados em deltas e ilhas de barreira no Terciário da Costa do Golfo, mas não desenvolvem maiores comentários a respeito. KESSLER identifica cutículas de argila e hematita em arenitos de duna e wadi do Permiano do Mar do Norte como acumuladas por infiltração mecânica, citando características convergen-* tes com as descritas por WALKER. A introdução de grandes volumes de argila por infiltração mecânica parece estar, entretanto, relacionada, basicamente, com sistemas aluviais entrelaçados sob clima árido/semi-árido. WALKER et alii reportam que os depósitos terciários e pleistocênicos do Sudoeste americano contêm comu-mente de 10 a 20% de argilas infiltradas. Este teor representa uma grande quantidade de material introduzido pós-depo-sicionalmente em sedimentos originalmente livres de argila. 0 processo de infiltração mecânica promove, como se vê, modificações marcantes na textura, mineralogia e composição química dos sedimentos onde atua. Seu reconhecimento é, portanto, fundamental para a correta interpretação da história deposicional e diagenética dos arenitos e conglomerados onde ocorre. 4 - RECONHECIMENTO DAS ARGILAS DE INFILTRAÇÃO O que se pretende aqui é demonstrar que o reconhecimento de argilas mecanicamente infiltradas é plenamente possível em sedimentos antigos e que a análise de lâminas delgadas é a melhor ferramenta para sua identificação e descrição. Estudos de CRONE com infiltração artificial em",A infiltração mecânica de argilas (o processo de infiltração mecânica).
resultados/petrobras-5-mini-com-ontologia-add/batch_f92edf32-403b-42d8-9d3a-cbd3932f0816-completo.csv,graphrag,1685,"O que promove modificações marcantes na textura, mineralogia e composição química dos sedimentos?",processo de infiltração mecânica,"logenéticas. Referências a infiltração mecânica de argilas em outros ambientes sedimentares antigos são muito raras e superficiais. LOUCKS et alii invocam este processo para explicar day coats presentes em alguns arenitos depositados em deltas e ilhas de barreira no Terciário da Costa do Golfo, mas não desenvolvem maiores comentários a respeito. KESSLER identifica cutículas de argila e hematita em arenitos de duna e wadi do Permiano do Mar do Norte como acumuladas por infiltração mecânica, citando características convergen-* tes com as descritas por WALKER. A introdução de grandes volumes de argila por infiltração mecânica parece estar, entretanto, relacionada, basicamente, com sistemas aluviais entrelaçados sob clima árido/semi-árido. WALKER et alii reportam que os depósitos terciários e pleistocênicos do Sudoeste americano contêm comu-mente de 10 a 20% de argilas infiltradas. Este teor representa uma grande quantidade de material introduzido pós-depo-sicionalmente em sedimentos originalmente livres de argila. 0 processo de infiltração mecânica promove, como se vê, modificações marcantes na textura, mineralogia e composição química dos sedimentos onde atua. Seu reconhecimento é, portanto, fundamental para a correta interpretação da história deposicional e diagenética dos arenitos e conglomerados onde ocorre. 4 - RECONHECIMENTO DAS ARGILAS DE INFILTRAÇÃO O que se pretende aqui é demonstrar que o reconhecimento de argilas mecanicamente infiltradas é plenamente possível em sedimentos antigos e que a análise de lâminas delgadas é a melhor ferramenta para sua identificação e descrição. Estudos de CRONE com infiltração artificial em",A infiltração mecânica de argilas.
resultados/petrobras-5-mini-com-ontologia-add/batch_f92edf32-403b-42d8-9d3a-cbd3932f0816-completo.csv,rag,1686,O que é raro em outros ambientes sedimentares antigos?,infiltração mecânica,"logenéticas. Referências a infiltração mecânica de argilas em outros ambientes sedimentares antigos são muito raras e superficiais. LOUCKS et alii invocam este processo para explicar day coats presentes em alguns arenitos depositados em deltas e ilhas de barreira no Terciário da Costa do Golfo, mas não desenvolvem maiores comentários a respeito. KESSLER identifica cutículas de argila e hematita em arenitos de duna e wadi do Permiano do Mar do Norte como acumuladas por infiltração mecânica, citando características convergen-* tes com as descritas por WALKER. A introdução de grandes volumes de argila por infiltração mecânica parece estar, entretanto, relacionada, basicamente, com sistemas aluviais entrelaçados sob clima árido/semi-árido. WALKER et alii reportam que os depósitos terciários e pleistocênicos do Sudoeste americano contêm comu-mente de 10 a 20% de argilas infiltradas. Este teor representa uma grande quantidade de material introduzido pós-depo-sicionalmente em sedimentos originalmente livres de argila. 0 processo de infiltração mecânica promove, como se vê, modificações marcantes na textura, mineralogia e composição química dos sedimentos onde atua. Seu reconhecimento é, portanto, fundamental para a correta interpretação da história deposicional e diagenética dos arenitos e conglomerados onde ocorre. 4 - RECONHECIMENTO DAS ARGILAS DE INFILTRAÇÃO O que se pretende aqui é demonstrar que o reconhecimento de argilas mecanicamente infiltradas é plenamente possível em sedimentos antigos e que a análise de lâminas delgadas é a melhor ferramenta para sua identificação e descrição. Estudos de CRONE com infiltração artificial em",Referências sobre infiltração mecânica de argilas em outros ambientes sedimentares antigos.
resultados/petrobras-5-mini-com-ontologia-add/batch_f92edf32-403b-42d8-9d3a-cbd3932f0816-completo.csv,graphrag,1686,O que é raro em outros ambientes sedimentares antigos?,infiltração mecânica,"logenéticas. Referências a infiltração mecânica de argilas em outros ambientes sedimentares antigos são muito raras e superficiais. LOUCKS et alii invocam este processo para explicar day coats presentes em alguns arenitos depositados em deltas e ilhas de barreira no Terciário da Costa do Golfo, mas não desenvolvem maiores comentários a respeito. KESSLER identifica cutículas de argila e hematita em arenitos de duna e wadi do Permiano do Mar do Norte como acumuladas por infiltração mecânica, citando características convergen-* tes com as descritas por WALKER. A introdução de grandes volumes de argila por infiltração mecânica parece estar, entretanto, relacionada, basicamente, com sistemas aluviais entrelaçados sob clima árido/semi-árido. WALKER et alii reportam que os depósitos terciários e pleistocênicos do Sudoeste americano contêm comu-mente de 10 a 20% de argilas infiltradas. Este teor representa uma grande quantidade de material introduzido pós-depo-sicionalmente em sedimentos originalmente livres de argila. 0 processo de infiltração mecânica promove, como se vê, modificações marcantes na textura, mineralogia e composição química dos sedimentos onde atua. Seu reconhecimento é, portanto, fundamental para a correta interpretação da história deposicional e diagenética dos arenitos e conglomerados onde ocorre. 4 - RECONHECIMENTO DAS ARGILAS DE INFILTRAÇÃO O que se pretende aqui é demonstrar que o reconhecimento de argilas mecanicamente infiltradas é plenamente possível em sedimentos antigos e que a análise de lâminas delgadas é a melhor ferramenta para sua identificação e descrição. Estudos de CRONE com infiltração artificial em",Referências à infiltração mecânica de argilas em outros ambientes sedimentares antigos.
resultados/petrobras-5-mini-com-ontologia-add/batch_f92edf32-403b-42d8-9d3a-cbd3932f0816-completo.csv,rag,1690,"Qual processo promove modificações marcantes na textura, mineralogia e composição química dos sedimentos onde atua?",processo de infiltração mecânica,"logenéticas. Referências a infiltração mecânica de argilas em outros ambientes sedimentares antigos são muito raras e superficiais. LOUCKS et alii invocam este processo para explicar day coats presentes em alguns arenitos depositados em deltas e ilhas de barreira no Terciário da Costa do Golfo, mas não desenvolvem maiores comentários a respeito. KESSLER identifica cutículas de argila e hematita em arenitos de duna e wadi do Permiano do Mar do Norte como acumuladas por infiltração mecânica, citando características convergen-* tes com as descritas por WALKER. A introdução de grandes volumes de argila por infiltração mecânica parece estar, entretanto, relacionada, basicamente, com sistemas aluviais entrelaçados sob clima árido/semi-árido. WALKER et alii reportam que os depósitos terciários e pleistocênicos do Sudoeste americano contêm comu-mente de 10 a 20% de argilas infiltradas. Este teor representa uma grande quantidade de material introduzido pós-depo-sicionalmente em sedimentos originalmente livres de argila. 0 processo de infiltração mecânica promove, como se vê, modificações marcantes na textura, mineralogia e composição química dos sedimentos onde atua. Seu reconhecimento é, portanto, fundamental para a correta interpretação da história deposicional e diagenética dos arenitos e conglomerados onde ocorre. 4 - RECONHECIMENTO DAS ARGILAS DE INFILTRAÇÃO O que se pretende aqui é demonstrar que o reconhecimento de argilas mecanicamente infiltradas é plenamente possível em sedimentos antigos e que a análise de lâminas delgadas é a melhor ferramenta para sua identificação e descrição. Estudos de CRONE com infiltração artificial em",A infiltração mecânica (de argilas).
resultados/petrobras-5-mini-com-ontologia-add/batch_f92edf32-403b-42d8-9d3a-cbd3932f0816-completo.csv,graphrag,1690,"Qual processo promove modificações marcantes na textura, mineralogia e composição química dos sedimentos onde atua?",processo de infiltração mecânica,"logenéticas. Referências a infiltração mecânica de argilas em outros ambientes sedimentares antigos são muito raras e superficiais. LOUCKS et alii invocam este processo para explicar day coats presentes em alguns arenitos depositados em deltas e ilhas de barreira no Terciário da Costa do Golfo, mas não desenvolvem maiores comentários a respeito. KESSLER identifica cutículas de argila e hematita em arenitos de duna e wadi do Permiano do Mar do Norte como acumuladas por infiltração mecânica, citando características convergen-* tes com as descritas por WALKER. A introdução de grandes volumes de argila por infiltração mecânica parece estar, entretanto, relacionada, basicamente, com sistemas aluviais entrelaçados sob clima árido/semi-árido. WALKER et alii reportam que os depósitos terciários e pleistocênicos do Sudoeste americano contêm comu-mente de 10 a 20% de argilas infiltradas. Este teor representa uma grande quantidade de material introduzido pós-depo-sicionalmente em sedimentos originalmente livres de argila. 0 processo de infiltração mecânica promove, como se vê, modificações marcantes na textura, mineralogia e composição química dos sedimentos onde atua. Seu reconhecimento é, portanto, fundamental para a correta interpretação da história deposicional e diagenética dos arenitos e conglomerados onde ocorre. 4 - RECONHECIMENTO DAS ARGILAS DE INFILTRAÇÃO O que se pretende aqui é demonstrar que o reconhecimento de argilas mecanicamente infiltradas é plenamente possível em sedimentos antigos e que a análise de lâminas delgadas é a melhor ferramenta para sua identificação e descrição. Estudos de CRONE com infiltração artificial em",A infiltração mecânica de argilas.
resultados/petrobras-5-mini-com-ontologia-add/batch_f92edf32-403b-42d8-9d3a-cbd3932f0816-completo.csv,rag,1696,O que a infiltração mecânica promove nos sedimentos onde atua?,"modificações marcantes na textura, mineralogia e composição química dos sedimentos","logenéticas. Referências a infiltração mecânica de argilas em outros ambientes sedimentares antigos são muito raras e superficiais. LOUCKS et alii invocam este processo para explicar day coats presentes em alguns arenitos depositados em deltas e ilhas de barreira no Terciário da Costa do Golfo, mas não desenvolvem maiores comentários a respeito. KESSLER identifica cutículas de argila e hematita em arenitos de duna e wadi do Permiano do Mar do Norte como acumuladas por infiltração mecânica, citando características convergen-* tes com as descritas por WALKER. A introdução de grandes volumes de argila por infiltração mecânica parece estar, entretanto, relacionada, basicamente, com sistemas aluviais entrelaçados sob clima árido/semi-árido. WALKER et alii reportam que os depósitos terciários e pleistocênicos do Sudoeste americano contêm comu-mente de 10 a 20% de argilas infiltradas. Este teor representa uma grande quantidade de material introduzido pós-depo-sicionalmente em sedimentos originalmente livres de argila. 0 processo de infiltração mecânica promove, como se vê, modificações marcantes na textura, mineralogia e composição química dos sedimentos onde atua. Seu reconhecimento é, portanto, fundamental para a correta interpretação da história deposicional e diagenética dos arenitos e conglomerados onde ocorre. 4 - RECONHECIMENTO DAS ARGILAS DE INFILTRAÇÃO O que se pretende aqui é demonstrar que o reconhecimento de argilas mecanicamente infiltradas é plenamente possível em sedimentos antigos e que a análise de lâminas delgadas é a melhor ferramenta para sua identificação e descrição. Estudos de CRONE com infiltração artificial em","Promove modificações marcantes na textura, mineralogia e na composição química dos sedimentos."
resultados/petrobras-5-mini-com-ontologia-add/batch_f92edf32-403b-42d8-9d3a-cbd3932f0816-completo.csv,graphrag,1696,O que a infiltração mecânica promove nos sedimentos onde atua?,"modificações marcantes na textura, mineralogia e composição química dos sedimentos","logenéticas. Referências a infiltração mecânica de argilas em outros ambientes sedimentares antigos são muito raras e superficiais. LOUCKS et alii invocam este processo para explicar day coats presentes em alguns arenitos depositados em deltas e ilhas de barreira no Terciário da Costa do Golfo, mas não desenvolvem maiores comentários a respeito. KESSLER identifica cutículas de argila e hematita em arenitos de duna e wadi do Permiano do Mar do Norte como acumuladas por infiltração mecânica, citando características convergen-* tes com as descritas por WALKER. A introdução de grandes volumes de argila por infiltração mecânica parece estar, entretanto, relacionada, basicamente, com sistemas aluviais entrelaçados sob clima árido/semi-árido. WALKER et alii reportam que os depósitos terciários e pleistocênicos do Sudoeste americano contêm comu-mente de 10 a 20% de argilas infiltradas. Este teor representa uma grande quantidade de material introduzido pós-depo-sicionalmente em sedimentos originalmente livres de argila. 0 processo de infiltração mecânica promove, como se vê, modificações marcantes na textura, mineralogia e composição química dos sedimentos onde atua. Seu reconhecimento é, portanto, fundamental para a correta interpretação da história deposicional e diagenética dos arenitos e conglomerados onde ocorre. 4 - RECONHECIMENTO DAS ARGILAS DE INFILTRAÇÃO O que se pretende aqui é demonstrar que o reconhecimento de argilas mecanicamente infiltradas é plenamente possível em sedimentos antigos e que a análise de lâminas delgadas é a melhor ferramenta para sua identificação e descrição. Estudos de CRONE com infiltração artificial em","Promove modificações marcantes na textura, na mineralogia e na composição química dos sedimentos onde atua."
resultados/petrobras-5-mini-com-ontologia-add/batch_f92edf32-403b-42d8-9d3a-cbd3932f0816-completo.csv,rag,1697,Qual a melhor ferramenta para identificar e descrever argilas mecanicamente infiltradas em sedimentos antigos?,análise de lâminas delgadas,"logenéticas. Referências a infiltração mecânica de argilas em outros ambientes sedimentares antigos são muito raras e superficiais. LOUCKS et alii invocam este processo para explicar day coats presentes em alguns arenitos depositados em deltas e ilhas de barreira no Terciário da Costa do Golfo, mas não desenvolvem maiores comentários a respeito. KESSLER identifica cutículas de argila e hematita em arenitos de duna e wadi do Permiano do Mar do Norte como acumuladas por infiltração mecânica, citando características convergen-* tes com as descritas por WALKER. A introdução de grandes volumes de argila por infiltração mecânica parece estar, entretanto, relacionada, basicamente, com sistemas aluviais entrelaçados sob clima árido/semi-árido. WALKER et alii reportam que os depósitos terciários e pleistocênicos do Sudoeste americano contêm comu-mente de 10 a 20% de argilas infiltradas. Este teor representa uma grande quantidade de material introduzido pós-depo-sicionalmente em sedimentos originalmente livres de argila. 0 processo de infiltração mecânica promove, como se vê, modificações marcantes na textura, mineralogia e composição química dos sedimentos onde atua. Seu reconhecimento é, portanto, fundamental para a correta interpretação da história deposicional e diagenética dos arenitos e conglomerados onde ocorre. 4 - RECONHECIMENTO DAS ARGILAS DE INFILTRAÇÃO O que se pretende aqui é demonstrar que o reconhecimento de argilas mecanicamente infiltradas é plenamente possível em sedimentos antigos e que a análise de lâminas delgadas é a melhor ferramenta para sua identificação e descrição. Estudos de CRONE com infiltração artificial em",A análise de lâminas delgadas (estudo petrográfico em microscópio) é a melhor ferramenta.
resultados/petrobras-5-mini-com-ontologia-add/batch_f92edf32-403b-42d8-9d3a-cbd3932f0816-completo.csv,graphrag,1697,Qual a melhor ferramenta para identificar e descrever argilas mecanicamente infiltradas em sedimentos antigos?,análise de lâminas delgadas,"logenéticas. Referências a infiltração mecânica de argilas em outros ambientes sedimentares antigos são muito raras e superficiais. LOUCKS et alii invocam este processo para explicar day coats presentes em alguns arenitos depositados em deltas e ilhas de barreira no Terciário da Costa do Golfo, mas não desenvolvem maiores comentários a respeito. KESSLER identifica cutículas de argila e hematita em arenitos de duna e wadi do Permiano do Mar do Norte como acumuladas por infiltração mecânica, citando características convergen-* tes com as descritas por WALKER. A introdução de grandes volumes de argila por infiltração mecânica parece estar, entretanto, relacionada, basicamente, com sistemas aluviais entrelaçados sob clima árido/semi-árido. WALKER et alii reportam que os depósitos terciários e pleistocênicos do Sudoeste americano contêm comu-mente de 10 a 20% de argilas infiltradas. Este teor representa uma grande quantidade de material introduzido pós-depo-sicionalmente em sedimentos originalmente livres de argila. 0 processo de infiltração mecânica promove, como se vê, modificações marcantes na textura, mineralogia e composição química dos sedimentos onde atua. Seu reconhecimento é, portanto, fundamental para a correta interpretação da história deposicional e diagenética dos arenitos e conglomerados onde ocorre. 4 - RECONHECIMENTO DAS ARGILAS DE INFILTRAÇÃO O que se pretende aqui é demonstrar que o reconhecimento de argilas mecanicamente infiltradas é plenamente possível em sedimentos antigos e que a análise de lâminas delgadas é a melhor ferramenta para sua identificação e descrição. Estudos de CRONE com infiltração artificial em",A análise de lâminas delgadas — é apontada como a melhor ferramenta para identificar e descrever argilas mecanicamente infiltradas em sedimentos antigos.
resultados/petrobras-5-mini-com-ontologia-add/batch_f92edf32-403b-42d8-9d3a-cbd3932f0816-completo.csv,rag,1699,Quais são os depósitos que LOUCKS et alii invocam para explicar os day coats presentes em alguns arenitos?,"depositados em deltas e ilhas de barreira no Terciário da Costa do Golfo,","logenéticas. Referências a infiltração mecânica de argilas em outros ambientes sedimentares antigos são muito raras e superficiais. LOUCKS et alii invocam este processo para explicar day coats presentes em alguns arenitos depositados em deltas e ilhas de barreira no Terciário da Costa do Golfo, mas não desenvolvem maiores comentários a respeito. KESSLER identifica cutículas de argila e hematita em arenitos de duna e wadi do Permiano do Mar do Norte como acumuladas por infiltração mecânica, citando características convergen-* tes com as descritas por WALKER. A introdução de grandes volumes de argila por infiltração mecânica parece estar, entretanto, relacionada, basicamente, com sistemas aluviais entrelaçados sob clima árido/semi-árido. WALKER et alii reportam que os depósitos terciários e pleistocênicos do Sudoeste americano contêm comu-mente de 10 a 20% de argilas infiltradas. Este teor representa uma grande quantidade de material introduzido pós-depo-sicionalmente em sedimentos originalmente livres de argila. 0 processo de infiltração mecânica promove, como se vê, modificações marcantes na textura, mineralogia e composição química dos sedimentos onde atua. Seu reconhecimento é, portanto, fundamental para a correta interpretação da história deposicional e diagenética dos arenitos e conglomerados onde ocorre. 4 - RECONHECIMENTO DAS ARGILAS DE INFILTRAÇÃO O que se pretende aqui é demonstrar que o reconhecimento de argilas mecanicamente infiltradas é plenamente possível em sedimentos antigos e que a análise de lâminas delgadas é a melhor ferramenta para sua identificação e descrição. Estudos de CRONE com infiltração artificial em",Arenitos depositados em deltas e em ilhas de barreira do Terciário da Costa do Golfo.
resultados/petrobras-5-mini-com-ontologia-add/batch_f92edf32-403b-42d8-9d3a-cbd3932f0816-completo.csv,graphrag,1699,Quais são os depósitos que LOUCKS et alii invocam para explicar os day coats presentes em alguns arenitos?,"depositados em deltas e ilhas de barreira no Terciário da Costa do Golfo,","logenéticas. Referências a infiltração mecânica de argilas em outros ambientes sedimentares antigos são muito raras e superficiais. LOUCKS et alii invocam este processo para explicar day coats presentes em alguns arenitos depositados em deltas e ilhas de barreira no Terciário da Costa do Golfo, mas não desenvolvem maiores comentários a respeito. KESSLER identifica cutículas de argila e hematita em arenitos de duna e wadi do Permiano do Mar do Norte como acumuladas por infiltração mecânica, citando características convergen-* tes com as descritas por WALKER. A introdução de grandes volumes de argila por infiltração mecânica parece estar, entretanto, relacionada, basicamente, com sistemas aluviais entrelaçados sob clima árido/semi-árido. WALKER et alii reportam que os depósitos terciários e pleistocênicos do Sudoeste americano contêm comu-mente de 10 a 20% de argilas infiltradas. Este teor representa uma grande quantidade de material introduzido pós-depo-sicionalmente em sedimentos originalmente livres de argila. 0 processo de infiltração mecânica promove, como se vê, modificações marcantes na textura, mineralogia e composição química dos sedimentos onde atua. Seu reconhecimento é, portanto, fundamental para a correta interpretação da história deposicional e diagenética dos arenitos e conglomerados onde ocorre. 4 - RECONHECIMENTO DAS ARGILAS DE INFILTRAÇÃO O que se pretende aqui é demonstrar que o reconhecimento de argilas mecanicamente infiltradas é plenamente possível em sedimentos antigos e que a análise de lâminas delgadas é a melhor ferramenta para sua identificação e descrição. Estudos de CRONE com infiltração artificial em",Em arenitos depositados em deltas e ilhas de barreira do Terciário da Costa do Golfo.
resultados/petrobras-5-mini-com-ontologia-add/batch_f92edf32-403b-42d8-9d3a-cbd3932f0816-completo.csv,rag,1700,O que KESSLER identifica em arenitos de duna e wadi do Permiano do Mar do Norte?,cutículas de argila e hematita,"logenéticas. Referências a infiltração mecânica de argilas em outros ambientes sedimentares antigos são muito raras e superficiais. LOUCKS et alii invocam este processo para explicar day coats presentes em alguns arenitos depositados em deltas e ilhas de barreira no Terciário da Costa do Golfo, mas não desenvolvem maiores comentários a respeito. KESSLER identifica cutículas de argila e hematita em arenitos de duna e wadi do Permiano do Mar do Norte como acumuladas por infiltração mecânica, citando características convergen-* tes com as descritas por WALKER. A introdução de grandes volumes de argila por infiltração mecânica parece estar, entretanto, relacionada, basicamente, com sistemas aluviais entrelaçados sob clima árido/semi-árido. WALKER et alii reportam que os depósitos terciários e pleistocênicos do Sudoeste americano contêm comu-mente de 10 a 20% de argilas infiltradas. Este teor representa uma grande quantidade de material introduzido pós-depo-sicionalmente em sedimentos originalmente livres de argila. 0 processo de infiltração mecânica promove, como se vê, modificações marcantes na textura, mineralogia e composição química dos sedimentos onde atua. Seu reconhecimento é, portanto, fundamental para a correta interpretação da história deposicional e diagenética dos arenitos e conglomerados onde ocorre. 4 - RECONHECIMENTO DAS ARGILAS DE INFILTRAÇÃO O que se pretende aqui é demonstrar que o reconhecimento de argilas mecanicamente infiltradas é plenamente possível em sedimentos antigos e que a análise de lâminas delgadas é a melhor ferramenta para sua identificação e descrição. Estudos de CRONE com infiltração artificial em","Ele identifica cutículas de argila e hematita em arenitos de duna e wadi do Permiano do Mar do Norte, interpretadas como acumuladas por infiltração mecânica."
resultados/petrobras-5-mini-com-ontologia-add/batch_f92edf32-403b-42d8-9d3a-cbd3932f0816-completo.csv,graphrag,1700,O que KESSLER identifica em arenitos de duna e wadi do Permiano do Mar do Norte?,cutículas de argila e hematita,"logenéticas. Referências a infiltração mecânica de argilas em outros ambientes sedimentares antigos são muito raras e superficiais. LOUCKS et alii invocam este processo para explicar day coats presentes em alguns arenitos depositados em deltas e ilhas de barreira no Terciário da Costa do Golfo, mas não desenvolvem maiores comentários a respeito. KESSLER identifica cutículas de argila e hematita em arenitos de duna e wadi do Permiano do Mar do Norte como acumuladas por infiltração mecânica, citando características convergen-* tes com as descritas por WALKER. A introdução de grandes volumes de argila por infiltração mecânica parece estar, entretanto, relacionada, basicamente, com sistemas aluviais entrelaçados sob clima árido/semi-árido. WALKER et alii reportam que os depósitos terciários e pleistocênicos do Sudoeste americano contêm comu-mente de 10 a 20% de argilas infiltradas. Este teor representa uma grande quantidade de material introduzido pós-depo-sicionalmente em sedimentos originalmente livres de argila. 0 processo de infiltração mecânica promove, como se vê, modificações marcantes na textura, mineralogia e composição química dos sedimentos onde atua. Seu reconhecimento é, portanto, fundamental para a correta interpretação da história deposicional e diagenética dos arenitos e conglomerados onde ocorre. 4 - RECONHECIMENTO DAS ARGILAS DE INFILTRAÇÃO O que se pretende aqui é demonstrar que o reconhecimento de argilas mecanicamente infiltradas é plenamente possível em sedimentos antigos e que a análise de lâminas delgadas é a melhor ferramenta para sua identificação e descrição. Estudos de CRONE com infiltração artificial em","Cutículas (revestimentos) de argila e hematita em arenitos, interpretadas por ele como acumuladas por infiltração mecânica."
resultados/petrobras-5-mini-com-ontologia-add/batch_f92edf32-403b-42d8-9d3a-cbd3932f0816-completo.csv,rag,1701,"De acordo com WALKER et alii, quais são os depósitos que contêm comumente de 10 a 20% de argilas infiltradas?",depósitos terciários e pleistocênicos do Sudoeste americano,"logenéticas. Referências a infiltração mecânica de argilas em outros ambientes sedimentares antigos são muito raras e superficiais. LOUCKS et alii invocam este processo para explicar day coats presentes em alguns arenitos depositados em deltas e ilhas de barreira no Terciário da Costa do Golfo, mas não desenvolvem maiores comentários a respeito. KESSLER identifica cutículas de argila e hematita em arenitos de duna e wadi do Permiano do Mar do Norte como acumuladas por infiltração mecânica, citando características convergen-* tes com as descritas por WALKER. A introdução de grandes volumes de argila por infiltração mecânica parece estar, entretanto, relacionada, basicamente, com sistemas aluviais entrelaçados sob clima árido/semi-árido. WALKER et alii reportam que os depósitos terciários e pleistocênicos do Sudoeste americano contêm comu-mente de 10 a 20% de argilas infiltradas. Este teor representa uma grande quantidade de material introduzido pós-depo-sicionalmente em sedimentos originalmente livres de argila. 0 processo de infiltração mecânica promove, como se vê, modificações marcantes na textura, mineralogia e composição química dos sedimentos onde atua. Seu reconhecimento é, portanto, fundamental para a correta interpretação da história deposicional e diagenética dos arenitos e conglomerados onde ocorre. 4 - RECONHECIMENTO DAS ARGILAS DE INFILTRAÇÃO O que se pretende aqui é demonstrar que o reconhecimento de argilas mecanicamente infiltradas é plenamente possível em sedimentos antigos e que a análise de lâminas delgadas é a melhor ferramenta para sua identificação e descrição. Estudos de CRONE com infiltração artificial em",Os depósitos terciários e pleistocênicos do Sudoeste americano.
resultados/petrobras-5-mini-com-ontologia-add/batch_f92edf32-403b-42d8-9d3a-cbd3932f0816-completo.csv,graphrag,1701,"De acordo com WALKER et alii, quais são os depósitos que contêm comumente de 10 a 20% de argilas infiltradas?",depósitos terciários e pleistocênicos do Sudoeste americano,"logenéticas. Referências a infiltração mecânica de argilas em outros ambientes sedimentares antigos são muito raras e superficiais. LOUCKS et alii invocam este processo para explicar day coats presentes em alguns arenitos depositados em deltas e ilhas de barreira no Terciário da Costa do Golfo, mas não desenvolvem maiores comentários a respeito. KESSLER identifica cutículas de argila e hematita em arenitos de duna e wadi do Permiano do Mar do Norte como acumuladas por infiltração mecânica, citando características convergen-* tes com as descritas por WALKER. A introdução de grandes volumes de argila por infiltração mecânica parece estar, entretanto, relacionada, basicamente, com sistemas aluviais entrelaçados sob clima árido/semi-árido. WALKER et alii reportam que os depósitos terciários e pleistocênicos do Sudoeste americano contêm comu-mente de 10 a 20% de argilas infiltradas. Este teor representa uma grande quantidade de material introduzido pós-depo-sicionalmente em sedimentos originalmente livres de argila. 0 processo de infiltração mecânica promove, como se vê, modificações marcantes na textura, mineralogia e composição química dos sedimentos onde atua. Seu reconhecimento é, portanto, fundamental para a correta interpretação da história deposicional e diagenética dos arenitos e conglomerados onde ocorre. 4 - RECONHECIMENTO DAS ARGILAS DE INFILTRAÇÃO O que se pretende aqui é demonstrar que o reconhecimento de argilas mecanicamente infiltradas é plenamente possível em sedimentos antigos e que a análise de lâminas delgadas é a melhor ferramenta para sua identificação e descrição. Estudos de CRONE com infiltração artificial em",Os depósitos terciários e pleistocênicos do Sudoeste americano.
resultados/petrobras-5-mini-com-ontologia-add/batch_f92edf32-403b-42d8-9d3a-cbd3932f0816-completo.csv,rag,1702,O que o processo de infiltração mecânica promove nos sedimentos onde atua?,"modificações marcantes na textura, mineralogia e composição química dos sedimentos","logenéticas. Referências a infiltração mecânica de argilas em outros ambientes sedimentares antigos são muito raras e superficiais. LOUCKS et alii invocam este processo para explicar day coats presentes em alguns arenitos depositados em deltas e ilhas de barreira no Terciário da Costa do Golfo, mas não desenvolvem maiores comentários a respeito. KESSLER identifica cutículas de argila e hematita em arenitos de duna e wadi do Permiano do Mar do Norte como acumuladas por infiltração mecânica, citando características convergen-* tes com as descritas por WALKER. A introdução de grandes volumes de argila por infiltração mecânica parece estar, entretanto, relacionada, basicamente, com sistemas aluviais entrelaçados sob clima árido/semi-árido. WALKER et alii reportam que os depósitos terciários e pleistocênicos do Sudoeste americano contêm comu-mente de 10 a 20% de argilas infiltradas. Este teor representa uma grande quantidade de material introduzido pós-depo-sicionalmente em sedimentos originalmente livres de argila. 0 processo de infiltração mecânica promove, como se vê, modificações marcantes na textura, mineralogia e composição química dos sedimentos onde atua. Seu reconhecimento é, portanto, fundamental para a correta interpretação da história deposicional e diagenética dos arenitos e conglomerados onde ocorre. 4 - RECONHECIMENTO DAS ARGILAS DE INFILTRAÇÃO O que se pretende aqui é demonstrar que o reconhecimento de argilas mecanicamente infiltradas é plenamente possível em sedimentos antigos e que a análise de lâminas delgadas é a melhor ferramenta para sua identificação e descrição. Estudos de CRONE com infiltração artificial em","Promove modificações marcantes na textura, na mineralogia e na composição química dos sedimentos."
resultados/petrobras-5-mini-com-ontologia-add/batch_f92edf32-403b-42d8-9d3a-cbd3932f0816-completo.csv,graphrag,1702,O que o processo de infiltração mecânica promove nos sedimentos onde atua?,"modificações marcantes na textura, mineralogia e composição química dos sedimentos","logenéticas. Referências a infiltração mecânica de argilas em outros ambientes sedimentares antigos são muito raras e superficiais. LOUCKS et alii invocam este processo para explicar day coats presentes em alguns arenitos depositados em deltas e ilhas de barreira no Terciário da Costa do Golfo, mas não desenvolvem maiores comentários a respeito. KESSLER identifica cutículas de argila e hematita em arenitos de duna e wadi do Permiano do Mar do Norte como acumuladas por infiltração mecânica, citando características convergen-* tes com as descritas por WALKER. A introdução de grandes volumes de argila por infiltração mecânica parece estar, entretanto, relacionada, basicamente, com sistemas aluviais entrelaçados sob clima árido/semi-árido. WALKER et alii reportam que os depósitos terciários e pleistocênicos do Sudoeste americano contêm comu-mente de 10 a 20% de argilas infiltradas. Este teor representa uma grande quantidade de material introduzido pós-depo-sicionalmente em sedimentos originalmente livres de argila. 0 processo de infiltração mecânica promove, como se vê, modificações marcantes na textura, mineralogia e composição química dos sedimentos onde atua. Seu reconhecimento é, portanto, fundamental para a correta interpretação da história deposicional e diagenética dos arenitos e conglomerados onde ocorre. 4 - RECONHECIMENTO DAS ARGILAS DE INFILTRAÇÃO O que se pretende aqui é demonstrar que o reconhecimento de argilas mecanicamente infiltradas é plenamente possível em sedimentos antigos e que a análise de lâminas delgadas é a melhor ferramenta para sua identificação e descrição. Estudos de CRONE com infiltração artificial em","Promove modificações marcantes na textura, mineralogia e na composição química dos sedimentos, pela introdução pós‑depositacional de argilas (por vezes 10–20%)."
resultados/petrobras-5-mini-com-ontologia-add/batch_f92edf32-403b-42d8-9d3a-cbd3932f0816-completo.csv,rag,1732,O que constitui um bom marco sismoestratigráfico em quase toda a Bacia de Campos?,Topo da biozona N-520,"Mizusaki e Mohriak, 1992; Mohriak et al. 1995; Thomaz Filho e Rodrigues, 1999; Thomaz Filho et al. 2000; Mizusaki et al. 2002). O mapeamento de detalhe efetuado, cujas amarrações foram baseadas em dados paleontológicos, confirma essa afirmação e indica a presença de rochas magmáticas intrusivas e extrusivas também no Cretáceo Superior. Topo do Eoceno: coincide com o topo da bio-zona N-470 e também constitui um excelente refletor. A seção correspondente ao Eoceno Superior está ausente por erosão na região próxima à Falha de Charneira de Campos. Topo da biozona N-520 : esse refletor, datado do Oligoceno Inferior, constitui um excelente marco sismoestratigráfico em quase toda a Bacia de Campos, correspondendo a uma zona condensada e superfície de downlap. Encontra-se em grande parte erodido na área de estudo. Os resultados dos mapeamentos acima descritos foram utilizados na interpretação das seções sísmicas e perfis de poços disponíveis para o presente trabalho.",O topo da biozona N-520 — um refletor do Oligoceno Inferior que corresponde a uma zona condensada e superfície de downlap.
resultados/petrobras-5-mini-com-ontologia-add/batch_f92edf32-403b-42d8-9d3a-cbd3932f0816-completo.csv,graphrag,1732,O que constitui um bom marco sismoestratigráfico em quase toda a Bacia de Campos?,Topo da biozona N-520,"Mizusaki e Mohriak, 1992; Mohriak et al. 1995; Thomaz Filho e Rodrigues, 1999; Thomaz Filho et al. 2000; Mizusaki et al. 2002). O mapeamento de detalhe efetuado, cujas amarrações foram baseadas em dados paleontológicos, confirma essa afirmação e indica a presença de rochas magmáticas intrusivas e extrusivas também no Cretáceo Superior. Topo do Eoceno: coincide com o topo da bio-zona N-470 e também constitui um excelente refletor. A seção correspondente ao Eoceno Superior está ausente por erosão na região próxima à Falha de Charneira de Campos. Topo da biozona N-520 : esse refletor, datado do Oligoceno Inferior, constitui um excelente marco sismoestratigráfico em quase toda a Bacia de Campos, correspondendo a uma zona condensada e superfície de downlap. Encontra-se em grande parte erodido na área de estudo. Os resultados dos mapeamentos acima descritos foram utilizados na interpretação das seções sísmicas e perfis de poços disponíveis para o presente trabalho.",O topo da biozona N‑520 (refletor do Oligoceno Inferior) — uma zona condensada que corresponde a uma superfície de downlap — constitui esse excelente marco sismoestratigráfico.
resultados/petrobras-5-mini-com-ontologia-add/batch_f92edf32-403b-42d8-9d3a-cbd3932f0816-completo.csv,rag,1733,Qual é o refletor localizado na zona N - 470?,Topo do Eoceno,"Mizusaki e Mohriak, 1992; Mohriak et al. 1995; Thomaz Filho e Rodrigues, 1999; Thomaz Filho et al. 2000; Mizusaki et al. 2002). O mapeamento de detalhe efetuado, cujas amarrações foram baseadas em dados paleontológicos, confirma essa afirmação e indica a presença de rochas magmáticas intrusivas e extrusivas também no Cretáceo Superior. Topo do Eoceno: coincide com o topo da bio-zona N-470 e também constitui um excelente refletor. A seção correspondente ao Eoceno Superior está ausente por erosão na região próxima à Falha de Charneira de Campos. Topo da biozona N-520 : esse refletor, datado do Oligoceno Inferior, constitui um excelente marco sismoestratigráfico em quase toda a Bacia de Campos, correspondendo a uma zona condensada e superfície de downlap. Encontra-se em grande parte erodido na área de estudo. Os resultados dos mapeamentos acima descritos foram utilizados na interpretação das seções sísmicas e perfis de poços disponíveis para o presente trabalho.",O topo do Eoceno — corresponde ao topo da biozona N‑470 e constitui um excelente refletor.
resultados/petrobras-5-mini-com-ontologia-add/batch_f92edf32-403b-42d8-9d3a-cbd3932f0816-completo.csv,graphrag,1733,Qual é o refletor localizado na zona N - 470?,Topo do Eoceno,"Mizusaki e Mohriak, 1992; Mohriak et al. 1995; Thomaz Filho e Rodrigues, 1999; Thomaz Filho et al. 2000; Mizusaki et al. 2002). O mapeamento de detalhe efetuado, cujas amarrações foram baseadas em dados paleontológicos, confirma essa afirmação e indica a presença de rochas magmáticas intrusivas e extrusivas também no Cretáceo Superior. Topo do Eoceno: coincide com o topo da bio-zona N-470 e também constitui um excelente refletor. A seção correspondente ao Eoceno Superior está ausente por erosão na região próxima à Falha de Charneira de Campos. Topo da biozona N-520 : esse refletor, datado do Oligoceno Inferior, constitui um excelente marco sismoestratigráfico em quase toda a Bacia de Campos, correspondendo a uma zona condensada e superfície de downlap. Encontra-se em grande parte erodido na área de estudo. Os resultados dos mapeamentos acima descritos foram utilizados na interpretação das seções sísmicas e perfis de poços disponíveis para o presente trabalho.",O Topo do Eoceno.
resultados/petrobras-5-mini-com-ontologia-add/batch_f92edf32-403b-42d8-9d3a-cbd3932f0816-completo.csv,rag,1734,O que fez com que o topo do Eoceno Superior não fosse encontrado?,erosão,"Mizusaki e Mohriak, 1992; Mohriak et al. 1995; Thomaz Filho e Rodrigues, 1999; Thomaz Filho et al. 2000; Mizusaki et al. 2002). O mapeamento de detalhe efetuado, cujas amarrações foram baseadas em dados paleontológicos, confirma essa afirmação e indica a presença de rochas magmáticas intrusivas e extrusivas também no Cretáceo Superior. Topo do Eoceno: coincide com o topo da bio-zona N-470 e também constitui um excelente refletor. A seção correspondente ao Eoceno Superior está ausente por erosão na região próxima à Falha de Charneira de Campos. Topo da biozona N-520 : esse refletor, datado do Oligoceno Inferior, constitui um excelente marco sismoestratigráfico em quase toda a Bacia de Campos, correspondendo a uma zona condensada e superfície de downlap. Encontra-se em grande parte erodido na área de estudo. Os resultados dos mapeamentos acima descritos foram utilizados na interpretação das seções sísmicas e perfis de poços disponíveis para o presente trabalho.",Porque a seção do Eoceno Superior foi removida por erosão na região próxima à Falha de Charneira de Campos.
resultados/petrobras-5-mini-com-ontologia-add/batch_f92edf32-403b-42d8-9d3a-cbd3932f0816-completo.csv,graphrag,1734,O que fez com que o topo do Eoceno Superior não fosse encontrado?,erosão,"Mizusaki e Mohriak, 1992; Mohriak et al. 1995; Thomaz Filho e Rodrigues, 1999; Thomaz Filho et al. 2000; Mizusaki et al. 2002). O mapeamento de detalhe efetuado, cujas amarrações foram baseadas em dados paleontológicos, confirma essa afirmação e indica a presença de rochas magmáticas intrusivas e extrusivas também no Cretáceo Superior. Topo do Eoceno: coincide com o topo da bio-zona N-470 e também constitui um excelente refletor. A seção correspondente ao Eoceno Superior está ausente por erosão na região próxima à Falha de Charneira de Campos. Topo da biozona N-520 : esse refletor, datado do Oligoceno Inferior, constitui um excelente marco sismoestratigráfico em quase toda a Bacia de Campos, correspondendo a uma zona condensada e superfície de downlap. Encontra-se em grande parte erodido na área de estudo. Os resultados dos mapeamentos acima descritos foram utilizados na interpretação das seções sísmicas e perfis de poços disponíveis para o presente trabalho.",Porque a seção do Eoceno Superior foi erodida na região próxima à Falha de Charneira de Campos.
resultados/petrobras-5-mini-com-ontologia-add/batch_f92edf32-403b-42d8-9d3a-cbd3932f0816-completo.csv,rag,1735,O que mostra o mapeamento de detalhe realizado para confirmar essa afirmação?,rochas magmáticas intrusivas e extrusivas,"Mizusaki e Mohriak, 1992; Mohriak et al. 1995; Thomaz Filho e Rodrigues, 1999; Thomaz Filho et al. 2000; Mizusaki et al. 2002). O mapeamento de detalhe efetuado, cujas amarrações foram baseadas em dados paleontológicos, confirma essa afirmação e indica a presença de rochas magmáticas intrusivas e extrusivas também no Cretáceo Superior. Topo do Eoceno: coincide com o topo da bio-zona N-470 e também constitui um excelente refletor. A seção correspondente ao Eoceno Superior está ausente por erosão na região próxima à Falha de Charneira de Campos. Topo da biozona N-520 : esse refletor, datado do Oligoceno Inferior, constitui um excelente marco sismoestratigráfico em quase toda a Bacia de Campos, correspondendo a uma zona condensada e superfície de downlap. Encontra-se em grande parte erodido na área de estudo. Os resultados dos mapeamentos acima descritos foram utilizados na interpretação das seções sísmicas e perfis de poços disponíveis para o presente trabalho.",Que há presença de rochas magmáticas intrusivas e extrusivas também no Cretáceo Superior — amarrado por dados paleontológicos.
resultados/petrobras-5-mini-com-ontologia-add/batch_f92edf32-403b-42d8-9d3a-cbd3932f0816-completo.csv,graphrag,1735,O que mostra o mapeamento de detalhe realizado para confirmar essa afirmação?,rochas magmáticas intrusivas e extrusivas,"Mizusaki e Mohriak, 1992; Mohriak et al. 1995; Thomaz Filho e Rodrigues, 1999; Thomaz Filho et al. 2000; Mizusaki et al. 2002). O mapeamento de detalhe efetuado, cujas amarrações foram baseadas em dados paleontológicos, confirma essa afirmação e indica a presença de rochas magmáticas intrusivas e extrusivas também no Cretáceo Superior. Topo do Eoceno: coincide com o topo da bio-zona N-470 e também constitui um excelente refletor. A seção correspondente ao Eoceno Superior está ausente por erosão na região próxima à Falha de Charneira de Campos. Topo da biozona N-520 : esse refletor, datado do Oligoceno Inferior, constitui um excelente marco sismoestratigráfico em quase toda a Bacia de Campos, correspondendo a uma zona condensada e superfície de downlap. Encontra-se em grande parte erodido na área de estudo. Os resultados dos mapeamentos acima descritos foram utilizados na interpretação das seções sísmicas e perfis de poços disponíveis para o presente trabalho.",Que há presença de rochas magmáticas intrusivas e extrusivas também no Cretáceo Superior (mapeamento amarrado por dados paleontológicos).
resultados/petrobras-5-mini-com-ontologia-add/batch_f92edf32-403b-42d8-9d3a-cbd3932f0816-completo.csv,rag,1737,Qual refletor datado do Oligoceno Inferior constitui um excelente marco sismoestratigráfico em quase toda a Bacia de Campos?,Topo da biozona N-520,"Mizusaki e Mohriak, 1992; Mohriak et al. 1995; Thomaz Filho e Rodrigues, 1999; Thomaz Filho et al. 2000; Mizusaki et al. 2002). O mapeamento de detalhe efetuado, cujas amarrações foram baseadas em dados paleontológicos, confirma essa afirmação e indica a presença de rochas magmáticas intrusivas e extrusivas também no Cretáceo Superior. Topo do Eoceno: coincide com o topo da bio-zona N-470 e também constitui um excelente refletor. A seção correspondente ao Eoceno Superior está ausente por erosão na região próxima à Falha de Charneira de Campos. Topo da biozona N-520 : esse refletor, datado do Oligoceno Inferior, constitui um excelente marco sismoestratigráfico em quase toda a Bacia de Campos, correspondendo a uma zona condensada e superfície de downlap. Encontra-se em grande parte erodido na área de estudo. Os resultados dos mapeamentos acima descritos foram utilizados na interpretação das seções sísmicas e perfis de poços disponíveis para o presente trabalho.",O topo da biozona N-520.
resultados/petrobras-5-mini-com-ontologia-add/batch_f92edf32-403b-42d8-9d3a-cbd3932f0816-completo.csv,graphrag,1737,Qual refletor datado do Oligoceno Inferior constitui um excelente marco sismoestratigráfico em quase toda a Bacia de Campos?,Topo da biozona N-520,"Mizusaki e Mohriak, 1992; Mohriak et al. 1995; Thomaz Filho e Rodrigues, 1999; Thomaz Filho et al. 2000; Mizusaki et al. 2002). O mapeamento de detalhe efetuado, cujas amarrações foram baseadas em dados paleontológicos, confirma essa afirmação e indica a presença de rochas magmáticas intrusivas e extrusivas também no Cretáceo Superior. Topo do Eoceno: coincide com o topo da bio-zona N-470 e também constitui um excelente refletor. A seção correspondente ao Eoceno Superior está ausente por erosão na região próxima à Falha de Charneira de Campos. Topo da biozona N-520 : esse refletor, datado do Oligoceno Inferior, constitui um excelente marco sismoestratigráfico em quase toda a Bacia de Campos, correspondendo a uma zona condensada e superfície de downlap. Encontra-se em grande parte erodido na área de estudo. Os resultados dos mapeamentos acima descritos foram utilizados na interpretação das seções sísmicas e perfis de poços disponíveis para o presente trabalho.",O refletor N‑520 (topo da biozona N‑520).
resultados/petrobras-5-mini-com-ontologia-add/batch_f92edf32-403b-42d8-9d3a-cbd3932f0816-completo.csv,rag,1740,O que o mapeamento de detalhe indica a presença no Cretáceo Superior?,rochas magmáticas intrusivas e extrusivas,"Mizusaki e Mohriak, 1992; Mohriak et al. 1995; Thomaz Filho e Rodrigues, 1999; Thomaz Filho et al. 2000; Mizusaki et al. 2002). O mapeamento de detalhe efetuado, cujas amarrações foram baseadas em dados paleontológicos, confirma essa afirmação e indica a presença de rochas magmáticas intrusivas e extrusivas também no Cretáceo Superior. Topo do Eoceno: coincide com o topo da bio-zona N-470 e também constitui um excelente refletor. A seção correspondente ao Eoceno Superior está ausente por erosão na região próxima à Falha de Charneira de Campos. Topo da biozona N-520 : esse refletor, datado do Oligoceno Inferior, constitui um excelente marco sismoestratigráfico em quase toda a Bacia de Campos, correspondendo a uma zona condensada e superfície de downlap. Encontra-se em grande parte erodido na área de estudo. Os resultados dos mapeamentos acima descritos foram utilizados na interpretação das seções sísmicas e perfis de poços disponíveis para o presente trabalho.",Rochas magmáticas intrusivas e extrusivas no Cretáceo Superior.
resultados/petrobras-5-mini-com-ontologia-add/batch_f92edf32-403b-42d8-9d3a-cbd3932f0816-completo.csv,graphrag,1740,O que o mapeamento de detalhe indica a presença no Cretáceo Superior?,rochas magmáticas intrusivas e extrusivas,"Mizusaki e Mohriak, 1992; Mohriak et al. 1995; Thomaz Filho e Rodrigues, 1999; Thomaz Filho et al. 2000; Mizusaki et al. 2002). O mapeamento de detalhe efetuado, cujas amarrações foram baseadas em dados paleontológicos, confirma essa afirmação e indica a presença de rochas magmáticas intrusivas e extrusivas também no Cretáceo Superior. Topo do Eoceno: coincide com o topo da bio-zona N-470 e também constitui um excelente refletor. A seção correspondente ao Eoceno Superior está ausente por erosão na região próxima à Falha de Charneira de Campos. Topo da biozona N-520 : esse refletor, datado do Oligoceno Inferior, constitui um excelente marco sismoestratigráfico em quase toda a Bacia de Campos, correspondendo a uma zona condensada e superfície de downlap. Encontra-se em grande parte erodido na área de estudo. Os resultados dos mapeamentos acima descritos foram utilizados na interpretação das seções sísmicas e perfis de poços disponíveis para o presente trabalho.","Indica a presença de rochas magmáticas, tanto intrusivas quanto extrusivas."
resultados/petrobras-5-mini-com-ontologia-add/batch_f92edf32-403b-42d8-9d3a-cbd3932f0816-completo.csv,rag,1743,Por que a seção correspondente ao Eoceno Superior está ausente?,erosão na região próxima à Falha de Charneira de Campos,"Mizusaki e Mohriak, 1992; Mohriak et al. 1995; Thomaz Filho e Rodrigues, 1999; Thomaz Filho et al. 2000; Mizusaki et al. 2002). O mapeamento de detalhe efetuado, cujas amarrações foram baseadas em dados paleontológicos, confirma essa afirmação e indica a presença de rochas magmáticas intrusivas e extrusivas também no Cretáceo Superior. Topo do Eoceno: coincide com o topo da bio-zona N-470 e também constitui um excelente refletor. A seção correspondente ao Eoceno Superior está ausente por erosão na região próxima à Falha de Charneira de Campos. Topo da biozona N-520 : esse refletor, datado do Oligoceno Inferior, constitui um excelente marco sismoestratigráfico em quase toda a Bacia de Campos, correspondendo a uma zona condensada e superfície de downlap. Encontra-se em grande parte erodido na área de estudo. Os resultados dos mapeamentos acima descritos foram utilizados na interpretação das seções sísmicas e perfis de poços disponíveis para o presente trabalho.",Porque foi removida por erosão na região próxima à Falha de Charneira de Campos.
resultados/petrobras-5-mini-com-ontologia-add/batch_f92edf32-403b-42d8-9d3a-cbd3932f0816-completo.csv,graphrag,1743,Por que a seção correspondente ao Eoceno Superior está ausente?,erosão na região próxima à Falha de Charneira de Campos,"Mizusaki e Mohriak, 1992; Mohriak et al. 1995; Thomaz Filho e Rodrigues, 1999; Thomaz Filho et al. 2000; Mizusaki et al. 2002). O mapeamento de detalhe efetuado, cujas amarrações foram baseadas em dados paleontológicos, confirma essa afirmação e indica a presença de rochas magmáticas intrusivas e extrusivas também no Cretáceo Superior. Topo do Eoceno: coincide com o topo da bio-zona N-470 e também constitui um excelente refletor. A seção correspondente ao Eoceno Superior está ausente por erosão na região próxima à Falha de Charneira de Campos. Topo da biozona N-520 : esse refletor, datado do Oligoceno Inferior, constitui um excelente marco sismoestratigráfico em quase toda a Bacia de Campos, correspondendo a uma zona condensada e superfície de downlap. Encontra-se em grande parte erodido na área de estudo. Os resultados dos mapeamentos acima descritos foram utilizados na interpretação das seções sísmicas e perfis de poços disponíveis para o presente trabalho.",Porque essa seção foi removida por erosão na área próxima à Falha de Charneira de Campos.
resultados/petrobras-5-mini-com-ontologia-add/batch_f92edf32-403b-42d8-9d3a-cbd3932f0816-completo.csv,rag,1745,O que constitui um excelente marco sismoestratigráfico em quase toda a Bacia de Campos?,"N-520 : esse refletor, datado do Oligoceno Inferior, constitui um","Mizusaki e Mohriak, 1992; Mohriak et al. 1995; Thomaz Filho e Rodrigues, 1999; Thomaz Filho et al. 2000; Mizusaki et al. 2002). O mapeamento de detalhe efetuado, cujas amarrações foram baseadas em dados paleontológicos, confirma essa afirmação e indica a presença de rochas magmáticas intrusivas e extrusivas também no Cretáceo Superior. Topo do Eoceno: coincide com o topo da bio-zona N-470 e também constitui um excelente refletor. A seção correspondente ao Eoceno Superior está ausente por erosão na região próxima à Falha de Charneira de Campos. Topo da biozona N-520 : esse refletor, datado do Oligoceno Inferior, constitui um excelente marco sismoestratigráfico em quase toda a Bacia de Campos, correspondendo a uma zona condensada e superfície de downlap. Encontra-se em grande parte erodido na área de estudo. Os resultados dos mapeamentos acima descritos foram utilizados na interpretação das seções sísmicas e perfis de poços disponíveis para o presente trabalho.","O topo da biozona N‑520 — um refletor datado do Oligoceno Inferior, correspondendo a uma zona condensada e superfície de downlap."
resultados/petrobras-5-mini-com-ontologia-add/batch_f92edf32-403b-42d8-9d3a-cbd3932f0816-completo.csv,graphrag,1745,O que constitui um excelente marco sismoestratigráfico em quase toda a Bacia de Campos?,"N-520 : esse refletor, datado do Oligoceno Inferior, constitui um","Mizusaki e Mohriak, 1992; Mohriak et al. 1995; Thomaz Filho e Rodrigues, 1999; Thomaz Filho et al. 2000; Mizusaki et al. 2002). O mapeamento de detalhe efetuado, cujas amarrações foram baseadas em dados paleontológicos, confirma essa afirmação e indica a presença de rochas magmáticas intrusivas e extrusivas também no Cretáceo Superior. Topo do Eoceno: coincide com o topo da bio-zona N-470 e também constitui um excelente refletor. A seção correspondente ao Eoceno Superior está ausente por erosão na região próxima à Falha de Charneira de Campos. Topo da biozona N-520 : esse refletor, datado do Oligoceno Inferior, constitui um excelente marco sismoestratigráfico em quase toda a Bacia de Campos, correspondendo a uma zona condensada e superfície de downlap. Encontra-se em grande parte erodido na área de estudo. Os resultados dos mapeamentos acima descritos foram utilizados na interpretação das seções sísmicas e perfis de poços disponíveis para o presente trabalho.","O topo da biozona N‑520 — um refletor do Oligoceno Inferior, correspondendo a uma zona condensada e superfície de downlap."
resultados/petrobras-5-mini-com-ontologia-add/batch_f92edf32-403b-42d8-9d3a-cbd3932f0816-completo.csv,rag,1746,O que aconteceu com a seção correspondente ao Eoceno Superior na região próxima à Falha de Charneira de Campos?,está ausente por erosão,"Mizusaki e Mohriak, 1992; Mohriak et al. 1995; Thomaz Filho e Rodrigues, 1999; Thomaz Filho et al. 2000; Mizusaki et al. 2002). O mapeamento de detalhe efetuado, cujas amarrações foram baseadas em dados paleontológicos, confirma essa afirmação e indica a presença de rochas magmáticas intrusivas e extrusivas também no Cretáceo Superior. Topo do Eoceno: coincide com o topo da bio-zona N-470 e também constitui um excelente refletor. A seção correspondente ao Eoceno Superior está ausente por erosão na região próxima à Falha de Charneira de Campos. Topo da biozona N-520 : esse refletor, datado do Oligoceno Inferior, constitui um excelente marco sismoestratigráfico em quase toda a Bacia de Campos, correspondendo a uma zona condensada e superfície de downlap. Encontra-se em grande parte erodido na área de estudo. Os resultados dos mapeamentos acima descritos foram utilizados na interpretação das seções sísmicas e perfis de poços disponíveis para o presente trabalho.",Ela está ausente por erosão — a seção do Eoceno Superior foi removida na região próxima à Falha de Charneira de Campos.
resultados/petrobras-5-mini-com-ontologia-add/batch_f92edf32-403b-42d8-9d3a-cbd3932f0816-completo.csv,graphrag,1746,O que aconteceu com a seção correspondente ao Eoceno Superior na região próxima à Falha de Charneira de Campos?,está ausente por erosão,"Mizusaki e Mohriak, 1992; Mohriak et al. 1995; Thomaz Filho e Rodrigues, 1999; Thomaz Filho et al. 2000; Mizusaki et al. 2002). O mapeamento de detalhe efetuado, cujas amarrações foram baseadas em dados paleontológicos, confirma essa afirmação e indica a presença de rochas magmáticas intrusivas e extrusivas também no Cretáceo Superior. Topo do Eoceno: coincide com o topo da bio-zona N-470 e também constitui um excelente refletor. A seção correspondente ao Eoceno Superior está ausente por erosão na região próxima à Falha de Charneira de Campos. Topo da biozona N-520 : esse refletor, datado do Oligoceno Inferior, constitui um excelente marco sismoestratigráfico em quase toda a Bacia de Campos, correspondendo a uma zona condensada e superfície de downlap. Encontra-se em grande parte erodido na área de estudo. Os resultados dos mapeamentos acima descritos foram utilizados na interpretação das seções sísmicas e perfis de poços disponíveis para o presente trabalho.",A seção do Eoceno Superior está ausente na região próxima à Falha de Charneira de Campos devido à erosão.
resultados/petrobras-5-mini-com-ontologia-add/batch_f92edf32-403b-42d8-9d3a-cbd3932f0816-completo.csv,rag,1748,Em que período geológico ocorreu a presença de rochas magmáticas intrusivas e extrusivas na Bacia de Campos?,Cretáceo Superior,"Mizusaki e Mohriak, 1992; Mohriak et al. 1995; Thomaz Filho e Rodrigues, 1999; Thomaz Filho et al. 2000; Mizusaki et al. 2002). O mapeamento de detalhe efetuado, cujas amarrações foram baseadas em dados paleontológicos, confirma essa afirmação e indica a presença de rochas magmáticas intrusivas e extrusivas também no Cretáceo Superior. Topo do Eoceno: coincide com o topo da bio-zona N-470 e também constitui um excelente refletor. A seção correspondente ao Eoceno Superior está ausente por erosão na região próxima à Falha de Charneira de Campos. Topo da biozona N-520 : esse refletor, datado do Oligoceno Inferior, constitui um excelente marco sismoestratigráfico em quase toda a Bacia de Campos, correspondendo a uma zona condensada e superfície de downlap. Encontra-se em grande parte erodido na área de estudo. Os resultados dos mapeamentos acima descritos foram utilizados na interpretação das seções sísmicas e perfis de poços disponíveis para o presente trabalho.",No Cretáceo Superior.
resultados/petrobras-5-mini-com-ontologia-add/batch_f92edf32-403b-42d8-9d3a-cbd3932f0816-completo.csv,graphrag,1748,Em que período geológico ocorreu a presença de rochas magmáticas intrusivas e extrusivas na Bacia de Campos?,Cretáceo Superior,"Mizusaki e Mohriak, 1992; Mohriak et al. 1995; Thomaz Filho e Rodrigues, 1999; Thomaz Filho et al. 2000; Mizusaki et al. 2002). O mapeamento de detalhe efetuado, cujas amarrações foram baseadas em dados paleontológicos, confirma essa afirmação e indica a presença de rochas magmáticas intrusivas e extrusivas também no Cretáceo Superior. Topo do Eoceno: coincide com o topo da bio-zona N-470 e também constitui um excelente refletor. A seção correspondente ao Eoceno Superior está ausente por erosão na região próxima à Falha de Charneira de Campos. Topo da biozona N-520 : esse refletor, datado do Oligoceno Inferior, constitui um excelente marco sismoestratigráfico em quase toda a Bacia de Campos, correspondendo a uma zona condensada e superfície de downlap. Encontra-se em grande parte erodido na área de estudo. Os resultados dos mapeamentos acima descritos foram utilizados na interpretação das seções sísmicas e perfis de poços disponíveis para o presente trabalho.",No Cretáceo Superior.
resultados/petrobras-5-mini-com-ontologia-add/batch_f92edf32-403b-42d8-9d3a-cbd3932f0816-completo.csv,rag,1750,Qual é a importância do topo da bio-zona N-470?,coincide com o topo da bio-zona N-470 e também constitui um excelente refletor,"Mizusaki e Mohriak, 1992; Mohriak et al. 1995; Thomaz Filho e Rodrigues, 1999; Thomaz Filho et al. 2000; Mizusaki et al. 2002). O mapeamento de detalhe efetuado, cujas amarrações foram baseadas em dados paleontológicos, confirma essa afirmação e indica a presença de rochas magmáticas intrusivas e extrusivas também no Cretáceo Superior. Topo do Eoceno: coincide com o topo da bio-zona N-470 e também constitui um excelente refletor. A seção correspondente ao Eoceno Superior está ausente por erosão na região próxima à Falha de Charneira de Campos. Topo da biozona N-520 : esse refletor, datado do Oligoceno Inferior, constitui um excelente marco sismoestratigráfico em quase toda a Bacia de Campos, correspondendo a uma zona condensada e superfície de downlap. Encontra-se em grande parte erodido na área de estudo. Os resultados dos mapeamentos acima descritos foram utilizados na interpretação das seções sísmicas e perfis de poços disponíveis para o presente trabalho.","Coincide com o topo do Eoceno e constitui um excelente refletor, servindo como importante marco sísmico para mapeamento."
resultados/petrobras-5-mini-com-ontologia-add/batch_f92edf32-403b-42d8-9d3a-cbd3932f0816-completo.csv,graphrag,1750,Qual é a importância do topo da bio-zona N-470?,coincide com o topo da bio-zona N-470 e também constitui um excelente refletor,"Mizusaki e Mohriak, 1992; Mohriak et al. 1995; Thomaz Filho e Rodrigues, 1999; Thomaz Filho et al. 2000; Mizusaki et al. 2002). O mapeamento de detalhe efetuado, cujas amarrações foram baseadas em dados paleontológicos, confirma essa afirmação e indica a presença de rochas magmáticas intrusivas e extrusivas também no Cretáceo Superior. Topo do Eoceno: coincide com o topo da bio-zona N-470 e também constitui um excelente refletor. A seção correspondente ao Eoceno Superior está ausente por erosão na região próxima à Falha de Charneira de Campos. Topo da biozona N-520 : esse refletor, datado do Oligoceno Inferior, constitui um excelente marco sismoestratigráfico em quase toda a Bacia de Campos, correspondendo a uma zona condensada e superfície de downlap. Encontra-se em grande parte erodido na área de estudo. Os resultados dos mapeamentos acima descritos foram utilizados na interpretação das seções sísmicas e perfis de poços disponíveis para o presente trabalho.","É o topo do Eoceno e constitui um excelente refletor sísmico, servindo como importante marco sismoestratigráfico para interpretação de sísmica e perfis de poços."
