arquivo_fonte,tipo_resposta,question_id,question,expected_question,context,llm_answer,answer_relevancy_score,answer_relevancy_reason,faithfulness_score,faithfulness_reason,contextual_relevancy_score,contextual_relevancy_reason,contextual_recall_score,contextual_recall_reason,correctness_score,correctness_reason,completeness_score,completeness_reason,geological_adequacy_score,geological_adequacy_reason,ontology_alignment_score,ontology_alignment_reason,rouge1_precision,rouge1_recall,rouge1_fmeasure,rouge2_precision,rouge2_recall,rouge2_fmeasure,rougeL_precision,rougeL_recall,rougeL_fmeasure,exact_match,token_f1,eval_error
resultados/petrobras-5-mini-com-ontologia-embeddingfirst/batch_eaf69800-ceb2-448a-b8a7-c0f2507b03f7-completo.csv,rag,1292,O que representa a fácies sísmica interpretada?,sedimentos clásticos finos,,"A fácies sísmica interpretada representa o tipo de litologia/litotipo inferido a partir dos dados sísmicos. No exemplo dado: a fácies amarela = arenitos muito porosos, a verde = sedimentos clásticos finos, e a azul = margas e calcilutitos. Essas fácies guiam a repartição espacial das curvas de proporções (CPVs) e a construção da matriz de proporções, capturando o comportamento espacial dos litotipos em modelagem geoestatística.",1.0,"The score is 1.00 because the response is fully relevant to the question ""O que representa a fácies sísmica interpretada?"" and contains no irrelevant statements. It stays focused on the requested interpretation, so this is an excellent, fully on-topic answer.",,Skipped: empty context.,,Skipped: empty context.,,Skipped: empty context.,0.2,"The expected output is specifically ""sedimentos clásticos finos"", but the actual output gives a broader explanation of fácies sísmica and lists multiple categories: amarela = arenitos muito porosos, verde = sedimentos clásticos finos, azul = margas e calcilutitos. While it includes the expected phrase, it does not match the singular expected answer for the input and introduces extra unsupported details, so alignment is weak.",0.6,"The expected output contains a single essential fact: the interpreted seismic facies is ""sedimentos clásticos finos"". The actual output includes that specific mapping for the green facies, but it also adds unrelated extra classifications (yellow as porous sandstones, blue as marls/calcilutites) and broader modeling context instead of directly matching the expected singular answer. Because the key expected element is present but the response is not focused on the intended facies, alignment is only partial.",0.2,"The response uses some correct geological terms such as fácies sísmica, litologia/litotipo, arenitos, margas, and calcilutitos, so it shows partial domain fluency. However, it does not align with the expected interpretation for this test case, which is specifically 'sedimentos clásticos finos'. Instead of selecting that entity, it invents multiple facies-color mappings and adds unsupported geoestatistical context about CPVs and matriz de proporções. This weakens semantic precision and introduces relations not grounded in the expected output.",0.2,"The response only partially aligns with the expected geological meaning. The expected output for the question is specifically ""sedimentos clásticos finos"", but the actual output broadens the concept to a general definition of fácies sísmica and lists multiple facies-to-lithology mappings, including arenitos muito porosos and margas e calcilutitos. This introduces extra entities and fails to identify the interpreted facies as the specific expected class, reducing semantic alignment despite using relevant geological terminology.",0.054054054054054,1.0,0.1025641025641025,0.0410958904109589,1.0,0.0789473684210526,0.054054054054054,1.0,0.1025641025641025,0.0,0.088235294117647,
resultados/petrobras-5-mini-com-ontologia-embeddingfirst/batch_eaf69800-ceb2-448a-b8a7-c0f2507b03f7-completo.csv,graphrag,1292,O que representa a fácies sísmica interpretada?,sedimentos clásticos finos,,"É a interpretação, a partir dos sinais sísmicos, das fácies/litologias presentes — ou seja, o mapeamento de zonas sísmicas em fácies sedimentares (ex.: arenitos muito porosos — amarelo; sedimentos clásticos finos — verde; margas e calcilutitos — azul). Essa fácies sísmica guia a distribuição espacial das proporções de litotipos (CPVs) no reservatório.",1.0,"The score is 1.00 because the response is fully relevant to the question ""O que representa a fácies sísmica interpretada?"" and contains no irrelevant statements. It stays focused on the requested topic, so this is an excellent match.",,Skipped: empty context.,,Skipped: empty context.,,Skipped: empty context.,0.2,"The expected output is the specific interpretation ""sedimentos clásticos finos"", but the actual output gives a broad definition of fácies sísmica interpretada and lists multiple possible lithologies such as ""arenitos muito porosos"", ""sedimentos clásticos finos"", and ""margas e calcilutitos"". Because it does not identify the single expected class for the given input and instead adds unrelated options and extra explanation, it fails to match the expected answer closely.",0.3,"The expected output is a specific identification: ""sedimentos clásticos finos"". The actual output does mention that exact facies in an example list, which shows partial coverage of the key entity from the test case. However, it does not clearly state that the interpreted fácies sísmica represents that specific class; instead it gives a broad explanation of seismic facies interpretation, mapping, and CPVs, adding extra information while failing to provide the expected direct answer.",0.3,"The response uses generally appropriate geological terminology such as 'fácies sísmica', 'litologias', 'fácies sedimentares', 'arenitos', 'sedimentos clásticos finos', 'margas' and 'calcilutitos', which aligns partially with the domain requirement. However, it does not match the expected interpretation for this test case, which is specifically 'sedimentos clásticos finos'. Instead, it gives a broad conceptual explanation and introduces extra entities and reservoir-related notions like 'CPVs' and 'reservatório' that are not supported by the expected output. This reduces semantic alignment and suggests overgeneralization rather than identifying the correct geological facies.",0.2,"The expected output is the specific interpreted facies ""sedimentos clásticos finos"", but the actual output gives a broad definition of what seismic facies interpretation represents and lists multiple possible facies examples instead of identifying the correct one. Although it includes the expected geological term among examples and stays within the seismic/lithology domain, it fails the core semantic task by not selecting the specific facies indicated by the test case.",0.0677966101694915,1.0,0.1269841269841269,0.0517241379310344,1.0,0.0983606557377049,0.0677966101694915,1.0,0.1269841269841269,0.0,0.1176470588235294,
resultados/petrobras-5-mini-com-ontologia-embeddingfirst/batch_eaf69800-ceb2-448a-b8a7-c0f2507b03f7-completo.csv,rag,1304,O que guia a curva vertical de proporções na matriz de proporções para a unidade genética superior do reservatório de Namorado?,respectiva fácies sísmica,,A curva é guiada pela respectiva fácies sísmica — p.ex. amarelo: arenitos muito porosos; verde: sedimentos clásticos finos; azul: margas/calcilutitos.,1.0,"The score is 1.00 because the response stays fully focused on what guides the vertical proportion curve in the proportion matrix for the upper genetic unit of the Namorado reservoir, with no irrelevant statements. Great job keeping it precise and directly aligned with the question.",,Skipped: empty context.,,Skipped: empty context.,,Skipped: empty context.,1.0,"The actual output matches the expected answer that the curva vertical de proporções is guided by the respectiva fácies sísmica. It adds examples for cores/fácies (amarelo, verde, azul), which are extra details not required by the expected output, but they do not contradict it. There are no clear factual mistakes relative to the expected output for the Namorado reservatório input.",1.0,"The expected output requires identifying that the curva vertical de proporções is guided by the respectiva fácies sísmica. The actual output states exactly that and adds examples of color/facies mappings, which are consistent extra detail. It covers the essential entity and relation from the test case with no important omissions.",0.8,"The response correctly identifies the guiding factor as the ""respectiva fácies sísmica"", which matches the expected output and uses appropriate geological terminology. It also adds plausible domain terms such as arenitos, sedimentos clásticos finos, margas, and calcilutitos, showing coherent geological language. However, the extra mappings by color and lithology go beyond the expected answer and are not supported by the test case input, which slightly reduces alignment.",1.0,"The actual output matches the expected answer semantically: it states that the curva vertical de proporções is guided by the respectiva fácies sísmica, which is exactly the target geological relation for the unidade genética superior do reservatório de Namorado. The added color-coded examples are consistent with geological classes and do not introduce concept confusion, inverted roles, or misuse of domain-specific terms.",0.217391304347826,1.0,0.3571428571428571,0.1818181818181818,1.0,0.3076923076923077,0.217391304347826,1.0,0.3571428571428571,0.0,0.2727272727272727,
resultados/petrobras-5-mini-com-ontologia-embeddingfirst/batch_eaf69800-ceb2-448a-b8a7-c0f2507b03f7-completo.csv,graphrag,1304,O que guia a curva vertical de proporções na matriz de proporções para a unidade genética superior do reservatório de Namorado?,respectiva fácies sísmica,,"A curva vertical de proporções é guiada pela fácies sísmica respectiva — por exemplo, onde predomina o amarelo ela é controlada pela fácies interpretada como arenitos muito porosos.",1.0,"The score is 1.00 because the response stays fully focused on what guides the vertical proportion curve in the proportion matrix for the upper genetic unit of the Namorado reservoir, with no irrelevant statements. It directly addresses the question clearly and appropriately.",,Skipped: empty context.,,Skipped: empty context.,,Skipped: empty context.,0.9,"The actual output matches the expected meaning: it states that the curva vertical de proporções é guiada pela respectiva fácies sísmica, which is exactly what the expected output indicates. The added example about 'amarelo' and 'arenitos muito porosos' is extra detail not required by the expected answer, but it does not contradict the test case input or expected output.",1.0,"The expected output identifies the key relation that the curva vertical de proporções for the unidade genética superior do reservatório de Namorado is guided by the ""respectiva fácies sísmica"". The actual output matches this essential fact directly by stating it is guided by the ""fácies sísmica respectiva"" and adds a consistent example about arenitos muito porosos. It covers the core entity and relation without omitting any important information, so the extra detail should not be penalized.",1.0,"The response matches the expected relation that the curva vertical de proporções is guided by the respectiva fácies sísmica, using correct geological terminology such as 'fácies sísmica'. It stays coherent with the reservoir context for the unidade genética superior do reservatório de Namorado. The added example about 'arenitos muito porosos' is domain-appropriate and does not contradict the expected output, though it is more specific than required.",0.9,"The response is semantically aligned with the expected output because it identifies that the curva vertical de proporções is guided by the respectiva fácies sísmica, which is the key geological relation asked in the test case. It stays within the correct domain concepts and roles, and the added example about 'arenitos muito porosos' is extra detail rather than a contradiction. The only shortcoming is that it introduces a more specific lithologic interpretation not required by the expected answer.",0.1724137931034483,1.0,0.2941176470588235,0.1071428571428571,0.75,0.1875,0.1379310344827586,0.8,0.2352941176470588,0.0,0.1999999999999999,
resultados/petrobras-5-mini-com-ontologia-embeddingfirst/batch_eaf69800-ceb2-448a-b8a7-c0f2507b03f7-completo.csv,rag,1305,Qual fácies sísmica é interpretada como sedimentos clásticos finos na matriz de proporções?,verde,,"A fácies sísmica de cor verde — ou seja, a região onde predomina o verde na matriz de proporções — é interpretada como sedimentos clásticos finos.",1.0,"The score is 1.00 because the response is fully relevant to the question, directly addressing which fácies sísmica is interpreted as sedimentos clásticos finos na matriz de proporções, with no irrelevant content. Great job staying precise and on-topic.",,Skipped: empty context.,,Skipped: empty context.,,Skipped: empty context.,1.0,"The actual output matches the expected answer by identifying the fácies sísmica as ""verde,"" which is exactly the expected output for the input asking which facies is interpreted as sedimentos clásticos finos na matriz de proporções. The added wording about the green-dominant region is consistent and does not introduce any factual contradiction, so stylistic elaboration should not be penalized.",1.0,"The response correctly identifies the essential expected element from the test case: ""verde"" as the fácies sísmica interpreted as sedimentos clásticos finos in the matriz de proporções. It includes the key relation requested by the input and adds only minor explanatory wording, which should not be penalized because the core expected content is fully covered.",1.0,"The response correctly identifies the expected geological entity, 'verde', as the fácies sísmica interpreted as 'sedimentos clásticos finos' in the matriz de proporções. It uses domain-appropriate terminology such as 'fácies sísmica' and 'sedimentos clásticos finos' coherently, without introducing incorrect lithologic, stratigraphic, or reservoir concepts. Although more verbose than the expected single-word answer, it remains semantically precise and fully aligned with the geological interpretation requested by the input.",1.0,"The actual output matches the expected answer semantically: it identifies the fácies sísmica 'verde' as the one interpreted as 'sedimentos clásticos finos' in the matriz de proporções. It stays aligned with the geological concept and relation asked in the input, adding only a clarifying paraphrase ('região onde predomina o verde') without introducing confusion or altering the domain meaning.",0.0357142857142857,1.0,0.0689655172413793,0.0,0.0,0.0,0.0357142857142857,1.0,0.0689655172413793,0.0,0.0799999999999999,
resultados/petrobras-5-mini-com-ontologia-embeddingfirst/batch_eaf69800-ceb2-448a-b8a7-c0f2507b03f7-completo.csv,graphrag,1305,Qual fácies sísmica é interpretada como sedimentos clásticos finos na matriz de proporções?,verde,,A fácies sísmica esverdeada (região verde) é interpretada como sedimentos clásticos finos.,1.0,"The score is 1.00 because the answer is fully relevant to the question, directly addressing which fácies sísmica is interpreted as sedimentos clásticos finos na matriz de proporções, with no irrelevant statements. Great job keeping the response precise and on-topic.",,Skipped: empty context.,,Skipped: empty context.,,Skipped: empty context.,1.0,"The actual output correctly identifies the expected facies as ""verde"" for the input asking which fácies sísmica corresponds to ""sedimentos clásticos finos na matriz de proporções"". It adds harmless wording (""fácies sísmica esverdeada"" and ""região verde"") but does not contradict the expected output or introduce factual errors.",1.0,"The expected output only requires identifying the fácies as ""verde"". The actual output correctly states ""A fácies sísmica esverdeada (região verde)"" and links it to ""sedimentos clásticos finos,"" which matches the input question and preserves the essential entity-relation from the expected output. It is more verbose than necessary, but no important information is missing.",0.9,"The response correctly identifies the expected facies as verde and uses appropriate geological terminology, including 'fácies sísmica' and 'sedimentos clásticos finos', which aligns well with the input concept. It preserves the key geological relation from the test case, though it adds extra wording ('esverdeada', 'região verde') beyond the expected minimal output.",0.9,"The response semantically matches the expected output: it identifies the fácies sísmica ""esverdeada""/""região verde"" as the one interpreted as ""sedimentos clásticos finos,"" which aligns with the expected answer ""verde."" It preserves the correct geological concept and relation without introducing role inversion or domain confusion. The only minor issue is added wording beyond the concise expected label.",0.0666666666666666,1.0,0.125,0.0,0.0,0.0,0.0666666666666666,1.0,0.125,0.0,0.1538461538461538,
resultados/petrobras-5-mini-com-ontologia-embeddingfirst/batch_eaf69800-ceb2-448a-b8a7-c0f2507b03f7-completo.csv,rag,1306,O que é utilizado para distribuir no volume do reservatório as CPVs conhecidas somente nos poços?,conceito de fácies sísmicas,,"Utilizam‑se as fácies sísmicas para guiar a repartição espacial das CPVs, por meio da construção de uma matriz de proporções de litotipos.",1.0,"The score is 1.00 because the response is fully relevant to the question about distributing the CPVs known only at the wells throughout the reservoir volume, with no irrelevant statements. Great job staying directly on topic.",,Skipped: empty context.,,Skipped: empty context.,,Skipped: empty context.,0.9,"The actual output aligns closely with the expected output because it identifies ""fácies sísmicas"" as what is used to distribute the CPVs in the reservoir volume, matching the expected ""conceito de fácies sísmicas"". The extra detail about guiding spatial repartition and using a ""matriz de proporções de litotipos"" is not contradicted by the expected output, so it should not be penalized beyond a small deduction for being more specific than required.",0.8,"The expected output centers on the key concept ""conceito de fácies sísmicas"" as what is used to distribute CPVs in the reservoir volume. The actual output correctly identifies ""fácies sísmicas"" and relates them to the spatial distribution of CPVs, so it captures the essential entity and relation from the test case. However, it adds extra detail about ""matriz de proporções de litotipos"" that is not required, and it does not explicitly frame the answer as the concept itself, so alignment is strong but not exact.",0.9,"The response aligns well with the expected geological concept, explicitly using ""fácies sísmicas"" to answer what is used to distribute CPVs in the reservoir volume from well-only data. It employs appropriate domain language such as reservatório, CPVs, fácies sísmicas, and spatial distribution, and adds a plausible geological workflow detail (""matriz de proporções de litotipos"") without contradicting the expected output. The answer is semantically coherent and geologically appropriate, though slightly more specific than the minimal expected phrase ""conceito de fácies sísmicas"".",1.0,"The actual output is semantically aligned with the expected output because it identifies “fácies sísmicas” as the geological concept used to distribute CPVs known only at wells throughout the reservoir volume. It stays within the correct domain meaning and relation from the input, adding compatible detail about spatial repartition and a matriz de proporções de litotipos without introducing concept confusion or inverted roles.",0.1785714285714285,0.8333333333333334,0.2941176470588235,0.1111111111111111,0.6,0.1875,0.1428571428571428,0.6666666666666666,0.2352941176470588,0.0,0.2307692307692307,
resultados/petrobras-5-mini-com-ontologia-embeddingfirst/batch_eaf69800-ceb2-448a-b8a7-c0f2507b03f7-completo.csv,graphrag,1306,O que é utilizado para distribuir no volume do reservatório as CPVs conhecidas somente nos poços?,conceito de fácies sísmicas,,Uma matriz de proporções de litotipos — construída a partir das fácies sísmicas para guiar a repartição espacial das CPVs.,1.0,"The score is 1.00 because the response stays fully focused on explaining what is used to distribute the CPVs conhecidas somente nos poços ao longo do volume do reservatório, with no irrelevant statements. Great job keeping the answer directly aligned with the question.",,Skipped: empty context.,,Skipped: empty context.,,Skipped: empty context.,0.9,"The actual output aligns closely with the expected output because it identifies “fácies sísmicas” as the basis for distributing CPVs in the reservoir volume, which matches the expected “conceito de fácies sísmicas.” It adds extra detail about a “matriz de proporções de litotipos” and spatial guidance, but this does not contradict the expected answer. The response is slightly more specific than necessary, so it is not a perfect exact match.",1.0,"The expected output is the key concept ""conceito de fácies sísmicas"" for what is used to distribute CPVs known only at wells through the reservoir volume. The actual output directly centers on this same idea by stating that a matrix of lithotype proportions is built ""a partir das fácies sísmicas"" to guide the spatial distribution of CPVs. It covers the essential entity and relation from the expected answer, adding detail without contradicting it.",0.7,"The response uses appropriate geological language, including “litotipos”, “fácies sísmicas”, “reservatório” and “CPVs”, which aligns with the domain focus of the input. It also captures the core expected concept by explicitly referencing “fácies sísmicas” as the basis for distributing information away from wells. However, it adds a more specific interpretation — “uma matriz de proporções de litotipos” used to guide spatial partitioning — that is not present in the expected output, which asks only for the broader “conceito de fácies sísmicas”. This makes the answer semantically related and technically plausible, but somewhat more specific and not a direct match to the expected concept.",0.9,"The actual output is semantically well aligned with the expected output because it centers on ""fácies sísmicas"" as the geological concept used to distribute CPVs known only at wells through the reservoir volume. It preserves the intended domain meaning and relation to spatial distribution, which matches the input. A small penalty is appropriate because it adds extra detail about a ""matriz de proporções de litotipos"" instead of giving the expected concept alone, but this does not invert or confuse the geological semantics.",0.2083333333333333,0.8333333333333334,0.3333333333333333,0.1304347826086956,0.6,0.2142857142857142,0.2083333333333333,0.8333333333333334,0.3333333333333333,0.0,0.2608695652173913,
resultados/petrobras-5-mini-com-ontologia-embeddingfirst/batch_eaf69800-ceb2-448a-b8a7-c0f2507b03f7-completo.csv,rag,1309,O que é a matriz de proporções na construção de uma matriz de proporções de litotipos?,uma ferramenta muito importante para capturar o comportamento espacial dos litotipos,,"É uma grade espacial em que cada célula contém as proporções (ou probabilidades) de ocorrência de cada litótipo. Essas proporções são estimadas combinando as curvas/proporções observadas nos poços (CPVs) com a informação das fácies sísmicas, de modo a orientar a distribuição espacial dos litotipos pelo reservatório. A matriz de proporções captura o comportamento espacial das fácies e complementa os variogramas na modelagem geoestatística.",1.0,"The score is 1.00 because the answer is fully relevant to the question about a matriz de proporções de litotipos and does not include any irrelevant statements. It stays focused on the requested concept, so this is an excellent, complete match.",,Skipped: empty context.,,Skipped: empty context.,,Skipped: empty context.,0.9,"The actual output matches the expected meaning well: it describes the matriz de proporções as a spatial grid used to represent proportions/probabilities of litotipos and explicitly says it captures the comportamento espacial dos litotipos, which is the core of the expected output. It adds extra details about CPVs, fácies sísmicas, reservatório, and variogramas that are not required, but these do not contradict the expected answer. A small deduction is appropriate because the response is more elaborate and slightly shifts from calling it simply a 'ferramenta muito importante' to a fuller technical definition.",1.0,"The actual output fully covers the essential expected idea that the matriz de proporções is an important tool to capture the spatial behavior of lithotypes. It explicitly describes it as a grade espacial with proportions/probabilities per cell and states that it 'captura o comportamento espacial das fácies', which aligns directly with the expected relation about spatial behavior. The extra details about CPVs, fácies sísmicas, and variogramas are not harmful.",0.8,"The response uses appropriate geological language such as ""litótipo"", ""fácies sísmicas"", ""reservatório"" and ""modelagem geoestatística"", which aligns well with the domain-focused criteria. It also captures the core expected idea that the matriz de proporções is important for representing or capturing the spatial behavior of lithotypes. However, it adds interpretations not supported by the expected output, especially the emphasis on each cell containing probabilities, the use of CPVs, and the claim that it complements variograms, which may be valid in some workflows but go beyond the target definition and introduce extra domain relations not required by the test case.",0.9,"The actual output is semantically well aligned with the expected idea that the matriz de proporções is an important tool to capture the spatial behavior of litotipos. It correctly describes a spatial grid with proportions/probabilities per cell and explicitly says it 'captura o comportamento espacial', which matches the key geological concept. It also stays within the domain of litotipos, fácies, and geoestatística without inverting relations. A small penalty is warranted because it adds details not present in the expected output, such as CPVs, fácies sísmicas, and variogramas, which may go beyond the concise target answer.",0.075,0.5454545454545454,0.1318681318681318,0.050632911392405,0.4,0.0898876404494382,0.0625,0.4545454545454545,0.1098901098901098,0.0,0.1621621621621621,
resultados/petrobras-5-mini-com-ontologia-embeddingfirst/batch_eaf69800-ceb2-448a-b8a7-c0f2507b03f7-completo.csv,graphrag,1309,O que é a matriz de proporções na construção de uma matriz de proporções de litotipos?,uma ferramenta muito importante para capturar o comportamento espacial dos litotipos,,"É uma matriz (grade) que representa, em cada célula do volume do reservatório, as proporções dos diferentes litotipos (arenitos, sedimentos finos, margas, etc.). É construída guiada por fácies sísmicas para distribuir as proporções conhecidas apenas nos poços (CPVs) pelo espaço, capturando o comportamento espacial dos litotipos e servindo como complemento aos variogramas na modelagem geoestatística.",0.8,"The score is 0.80 because the answer likely addressed what the matriz de proporções is in the context of litotipos, so it was mostly relevant to the question. It is not higher because it also brought in variograms and geoestatistical modeling context, which is unnecessary for explaining directly what the matriz de proporções is.",,Skipped: empty context.,,Skipped: empty context.,,Skipped: empty context.,1.0,"The actual output matches the expected meaning closely: it identifies the matriz de proporções as a grade used to represent and distribute lithotype proportions in space and explicitly says it captures the comportamento espacial dos litotipos, which is the key expected point. It adds extra details about células do reservatório, fácies sísmicas, poços (CPVs), and uso na modelagem geoestatística, but these do not contradict the expected output and are harmless elaborations.",1.0,"The actual output fully includes the essential idea from the expected output: it explicitly says the matriz de proporções captures the spatial behavior of lithotypes ('capturando o comportamento espacial dos litotipos'). It also stays aligned with the input about what the matrix is, adding relevant context such as representing proportions in each cell and use in geoestatistical modeling. There are no important omissions relative to the expected output.",0.9,"The response uses appropriate geological and reservoir-modeling terminology such as litotipos, fácies sísmicas, poços, variogramas, and modelagem geoestatística, which aligns well with the domain-specific input. It matches the expected idea that the matriz de proporções is a key tool to capture the comportamento espacial dos litotipos, and it adds coherent context about cell-based reservoir representation and spatial distribution from well control. A small limitation is that it goes beyond the expected concise definition and introduces details like 'CPVs' and 'complemento aos variogramas' that are not present in the expected output, though they are still semantically consistent rather than incorrect.",0.9,"The actual output is semantically well aligned with the expected idea that the matriz de proporções is an important tool to capture the spatial behavior of lithotypes. It correctly stays within the geological domain, describing proportions of litotipos in reservoir cells and their spatial distribution in geoestatistical modeling. A strength is that it preserves and expands the key concept from the expected output. A minor shortcoming is that it adds extra specifics like 'fácies sísmicas', 'poços (CPVs)', and use as a complement to variograms, which are not required by the expected answer and could go beyond the minimal definition asked.",0.1111111111111111,0.6363636363636364,0.1891891891891892,0.064516129032258,0.4,0.1111111111111111,0.1111111111111111,0.6363636363636364,0.1891891891891892,0.0,0.2121212121212121,
resultados/petrobras-5-mini-com-ontologia-embeddingfirst/batch_eaf69800-ceb2-448a-b8a7-c0f2507b03f7-completo.csv,rag,1320,Qual é a área da Bacia do Espírito Santo?,41.500 km2,,"A área explorável é de aproximadamente 41.500 km², dos quais cerca de 3.000 km² correspondem à porção terrestre.",1.0,"The score is 1.00 because the answer is fully relevant to the question about ""a área da Bacia do Espírito Santo"" and contains no irrelevant statements. Clear and directly on point.",,Skipped: empty context.,,Skipped: empty context.,,Skipped: empty context.,0.9,"The actual output matches the expected key fact that the Bacia do Espírito Santo has an area of 41.500 km². It adds extra context about the área explorável and the 3.000 km² terrestrial portion, which is not present in the expected output but does not contradict it. Under the evaluation steps, this should receive only a small or no penalty because the core value for the input is correct and there are no clear factual contradictions.",1.0,"The actual output fully covers the essential fact from the expected output: the area of the Bacia do Espírito Santo as approximately 41.500 km². It also adds extra detail about the porção terrestre (cerca de 3.000 km²), but this does not conflict with the expected answer. The key entity and value requested by the input are present and accurate, so concise alignment is strong.",1.0,"The response correctly identifies the geological entity asked about, a sedimentary basin area, and uses appropriate domain wording such as ""área explorável"" and ""porção terrestre"" without introducing incorrect lithologic, stratigraphic, facies, or reservoir concepts. It matches the expected value of 41.500 km² and adds a consistent subdivision detail (3.000 km² onshore) that does not conflict with the expected output. The terminology is semantically coherent and geologically appropriate for the input question about the Bacia do Espírito Santo.",0.9,"The actual output is semantically aligned with the expected answer because it gives the Bacia do Espírito Santo area as aproximadamente 41.500 km², matching the expected 41.500 km2. It also adds a relevant detail about the porção terrestre being cerca de 3.000 km², which does not contradict the expected geological information. A small penalty applies because it answers with 'área explorável' rather than simply the basin's area, introducing a slight specificity shift from the original question.",0.1,0.6666666666666666,0.1739130434782609,0.0526315789473684,0.5,0.0952380952380952,0.1,0.6666666666666666,0.1739130434782609,0.0,0.1999999999999999,
resultados/petrobras-5-mini-com-ontologia-embeddingfirst/batch_eaf69800-ceb2-448a-b8a7-c0f2507b03f7-completo.csv,graphrag,1320,Qual é a área da Bacia do Espírito Santo?,41.500 km2,,"Aproximadamente 41.500 km² de área explorável, dos quais cerca de 3.000 km² correspondem à porção terrestre.",1.0,"The score is 1.00 because the answer is fully relevant to the question about a área da Bacia do Espírito Santo, with no irrelevant statements. Great job staying precise and on topic.",,Skipped: empty context.,,Skipped: empty context.,,Skipped: empty context.,0.8,"The actual output matches the expected value for the área da Bacia do Espírito Santo by stating aproximadamente 41.500 km², which aligns with 41.500 km2. It adds extra detail about 'área explorável' and 'cerca de 3.000 km²' de porção terrestre that is not in the expected output, but this does not directly contradict the expected answer. The main content is correct, though the added qualification makes it slightly less exact than the expected concise output.",1.0,"The actual output correctly includes the essential fact requested by the input and expected output: the area of the Bacia do Espírito Santo as approximately 41.500 km². It also adds extra detail about the área explorável and the porção terrestre (3.000 km²), but this does not contradict the expected answer. Since the key entity, value, and unit from the expected output are fully covered, the response aligns strongly with the evaluation steps.",0.9,"The response matches the expected geological fact closely, giving the basin area as aproximadamente 41.500 km², which aligns with the expected 41.500 km2. It also adds a relevant domain-specific detail about 'área explorável' and the 3.000 km² terrestrial portion, using appropriate basin terminology without introducing geological misuse. A small penalty is warranted because the added qualifiers make it slightly less exact than the expected bare value and could narrow the interpretation from total basin area to explorable area.",0.9,"The actual output is semantically aligned with the expected answer by correctly giving the Bacia do Espírito Santo area as aproximadamente 41.500 km². It preserves the core geological quantity requested and adds a relevant detail about the porção terrestre (cerca de 3.000 km²) without changing the main meaning. A small penalty is warranted because it introduces 'área explorável' rather than simply stating the basin area, which could slightly narrow or reinterpret the expected concept.",0.1052631578947368,0.6666666666666666,0.1818181818181818,0.0555555555555555,0.5,0.0999999999999999,0.1052631578947368,0.6666666666666666,0.1818181818181818,0.0,0.2222222222222222,
resultados/petrobras-5-mini-com-ontologia-embeddingfirst/batch_eaf69800-ceb2-448a-b8a7-c0f2507b03f7-completo.csv,rag,1325,Qual é o limite leste da Bacia do Espírito Santo?,crosta continental/oceânica,,O limite leste coincide com o limite crosta continental/oceânica (com o Banco de Abrolhos situado a leste).,1.0,"The score is 1.00 because the answer is fully relevant to the question and contains no irrelevant statements. It directly addresses ""Qual é o limite leste da Bacia do Espírito Santo?"" clearly and appropriately—great job.",,Skipped: empty context.,,Skipped: empty context.,,Skipped: empty context.,1.0,"The actual output matches the expected answer's core content by stating that the eastern limit is the 'limite crosta continental/oceânica'. The added detail '(com o Banco de Abrolhos situado a leste)' does not contradict the expected output and is a harmless elaboration, so it should not be penalized under the evaluation steps.",1.0,"The actual output fully covers the essential expected element, identifying the limite leste as the ""limite crosta continental/oceânica"" for the Bacia do Espírito Santo. The extra detail about ""Banco de Abrolhos situado a leste"" is not contradictory and should not be penalized, since the core relation requested in the input is correctly present.",1.0,"The actual output correctly uses geological terminology by identifying the eastern limit as the ""limite crosta continental/oceânica,"" which matches the expected output exactly in substance. It preserves the correct basin-boundary relation for the Bacia do Espírito Santo and adds a coherent domain-relevant detail about the Banco de Abrolhos being to the east, without introducing misuse of lithologic, stratigraphic, or reservoir concepts.",1.0,"The actual output is semantically aligned with the expected answer: it identifies the limite leste da Bacia do Espírito Santo as the ""limite crosta continental/oceânica,"" which matches the expected geological entity exactly. The added detail about ""o Banco de Abrolhos situado a leste"" does not change the core relation or introduce concept confusion, inverted roles, or misuse of geological meaning.",0.2105263157894736,1.0,0.3478260869565217,0.1666666666666666,1.0,0.2857142857142857,0.2105263157894736,1.0,0.3478260869565217,0.0,0.2105263157894736,
resultados/petrobras-5-mini-com-ontologia-embeddingfirst/batch_eaf69800-ceb2-448a-b8a7-c0f2507b03f7-completo.csv,graphrag,1325,Qual é o limite leste da Bacia do Espírito Santo?,crosta continental/oceânica,,O limite leste coincide com o limite crosta continental/oceânica — a leste situa‑se o Banco de Abrolhos.,1.0,"The score is 1.00 because the answer is fully relevant to the question, directly addressing o limite leste da Bacia do Espírito Santo with no irrelevant information. Great job keeping the response focused and on-topic.",,Skipped: empty context.,,Skipped: empty context.,,Skipped: empty context.,0.9,"The actual output matches the expected core answer by stating that the eastern limit is the ""limite crosta continental/oceânica"". It also adds extra context (""a leste situa-se o Banco de Abrolhos""), which is not required by the expected output but does not contradict it. Because the main factual content aligns with the expected answer for the question about the limite leste da Bacia do Espírito Santo, only a small deduction is warranted for being less exact than the minimal expected form.",1.0,"The expected output requires identifying the eastern limit as ""crosta continental/oceânica"". The actual output explicitly includes ""o limite crosta continental/oceânica"" and correctly ties it to the limite leste da Bacia do Espírito Santo. Although it adds extra information about ""Banco de Abrolhos"", all essential content from the expected output is present, so the response aligns strongly with the evaluation steps.",1.0,"The actual output uses correct geological terminology, especially the boundary concept ""crosta continental/oceânica,"" which matches the expected output exactly for the limite leste da Bacia do Espírito Santo. It adds a coherent regional reference to the Banco de Abrolhos without introducing incorrect lithologic, stratigraphic, facies, or reservoir interpretations, so the response is precise and semantically aligned with the expected geological relation.",0.9,"The actual output is semantically aligned with the expected answer: it correctly identifies the limite leste da Bacia do Espírito Santo as the ""limite crosta continental/oceânica,"" which matches the expected geological boundary. It also preserves the correct entity and relation for the question. A small penalty applies because it adds extra information (""a leste situa-se o Banco de Abrolhos"") that is not required by the expected output, though it does not conflict with the core geological meaning.",0.2105263157894736,1.0,0.3478260869565217,0.1666666666666666,1.0,0.2857142857142857,0.2105263157894736,1.0,0.3478260869565217,0.0,0.2222222222222222,
resultados/petrobras-5-mini-com-ontologia-embeddingfirst/batch_eaf69800-ceb2-448a-b8a7-c0f2507b03f7-completo.csv,rag,1327,Qual é a largura da plataforma continental?,240 km na porção centro-norte,,A plataforma varia: em média ~40 km ao sul e chega a cerca de 240 km na porção centro‑norte.,1.0,"The score is 1.00 because the response stayed fully focused on answering ""Qual é a largura da plataforma continental?"" with no irrelevant statements, making it completely relevant and well-targeted.",,Skipped: empty context.,,Skipped: empty context.,,Skipped: empty context.,0.7,"The actual output includes the expected key fact, stating that the plataforma continental reaches cerca de 240 km na porção centro-norte, so it aligns on the main requested detail. However, it also adds extra information not present in the expected output ('em média ~40 km ao sul') and frames the answer as varying width rather than giving only the expected value, so it is not an exact match. There are no clear factual contradictions with the expected output.",0.8,"The actual output includes the key expected fact that the largura reaches about 240 km na porção centro-norte, which is the essential element in the expected output. However, it adds extra information about an average of ~40 km ao sul and frames the answer as variation, which is not required by the expected output. Since the core entity, value, and location are correctly covered, alignment is strong with only a minor mismatch in focus.",0.8,"The response uses correct geological terminology for the question, especially the concept of 'plataforma continental', and gives a semantically coherent description of width variation. It matches the expected key value '240 km na porção centro-norte', but adds extra information ('em média ~40 km ao sul') that is not present in the expected output. There is no misuse of geological concepts or stratigraphic/reservoir terms, but alignment is slightly reduced because the answer is broader than the expected specific width.",0.8,"The actual output is semantically aligned with the expected geological fact by correctly stating that the plataforma continental reaches about 240 km na porção centro-norte, which matches the expected answer. It also adds relevant context about regional variation and the ~40 km width ao sul, which is not incorrect. However, the question asks for the width and the expected output focuses specifically on the centro-norte value, so the extra range makes the response slightly less targeted than expected.",0.3181818181818182,1.0,0.4827586206896552,0.2857142857142857,1.0,0.4444444444444445,0.3181818181818182,1.0,0.4827586206896552,0.0,0.4166666666666667,
resultados/petrobras-5-mini-com-ontologia-embeddingfirst/batch_eaf69800-ceb2-448a-b8a7-c0f2507b03f7-completo.csv,graphrag,1327,Qual é a largura da plataforma continental?,240 km na porção centro-norte,,"A plataforma tem cerca de 40 km de largura no sul, ampliando-se para aproximadamente 240 km na porção centro-norte.",1.0,"The score is 1.00 because the response appears fully relevant to the question ""Qual é a largura da plataforma continental?"" with no irrelevant statements, so it directly addresses the input clearly and appropriately.",,Skipped: empty context.,,Skipped: empty context.,,Skipped: empty context.,0.8,"The actual output includes the expected detail that the plataforma continental reaches 240 km ""na porção centro-norte"", so it aligns on the key expected fact. However, it adds extra information not present in the expected output — ""cerca de 40 km de largura no sul"" — which makes the response broader than required. This addition is not a contradiction, so it should be penalized only lightly under the guideline against penalizing harmless wording differences.",1.0,"The actual output fully includes the essential fact from the expected output: ""240 km na porção centro-norte"" as the width of the plataforma continental. It also adds compatible context about ""40 km de largura no sul,"" which does not conflict with the expected answer. Since all key information from the expected output is present, it aligns strongly with the evaluation steps.",0.8,"The response uses appropriate geological terminology for the question, correctly referring to the 'plataforma continental' and giving widths in km. It includes the key expected detail, '240 km na porção centro-norte', matching the main geological fact. However, it adds an extra value, '40 km de largura no sul', which is not present in the expected output, so alignment is not exact even though the language remains domain-appropriate and semantically coherent.",0.9,"The actual output is semantically aligned with the expected geological content because it includes the key width value and location, ""240 km na porção centro-norte"", matching the expected answer. It also remains within the correct concept of largura da plataforma continental. A small penalty is appropriate because it adds extra information not present in the expected output (""cerca de 40 km de largura no sul""), which makes it less strictly aligned to the target concise answer.",0.3181818181818182,1.0,0.4827586206896552,0.2857142857142857,1.0,0.4444444444444445,0.3181818181818182,1.0,0.4827586206896552,0.0,0.4166666666666667,
resultados/petrobras-5-mini-com-ontologia-embeddingfirst/batch_eaf69800-ceb2-448a-b8a7-c0f2507b03f7-completo.csv,rag,1333,A que se refere a fronteira leste da Bacia do Espírito Santo?,crosta continental/oceânica,,"Refere-se ao limite entre a crosta continental e a crosta oceânica — ou seja, o limite continental/oceânico.",1.0,"The score is 1.00 because the answer is fully relevant to the question, directly addressing what 'a fronteira leste da Bacia do Espírito Santo' refers to, with no irrelevant statements. Great job staying precise and on topic.",,Skipped: empty context.,,Skipped: empty context.,,Skipped: empty context.,1.0,"The actual output matches the expected meaning for the input about the fronteira leste da Bacia do Espírito Santo: it identifies the boundary as the limite entre a crosta continental e a crosta oceânica, which corresponds directly to the expected 'crosta continental/oceânica'. There are no factual contradictions or mistakes; the only difference is added explanatory wording, which is harmless stylistic expansion.",1.0,"The actual output fully captures the essential expected element: it identifies the fronteira leste da Bacia do Espírito Santo as the limite entre a crosta continental e a crosta oceânica, which matches ""crosta continental/oceânica"". It includes the key relation and entities from the expected output, and the extra wording is explanatory rather than incorrect.",1.0,"The response matches the expected geological concept exactly: it identifies the eastern boundary of the Bacia do Espírito Santo as the limite entre a crosta continental e a crosta oceânica, which is semantically equivalent to the expected 'crosta continental/oceânica'. It uses correct geological terminology, preserves the intended boundary relation, and introduces no misuse of stratigraphic, lithologic, facies, or reservoir concepts.",1.0,"The actual output is semantically aligned with the expected output: it identifies the fronteira leste da Bacia do Espírito Santo as the boundary between crosta continental and crosta oceânica, explicitly restating it as the limite continental/oceânico. This preserves the intended geological concept, entities, and relation from the expected 'crosta continental/oceânica' without introducing confusion, inversion, or domain misuse.",0.2,1.0,0.3333333333333333,0.1578947368421052,1.0,0.2727272727272727,0.2,1.0,0.3333333333333333,0.0,0.1111111111111111,
resultados/petrobras-5-mini-com-ontologia-embeddingfirst/batch_eaf69800-ceb2-448a-b8a7-c0f2507b03f7-completo.csv,graphrag,1333,A que se refere a fronteira leste da Bacia do Espírito Santo?,crosta continental/oceânica,,Refere-se ao limite crosta continental–crosta oceânica (limite continental/oceânico).,1.0,"The score is 1.00 because the answer is fully relevant to the question, directly addressing what the eastern boundary of the Bacia do Espírito Santo refers to, with no irrelevant statements. Great job staying precise and on topic.",,Skipped: empty context.,,Skipped: empty context.,,Skipped: empty context.,1.0,"The actual output matches the expected meaning for the input about the fronteira leste da Bacia do Espírito Santo: both identify the boundary as the transition between crosta continental and crosta oceânica. The added phrasing ""Refere-se ao limite"" and the parenthetical ""limite continental/oceânico"" are harmless stylistic expansions, not factual contradictions or mistakes.",1.0,"The actual output fully captures the essential expected content: it identifies the fronteira leste da Bacia do Espírito Santo as the limite entre crosta continental e crosta oceânica, which matches ""crosta continental/oceânica"". The added phrasing is concise and accurate, with no important omissions relative to the expected output.",1.0,"The actual output matches the expected geological concept precisely: it identifies the fronteira leste da Bacia do Espírito Santo as the limite crosta continental–crosta oceânica, which is semantically equivalent to the expected 'crosta continental/oceânica'. It uses correct domain terminology, preserves the intended geological relation, and adds only a clarifying parenthetical without introducing any misuse of stratigraphic, lithologic, or reservoir concepts.",1.0,"The actual output is semantically aligned with the expected geological concept for the eastern boundary of the Bacia do Espírito Santo: it identifies the limite crosta continental–crosta oceânica, which matches ""crosta continental/oceânica."" It preserves the correct entities and relation from the input question, with no concept inversion or domain misuse. The added phrasing is concise and does not alter the intended geological meaning.",0.3076923076923077,1.0,0.4705882352941176,0.25,1.0,0.4,0.3076923076923077,1.0,0.4705882352941176,0.0,0.2,
resultados/petrobras-5-mini-com-ontologia-embeddingfirst/batch_eaf69800-ceb2-448a-b8a7-c0f2507b03f7-completo.csv,rag,1338,Quantos quilômetros de área a Bacia do Espírito Santo tem a ver com a bacia terrestre?,3.000,,3.000 km².,1.0,"The score is 1.00 because the response stayed fully focused on the question about the relação entre a Bacia do Espírito Santo e a bacia terrestre, with no irrelevant statements. It directly addressed the input well, so this is a strong and fully relevant answer.",,Skipped: empty context.,,Skipped: empty context.,,Skipped: empty context.,0.8,"The actual output preserves the expected numeric value, matching ""3.000"" from the test case, so the core meaning is correct. However, it adds the unit ""km²"", which is not present in the expected output and changes the format slightly. There is no clear factual contradiction, but it is not an exact match to the expected output.",1.0,"The expected output contains a single essential fact: the value ""3.000"". The actual output preserves this core information exactly and only adds the unit ""km²,"" which is consistent with the question about area. There are no missing entities or relations, so it fully covers the required content.",0.8,"The actual output matches the expected value semantically by providing '3.000' with an added unit, 'km²', which is appropriate geological/areal terminology for a question about basin area. It does not introduce incorrect geological entities, stratigraphic terms, or reservoir concepts, and remains coherent with the input about the Bacia do Espírito Santo and the bacia terrestre. A small deduction is warranted because the expected output is strictly '3.000', so the added unit makes it not an exact match.",1.0,"The actual output is semantically aligned with the expected answer because it preserves the key value from the test case, returning ""3.000"" as expected. The added unit ""km²"" is consistent with the input asking ""Quantos quilômetros de área"" and does not introduce geological concept confusion, wrong entities, or relation errors. The response is concise and still preserves the intended meaning about the area associated with the Bacia do Espírito Santo terrestre context.",0.6666666666666666,1.0,0.8,0.5,1.0,0.6666666666666666,0.6666666666666666,1.0,0.8,0.0,0.6666666666666666,
resultados/petrobras-5-mini-com-ontologia-embeddingfirst/batch_eaf69800-ceb2-448a-b8a7-c0f2507b03f7-completo.csv,graphrag,1338,Quantos quilômetros de área a Bacia do Espírito Santo tem a ver com a bacia terrestre?,3.000,,A porção terrestre é de aproximadamente 3.000 km².,1.0,"The score is 1.00 because the answer appears fully relevant to the question, with no irrelevant statements identified. Great job staying focused on the requested topic.",,Skipped: empty context.,,Skipped: empty context.,,Skipped: empty context.,1.0,"The actual output matches the expected value for the input about the área da porção terrestre da Bacia do Espírito Santo: it gives 'aproximadamente 3.000 km²', which aligns with the expected '3.000'. There is no factual contradiction, and the added unit and wording are harmless stylistic differences under the evaluation steps.",0.8,"The expected output contains the essential fact that the answer should be the value ""3.000"" for the área da bacia terrestre. The actual output correctly includes this key information and matches the test case detail about the porção terrestre being approximately 3.000 km². It adds extra wording and the unit ""km²,"" which is acceptable, but it also introduces ""aproximadamente,"" making it slightly less exact than the expected output.",1.0,"The actual output aligns with the expected value by correctly identifying the área da porção terrestre da Bacia do Espírito Santo as aproximadamente 3.000 km², which matches the expected '3.000'. It uses appropriate geological/basin terminology ('porção terrestre', 'Bacia do Espírito Santo') and introduces no incorrect lithologic, stratigraphic, facies, or reservoir concepts.",1.0,"The actual output is semantically aligned with the expected output because it correctly identifies the relevant geological quantity for the Bacia do Espírito Santo's porção terrestre as approximately 3.000 km². It preserves the intended concept and relation from the input about the terrestrial basin area, with no confusion of entities, classes, or domain meaning; the only difference is added unit/context, which remains consistent with the expected value '3.000'.",0.2222222222222222,1.0,0.3636363636363636,0.125,1.0,0.2222222222222222,0.2222222222222222,1.0,0.3636363636363636,0.0,0.2222222222222222,
resultados/petrobras-5-mini-com-ontologia-embeddingfirst/batch_eaf69800-ceb2-448a-b8a7-c0f2507b03f7-completo.csv,rag,1339,O que evidencia a fisiografia do Banco de Abrolhos?,alargamento da plataforma continental,,Evidencia o alargamento da plataforma continental — de cerca de 40 km ao sul até aproximadamente 240 km na porção centro‑norte.,1.0,"The score is 1.00 because the answer stays fully focused on what evidences the fisiografia do Banco de Abrolhos, with no irrelevant statements. It directly addresses the input clearly and appropriately—great job.",,Skipped: empty context.,,Skipped: empty context.,,Skipped: empty context.,1.0,"The actual output matches the expected meaning for the input about a fisiografia do Banco de Abrolhos: it correctly identifies the ""alargamento da plataforma continental"". The added detail about increasing from cerca de 40 km ao sul to aproximadamente 240 km na porção centro-norte is consistent and does not contradict the expected output, so it should not be penalized as it is only a harmless elaboration.",1.0,"The expected output requires the key fact ""alargamento da plataforma continental"" as the evidence of the fisiografia do Banco de Abrolhos. The actual output includes this essential element directly and adds consistent detail about the widening from about 40 km to 240 km, which does not conflict with the expected answer. It fully covers the core entity and relation requested in the test case.",1.0,"The response aligns strongly with the expected geological interpretation: it correctly identifies the key physiographic evidence as the ""alargamento da plataforma continental,"" which matches the expected output exactly in concept. It uses appropriate geological terminology such as ""plataforma continental"" and adds coherent quantitative detail (40 km to 240 km) without introducing incorrect lithologic, stratigraphic, facies, or reservoir concepts. The only minor limitation is that it is more elaborated than the minimal expected phrasing, but semantically it remains precise and domain-appropriate.",1.0,"The actual output is semantically well aligned with the expected output because it identifies the same geological feature, “alargamento da plataforma continental,” as what evidencia a fisiografia do Banco de Abrolhos. It remains consistent with the geological concept and relation asked in the input, and the added detail about widening from about 40 km to 240 km is compatible elaboration rather than concept confusion. The response is concise while preserving the intended meaning.",0.1818181818181818,1.0,0.3076923076923077,0.1428571428571428,1.0,0.25,0.1818181818181818,1.0,0.3076923076923077,0.0,0.3333333333333333,
resultados/petrobras-5-mini-com-ontologia-embeddingfirst/batch_eaf69800-ceb2-448a-b8a7-c0f2507b03f7-completo.csv,graphrag,1339,O que evidencia a fisiografia do Banco de Abrolhos?,alargamento da plataforma continental,,Evidencia o alargamento da plataforma continental — de cerca de 40 km de largura ao sul até aproximadamente 240 km na porção centro‑norte.,1.0,"The score is 1.00 because the answer stays fully focused on what evidencia a fisiografia do Banco de Abrolhos, with no irrelevant statements; it is complete, directly on-topic, and clearly addresses the input.",,Skipped: empty context.,,Skipped: empty context.,,Skipped: empty context.,1.0,"The actual output matches the expected meaning for the input about the fisiografia do Banco de Abrolhos: it correctly identifies the ""alargamento da plataforma continental."" The added detail about widening from about 40 km to 240 km is consistent with that idea and does not contradict the expected output, so the difference is only stylistic/detail expansion rather than a factual error.",1.0,"The actual output fully captures the essential expected content: it states that the fisiografia do Banco de Abrolhos evidencia o ""alargamento da plataforma continental,"" which is the key fact required. The added detail about widening from cerca de 40 km to aproximadamente 240 km is consistent with the input and does not introduce error. Since all core information from the expected output is present, concise extra elaboration should not be penalized.",1.0,"The response matches the expected geological interpretation exactly: it identifies the fisiografia do Banco de Abrolhos as the ""alargamento da plataforma continental"" and adds coherent quantitative detail about the platform widening from ~40 km in the south to ~240 km in the centro-norte. It uses appropriate geological terminology such as ""plataforma continental"" and does not introduce incorrect lithologic, stratigraphic, facies, or reservoir concepts.",1.0,"The response is strongly aligned with the expected geological concept: it identifies that the fisiografia do Banco de Abrolhos evidencia o alargamento da plataforma continental, which matches the expected output semantically. It also preserves the correct domain meaning and relation for the input question. The added detail about the width varying from cerca de 40 km ao sul até aproximadamente 240 km na porção centro-norte is consistent elaboration, not concept confusion.",0.1666666666666666,1.0,0.2857142857142857,0.1304347826086956,1.0,0.2307692307692307,0.1666666666666666,1.0,0.2857142857142857,0.0,0.3076923076923077,
resultados/petrobras-5-mini-com-ontologia-embeddingfirst/batch_eaf69800-ceb2-448a-b8a7-c0f2507b03f7-completo.csv,rag,1346,O que atribui à bacia uma fisiografia particular?,"A existência do Banco de Abrolhos,",,"A existência do Banco de Abrolhos a leste, que provoca um alargamento da plataforma continental.",1.0,"The score is 1.00 because the response appears fully focused on what was asked about the bacia’s fisiografia, with no irrelevant statements noted. Great job keeping it directly relevant and on topic.",,Skipped: empty context.,,Skipped: empty context.,,Skipped: empty context.,0.9,"The actual output matches the expected core answer for the input 'O que atribui à bacia uma fisiografia particular?' by correctly identifying 'A existência do Banco de Abrolhos'. It adds extra detail — 'a leste, que provoca um alargamento da plataforma continental' — which is consistent with the expected idea and does not introduce a contradiction. Because the main expected content is present and factually aligned, only a small deduction is warranted for going beyond the exact expected wording.",1.0,"The actual output fully covers the essential fact from the expected output: that the bacia's particular fisiografia is attributed to ""a existência do Banco de Abrolhos"". The added detail ""a leste, que provoca um alargamento da plataforma continental"" is consistent with the input and does not omit any required element.",1.0,"The actual output aligns very well with the expected geological content: it correctly identifies the key entity, ""Banco de Abrolhos"", as what gives the basin its particular physiography. It also uses appropriate domain language such as ""plataforma continental"" and adds a coherent geological relation, ""a leste"" and ""provoca um alargamento da plataforma continental"", which is semantically consistent with basin physiography. There is no misuse of lithologic, stratigraphic, facies, or reservoir terminology, and the response remains precise and geologically appropriate for the input question.",1.0,"The actual output is semantically aligned with the expected output: it correctly identifies ""a existência do Banco de Abrolhos"" as what gives the basin its particular physiography. The added detail ""a leste, que provoca um alargamento da plataforma continental"" remains geologically consistent and does not introduce concept confusion, wrong entities, or inverted relations. Although more specific than expected, it preserves the intended geological meaning for the given input.",0.4375,1.0,0.6086956521739131,0.4,1.0,0.5714285714285715,0.4375,1.0,0.6086956521739131,0.0,0.5714285714285715,
resultados/petrobras-5-mini-com-ontologia-embeddingfirst/batch_eaf69800-ceb2-448a-b8a7-c0f2507b03f7-completo.csv,graphrag,1346,O que atribui à bacia uma fisiografia particular?,"A existência do Banco de Abrolhos,",,A presença do Banco de Abrolhos.,1.0,"The score is 1.00 because the response is fully relevant to the question, directly addressing what gives the basin a particular physiography with no irrelevant statements. Great job staying precise and on topic.",,Skipped: empty context.,,Skipped: empty context.,,Skipped: empty context.,1.0,"The actual output matches the expected meaning exactly for the input asking what gives the basin a particular physiography. It correctly identifies ""Banco de Abrolhos,"" with only a harmless wording difference between ""presença"" and ""existência"" and minor punctuation variation. There are no factual contradictions or mistakes relative to the expected output.",1.0,"The actual output captures the essential fact from the expected output: that the basin's particular physiography is attributed to the Banco de Abrolhos. The wording is slightly different ('presença' vs. 'existência') but preserves the same entity and relation, with no important omission.",1.0,"The actual output matches the expected geological interpretation almost exactly, identifying the key physiographic control as o Banco de Abrolhos. It uses appropriate domain terminology for the input about bacia physiography, with no misuse of geological concepts, stratigraphic terms, or reservoir notions. The only difference is a minor wording variation ('presença' vs. 'existência'), which does not affect semantic correctness.",1.0,"The actual output is semantically equivalent to the expected output for the question about what gives the basin a particular physiography. It correctly identifies the same geological entity, ""Banco de Abrolhos,"" and preserves the intended relation of attribution/causation. The wording differs slightly (""presença"" vs. ""existência""), but there is no concept confusion, role inversion, or domain misuse, and the concise response fully retains the expected geological meaning.",0.7142857142857143,0.7142857142857143,0.7142857142857143,0.5,0.5,0.5,0.7142857142857143,0.7142857142857143,0.7142857142857143,0.0,0.8333333333333334,
resultados/petrobras-5-mini-com-ontologia-embeddingfirst/batch_eaf69800-ceb2-448a-b8a7-c0f2507b03f7-completo.csv,rag,1349,O que este trabalho enfatiza em relação à Bacia do Espírito Santo?,a cronoestratigrafia,,Enfatiza a cronoestratigrafia da Bacia do Espírito Santo.,1.0,"The score is 1.00 because the answer is fully relevant to the question about what the work emphasizes in relation to the Bacia do Espírito Santo, with no irrelevant statements. Great job staying focused and directly on topic.",,Skipped: empty context.,,Skipped: empty context.,,Skipped: empty context.,1.0,"The actual output matches the expected meaning for the input about what the work emphasizes regarding the Bacia do Espírito Santo: it correctly identifies ""a cronoestratigrafia"" and only adds the context ""da Bacia do Espírito Santo,"" which is already present in the question. There are no factual contradictions or mistakes, and the extra wording is a harmless stylistic difference.",1.0,"The expected output requires identifying only the key concept ""a cronoestratigrafia"" in response to what the work emphasizes about the Bacia do Espírito Santo. The actual output correctly includes this essential element and keeps the relation to ""Bacia do Espírito Santo"" consistent with the input. Although it is slightly more verbose than the expected output, it does not omit any important information.",1.0,"The actual output matches the expected geological concept exactly by identifying 'a cronoestratigrafia' and uses domain-appropriate stratigraphic terminology correctly. Adding 'da Bacia do Espírito Santo' is consistent with the input context and does not introduce any geological error, misuse of concepts, or incorrect relations.",1.0,"The actual output matches the expected geological concept exactly: it identifies 'a cronoestratigrafia' as what the work emphasizes. The added phrase 'da Bacia do Espírito Santo' is consistent with the input context and does not alter the semantic meaning. There is no concept confusion, relation inversion, or misuse of domain-specific terminology.",0.2222222222222222,1.0,0.3636363636363636,0.125,1.0,0.2222222222222222,0.2222222222222222,1.0,0.3636363636363636,0.0,0.4,
resultados/petrobras-5-mini-com-ontologia-embeddingfirst/batch_eaf69800-ceb2-448a-b8a7-c0f2507b03f7-completo.csv,graphrag,1349,O que este trabalho enfatiza em relação à Bacia do Espírito Santo?,a cronoestratigrafia,,Enfatiza a cronoestratigrafia da Bacia do Espírito Santo.,1.0,"The score is 1.00 because the answer is fully relevant to the question about o que o trabalho enfatiza em relação à Bacia do Espírito Santo, with no irrelevant statements and a clear focus on the requested point—great job.",,Skipped: empty context.,,Skipped: empty context.,,Skipped: empty context.,1.0,"The actual output matches the expected meaning from the input: it identifies ""a cronoestratigrafia"" as what the work emphasizes regarding the Bacia do Espírito Santo. The added phrase ""da Bacia do Espírito Santo"" is consistent with the question context and does not introduce any factual contradiction, so only a minimal deduction, if any, is warranted for extra wording beyond the expected output.",1.0,"The expected output requires identifying only the key concept ""a cronoestratigrafia"" in response to what the work emphasizes about the Bacia do Espírito Santo. The actual output correctly includes this essential element and preserves the relevant relation to the test case by stating ""Enfatiza a cronoestratigrafia da Bacia do Espírito Santo."" It is slightly more verbose than expected, but no important information is missing.",1.0,"The actual output correctly uses the geological term ""cronoestratigrafia"" and matches the expected concept exactly. It adds the context ""da Bacia do Espírito Santo,"" which is consistent with the input question and does not introduce any incorrect geological entity, relation, or interpretation. The response is precise, domain-appropriate, and semantically coherent.",1.0,"The actual output semantically matches the expected output by identifying ""a cronoestratigrafia"" as what the work emphasizes. It preserves the core geological concept from the test case and only adds the contextual phrase ""da Bacia do Espírito Santo,"" which is consistent with the input question rather than a semantic error. There is no concept confusion, relation inversion, or misuse of geological terminology.",0.2222222222222222,1.0,0.3636363636363636,0.125,1.0,0.2222222222222222,0.2222222222222222,1.0,0.3636363636363636,0.0,0.4,
resultados/petrobras-5-mini-com-ontologia-embeddingfirst/batch_eaf69800-ceb2-448a-b8a7-c0f2507b03f7-completo.csv,rag,1352,Onde a Bacia do Espírito Santo está situada?,no Estado do Espírito Santo,,No Estado do Espírito Santo — limitada ao sul pela Bacia de Campos (pelo Alto de Vitória) e ao norte pela Bacia de Mucuri.,1.0,"The score is 1.00 because the answer is fully relevant to the question ""Onde a Bacia do Espírito Santo está situada?"" and contains no irrelevant statements. Great job staying completely on topic.",,Skipped: empty context.,,Skipped: empty context.,,Skipped: empty context.,0.9,"The actual output matches the expected location information for the input by stating that the Bacia do Espírito Santo is in the Estado do Espírito Santo. The added details about southern and northern limits (Bacia de Campos, Alto de Vitória, and Bacia de Mucuri) are not contradicted by the expected output and are harmless elaborations, so only a small penalty is warranted, if any, for being more verbose than necessary.",1.0,"The expected output only requires the location fact, 'no Estado do Espírito Santo'. The actual output includes that exact essential information and adds boundary details about the Bacia de Campos, Alto de Vitória, and Bacia de Mucuri, which do not contradict the expected answer. Since all key content from the test case is covered, the response aligns strongly.",0.9,"The response correctly answers the location as being in the Estado do Espírito Santo, matching the expected output. It also uses appropriate basin and structural terminology by adding geologically coherent boundary details with the Bacia de Campos, Alto de Vitória, and Bacia de Mucuri. The extra information goes beyond the expected minimal answer, but it remains accurate, domain-appropriate, and does not misuse geological concepts or relations.",1.0,"The actual output matches the expected answer semantically by stating that a Bacia do Espírito Santo está situada no Estado do Espírito Santo. The added details about boundaries with a Bacia de Campos, Alto de Vitória, and Bacia de Mucuri remain geologically consistent and do not introduce concept confusion, inverted relations, or misuse of domain-specific terms. Although more specific than the expected output, it preserves the intended geological meaning for the input question.",0.24,1.0,0.3870967741935484,0.2083333333333333,1.0,0.3448275862068966,0.24,1.0,0.3870967741935484,0.0,0.3571428571428571,
resultados/petrobras-5-mini-com-ontologia-embeddingfirst/batch_eaf69800-ceb2-448a-b8a7-c0f2507b03f7-completo.csv,graphrag,1352,Onde a Bacia do Espírito Santo está situada?,no Estado do Espírito Santo,,"A Bacia do Espírito Santo está situada no Estado do Espírito Santo, Brasil.",1.0,"The score is 1.00 because the answer is fully relevant to the question 'Onde a Bacia do Espírito Santo está situada?', with no irrelevant statements and a clear, direct response—great job staying on topic.",,Skipped: empty context.,,Skipped: empty context.,,Skipped: empty context.,1.0,The actual output matches the expected location information for the input about onde a Bacia do Espírito Santo está situada: it correctly states 'no Estado do Espírito Santo'. The added detail 'Brasil' is a harmless wording expansion and does not introduce any factual contradiction or mistake.,1.0,"The actual output captures the essential location relation from the expected output: it states that the Bacia do Espírito Santo is situated no Estado do Espírito Santo. The added detail ""Brasil"" is not contradictory and should not be penalized, since all key facts from the expected output are present for the input asking where it is located.",0.9,"The response matches the expected location relation accurately: it states that the Bacia do Espírito Santo is situated in the Estado do Espírito Santo, which is the key entity and spatial relation required by the test case. It uses appropriate geological naming for the basin and does not misuse stratigraphic, lithologic, facies, or reservoir concepts. The only minor deviation is the added geographic qualifier ""Brasil,"" which is correct but not present in the expected output.",1.0,"The actual output is semantically aligned with the expected output: it correctly states that a Bacia do Espírito Santo está situada no Estado do Espírito Santo. It preserves the key geological entity and location relation asked in the input, without introducing concept confusion or role inversion. The added detail 'Brasil' is acceptable and does not alter the intended meaning.",0.4,1.0,0.5714285714285715,0.3571428571428571,1.0,0.5263157894736842,0.4,1.0,0.5714285714285715,0.0,0.5555555555555556,
resultados/petrobras-5-mini-com-ontologia-embeddingfirst/batch_eaf69800-ceb2-448a-b8a7-c0f2507b03f7-completo.csv,rag,1353,Quais são os limites da Bacia do Espírito Santo?,"a sul com a Bacia de Campos, através do Alto de Vitória, e a norte com a Bacia de Mucuri",,"A Bacia do Espírito Santo situa‑se no Estado do Espírito Santo; é limitada ao sul pela Bacia de Campos (via Alto de Vitória), ao norte pela Bacia de Mucuri e, a leste, pelo limite crosta continental/oceânica.",1.0,"The score is 1.00 because the answer is fully relevant to the question about os limites da Bacia do Espírito Santo, with no irrelevant statements. Great job staying completely on topic and directly addressing the input.",,Skipped: empty context.,,Skipped: empty context.,,Skipped: empty context.,0.9,"The actual output matches the expected limits for the Bacia do Espírito Santo: it states the southern boundary with the Bacia de Campos via the Alto de Vitória and the northern boundary with the Bacia de Mucuri, which are the key details requested by the input. It adds extra information ('situa-se no Estado do Espírito Santo' and the eastern limit by the continental/oceanic crust boundary) that is not in the expected output, but these additions do not contradict it. There are no clear factual contradictions, so only a small penalty is warranted for including unnecessary details beyond the expected answer.",0.9,"The actual output captures all essential limits from the expected output: south with the Bacia de Campos via Alto de Vitória and north with the Bacia de Mucuri. It also correctly ties the answer to the Bacia do Espírito Santo from the input. The only minor issue is added information not present in the expected output, such as the location in the Estado do Espírito Santo and the eastern limit by the continental/oceanic crust boundary, but there are no important omissions.",1.0,"The response aligns strongly with the expected basin-boundary interpretation and uses appropriate geological terminology, including 'Bacia', 'Alto de Vitória' and the continental/oceanic crust limit. It correctly identifies the southern boundary with the Bacia de Campos via the Alto de Vitória and the northern boundary with the Bacia de Mucuri, matching the expected output. The added eastern limit is geologically coherent and does not introduce misuse of stratigraphic, lithologic, or reservoir concepts.",0.9,"The actual output is semantically well aligned with the expected geological limits: it correctly states that the Bacia do Espírito Santo is bounded to the south by the Bacia de Campos via the Alto de Vitória and to the north by the Bacia de Mucuri. It preserves the key entities, directions, and relation structure requested in the input. A small deduction is warranted because it adds extra information not present in the expected output ('no Estado do Espírito Santo' and the eastern limit by the continental/oceanic crust boundary), though this does not introduce geological confusion.",0.3902439024390244,0.7272727272727273,0.5079365079365079,0.225,0.4285714285714285,0.2950819672131147,0.3170731707317073,0.5909090909090909,0.4126984126984127,0.0,0.5357142857142857,
resultados/petrobras-5-mini-com-ontologia-embeddingfirst/batch_eaf69800-ceb2-448a-b8a7-c0f2507b03f7-completo.csv,graphrag,1353,Quais são os limites da Bacia do Espírito Santo?,"a sul com a Bacia de Campos, através do Alto de Vitória, e a norte com a Bacia de Mucuri",,"A Bacia do Espírito Santo situa‑se no Estado do Espírito Santo e é limitada: - ao norte pela Bacia de Mucuri; - ao sul pela Bacia de Campos, separada pelo Alto de Vitória; - a leste pela fronteira crosta continental/oceânica (com influência do Banco de Abrolhos).",1.0,"The score is 1.00 because the answer is fully relevant to the question about os limites da Bacia do Espírito Santo, with no irrelevant statements. Great job staying completely on topic.",,Skipped: empty context.,,Skipped: empty context.,,Skipped: empty context.,0.9,"The actual output matches the expected limits for the Bacia do Espírito Santo: it correctly states a norte pela Bacia de Mucuri and a sul pela Bacia de Campos através/separada pelo Alto de Vitória, which are the key details requested. It adds an extra eastern limit about the fronteira crosta continental/oceânica and Banco de Abrolhos that is not in the expected output, but this is not a contradiction and is a harmless addition rather than a factual mistake.",0.9,"The response covers all essential limits from the expected output: a norte com a Bacia de Mucuri and a sul com a Bacia de Campos, including the relation 'separada pelo Alto de Vitória', which matches 'através do Alto de Vitória'. It also correctly identifies the entity as the Bacia do Espírito Santo. A small deduction is appropriate because it adds extra information not present in the expected output ('a leste pela fronteira crosta continental/oceânica' and location in the Estado do Espírito Santo), though these additions do not contradict the expected answer.",0.9,"The actual output uses appropriate geological terminology for basin limits, correctly identifying the Bacia de Mucuri to the north and the Bacia de Campos to the south, with the Alto de Vitória as the separating structural high, which matches the expected output well. It is semantically coherent and domain-appropriate for the question about the limites da Bacia do Espírito Santo. A small penalty is warranted because it adds an eastern limit based on the crosta continental/oceânica and Banco de Abrolhos, which is not present in the expected output and slightly exceeds the requested comparison.",0.9,"The actual output is semantically well aligned with the expected geological limits: it correctly states that the Bacia do Espírito Santo is bounded to the south by the Bacia de Campos via the Alto de Vitória and to the north by the Bacia de Mucuri. It preserves the key entities, directions, and relation structure required by the test case. A small deduction is appropriate because it adds extra information not present in the expected output, such as location in the Estado do Espírito Santo and an eastern limit at the crosta continental/oceânica with Banco de Abrolhos, which is unnecessary for the expected answer.",0.3469387755102041,0.7727272727272727,0.4788732394366197,0.1666666666666666,0.3809523809523809,0.2318840579710145,0.2448979591836734,0.5454545454545454,0.3380281690140845,0.0,0.5079365079365079,
resultados/petrobras-5-mini-com-ontologia-embeddingfirst/batch_eaf69800-ceb2-448a-b8a7-c0f2507b03f7-completo.csv,rag,1390,O que poderia ser considerado compatível com a cinemática definida pelos outros elementos estruturais?,a condição de obliqüidade constante,,A hipótese c — a condição de obliquidade constante em toda a área.,1.0,"The score is 1.00 because the answer appears fully focused on what was asked about compatibilidade com a cinemática definida pelos outros elementos estruturais, with no irrelevant statements identified. Great job staying precise and on-topic.",,Skipped: empty context.,,Skipped: empty context.,,Skipped: empty context.,0.9,"The actual output matches the expected meaning from the test case: it identifies “a condição de obliquidade constante,” which is exactly the expected content for what is compatível com a cinemática definida pelos outros elementos estruturais. The added wording “A hipótese c” and “em toda a área” is extra detail not contradicted by the expected output, so it should not be penalized as a factual error.",1.0,"The actual output correctly identifies the essential expected element, namely ""a condição de obliqüidade constante,"" and adds only a harmless reference to ""hipótese c"" and ""em toda a área."" It fully answers the input question about what is compatible with the kinematics defined by the other structural elements, with no important omissions.",1.0,"The actual output matches the expected geological interpretation closely by identifying ""a condição de obliquidade constante"" as the compatible option with the cinemática defined by other structural elements. It uses appropriate structural-geology terminology such as ""cinemática"" and ""obliquidade constante"" and adds only a minor label (""A hipótese c"") plus ""em toda a área,"" which does not distort the meaning. There is no misuse of geological concepts, relations, or stratigraphic/reservoir terms.",1.0,"The actual output is semantically aligned with the expected output for the given Input, identifying exactly that what is compatível com a cinemática definida pelos outros elementos estruturais is ""a condição de obliquidade constante"". The added wording ""A hipótese c"" and ""em toda a área"" does not change the core geological concept, entity, or relation, and there is no concept confusion, inversion, or misuse of domain-specific meaning.",0.3571428571428571,0.7142857142857143,0.4761904761904762,0.2307692307692307,0.5,0.3157894736842105,0.3571428571428571,0.7142857142857143,0.4761904761904762,0.0,0.4705882352941176,
resultados/petrobras-5-mini-com-ontologia-embeddingfirst/batch_eaf69800-ceb2-448a-b8a7-c0f2507b03f7-completo.csv,graphrag,1390,O que poderia ser considerado compatível com a cinemática definida pelos outros elementos estruturais?,a condição de obliqüidade constante,,"A hipótese c — isto é, obliquidade constante em toda a área.",1.0,The score is 1.00 because the response appears fully focused on what the input asks about—o que seria compatível com a cinemática definida pelos outros elementos estruturais—without introducing irrelevant statements. Great job staying directly on topic.,,Skipped: empty context.,,Skipped: empty context.,,Skipped: empty context.,0.9,"The actual output matches the expected meaning closely: both identify the compatible kinematic condition as obliquidade constante. It adds extra wording ('A hipótese c', 'em toda a área'), but this does not contradict the expected output for the given input. There are no factual mistakes, only a harmless stylistic expansion.",1.0,"The actual output fully captures the essential expected content: it identifies the relevant condition as ""obliquidade constante"", which matches ""a condição de obliqüidade constante"". It adds ""A hipótese c"" and ""em toda a área"", but these do not conflict with the expected answer and preserve the key fact asked in the input about what is compatível com a cinemática definida pelos outros elementos estruturais.",0.9,"The actual output aligns very well with the expected geological interpretation: it identifies 'obliquidade constante em toda a área', which is semantically equivalent to the expected 'a condição de obliqüidade constante'. It uses appropriate structural-geology terminology for the input about cinemática and elementos estruturais, with no misuse of lithologic, stratigraphic, facies, or reservoir concepts. A minor shortcoming is the added multiple-choice framing ('A hipótese c') and the extra spatial qualifier ('em toda a área'), which are not present in the expected output but do not change the core meaning.",1.0,"The actual output is semantically aligned with the expected output: both identify ""a condição de obliqüidade constante"" as what is compatible with the cinemática definida pelos outros elementos estruturais. It preserves the key geological concept of constant obliquity and correctly maps it to the test case question, adding only a harmless reference to ""hipótese c"" and ""em toda a área"" without changing the intended meaning or relations.",0.1818181818181818,0.2857142857142857,0.2222222222222222,0.0,0.0,0.0,0.1818181818181818,0.2857142857142857,0.2222222222222222,0.0,0.25,
resultados/petrobras-5-mini-com-ontologia-embeddingfirst/batch_eaf69800-ceb2-448a-b8a7-c0f2507b03f7-completo.csv,rag,1391,O que sugere que a evolução direcional posterior à nucleação frontal da zona de falha desenvolva uma evolução direcional posterior à nucleação frontal?,secciona-mento da zona de falha de Perimbó,,"O seccionamento da zona de falha de Perimbó por falhas transcorrentes, sobretudo dextrais, indica uma evolução direcional posterior à nucleação frontal (situação incompatível com um regime transpressivo).",1.0,"The score is 1.00 because the response appears fully relevant to the input, with no irrelevant statements identified. It stays focused on the question asked, so this is a strong result.",,Skipped: empty context.,,Skipped: empty context.,,Skipped: empty context.,0.8,"The actual output includes the key expected content, specifically that the evidence is the ""seccionamento da zona de falha de Perimbó"", which matches the expected output in meaning despite the hyphenation difference (""secciona-mento""). However, it adds extra details not present in the expected answer, such as ""por falhas transcorrentes, sobretudo dextrais"" and ""situação incompatível com um regime transpressivo"". These additions are not direct contradictions, but they go beyond the expected concise answer, so alignment is strong but not exact.",1.0,"The actual output includes the essential expected element, namely the 'seccionamento da zona de falha de Perimbó', directly addressing the key fact requested by the input. Although it adds extra detail about falhas transcorrentes dextrais and incompatibility with regime transpressivo, there is no omission of the core expected content, so it aligns strongly with the evaluation steps.",0.8,"The response uses appropriate geological terminology such as ""zona de falha"", ""falhas transcorrentes"", ""dextrais"", ""nucleação frontal"" and ""regime transpressivo"", showing strong domain coherence. It correctly identifies the key expected geological entity and relation from the test case, namely the seccionamento da zona de falha de Perimbó as the evidence for later directional evolution. However, it goes beyond the expected output by adding an interpretation about incompatibility with a transpressive regime, which is not required and may introduce extra inference not present in the target answer.",0.9,"The actual output captures the expected geological concept by identifying 'O seccionamento da zona de falha de Perimbó' as the feature suggesting later directional evolution after frontal nucleation. It remains semantically aligned with the expected entity and relation, and the added detail about 'falhas transcorrentes, sobretudo dextrais' is consistent rather than contradictory. A small penalty is warranted because it includes extra interpretation ('situação incompatível com um regime transpressivo') that is not required by the expected output.",0.2,0.75,0.3157894736842105,0.1724137931034483,0.7142857142857143,0.2777777777777778,0.2,0.75,0.3157894736842105,0.0,0.4117647058823529,
resultados/petrobras-5-mini-com-ontologia-embeddingfirst/batch_eaf69800-ceb2-448a-b8a7-c0f2507b03f7-completo.csv,graphrag,1391,O que sugere que a evolução direcional posterior à nucleação frontal da zona de falha desenvolva uma evolução direcional posterior à nucleação frontal?,secciona-mento da zona de falha de Perimbó,,"O seccionamento da zona de falha de Perimbó por falhas transcorrentes, sobretudo pelas falhas dextras.",1.0,"The score is 1.00 because the response appears fully relevant to the input, with no irrelevant statements identified. It stays focused on the question asked, so this is a strong and complete relevancy result.",,Skipped: empty context.,,Skipped: empty context.,,Skipped: empty context.,0.9,"The actual output matches the expected meaning closely: it identifies the key point, ""seccionamento da zona de falha de Perimbó,"" which is exactly what the expected output contains. The added detail about ""falhas transcorrentes, sobretudo pelas falhas dextras"" is not a contradiction and should not be penalized because it preserves and slightly elaborates on the same idea for the given input. The only shortcoming is that it is more specific than the expected output, so it is not an exact minimal match.",1.0,"The actual output fully captures the essential expected fact: ""secciona-mento da zona de falha de Perimbó"". It correctly identifies the key entity ""zona de falha de Perimbó"" and the relation of seccionamento, which is the core of the expected output. The added detail about ""falhas transcorrentes"" and ""falhas dextras"" is extra but does not conflict with the expected answer, so concise alignment is strong.",0.8,"The actual output stays geologically appropriate, using correct structural geology terms such as ""zona de falha"", ""falhas transcorrentes"" and ""falhas dextras"". It matches the expected core interpretation by identifying the ""seccionamento da zona de falha de Perimbó"", which is the key geological relation requested. A small penalty is warranted because it adds extra specificity (""por falhas transcorrentes, sobretudo pelas falhas dextras"") that is not present in the expected output, so it is slightly less tightly aligned than an exact match.",0.9,"The actual output is semantically well aligned with the expected output because it identifies ""O seccionamento da zona de falha de Perimbó"", which is the core geological concept requested. It adds extra detail about ""falhas transcorrentes"" and especially ""falhas dextras"", but these additions remain consistent with the expected relation rather than changing it. There is no clear concept confusion, role inversion, or misuse of geological meaning; the response preserves the intended semantics despite being more specific than the expected output.",0.4,0.75,0.5217391304347827,0.3571428571428571,0.7142857142857143,0.4761904761904762,0.4,0.75,0.5217391304347827,0.0,0.6363636363636364,
resultados/petrobras-5-mini-com-ontologia-embeddingfirst/batch_eaf69800-ceb2-448a-b8a7-c0f2507b03f7-completo.csv,rag,1398,Quais regimes produziriam uma rotação progressiva dos indicadores cinemáticos?,oblíquo ou transpressivo,,Os regimes oblíquo (obliquidade) ou transpressivo.,1.0,"The score is 1.00 because the response stays fully focused on answering ""Quais regimes produziriam uma rotação progressiva dos indicadores cinemáticos?"" without introducing irrelevant information. It is directly relevant and appropriately targeted—great job.",,Skipped: empty context.,,Skipped: empty context.,,Skipped: empty context.,1.0,"The actual output matches the expected meaning exactly for the input asking which regimes produce progressive rotation of kinematic indicators. It correctly includes both key regimes, ""oblíquo"" and ""transpressivo,"" with only harmless stylistic additions like ""Os regimes"" and ""(obliquidade),"" and no factual contradictions or mistakes.",1.0,"The actual output fully covers the essential expected regimes, naming both ""oblíquo"" and ""transpressivo"" for the input about rotação progressiva dos indicadores cinemáticos. The added wording ""(obliquidade)"" and ""Os regimes"" is acceptable and does not change the meaning, so there are no important omissions.",1.0,"The response matches the expected geological interpretation by identifying regimes ""oblíquo"" and ""transpressivo"" as those associated with rotação progressiva dos indicadores cinemáticos. It uses appropriate structural geology terminology, adds only a minor synonymous clarification (""obliquidade""), and does not introduce incorrect lithologic, stratigraphic, or reservoir concepts.",1.0,"The actual output is semantically aligned with the expected output: it identifies the relevant regimes as ""oblíquo"" and ""transpressivo,"" which matches the intended geological concepts for progressive rotation of kinematic indicators. The added parenthetical ""(obliquidade)"" does not introduce a conflicting entity or relation, and the concise phrasing preserves the correct domain meaning without concept confusion or inverted roles.",0.5714285714285714,1.0,0.7272727272727273,0.3333333333333333,0.6666666666666666,0.4444444444444444,0.5714285714285714,1.0,0.7272727272727273,0.0,0.6666666666666666,
resultados/petrobras-5-mini-com-ontologia-embeddingfirst/batch_eaf69800-ceb2-448a-b8a7-c0f2507b03f7-completo.csv,graphrag,1398,Quais regimes produziriam uma rotação progressiva dos indicadores cinemáticos?,oblíquo ou transpressivo,,"Regimes oblíquo ou transpressivo — isto é, um regime oblíquo/transpressivo combinado (sendo o oblíquo a hipótese mais compatível no estudo).",1.0,"The score is 1.00 because the response stays fully focused on identifying which regimes produziriam uma rotação progressiva dos indicadores cinemáticos, with no irrelevant statements. Great job keeping it directly relevant and precise.",,Skipped: empty context.,,Skipped: empty context.,,Skipped: empty context.,1.0,"The actual output matches the expected content for the input asking which regimes would produce a progressive rotation of kinematic indicators: it correctly gives ""Regimes oblíquo ou transpressivo,"" which is the same pair of regimes as the expected ""oblíquo ou transpressivo."" The added clarification about a combined oblíquo/transpressivo regime and that oblíquo is more compatible in the study does not contradict the expected output, so these are harmless wording additions rather than factual errors.",1.0,"The actual output fully captures the essential expected regimes for the input about rotação progressiva dos indicadores cinemáticos: it includes both ""oblíquo"" and ""transpressivo,"" which are the key entities required. The extra clarification about a combined regime and that oblíquo is more compatible in the study does not contradict the expected output, so there are no important omissions.",1.0,"The actual output matches the expected geological interpretation by identifying regimes ""oblíquo"" and ""transpressivo"" as those associated with rotação progressiva dos indicadores cinemáticos. It uses domain-appropriate tectonic terminology correctly, preserves the key entities and relation from the input, and adds only a minor contextual note (""oblíquo a hipótese mais compatível no estudo"") without introducing incorrect geological concepts or semantic inconsistency.",1.0,"The response is semantically aligned with the expected geological answer: it identifies the relevant regimes as ""oblíquo ou transpressivo,"" matching the expected concepts and preserving the correct domain meaning about regimes that produce progressive rotation of kinematic indicators. It adds extra detail (""combinado"" and that oblíquo is more compatible in the study), but this does not invert relations or introduce geological confusion; it remains consistent with the test case input and expected output.",0.1666666666666666,1.0,0.2857142857142857,0.1304347826086956,1.0,0.2307692307692307,0.1666666666666666,1.0,0.2857142857142857,0.0,0.2727272727272727,
resultados/petrobras-5-mini-com-ontologia-embeddingfirst/batch_eaf69800-ceb2-448a-b8a7-c0f2507b03f7-completo.csv,rag,1401,Qual é a base para quantificar o encurtamento?,"um marcador linear, paralelo à direção de compressão máxima",,Tomar como base um marcador linear paralelo à direção de compressão máxima.,1.0,"The score is 1.00 because the response appears fully focused on ""Qual é a base para quantificar o encurtamento?"" with no irrelevant statements, so it is maximally relevant—great job staying on topic.",,Skipped: empty context.,,Skipped: empty context.,,Skipped: empty context.,1.0,"The actual output matches the expected meaning almost exactly for the input asking the base to quantify shortening: both state ""um marcador linear"" parallel to the direction of maximum compression (""paralelo à direção de compressão máxima""). The only differences are harmless wording changes like adding ""Tomar como base"" and punctuation, with no factual contradiction or mistake.",1.0,"The actual output fully captures the essential content of the expected output: the base for quantifying shortening is ""um marcador linear"" and it must be ""paralelo à direção de compressão máxima"". The added phrasing ""Tomar como base"" is appropriate to the question and does not omit or alter any key fact from the expected output.",1.0,"The actual output matches the expected geological content closely: it identifies ""um marcador linear"" as the basis for quantifying shortening and correctly specifies that it should be ""paralelo à direção de compressão máxima."" The terminology is domain-appropriate and semantically coherent for structural geology, with no misuse of geological concepts or relations. The only difference is a harmless verbal reformulation (""Tomar como base""), which does not change the interpretation.",1.0,"The actual output is semantically well aligned with the expected output: both identify ""um marcador linear"" parallel to the direction of maximum compression as the basis for quantifying shortening. It preserves the key geological concept and relation without introducing confusion or inverting roles. The only minor difference is the added verbal framing ""Tomar como base"", which does not change the intended meaning.",0.7857142857142857,1.0,0.88,0.7692307692307693,1.0,0.8695652173913044,0.7857142857142857,1.0,0.88,0.0,0.8571428571428571,
resultados/petrobras-5-mini-com-ontologia-embeddingfirst/batch_eaf69800-ceb2-448a-b8a7-c0f2507b03f7-completo.csv,graphrag,1401,Qual é a base para quantificar o encurtamento?,"um marcador linear, paralelo à direção de compressão máxima",,Tomando-se como base um marcador linear paralelo à direção de compressão máxima.,1.0,"The score is 1.00 because the response appears fully focused on answering ""Qual é a base para quantificar o encurtamento?"" with no irrelevant statements, so it is maximally relevant—great job staying on topic.",,Skipped: empty context.,,Skipped: empty context.,,Skipped: empty context.,1.0,"The actual output matches the expected meaning for the input 'Qual é a base para quantificar o encurtamento?'. It correctly states 'um marcador linear' and 'paralelo à direção de compressão máxima', with only harmless wording differences like 'Tomando-se como base' and punctuation. There are no factual contradictions or mistakes relative to the expected output.",1.0,"The actual output fully matches the essential content of the expected output: it identifies the base for quantifying shortening as ""um marcador linear"" and correctly states the relation ""paralelo à direção de compressão máxima."" The added phrasing ""Tomando-se como base"" does not change meaning, so all key facts from the test case are covered with no important omissions.",1.0,"The actual output matches the expected geological concept closely: it identifies the basis for quantifying shortening as ""um marcador linear"" oriented ""paralelo à direção de compressão máxima,"" which is domain-appropriate structural geology terminology. The response preserves the correct entity, relation, and interpretation from the test case, with only a harmless paraphrastic lead-in (""Tomando-se como base"") and no misuse of lithologic, stratigraphic, facies, or reservoir terms.",1.0,"The actual output is semantically aligned with the expected output: both state that the basis for quantifying encurtamento is ""um marcador linear"" parallel to the direction of maximum compression (""direção de compressão máxima""). It preserves the key geological concept, entity, and relation without introducing confusion, inversion, or domain misuse. The added phrasing ""Tomando-se como base"" is acceptable and keeps the meaning concise and correct for the given input.",0.7333333333333333,1.0,0.846153846153846,0.7142857142857143,1.0,0.8333333333333333,0.7333333333333333,1.0,0.846153846153846,0.0,0.8571428571428571,
resultados/petrobras-5-mini-com-ontologia-embeddingfirst/batch_eaf69800-ceb2-448a-b8a7-c0f2507b03f7-completo.csv,rag,1402,Quais são os dois regimes que produziriam uma rotação progressiva dos indicadores cinemáticos?,oblíquo ou transpressivo,,Os regimes oblíquo e transpressivo.,1.0,"The score is 1.00 because the response stayed fully focused on identifying os dois regimes que produziriam uma rotação progressiva dos indicadores cinemáticos, with no irrelevant statements. Great job keeping the answer directly aligned with the question.",,Skipped: empty context.,,Skipped: empty context.,,Skipped: empty context.,0.9,"The actual output matches the expected meaning for the input asking for 'os dois regimes': it correctly identifies 'oblíquo' and 'transpressivo'. The only differences are minor wording and conjunction choice ('e' instead of 'ou', plus added article/pluralization), which are stylistic rather than substantive in this context. There are no clear factual contradictions or major mistakes relative to the expected output.",0.9,"The response correctly identifies both essential regimes from the expected output: oblíquo and transpressivo. It preserves the key entities asked in the input about the two regimes that would produce a progressive rotation of kinematic indicators. The only minor difference is using 'e' instead of the expected 'ou', but it still covers the core content completely and concisely.",0.9,"The response aligns closely with the expected geological interpretation: it identifies the two relevant tectonic regimes as ""oblíquo"" and ""transpressivo,"" which are appropriate structural geology terms for rotação progressiva dos indicadores cinemáticos. It is semantically coherent and domain-appropriate, with no misuse of geological concepts. A small mismatch remains because the expected output uses ""oblíquo ou transpressivo,"" while the actual output says ""os regimes oblíquo e transpressivo,"" slightly changing the conjunction and framing, though not the core meaning.",0.9,"The actual output is semantically aligned with the expected geological answer by identifying the two relevant regimes, “oblíquo” and “transpressivo,” which matches the intended concepts and entities. It is concise and preserves the geological meaning. A small deduction is warranted because it uses “e” instead of the expected “ou,” which slightly changes the relation between the terms, though the core semantics remain correct in this context.",0.5,0.75,0.6,0.2,0.3333333333333333,0.25,0.5,0.75,0.6,0.0,0.5,
resultados/petrobras-5-mini-com-ontologia-embeddingfirst/batch_eaf69800-ceb2-448a-b8a7-c0f2507b03f7-completo.csv,graphrag,1402,Quais são os dois regimes que produziriam uma rotação progressiva dos indicadores cinemáticos?,oblíquo ou transpressivo,,Um regime oblíquo ou um regime transpressivo.,1.0,"The score is 1.00 because the answer is fully relevant to the input, directly addressing quais são os dois regimes que produziriam uma rotação progressiva dos indicadores cinemáticos, with no irrelevant statements. Great job keeping the response precise and on-topic.",,Skipped: empty context.,,Skipped: empty context.,,Skipped: empty context.,1.0,The actual output matches the expected meaning exactly for the input asking for the two regimes: it identifies 'oblíquo' and 'transpressivo'. The added wording ('Um regime' and 'ou um regime transpressivo') is only stylistic and does not change the content. There are no factual contradictions or mistakes relative to the expected output.,1.0,"The actual output includes both essential regimes from the expected output—""oblíquo"" and ""transpressivo""—which directly answer the input asking for the two regimes that would produce a progressive rotation of kinematic indicators. The added wording (""Um regime"" and ""ou um regime"") does not change the meaning, so coverage is complete and concise.",1.0,"The actual output matches the expected geological interpretation exactly: it identifies the two regimes as ""oblíquo"" and ""transpressivo,"" which are appropriate tectonic terms for progressive rotation of kinematic indicators. The added phrasing (""Um regime ... ou um regime ..."") does not alter the meaning, and there is no misuse of geological concepts, stratigraphic language, or domain relations.",1.0,"The actual output matches the expected geological semantics exactly: it identifies the two regimes as ""oblíquo"" and ""transpressivo,"" which are the correct entities requested by the input. It preserves the intended relation about regimes producing rotação progressiva dos indicadores cinemáticos, with only minor added wording (""Um regime ... ou um regime ..."") that does not change meaning.",0.5,1.0,0.6666666666666666,0.2857142857142857,0.6666666666666666,0.4,0.5,1.0,0.6666666666666666,0.0,0.6,
resultados/petrobras-5-mini-com-ontologia-embeddingfirst/batch_eaf69800-ceb2-448a-b8a7-c0f2507b03f7-completo.csv,rag,1406,Qual é a direção do vetor tectônico na primeira fase de deformação?,de SE para NW,,O vetor tectônico foi direcionado de SE para NW (de sudeste para noroeste).,1.0,"The score is 1.00 because the answer is fully relevant to the question about the direção do vetor tectônico na primeira fase de deformação, with no irrelevant statements. Great job staying precisely on topic.",,Skipped: empty context.,,Skipped: empty context.,,Skipped: empty context.,1.0,"The actual output matches the expected meaning exactly for the input asking the direção do vetor tectônico na primeira fase de deformação: it states 'de SE para NW', which is the expected direction. The added clarification '(de sudeste para noroeste)' is only a harmless wording expansion and introduces no factual contradiction or mistake.",1.0,"The expected output requires the direction ""de SE para NW"" for the vetor tectônico na primeira fase de deformação. The actual output states exactly that direction, adding only a harmless clarification in Portuguese (""de sudeste para noroeste""). It covers the essential relation completely with no important omissions.",1.0,"The actual output matches the expected geological interpretation exactly: it states the tectonic vector direction as 'de SE para NW', which is the key relation requested for the primeira fase de deformação. It uses appropriate domain terminology ('vetor tectônico', directional notation) without introducing any incorrect geological concepts, stratigraphic terms, or reservoir notions.",1.0,"The actual output matches the expected geological relation exactly: it states the direção do vetor tectônico como ""de SE para NW"", preserving the same entities and orientation with no inversion or concept confusion. The added expansion ""de sudeste para noroeste"" is semantically consistent and does not alter the intended meaning for the first deformation phase.",0.2857142857142857,1.0,0.4444444444444445,0.2307692307692307,1.0,0.375,0.2857142857142857,1.0,0.4444444444444445,0.0,0.4705882352941176,
resultados/petrobras-5-mini-com-ontologia-embeddingfirst/batch_eaf69800-ceb2-448a-b8a7-c0f2507b03f7-completo.csv,graphrag,1406,Qual é a direção do vetor tectônico na primeira fase de deformação?,de SE para NW,,O vetor tectônico da primeira fase de deformação é direcionado de SE para NW (sudeste → noroeste).,1.0,"The score is 1.00 because the response is fully relevant to the question about a direção do vetor tectônico na primeira fase de deformação, with no irrelevant statements. Great job staying precise and on topic.",,Skipped: empty context.,,Skipped: empty context.,,Skipped: empty context.,1.0,"The actual output matches the expected content exactly in meaning: it states that the direção do vetor tectônico na primeira fase de deformação é ""de SE para NW"". The added wording ""O vetor tectônico da primeira fase de deformação é direcionado"" and the clarification ""(sudeste → noroeste)"" are harmless stylistic expansions and do not introduce any factual contradiction or mistake relative to the expected output.",1.0,"The actual output fully captures the essential expected relation: the direção do vetor tectônico na primeira fase de deformação is 'de SE para NW'. It preserves the key directional facts from the test case and only adds a harmless clarification ('sudeste → noroeste'), so there are no meaningful omissions.",1.0,"The response aligns very well with the expected geological content: it identifies the direção do vetor tectônico na primeira fase de deformação as de SE para NW, exactly matching the expected output. It uses appropriate domain terminology such as ""vetor tectônico"" and ""fase de deformação"" without introducing incorrect lithologic, stratigraphic, facies, or reservoir concepts. The only minor difference is added wording and the parenthetical expansion ""sudeste → noroeste"", which remains semantically consistent and geologically appropriate.",1.0,"The actual output is semantically identical to the expected output, stating that the vetor tectônico na primeira fase de deformação is directed ""de SE para NW"". It preserves the correct geological relation and directionality, with only an added clarification ""(sudeste → noroeste)"" that remains fully aligned with the expected geological meaning.",0.2352941176470588,1.0,0.3809523809523809,0.1875,1.0,0.3157894736842105,0.2352941176470588,1.0,0.3809523809523809,0.0,0.3809523809523809,
resultados/petrobras-5-mini-com-ontologia-embeddingfirst/batch_eaf69800-ceb2-448a-b8a7-c0f2507b03f7-completo.csv,rag,1407,O que sugere o seccionamento da zona de falha de Perimbó pelas falhas transcorrentes?,uma evolução direcional posterior à nucleação frontal da referida zona de falha,,"Sugere uma evolução direcional posterior à nucleação frontal da zona de falha, com concentração posterior do movimento nas falhas transcorrentes dextrais — situação contrária ao regime transpressivo.",1.0,"The score is 1.00 because the answer appears fully focused on what the input asks about the seccionamento da zona de falha de Perimbó pelas falhas transcorrentes, with no irrelevant statements. Great job staying precise and on-topic.",,Skipped: empty context.,,Skipped: empty context.,,Skipped: empty context.,0.9,"The actual output matches the expected core meaning: it states 'evolução direcional posterior à nucleação frontal da zona de falha', which aligns closely with the expected 'uma evolução direcional posterior à nucleação frontal da referida zona de falha'. The extra detail about 'concentração posterior do movimento nas falhas transcorrentes dextrais' and being 'contrária ao regime transpressivo' goes beyond the expected answer; while not directly supported by the expected output, it does not clearly contradict the required conclusion. Because the main idea is correct and there is no obvious factual conflict with the expected output, only a small penalty is warranted for unnecessary added claims.",1.0,"The actual output fully includes the essential content from the expected output for the question about 'o seccionamento da zona de falha de Perimbó pelas falhas transcorrentes': it states 'uma evolução direcional posterior à nucleação frontal da zona de falha', which matches the key fact and relation. The added details about 'concentração posterior do movimento nas falhas transcorrentes dextrais' and being 'contrária ao regime transpressivo' go beyond the expected output but do not contradict it, so they should not be penalized.",0.9,"The response aligns closely with the expected geological interpretation: it correctly states that the seccionamento suggests 'uma evolução direcional posterior à nucleação frontal' da zona de falha, using appropriate structural geology terminology such as 'falhas transcorrentes', 'dextrais', and 'regime transpressivo'. It preserves the core relation between fault segmentation and later directional evolution from the test case. A small penalty is warranted because it adds interpretive detail not present in the expected output—'concentração posterior do movimento nas falhas transcorrentes dextrais' and 'situação contrária ao regime transpressivo'—which may go beyond the requested answer, even though the added concepts remain geologically coherent.",0.9,"The actual output matches the expected geological meaning by stating that the seccionamento sugere ""uma evolução direcional posterior à nucleação frontal"" da zona de falha, which preserves the core concept and temporal relation required. It also stays aligned with the entities and relations in the test case, linking the Perimbó fault zone and falhas transcorrentes correctly. A small penalty is warranted because it adds extra interpretation not present in the expected output, such as ""concentração posterior do movimento nas falhas transcorrentes dextrais"" and ""situação contrária ao regime transpressivo,"" which may go beyond the target answer even though they do not directly contradict it.",0.4,0.9230769230769232,0.5581395348837209,0.3448275862068966,0.8333333333333334,0.4878048780487806,0.4,0.9230769230769232,0.5581395348837209,0.0,0.5789473684210527,
resultados/petrobras-5-mini-com-ontologia-embeddingfirst/batch_eaf69800-ceb2-448a-b8a7-c0f2507b03f7-completo.csv,graphrag,1407,O que sugere o seccionamento da zona de falha de Perimbó pelas falhas transcorrentes?,uma evolução direcional posterior à nucleação frontal da referida zona de falha,,"Que houve uma evolução direcional posterior à nucleação frontal da zona de falha — com posterior concentração do movimento ao longo das falhas transcorrentes, sobretudo dextrais.",1.0,"The score is 1.00 because the answer appears fully relevant to the question about o seccionamento da zona de falha de Perimbó pelas falhas transcorrentes, with no irrelevant statements identified. Great job staying focused and directly on topic.",,Skipped: empty context.,,Skipped: empty context.,,Skipped: empty context.,0.9,"The actual output matches the expected meaning closely: it states ""uma evolução direcional posterior à nucleação frontal da zona de falha,"" which is the core expected answer to the question about the zona de falha de Perimbó. The added detail about ""posterior concentração do movimento ao longo das falhas transcorrentes, sobretudo dextrais"" goes beyond the expected output but does not contradict it. There are no clear factual contradictions, only a harmless elaboration.",1.0,"The actual output fully captures the essential content of the expected answer: it states ""evolução direcional posterior à nucleação frontal da zona de falha,"" which matches the key relation asked in the input about the seccionamento da zona de falha de Perimbó. The added detail about concentração do movimento ao longo das falhas transcorrentes, sobretudo dextrais, is extra but does not conflict with the expected output.",1.0,"The actual output matches the expected geological interpretation closely: it states 'evolução direcional posterior à nucleação frontal da zona de falha', which is the core expected conclusion about the seccionamento da zona de falha de Perimbó pelas falhas transcorrentes. It uses appropriate structural geology terminology such as 'zona de falha', 'falhas transcorrentes', 'nucleação frontal' and 'dextrais'. The added detail about 'concentração do movimento' along mainly dextral strike-slip faults is domain-appropriate and semantically coherent, not a misuse of concepts.",1.0,"The actual output is semantically aligned with the expected output: it states ""uma evolução direcional posterior à nucleação frontal da zona de falha,"" which directly matches the core geological meaning requested by the input about the seccionamento da zona de falha de Perimbó pelas falhas transcorrentes. It preserves the correct entities and relation between seccionamento and later directional evolution, and the added detail about concentração do movimento ao longo das falhas transcorrentes, sobretudo dextrais, is consistent rather than contradictory.",0.4444444444444444,0.9230769230769232,0.6,0.3846153846153846,0.8333333333333334,0.5263157894736842,0.4444444444444444,0.9230769230769232,0.6,0.0,0.5945945945945945,
resultados/petrobras-5-mini-com-ontologia-embeddingfirst/batch_eaf69800-ceb2-448a-b8a7-c0f2507b03f7-completo.csv,rag,1412,O que a hipótese b sugere que deveria ocorrer também?,uma dispersão dos valores de acamamento,,"Que ocorreria uma dispersão dos valores de acamamento, indicando uma suposta deformação tardia.",1.0,"The score is 1.00 because the response appears fully focused on answering what “a hipótese b” suggests should also occur, with no irrelevant statements lowering its relevancy. Nice and on-target.",,Skipped: empty context.,,Skipped: empty context.,,Skipped: empty context.,0.8,"The actual output captures the core expected idea from the input by stating that there would be ""uma dispersão dos valores de acamamento"", which matches the expected output. However, it adds extra content — ""indicando uma suposta deformação tardia"" — that is not present in the expected answer, so alignment is not exact. There is no clear contradiction, but the unsupported addition prevents a perfect match.",0.9,"The actual output captures the essential expected element, namely ""uma dispersão dos valores de acamamento"", which directly answers what a hipótese b sugere. It adds extra detail about ""uma suposta deformação tardia"", but this does not contradict the expected output. Because all key content from the expected answer is present, alignment is strong.",0.9,"The actual output matches the expected geological content by stating 'dispersão dos valores de acamamento', using the stratigraphic/structural term 'acamamento' appropriately. It preserves the core interpretation requested by the input, but adds 'indicando uma suposta deformação tardia', which goes beyond the expected output and introduces an extra geological interpretation not explicitly required.",0.9,"The actual output is semantically aligned with the expected output: it correctly states that hipótese b sugere 'uma dispersão dos valores de acamamento'. It preserves the key geological concept and relation asked by the input. A small penalty is appropriate because it adds extra interpretation — 'indicando uma suposta deformação tardia' — which is not present in the expected output, though it does not invert or confuse the main meaning.",0.4666666666666667,1.0,0.6363636363636364,0.4285714285714285,1.0,0.6,0.4666666666666667,1.0,0.6363636363636364,0.0,0.631578947368421,
resultados/petrobras-5-mini-com-ontologia-embeddingfirst/batch_eaf69800-ceb2-448a-b8a7-c0f2507b03f7-completo.csv,graphrag,1412,O que a hipótese b sugere que deveria ocorrer também?,uma dispersão dos valores de acamamento,,"Que ocorreria uma dispersão dos valores de acamamento, indicando uma deformação tardia.",1.0,"The score is 1.00 because the response appears fully focused on answering ""O que a hipótese b sugere que deveria ocorrer também?"" with no irrelevant statements, so it is completely relevant and deserves the top score.",,Skipped: empty context.,,Skipped: empty context.,,Skipped: empty context.,0.9,"The actual output matches the expected idea from the input by stating that 'ocorreria uma dispersão dos valores de acamamento', which is the key expected content. It adds extra detail ('indicando uma deformação tardia') that is not present in the expected output, but this is not a direct contradiction. Because the core meaning aligns and there is no clear factual conflict, only a small penalty is warranted for the unsupported addition.",1.0,"The expected output requires the key fact 'uma dispersão dos valores de acamamento'. The actual output includes this essential element directly: 'ocorreria uma dispersão dos valores de acamamento'. The added phrase 'indicando uma deformação tardia' goes beyond the expected answer but does not conflict with it, so there are no important omissions.",0.9,"The actual output aligns closely with the expected geological interpretation by correctly using the term ""dispersão dos valores de acamamento,"" which is domain-appropriate structural geology language. It preserves the key entity and relation from the expected output and adds a plausible interpretation, ""indicando uma deformação tardia,"" without introducing clear geological misuse. A small penalty is warranted because this extra interpretive clause goes beyond the expected answer and is not explicitly requested by the input.",0.9,"The actual output matches the expected geological meaning by stating 'uma dispersão dos valores de acamamento', which is the core expected answer. It remains aligned with the relevant concept and relation from the prompt. A small penalty is warranted because it adds 'indicando uma deformação tardia', which goes beyond the expected output and introduces extra interpretation not required by the test case.",0.5,1.0,0.6666666666666666,0.4615384615384615,1.0,0.631578947368421,0.5,1.0,0.6666666666666666,0.0,0.6666666666666666,
resultados/petrobras-5-mini-com-ontologia-embeddingfirst/batch_eaf69800-ceb2-448a-b8a7-c0f2507b03f7-completo.csv,rag,1413,Qual é a condição que a hipótese c considera constante em toda a área?,a condição de obliqüidade,,Que a obliquidade seja constante em toda a área.,1.0,"The score is 1.00 because the response stays fully focused on identifying the condição que a hipótese c considera constante em toda a área, with no irrelevant statements. It is completely relevant and directly addresses the input—great job.",,Skipped: empty context.,,Skipped: empty context.,,Skipped: empty context.,1.0,"The actual output matches the expected meaning for the input asking which condition hipótese c assumes constant across the whole area. It correctly identifies ""obliquidade"" and adds that it is ""constante em toda a área,"" which is consistent with the question and does not contradict the expected output ""a condição de obliqüidade."" The only difference is wording/detail, which is harmless.",0.8,"The expected output identifies the essential element as ""a condição de obliqüidade"". The actual output correctly captures this relation by stating ""Que a obliquidade seja constante em toda a área"", which matches the question's focus on what hipótese c considers constant across the area. It is slightly more verbose and reformulated, but it preserves the key fact and entity without omitting important information.",1.0,"The actual output matches the expected geological condition by identifying ""obliquidade"" as the constant parameter across the area and preserves the key domain term from the input. It is semantically coherent and slightly more explicit than the expected output (""Que a obliquidade seja constante em toda a área"" vs. ""a condição de obliqüidade""), with no misuse of geological terminology, stratigraphic concepts, lithologies, facies, or reservoir relations.",1.0,"The actual output is semantically aligned with the expected output: it identifies 'a condição de obliqüidade' and correctly states that this obliquidade is considered constant 'em toda a área,' which matches the question parameters. It preserves the intended geological relation without introducing concept confusion, role inversion, or domain misuse, and the added wording remains concise while keeping the same meaning.",0.1111111111111111,0.1666666666666666,0.1333333333333333,0.0,0.0,0.0,0.1111111111111111,0.1666666666666666,0.1333333333333333,0.0,0.1538461538461538,
resultados/petrobras-5-mini-com-ontologia-embeddingfirst/batch_eaf69800-ceb2-448a-b8a7-c0f2507b03f7-completo.csv,graphrag,1413,Qual é a condição que a hipótese c considera constante em toda a área?,a condição de obliqüidade,,Que a obliquidade seja constante em toda a área.,1.0,"The score is 1.00 because the answer is fully relevant to the question, directly addressing what the hipótese c considers constant em toda a área with no irrelevant statements. Great job staying precise and on topic.",,Skipped: empty context.,,Skipped: empty context.,,Skipped: empty context.,1.0,"The actual output matches the expected meaning for the input question about what hipótese c considera constante em toda a área: it identifies the condição de obliquidade and adds that it is constante em toda a área. There is no factual contradiction, and the wording difference from ""a condição de obliqüidade"" is harmless elaboration rather than a mistake.",0.9,"The expected output identifies the key condition as ""a condição de obliqüidade"", and the actual output correctly states that ""a obliquidade seja constante em toda a área"". This preserves the essential entity and relation from the question about what hipótese c considers constant across the area. It is slightly more verbose than expected but does not omit any important information.",0.9,"The response matches the expected geological condition by identifying ""obliquidade"" as the constant parameter across the whole area, which is semantically aligned with ""a condição de obliqüidade"". It is concise and coherent, though it adds a verbal reformulation (""Que a obliquidade seja constante em toda a área"") rather than reproducing the expected nominal phrase exactly. There is no misuse of geological or domain terminology, but the item contains minimal geological specificity beyond the target term.",1.0,"The actual output is semantically aligned with the expected output: it identifies that the constant condition under 'hipótese c' is the obliquidade across the entire area. It preserves the key geological concept ('obliquidade') and correctly states the relation of constancy in 'toda a área', adding only a harmless verbal reformulation ('Que ... seja constante'). There is no concept confusion, role inversion, or domain misuse.",0.1111111111111111,0.1666666666666666,0.1333333333333333,0.0,0.0,0.0,0.1111111111111111,0.1666666666666666,0.1333333333333333,0.0,0.1538461538461538,
resultados/petrobras-5-mini-com-ontologia-embeddingfirst/batch_eaf69800-ceb2-448a-b8a7-c0f2507b03f7-completo.csv,rag,1414,Qual é o nome da descontinuidade crustal?,"Arco de São Mateus,",,Arco de São Mateus,0.0,"The score is 0.00 because the answer does not identify the crustal discontinuity asked in the input and instead mentions ""Arco de São Mateus,"" which is a geological structure unrelated to naming the requested discontinuity.",,Skipped: empty context.,,Skipped: empty context.,,Skipped: empty context.,1.0,"The actual output matches the expected content for the input asking ""Qual é o nome da descontinuidade crustal?"" Both identify ""Arco de São Mateus"" correctly. The only difference is the missing trailing comma from the expected output, which is a harmless formatting/punctuation variation and not a factual contradiction.",1.0,"The actual output matches the essential entity in the expected output: ""Arco de São Mateus"" as the name of the descontinuidade crustal. The only difference is a trailing comma in the expected output, which is not a meaningful omission under the evaluation steps, so all important content is covered.",1.0,"The actual output matches the expected geological entity exactly in substance: ""Arco de São Mateus"" corresponds to the expected ""Arco de São Mateus,"" with only a trailing comma omitted. It uses an appropriate geological/tectonic term for a crustal discontinuity context, introduces no incorrect lithologic, stratigraphic, facies, or reservoir concepts, and is semantically coherent with the input question.",0.9,"The actual output is semantically aligned with the expected output: both identify the descontinuidade crustal as ""Arco de São Mateus"". The only difference is the missing trailing comma in the expected text, which does not change the geological entity, class, or relation. There is no concept confusion or domain misuse, and the concise answer preserves the intended geological meaning.",1.0,1.0,1.0,1.0,1.0,1.0,1.0,1.0,1.0,1.0,1.0,
resultados/petrobras-5-mini-com-ontologia-embeddingfirst/batch_eaf69800-ceb2-448a-b8a7-c0f2507b03f7-completo.csv,graphrag,1414,Qual é o nome da descontinuidade crustal?,"Arco de São Mateus,",,Arco de São Mateus.,0.0,"The score is 0.00 because the response does not answer which crustal discontinuity is being asked for and instead mentions ""Arco de São Mateus,"" a geological structure unrelated to naming the discontinuity. Since it fails to address the core question, it cannot score higher.",,Skipped: empty context.,,Skipped: empty context.,,Skipped: empty context.,1.0,"The actual output matches the expected content for the input ""Qual é o nome da descontinuidade crustal?"" by giving ""Arco de São Mateus"", which is the same answer as the expected output aside from a trailing comma and punctuation. There is no factual contradiction or mistake, and the difference is purely stylistic, which should not be penalized.",1.0,"The actual output matches the expected entity exactly in content: both identify the descontinuidade crustal as ""Arco de São Mateus"". The only difference is terminal punctuation, which is not an omission of important information. All essential facts from the expected output are covered.",1.0,"The actual output matches the expected geological entity exactly in domain terms, identifying the crustal discontinuity as “Arco de São Mateus”. The only difference is the missing trailing comma, which does not affect geological terminology, entity recognition, or semantic interpretation.",1.0,"The actual output matches the expected geological entity exactly in meaning: both identify the crustal discontinuity as ""Arco de São Mateus"". The only difference is trailing punctuation, which does not affect semantic alignment, geological concept, entity class, or relation to the input question.",1.0,1.0,1.0,1.0,1.0,1.0,1.0,1.0,1.0,1.0,1.0,
resultados/petrobras-5-mini-com-ontologia-embeddingfirst/batch_eaf69800-ceb2-448a-b8a7-c0f2507b03f7-completo.csv,rag,1415,Qual é a idade do fragmento máfico?,"69,4 ± 1,3 Ma, geocro-nologicamente compatível",,"69,4 ± 1,3 Ma (milhões de anos).",1.0,"The score is 1.00 because the response is fully relevant to the question ""Qual é a idade do fragmento máfico?"" and does not include any irrelevant statements. Great job staying precise and on-topic.",,Skipped: empty context.,,Skipped: empty context.,,Skipped: empty context.,0.8,"The actual output matches the key factual value requested in the input: the fragmento máfico has idade de 69,4 ± 1,3 Ma, which is identical to the expected numeric result. It does not introduce any contradiction, and adding “(milhões de anos)” is a harmless wording difference. However, it omits the expected qualifier “geocro-nologicamente compatível,” so it is slightly incomplete relative to the expected output.",0.7,"The actual output correctly includes the key age value from the expected output, “69,4 ± 1,3 Ma”, which is the main fact asked by the input about the fragmento máfico. However, it omits the important qualifying relation “geocro-nologicamente compatível,” which is present in the expected output and should be covered. The added clarification “(milhões de anos)” is acceptable, but the missing compatibility statement prevents full alignment.",0.9,"The actual output correctly provides the geological age for the fragmento máfico as 69,4 ± 1,3 Ma, matching the key chronologic value in the expected output and using appropriate geochronological notation. It is semantically coherent and domain-appropriate, but it omits the interpretive qualifier ""geocro-nologicamente compatível"" present in the expected output, so it is slightly less complete.",0.9,"The actual output matches the key geological value in the expected output: the idade do fragmento máfico is correctly given as 69,4 ± 1,3 Ma. It preserves the core geochronological semantics and does not introduce concept confusion or wrong relations. The only shortcoming is that it omits the qualifier ""geocro-nologicamente compatível,"" so it is slightly less complete than the expected output.",0.5555555555555556,0.5555555555555556,0.5555555555555556,0.5,0.5,0.5,0.5555555555555556,0.5555555555555556,0.5555555555555556,0.0,0.6153846153846153,
resultados/petrobras-5-mini-com-ontologia-embeddingfirst/batch_eaf69800-ceb2-448a-b8a7-c0f2507b03f7-completo.csv,graphrag,1415,Qual é a idade do fragmento máfico?,"69,4 ± 1,3 Ma, geocro-nologicamente compatível",,"O fragmento máfico tem idade Ar–Ar de 69,4 ± 1,3 Ma.",1.0,"The score is 1.00 because the answer is fully relevant to the question ""Qual é a idade do fragmento máfico?"" and does not include any irrelevant statements. It stays focused on the requested information—great job.",,Skipped: empty context.,,Skipped: empty context.,,Skipped: empty context.,0.8,"The actual output correctly gives the key age value from the expected output, ""69,4 ± 1,3 Ma"", which matches the input question about the idade do fragmento máfico. It adds ""idade Ar–Ar"", which is consistent and not a contradiction. However, it omits the expected qualifier ""geocro-nologicamente compatível"", so it is incomplete relative to the expected output even though the core factual content is correct.",0.7,"The actual output correctly captures the key factual element from the expected output: the age of the fragmento máfico as 69,4 ± 1,3 Ma, matching the required numeric value and entity. However, it omits the important qualifier from the expected output, ""geocro-nologicamente compatível,"" which is an essential relation and should be penalized under the evaluation steps.",1.0,"The actual output uses correct geological and geochronological terminology for the question about the idade do fragmento máfico, explicitly stating an Ar–Ar age of 69,4 ± 1,3 Ma. It matches the key expected entity and value exactly, preserving the relevant age and domain-appropriate unit. Although it omits the interpretation 'geocro-nologicamente compatível' present in the expected output, it remains semantically coherent and does not misuse any geological concepts, lithologies, stratigraphic terms, or relations.",0.9,"The actual output matches the key geological content by identifying the idade do fragmento máfico as 69,4 ± 1,3 Ma, which is the central expected value. It also correctly uses the domain-specific Ar–Ar dating context, staying aligned with geological semantics. However, it omits the expected qualification 'geocro-nologicamente compatível', so it is slightly incomplete relative to the full expected meaning.",0.3571428571428571,0.5555555555555556,0.4347826086956521,0.3076923076923077,0.5,0.380952380952381,0.3571428571428571,0.5555555555555556,0.4347826086956521,0.0,0.4705882352941177,
resultados/petrobras-5-mini-com-ontologia-embeddingfirst/batch_eaf69800-ceb2-448a-b8a7-c0f2507b03f7-completo.csv,rag,1416,Qual é a sequência vulcanoclástica da Fm. Rio Doce?,Abrolhos,,"É a mesma inter-relacionada com a Formação Abrolhos: uma sequência vulcanoclástica constituída por rochas piroclásticas ácidas (traquíticas a riolíticas) associadas aos sedimentos terciários da Fm. Rio Doce, que próximo ao contato com as vulcânicas aparece totalmente silicificada (""cozida"").",1.0,"The score is 1.00 because the answer is fully relevant to the question about a sequência vulcanoclástica da Fm. Rio Doce, with no irrelevant statements, so it stays at the maximum score—great job staying precise and on-topic.",,Skipped: empty context.,,Skipped: empty context.,,Skipped: empty context.,0.2,"The expected output for the question is simply ""Abrolhos"", indicating the sequência vulcanoclástica da Fm. Rio Doce. The actual output does mention ""Formação Abrolhos"", which aligns partially with the expected answer, but it adds unsupported descriptive details about rochas piroclásticas ácidas, sedimentos terciários, and silicificação that are not required by the expected output. This makes it only partially aligned, though it does not directly contradict the expected label.",0.3,"The expected output requires identifying the sequence as ""Abrolhos"". The actual output does mention ""Formação Abrolhos"" and describes it as a vulcanoclastic sequence with piroclastic acidic rocks related to the Fm. Rio Doce, which is relevant to the input. However, it does not clearly give the direct expected answer and adds unsupported extra details instead of simply naming the sequence, so it only partially aligns with the essential element.",0.8,"The response uses appropriate geological terminology such as sequência vulcanoclástica, rochas piroclásticas ácidas, traquíticas a riolíticas, silicificada, and contato com as vulcânicas, so domain language is strong. It also aligns semantically with the expected output by identifying the sequence as the same one interrelated with the Formação Abrolhos, which matches the expected entity Abrolhos. However, it goes beyond the expected concise answer and adds extra interpretations about tertiary sediments and rocks being 'cozida', which are not required for the test case and could introduce unsupported detail.",0.7,"The response is semantically aligned with the expected answer because it identifies the sequência vulcanoclástica da Fm. Rio Doce as being the same as or inter-related with the Formação Abrolhos, matching the expected entity 'Abrolhos'. It also stays within the correct geological domain by describing vulcanoclastic and pyroclastic characteristics. However, it is more verbose than needed and introduces extra descriptive details not required by the expected output, which slightly weakens precision for this specific test case.",0.0208333333333333,1.0,0.0408163265306122,0.0,0.0,0.0,0.0208333333333333,1.0,0.0408163265306122,0.0,0.0512820512820512,
resultados/petrobras-5-mini-com-ontologia-embeddingfirst/batch_eaf69800-ceb2-448a-b8a7-c0f2507b03f7-completo.csv,graphrag,1416,Qual é a sequência vulcanoclástica da Fm. Rio Doce?,Abrolhos,,É a sequência vulcanoclástica da Formação Abrolhos.,0.0,"The score is 0.00 because the answer discusses ""Formação Abrolhos"" instead of the asked ""Fm. Rio Doce"", so it does not address the input at all and cannot score higher.",,Skipped: empty context.,,Skipped: empty context.,,Skipped: empty context.,1.0,"The actual output identifies the sequence as ""Formação Abrolhos,"" which matches the expected output ""Abrolhos"" in meaning for the question about the sequência vulcanoclástica da Fm. Rio Doce. The added wording (""É a sequência vulcanoclástica da Formação Abrolhos"") is a harmless stylistic difference, not a factual contradiction, though it is slightly more verbose than the expected single-term answer.",1.0,"The expected output contains the essential entity ""Abrolhos"". The actual output correctly identifies this as ""Formação Abrolhos"", which covers the key fact asked in the input about the sequência vulcanoclástica da Fm. Rio Doce. Although it adds extra wording (""É a sequência vulcanoclástica da Formação Abrolhos""), it does not omit any important information and remains aligned with the expected answer.",0.7,"The actual output uses appropriate geological terminology, correctly referring to a 'sequência vulcanoclástica' and a stratigraphic unit ('Formação Abrolhos'). It is semantically aligned with the expected output 'Abrolhos', identifying the same geological entity. However, it does not answer the question exactly as expected because it expands the answer and introduces 'Formação Abrolhos' instead of the minimal target term, and it does not clarify the relation to 'Fm. Rio Doce' beyond the equivalence.",0.1,"The actual output identifies a 'sequência vulcanoclástica', but it maps the question about 'Fm. Rio Doce' to 'Formação Abrolhos' instead of giving the expected entity 'Abrolhos'. This introduces a geological relation error by replacing the requested sequence name with a different formation reference, so semantic alignment with the expected output is very weak despite partial overlap on the Abrolhos concept.",0.1111111111111111,1.0,0.1999999999999999,0.0,0.0,0.0,0.1111111111111111,1.0,0.1999999999999999,0.0,0.25,
resultados/petrobras-5-mini-com-ontologia-embeddingfirst/batch_eaf69800-ceb2-448a-b8a7-c0f2507b03f7-completo.csv,rag,1426,Qual foi a data de um fragmento mafico de uma rocha?,"69,4 ± 1,3 Ma",,"69,4 ± 1,3 Ma (milhões de anos).",1.0,The score is 1.00 because the response is fully relevant to the question and contains no irrelevant statements—great job staying focused on the requested information.,,Skipped: empty context.,,Skipped: empty context.,,Skipped: empty context.,1.0,"The actual output matches the expected date value exactly: 69,4 ± 1,3 Ma. The only difference is the added clarification '(milhões de anos)', which is a harmless wording expansion and does not change the meaning or introduce any factual contradiction for the input asking for the date of a mafic fragment of a rock.",1.0,"The actual output fully preserves the essential fact from the expected output: the date value ""69,4 ± 1,3 Ma"" for the ""fragmento mafico de uma rocha"". The added clarification ""(milhões de anos)"" is consistent with ""Ma"" and does not omit or alter any required information. Under the evaluation steps, this concise wording should not be penalized because all key content is present.",1.0,"The actual output matches the expected geological age exactly in value and uncertainty, preserving the correct domain notation 'Ma' for millions of years. It uses appropriate geological dating terminology for a fragmento mafico de uma rocha, with only an added parenthetical clarification '(milhões de anos)' that does not alter the meaning, entities, or interpretation.",1.0,"The actual output matches the expected geological value exactly in semantics: it gives the same age for the mafic fragment, 69,4 ± 1,3 Ma. The added clarification '(milhões de anos)' does not change the meaning and remains consistent with the domain-specific unit Ma. There is no concept confusion, wrong relation, or misuse of geological terminology.",0.5555555555555556,1.0,0.7142857142857143,0.5,1.0,0.6666666666666666,0.5555555555555556,1.0,0.7142857142857143,0.0,0.7272727272727273,
resultados/petrobras-5-mini-com-ontologia-embeddingfirst/batch_eaf69800-ceb2-448a-b8a7-c0f2507b03f7-completo.csv,graphrag,1426,Qual foi a data de um fragmento mafico de uma rocha?,"69,4 ± 1,3 Ma",,"69,4 ± 1,3 Ma (datação Ar–Ar).",1.0,"The score is 1.00 because the response stayed fully focused on identifying the date of um fragmento máfico de uma rocha, with no irrelevant statements. Great job keeping the answer directly aligned with the question.",,Skipped: empty context.,,Skipped: empty context.,,Skipped: empty context.,1.0,"The actual output matches the expected value exactly on the key factual content for the input 'Qual foi a data de um fragmento mafico de uma rocha?': both give 69,4 ± 1,3 Ma. The added note '(datação Ar–Ar)' is a harmless stylistic/detail addition and does not contradict the expected output or introduce any factual error.",1.0,"The actual output includes the essential expected fact exactly: the date '69,4 ± 1,3 Ma'. It preserves the key value and uncertainty for the fragmento mafico de uma rocha, and the added note '(datação Ar–Ar)' does not contradict or omit anything. All critical content from the expected output is covered.",1.0,"The actual output matches the expected geological result exactly in age value and uncertainty for the fragmento mafico: 69,4 ± 1,3 Ma. It also adds a domain-appropriate method qualifier, ""datação Ar–Ar"", which is geologically coherent and does not introduce any incorrect lithology, facies, stratigraphic, reservoir, or relational interpretation. The response is precise, semantically aligned with the input, and uses appropriate geological terminology.",1.0,"The actual output matches the expected date exactly in geological meaning: it provides the same age for the fragmento máfico da rocha, 69,4 ± 1,3 Ma. The added detail ""(datação Ar–Ar)"" is consistent with the domain and does not alter the entity, class, or relation requested by the input. There is no concept confusion, inversion, or misuse of geological terminology, and the concise answer preserves the intended semantics.",0.5555555555555556,1.0,0.7142857142857143,0.5,1.0,0.6666666666666666,0.5555555555555556,1.0,0.7142857142857143,0.0,0.8,
resultados/petrobras-5-mini-com-ontologia-embeddingfirst/batch_eaf69800-ceb2-448a-b8a7-c0f2507b03f7-completo.csv,rag,1429,Como é chamada a descontinuidade crustal?,Arco de São Mateus,,É denominada Arco de São Mateus.,0.0,"The score is 0.00 because the answer does not identify the geological term for the crustal discontinuity asked in ""Como é chamada a descontinuidade crustal?"" and instead mentions ""Arco de São Mateus,"" which is unrelated to the question.",,Skipped: empty context.,,Skipped: empty context.,,Skipped: empty context.,1.0,"The actual output matches the expected output in meaning for the input 'Como é chamada a descontinuidade crustal?'. It correctly gives 'Arco de São Mateus', and the only difference is the added phrasing 'É denominada' and punctuation, which are harmless stylistic variations under the evaluation steps. There are no factual contradictions or mistakes relative to the expected output.",1.0,"The actual output correctly identifies the descontinuidade crustal as ""Arco de São Mateus,"" matching the expected output exactly in entity and meaning. The only difference is the added introductory wording ""É denominada,"" which does not omit or alter any essential information, so it remains fully aligned with the expected answer for the given input.",1.0,"The response matches the expected geological entity exactly: it identifies the descontinuidade crustal as ""Arco de São Mateus,"" which is the same term given in the expected output. It uses appropriate geological nomenclature and introduces no incorrect lithologic, stratigraphic, facies, or reservoir concepts. The only difference is the added phrasing ""É denominada,"" which does not change the geological meaning.",1.0,"The actual output matches the expected geological entity exactly in meaning: both identify the descontinuidade crustal as ""Arco de São Mateus"". It stays aligned with the expected concept, entity, and naming relation, with no concept confusion, inverted relation, or domain misuse. The added phrasing ""É denominada"" is concise and does not change the intended geological semantics.",0.8333333333333334,1.0,0.9090909090909092,0.8,1.0,0.888888888888889,0.8333333333333334,1.0,0.9090909090909092,0.0,0.8,
resultados/petrobras-5-mini-com-ontologia-embeddingfirst/batch_eaf69800-ceb2-448a-b8a7-c0f2507b03f7-completo.csv,graphrag,1429,Como é chamada a descontinuidade crustal?,Arco de São Mateus,,Arco de São Mateus.,0.0,"The score is 0.00 because the response ""Arco de São Mateus."" is irrelevant to the question ""Como é chamada a descontinuidade crustal?"" It names a geological structure instead of the crustal discontinuity being asked, so it does not address the input at all.",,Skipped: empty context.,,Skipped: empty context.,,Skipped: empty context.,1.0,"The actual output matches the expected output in meaning and content for the input ""Como é chamada a descontinuidade crustal?"": both give ""Arco de São Mateus"". The only difference is a trailing period in the actual output, which is a harmless stylistic variation and not a factual contradiction.",1.0,"The actual output matches the expected output exactly in the essential content for the input ""Como é chamada a descontinuidade crustal?"": both identify the entity as ""Arco de São Mateus"". The only difference is terminal punctuation, which does not omit or alter any important fact, so alignment is complete.",1.0,"The actual output matches the expected geological entity exactly in substance: both identify the crustal discontinuity as ""Arco de São Mateus,"" differing only by a final period. It uses an appropriate geological term and preserves the correct named feature without introducing incorrect lithologic, stratigraphic, facies, or reservoir concepts. This is semantically coherent and fully aligned with the expected relation in the test case.",1.0,"The actual output matches the expected output semantically and exactly on the key geological entity in the test case: both identify the descontinuidade crustal as ""Arco de São Mateus"". There is no concept confusion, role inversion, or misuse of geological terminology; the only difference is terminal punctuation, which does not affect meaning.",1.0,1.0,1.0,1.0,1.0,1.0,1.0,1.0,1.0,1.0,1.0,
resultados/petrobras-5-mini-com-ontologia-embeddingfirst/batch_eaf69800-ceb2-448a-b8a7-c0f2507b03f7-completo.csv,rag,1430,Qual é a área das rochas piroclásticas ácidas encontradas na região nordeste de Minas Gerais?,75km de comprimento por 25km de largura,,Aproximadamente 1875 km² (75 km × 25 km).,1.0,"The score is 1.00 because the answer is fully relevant to the question, directly addressing the área das rochas piroclásticas ácidas na região nordeste de Minas Gerais with no irrelevant statements. Great job keeping the response focused and on point.",,Skipped: empty context.,,Skipped: empty context.,,Skipped: empty context.,0.9,"The actual output matches the expected dimensions from the test case, stating approximately 1875 km² derived from 75 km × 25 km, which is consistent with the expected output of ""75km de comprimento por 25km de largura"". There is no factual contradiction, but it answers with computed area plus dimensions instead of only the dimensions requested in the expected output, so there is a small mismatch in format/content.",1.0,"The actual output captures all essential facts from the expected output: the dimensions of the rochas piroclásticas ácidas na região nordeste de Minas Gerais as 75 km by 25 km. It also adds the derived area of aproximadamente 1875 km², which is consistent with those dimensions and does not conflict with the expected output. Under the evaluation steps, concise wording is acceptable when all key elements are covered.",0.8,"The response is geologically acceptable because it refers to the area of 'rochas piroclásticas ácidas' without misusing lithologic or stratigraphic concepts. It correctly infers the area from the expected dimensions in the test case (75 km × 25 km = 1875 km²), showing coherent interpretation. However, it does not match the expected output format, which specifies the dimensions ('75km de comprimento por 25km de largura') rather than the computed area, so alignment with the expected geological description is only partial.",1.0,"The actual output is semantically aligned with the expected output: it preserves the key geological quantity by restating the dimensions of the rochas piroclásticas ácidas in nordeste de Minas Gerais as 75 km × 25 km and additionally computes the area as approximately 1875 km². There is no concept confusion, no inverted relation, and the domain meaning remains correct despite being more explicit than the expected phrasing.",0.0,0.0,0.0,0.0,0.0,0.0,0.0,0.0,0.0,0.0,0.0,
resultados/petrobras-5-mini-com-ontologia-embeddingfirst/batch_eaf69800-ceb2-448a-b8a7-c0f2507b03f7-completo.csv,graphrag,1430,Qual é a área das rochas piroclásticas ácidas encontradas na região nordeste de Minas Gerais?,75km de comprimento por 25km de largura,,Ocupa cerca de 75 km de comprimento por 25 km de largura — aproximadamente 1.875 km².,1.0,"The score is 1.00 because the answer is fully relevant to the question, directly addressing the área das rochas piroclásticas ácidas na região nordeste de Minas Gerais with no irrelevant statements. Great job staying focused and precise.",,Skipped: empty context.,,Skipped: empty context.,,Skipped: empty context.,1.0,"The actual output matches the expected dimensions for the rochas piroclásticas ácidas na região nordeste de Minas Gerais, correctly stating 75 km de comprimento por 25 km de largura. It adds an approximate area calculation of 1.875 km², which is consistent with the given dimensions and does not contradict the expected output. The extra wording is a harmless stylistic difference rather than a factual error.",1.0,"The actual output fully preserves the essential facts from the expected output: the dimensions of the rochas piroclásticas ácidas in the nordeste de Minas Gerais region as 75 km de comprimento por 25 km de largura. It adds an approximate area calculation (1.875 km²), which is consistent with the input question asking for área and does not omit any required element. The wording is concise and aligned with the expected content.",1.0,"The response aligns very well with the expected geological content: it correctly identifies the extent of the rochas piroclásticas ácidas in the região nordeste de Minas Gerais as 75 km de comprimento por 25 km de largura, matching the expected dimensions. It uses appropriate domain wording for spatial extent and adds a coherent derived area calculation (aproximadamente 1.875 km²) without introducing incorrect lithologies, facies, stratigraphic terms, or geological relations.",1.0,"The actual output is semantically aligned with the expected output: it preserves the key geological quantity and dimensions for the área das rochas piroclásticas ácidas na região nordeste de Minas Gerais by stating ""75 km de comprimento por 25 km de largura"". The added approximation of ""1.875 km²"" is consistent with those dimensions and does not introduce geological concept confusion, wrong entities, or inverted relations. The response remains concise while preserving the intended meaning.",0.3125,0.7142857142857143,0.4347826086956521,0.2,0.5,0.2857142857142857,0.3125,0.7142857142857143,0.4347826086956521,0.0,0.4545454545454545,
resultados/petrobras-5-mini-com-ontologia-embeddingfirst/batch_eaf69800-ceb2-448a-b8a7-c0f2507b03f7-completo.csv,rag,1436,Qual a idade geocronológica indicada pela datação Ar-Ar de um fragmento máfico?,"69,4 ± 1,3 Ma",,"69,4 ± 1,3 Ma (ou seja, ≈ 69 milhões de anos).",1.0,"The score is 1.00 because the response was fully relevant to the question about the idade geocronológica indicada pela datação Ar-Ar de um fragmento máfico, with no irrelevant statements. Great job staying directly on topic and addressing exactly what was asked.",,Skipped: empty context.,,Skipped: empty context.,,Skipped: empty context.,1.0,"The actual output matches the expected value exactly on the key content: it gives the idade geocronológica as 69,4 ± 1,3 Ma for the fragmento máfico. The added parenthetical 'ou seja, ≈ 69 milhões de anos' is a harmless paraphrase of the same value, not a contradiction or factual error, so it should not be penalized under the evaluation steps.",1.0,"The actual output contains the essential geocronological age exactly as expected: 69,4 ± 1,3 Ma. The added clarification '(≈ 69 milhões de anos)' does not omit or alter any important fact, entity, or relation from the expected output, so it remains fully aligned with the required answer.",1.0,"The actual output matches the expected geochronological age exactly in content, correctly using the domain term and unit '69,4 ± 1,3 Ma'. It also adds a semantically coherent clarification '(≈ 69 milhões de anos)' that remains geologically appropriate for Ar-Ar dating of a fragmento máfico. There is no misuse of lithology, stratigraphic, reservoir, or geological concepts, and the interpretation stays precise and aligned with the input.",1.0,"The actual output matches the expected geochronological age exactly in geological meaning: it preserves the Ar-Ar dating result for the fragmento máfico as 69,4 ± 1,3 Ma. The added clarification '(≈ 69 milhões de anos)' is semantically consistent, does not alter the age, and introduces no confusion about concepts, entities, or relations.",0.4166666666666667,1.0,0.5882352941176471,0.3636363636363636,1.0,0.5333333333333333,0.4166666666666667,1.0,0.5882352941176471,0.0,0.5333333333333333,
resultados/petrobras-5-mini-com-ontologia-embeddingfirst/batch_eaf69800-ceb2-448a-b8a7-c0f2507b03f7-completo.csv,graphrag,1436,Qual a idade geocronológica indicada pela datação Ar-Ar de um fragmento máfico?,"69,4 ± 1,3 Ma",,"69,4 ± 1,3 Ma.",1.0,"The score is 1.00 because the response is fully relevant to the question about the idade geocronológica indicada pela datação Ar-Ar de um fragmento máfico, with no irrelevant statements. Great job staying completely on topic.",,Skipped: empty context.,,Skipped: empty context.,,Skipped: empty context.,1.0,"The actual output matches the expected output exactly in content for the input asking the idade geocronológica pela datação Ar-Ar de um fragmento máfico: both state 69,4 ± 1,3 Ma. The only difference is terminal punctuation, which is a harmless stylistic variation and not a factual contradiction or mistake.",1.0,"The actual output exactly matches the essential expected content for the input asking the idade geocronológica indicada pela datação Ar-Ar de um fragmento máfico: it provides the same value and uncertainty, ""69,4 ± 1,3 Ma"". The only difference is terminal punctuation, which does not omit or alter any important fact, entity, or relation.",1.0,"The actual output matches the expected geochronological age exactly in geological content: it gives the Ar-Ar dating result for a 'fragmento máfico' as '69,4 ± 1,3 Ma', using correct domain notation for age and uncertainty. It is precise, semantically coherent, and contains no misuse of geological terminology, lithology, or stratigraphic concepts. The only difference is terminal punctuation, which does not affect alignment with the evaluation steps.",1.0,"The actual output matches the expected output exactly in geological content for the input asking the geochronological age indicated by Ar-Ar dating of a mafic fragment: both give 69,4 ± 1,3 Ma. The only difference is terminal punctuation, which does not affect semantic alignment, geological meaning, entities, or relations.",1.0,1.0,1.0,1.0,1.0,1.0,1.0,1.0,1.0,1.0,1.0,
resultados/petrobras-5-mini-com-ontologia-embeddingfirst/batch_eaf69800-ceb2-448a-b8a7-c0f2507b03f7-completo.csv,rag,1439,"O que controlaria os fenômenos neotectônicos, o padrão de drenagem e a circulação de fluidos na região?","a uma descontinuidade crustal denominada Arco de São Mateus,",,As reativações da descontinuidade crustal denominada Arco de São Mateus — uma zona de profundas fissuras na crosta.,1.0,"The score is 1.00 because the answer appears fully relevant to the question, with no irrelevant statements identified. It stays at the maximum score since it addresses the asked topic cleanly and directly—great job.",,Skipped: empty context.,,Skipped: empty context.,,Skipped: empty context.,0.8,"The actual output is well aligned with the expected output because it identifies the same controlling feature, the descontinuidade crustal denominada Arco de São Mateus, in response to what controls os fenômenos neotectônicos, o padrão de drenagem e a circulação de fluidos na região. It adds extra detail about reativações and describes it as a zona de profundas fissuras na crosta, which is not contradicted by the expected output. The main shortcoming is that it slightly shifts the phrasing from attribution to the discontinuity itself to emphasizing its reactivations, so it is not an exact match.",1.0,"The actual output correctly identifies the essential entity and relation from the expected output: that the controlling factor is the crustal discontinuity called ""Arco de São Mateus."" It preserves the key fact from the test case and remains aligned with the input question about what controls neotectonic phenomena, drainage pattern, and fluid circulation. Although it adds extra detail about reactivations and deep fissures, it does not omit any important expected information.",0.8,"The response is geologically appropriate and aligns well with the expected idea that neotectonics, drainage pattern, and fluid circulation are controlled by a crustal discontinuity, specifically the Arco de São Mateus. It correctly uses domain terms like ""reativações"" and ""descontinuidade crustal,"" and preserves the key geological entity. A small penalty is warranted because it adds an interpretive gloss — ""uma zona de profundas fissuras na crosta"" — that is not present in the expected output and may over-specify the concept rather than matching the concise expected relation.",0.9,"The actual output is semantically well aligned with the expected output: both identify the controlling factor as the descontinuidade crustal denominada Arco de São Mateus. It preserves the key geological entity and concept from the test case about what controls neotectonic phenomena, drainage pattern, and fluid circulation. A small deduction is warranted because it shifts the relation slightly to ""As reativações"" of that structure and adds ""uma zona de profundas fissuras na crosta,"" which is extra interpretation not present in the expected output.",0.4736842105263157,0.9,0.6206896551724138,0.3888888888888889,0.7777777777777778,0.5185185185185185,0.4210526315789473,0.8,0.5517241379310345,0.0,0.6153846153846153,
resultados/petrobras-5-mini-com-ontologia-embeddingfirst/batch_eaf69800-ceb2-448a-b8a7-c0f2507b03f7-completo.csv,graphrag,1439,"O que controlaria os fenômenos neotectônicos, o padrão de drenagem e a circulação de fluidos na região?","a uma descontinuidade crustal denominada Arco de São Mateus,",,As reativações posteriores da estrutura crustal do Arco de São Mateus (reativações estruturais do Arco de São Mateus).,1.0,"The score is 1.00 because the answer appears fully relevant to the question, with no irrelevant statements identified. It stays at the maximum score for directly addressing what controlaria os fenômenos neotectônicos, o padrão de drenagem e a circulação de fluidos na região—great job keeping the response focused.",,Skipped: empty context.,,Skipped: empty context.,,Skipped: empty context.,0.7,"The actual output captures the same core idea as the expected output: the phenomena are controlled by the crustal discontinuity/structure called the Arco de São Mateus. It stays aligned with the test case input about fenômenos neotectônicos, padrão de drenagem e circulação de fluidos. However, it shifts the answer from the expected 'a uma descontinuidade crustal denominada Arco de São Mateus' to 'reativações posteriores da estrutura crustal', adding a different emphasis on later reactivations rather than directly naming the crustal discontinuity itself. This is a partial mismatch, but not a strong factual contradiction.",0.9,"The actual output captures the key entity and relation from the expected output: it identifies the Arco de São Mateus as the crustal structure controlling the phenomena, which aligns with the expected 'descontinuidade crustal denominada Arco de São Mateus'. It adds 'reativações posteriores' and 'reativações estruturais', which are not in the expected output but remain relevant to the input. The main shortcoming is that it does not explicitly state 'descontinuidade crustal', so one important descriptive element is omitted.",0.9,"The actual output is geologically appropriate and closely matches the expected interpretation by identifying the Arco de São Mateus as the controlling crustal structure. It uses coherent tectonic terminology such as ""reativações"" and ""estrutura crustal,"" which fits the question about neotectonics, drainage, and fluid circulation. A small deduction is warranted because it shifts from the expected phrasing of a ""descontinuidade crustal denominada Arco de São Mateus"" to emphasizing later structural reactivations, adding a nuance not explicit in the expected output.",0.8,"The actual output is semantically close to the expected answer because it identifies the same geological entity, the Arco de São Mateus, as controlling the neotectonic phenomena, drainage pattern, and fluid circulation mentioned in the input. It preserves the core geological concept of crustal structure/discontinuity, but shifts the relation slightly by emphasizing 'reativações posteriores' rather than directly stating 'uma descontinuidade crustal denominada Arco de São Mateus'. This introduces a modest role change from the crustal discontinuity itself to its later reactivations, so alignment is strong but not exact.",0.2727272727272727,0.6,0.3749999999999999,0.1904761904761904,0.4444444444444444,0.2666666666666666,0.2727272727272727,0.6,0.3749999999999999,0.0,0.3703703703703704,
resultados/petrobras-5-mini-com-ontologia-embeddingfirst/batch_eaf69800-ceb2-448a-b8a7-c0f2507b03f7-completo.csv,rag,1440,Qual é a idade do fragmento máfico mencionado no texto?,"69,4 ± 1,3 Ma",,"Foi datado em 69,4 ± 1,3 Ma (milhões de anos).",1.0,"The score is 1.00 because the answer is fully relevant to the question about the idade do fragmento máfico, with no irrelevant statements. Great job staying completely on topic.",,Skipped: empty context.,,Skipped: empty context.,,Skipped: empty context.,1.0,"The actual output matches the expected value exactly in meaning: it gives the idade do fragmento máfico as 69,4 ± 1,3 Ma. The added phrase ""Foi datado em"" and the clarification ""(milhões de anos)"" are harmless wording differences and do not introduce any factual contradiction or mistake relative to the expected output.",1.0,"The essential fact in the expected output is the age value ""69,4 ± 1,3 Ma"" for the fragmento máfico. The actual output includes that exact age and uncertainty, preserving the key numerical information from the test case. The added wording ""Foi datado em"" and the clarification ""(milhões de anos)"" do not omit or alter any required element, so it fully covers the expected content.",1.0,"The actual output matches the expected geological age exactly in content, preserving the domain-appropriate unit 'Ma' and the uncertainty '± 1,3'. It uses correct geochronological terminology for the question about the fragmento máfico, with only a minor added phrase ('Foi datado em' and 'milhões de anos') that does not alter the geological meaning or relation.",1.0,"The actual output matches the expected age exactly in geological meaning, giving the fragmento máfico age as 69,4 ± 1,3 Ma. The added phrase ""Foi datado em"" and the clarification ""(milhões de anos)"" do not alter the semantics, entities, or relation asked in the input, and there is no concept confusion or domain misuse.",0.4166666666666667,1.0,0.5882352941176471,0.3636363636363636,1.0,0.5333333333333333,0.4166666666666667,1.0,0.5882352941176471,0.0,0.5714285714285715,
resultados/petrobras-5-mini-com-ontologia-embeddingfirst/batch_eaf69800-ceb2-448a-b8a7-c0f2507b03f7-completo.csv,graphrag,1440,Qual é a idade do fragmento máfico mencionado no texto?,"69,4 ± 1,3 Ma",,"69,4 ± 1,3 Ma (≈ 69,4 milhões de anos).",1.0,The score is 1.00 because the answer is fully relevant to the question about the idade do fragmento máfico and includes no irrelevant information. Great job keeping the response precise and on-topic.,,Skipped: empty context.,,Skipped: empty context.,,Skipped: empty context.,1.0,"The actual output matches the expected age value exactly on the key fact from the input: ""69,4 ± 1,3 Ma"" for the idade do fragmento máfico. The added parenthetical ""(≈ 69,4 milhões de anos)"" is a harmless rephrasing of Ma into millions of years and does not introduce any factual contradiction. This aligns strongly with the evaluation steps, with only a minor stylistic difference from the expected output.",1.0,"The actual output correctly includes the essential fact from the expected output: the idade do fragmento máfico is ""69,4 ± 1,3 Ma"". It also adds a parenthetical paraphrase in milhões de anos, but this does not change or omit any required information from the test case, so it remains fully aligned.",1.0,"The actual output matches the expected geological age exactly in domain-appropriate notation, preserving the isotopic/geochronological unit 'Ma' and the uncertainty '± 1,3'. The added gloss '(≈ 69,4 milhões de anos)' is semantically consistent and does not introduce any geological misuse, incorrect stratigraphic interpretation, or domain error.",1.0,"The actual output matches the expected geological value exactly in substance: it gives the idade do fragmento máfico as 69,4 ± 1,3 Ma, preserving the same entity and measurement without introducing concept confusion or relation errors. The added parenthetical explanation '(≈ 69,4 milhões de anos)' is semantically consistent and does not change the meaning, so alignment remains very strong.",0.4545454545454545,1.0,0.625,0.4,1.0,0.5714285714285715,0.4545454545454545,1.0,0.625,0.0,0.6153846153846153,
resultados/petrobras-5-mini-com-ontologia-embeddingfirst/batch_eaf69800-ceb2-448a-b8a7-c0f2507b03f7-completo.csv,rag,1441,O que é a Fm. Rio Doce?,"arenitos médios a muito grossos, quartzozos, feldspáticos, com cores cinza-esverdeadas, maciços ou com estratificações cruzadas",,"A Fm. Rio Doce é a Formação Rio Doce — uma unidade sedimentar (terciária) constituída por arenitos médios a muito grossos, quartzosos e feldspáticos (cinza‑esverdeados), maciços ou com estratificação cruzada, mal selecionados, pouco lamosos, fortemente litificados e cimentados por sílica criptocristalina; junto ao contato com vulcânicas pode aparecer totalmente silicificada (""cozida"").",1.0,"The score is 1.00 because the response is fully relevant to the question about ""Fm. Rio Doce"" and does not include any irrelevant statements. Great job staying focused and directly on topic.",,Skipped: empty context.,,Skipped: empty context.,,Skipped: empty context.,0.9,"The actual output matches the expected core content for 'Fm. Rio Doce': it identifies it as the Formação Rio Doce and includes the key lithologic details from the expected output—'arenitos médios a muito grossos', quartzose/feldspatic composition, 'cinza-esverdeados', and 'maciços ou com estratificação cruzada'. It adds extra attributes such as 'terciária', poor sorting, low mud content, strong lithification, silica cement, and possible silicification near volcanic contact, but these do not contradict the expected output. There is a minor wording/spelling variation ('quartzosos' vs. 'quartzozos') and some additional detail beyond the expected answer, so it is not a perfect exact match.",1.0,"The actual output fully covers the essential facts from the expected output: it identifies the Fm. Rio Doce as a formação and includes all key lithologic descriptors—arenitos médios a muito grossos, quartzosos/quartzozos, feldspáticos, cinza-esverdeados, maciços, and com estratificação/estratificações cruzada(s). It also adds extra details such as idade terciária, litificação, cimentação por sílica e silicificação, but these do not conflict with the expected content and should not be penalized.",0.9,"The response aligns closely with the expected geological description: it correctly identifies the Fm. Rio Doce as a formação sedimentar and matches the key lithologic attributes in the test case, including arenitos médios a muito grossos, quartzosos/feldspáticos, cinza-esverdeados, and maciços ou com estratificação cruzada. It uses appropriate geological terminology and coherent domain language. A small penalty is warranted because it adds unsupported details not present in the expected output, such as 'terciária', 'mal selecionados', 'pouco lamosos', 'fortemente litificados', cimentação por sílica criptocristalina, and silicificação junto ao contato com vulcânicas.",0.9,"The actual output is semantically well aligned with the expected geological description of the Fm. Rio Doce: it correctly identifies it as the Formação Rio Doce and preserves the key lithologic attributes from the test case, including arenitos médios a muito grossos, quartzosos/feldspáticos, cinza-esverdeados, and maciços ou com estratificação cruzada. It stays consistent with the expected geological concepts and does not invert roles or misuse domain terms. A small penalty is warranted because it adds extra details not present in the expected output, such as idade terciária, poor sorting, low mud content, strong lithification, silica cement, and silicification near volcanic contact; these are not contradictory, but they go beyond the target answer.",0.2711864406779661,0.8,0.4050632911392405,0.1724137931034483,0.5263157894736842,0.2597402597402597,0.2542372881355932,0.75,0.3797468354430379,0.0,0.3076923076923076,
resultados/petrobras-5-mini-com-ontologia-embeddingfirst/batch_eaf69800-ceb2-448a-b8a7-c0f2507b03f7-completo.csv,graphrag,1441,O que é a Fm. Rio Doce?,"arenitos médios a muito grossos, quartzozos, feldspáticos, com cores cinza-esverdeadas, maciços ou com estratificações cruzadas",,"É uma formação sedimentar (sedimentos terciários) composta por arenitos médios a muito grossos, quartzozos e feldspáticos, de cor cinza‑esverdeada, maciços ou com estratificação cruzada, mal selecionados, pouco lamosos, muito litificados e cimentados por sílica criptocristalina; frequentemente encontra‑se silicificada junto ao contato com as vulcânicas da Fm. Abrolhos.",1.0,"The score is 1.00 because the answer is fully relevant to the question about ""Fm. Rio Doce,"" with no irrelevant statements included. Great job staying completely on topic.",,Skipped: empty context.,,Skipped: empty context.,,Skipped: empty context.,0.9,"The actual output matches the expected description for 'Fm. Rio Doce' on the key points in the test case: it identifies it as arenitos médios a muito grossos, quartzozos, feldspáticos, de cor cinza-esverdeada, maciços ou com estratificação cruzada. It adds extra details such as 'sedimentos terciários', poor sorting, silicification, and contact with the Fm. Abrolhos, but these do not contradict the expected output. There are no factual conflicts; the only minor issue is that it is more specific and expansive than necessary.",1.0,"The actual output fully covers the essential elements from the expected output: it identifies the Fm. Rio Doce as composed of arenitos médios a muito grossos, quartzozos e feldspáticos, with cor cinza-esverdeada, and notes they are maciços ou com estratificação cruzada. It also adds extra geological details like sedimentos terciários, poor sorting, lithification, and silicification near the contato com a Fm. Abrolhos, but these do not conflict with the expected content.",0.9,"The response uses appropriate geological terminology and aligns closely with the expected description of the Fm. Rio Doce: it correctly identifies it as a formação sedimentar and preserves the key lithologic attributes from the expected output, including arenitos médios a muito grossos, quartzozos, feldspáticos, cor cinza-esverdeada, and ocorrência maciça ou com estratificação cruzada. It also adds coherent domain-specific details such as má seleção, pouca lama, litificação, cimentação por sílica criptocristalina, and silicificação near the contato com as vulcânicas da Fm. Abrolhos. Minor deviation comes from introducing extra stratigraphic/contextual information like 'sedimentos terciários' and reservoir-adjacent descriptive details not present in the expected output, but these do not misuse geological concepts.",0.9,"The actual output is semantically well aligned with the expected description of the Fm. Rio Doce, correctly identifying it as a formação sedimentar and preserving the key lithologic attributes: arenitos médios a muito grossos, quartzozos, feldspáticos, cinza-esverdeados, maciços ou com estratificação cruzada. It adds extra geological details such as poor sorting, low mud content, strong lithification, silica cementation, and relation to the contato com as vulcânicas da Fm. Abrolhos, which do not contradict the expected output. A small penalty is warranted because the added age/class phrase 'sedimentos terciários' and other extensions go beyond the expected concise answer, but there is no major concept confusion or relation inversion.",0.3214285714285714,0.9,0.4736842105263158,0.2363636363636363,0.6842105263157895,0.3513513513513513,0.3035714285714285,0.85,0.4473684210526316,0.0,0.3548387096774194,
resultados/petrobras-5-mini-com-ontologia-embeddingfirst/batch_eaf69800-ceb2-448a-b8a7-c0f2507b03f7-completo.csv,rag,1442,Como são os sedimentos da Fm. Rio Doce?,"mal selecionados, pouco lamosos e extremamente litificados, com os grãos cimentados por sílica criptocristalina",,"São arenitos médios a muito grossos, quartzozos e feldspáticos, de cor cinza‑esverdeada, maciços ou com estratificações cruzadas; os sedimentos são mal selecionados, pouco lamosos e extremamente litificados, com grãos cimentados por sílica criptocristalina.",1.0,"The score is 1.00 because the answer is fully relevant to the question about os sedimentos da Fm. Rio Doce, with no irrelevant statements. Great job staying completely on topic.",,Skipped: empty context.,,Skipped: empty context.,,Skipped: empty context.,0.9,"The actual output fully includes the expected description of the Fm. Rio Doce sediments: ""mal selecionados, pouco lamosos e extremamente litificados, com grãos cimentados por sílica criptocristalina,"" matching the key required properties from the test case. It adds extra lithologic details such as ""arenitos médios a muito grossos"" and color/structures, but these do not contradict the expected output. There are no clear factual mistakes relative to the expected answer, only additional information beyond what was required.",1.0,"The actual output fully includes all essential elements from the expected output: it states that the sedimentos da Fm. Rio Doce are ""mal selecionados, pouco lamosos e extremamente litificados"" and that the grãos are ""cimentados por sílica criptocristalina."" Although it adds extra lithologic details such as arenitos médios a muito grossos and cor cinza-esverdeada, those do not conflict with the expected content and should not be penalized.",0.8,"The actual output uses appropriate geological terminology such as 'arenitos', 'mal selecionados', 'pouco lamosos', 'litificados' and 'cimentados por sílica criptocristalina', which aligns well with the expected description and shows domain coherence. It correctly includes the core expected attributes for the sedimentos da Fm. Rio Doce. However, it adds extra lithologic and textural details like 'médios a muito grossos', 'quartzozos e feldspáticos', 'cor cinza-esverdeada', and 'estratificações cruzadas' that are not present in the expected output, so alignment is strong but not exact.",0.9,"The actual output preserves the core expected geological semantics for the sediments of the Fm. Rio Doce: it explicitly includes 'mal selecionados, pouco lamosos e extremamente litificados' and 'grãos cimentados por sílica criptocristalina', which match the expected description. It also stays aligned with the domain concepts and roles, correctly describing sediment properties rather than introducing unrelated entities or inverted relations. A small penalty is appropriate because it adds extra lithologic details ('arenitos médios a muito grossos, quartzozos e feldspáticos', color, and structures) that go beyond the expected output, but these additions are consistent rather than contradictory.",0.3809523809523809,1.0,0.5517241379310345,0.3170731707317073,0.8666666666666667,0.4642857142857143,0.3571428571428571,0.9375,0.5172413793103449,0.0,0.5957446808510638,
resultados/petrobras-5-mini-com-ontologia-embeddingfirst/batch_eaf69800-ceb2-448a-b8a7-c0f2507b03f7-completo.csv,graphrag,1442,Como são os sedimentos da Fm. Rio Doce?,"mal selecionados, pouco lamosos e extremamente litificados, com os grãos cimentados por sílica criptocristalina",,"São arenitos terciários de médios a muito grossos, quartzozos e feldspáticos, de cor cinza‑esverdeada, maciços ou com estratificações cruzadas; mal selecionados, pouco lamosos e extremamente litificados, com grãos cimentados por sílica criptocristalina; próximos às vulcânicas estão totalmente silicificados (""cozidos"").",1.0,"The score is 1.00 because the answer is fully relevant to the question about os sedimentos da Fm. Rio Doce, with no irrelevant statements. Great job staying completely on topic.",,Skipped: empty context.,,Skipped: empty context.,,Skipped: empty context.,0.9,"The actual output includes the full expected description: ""mal selecionados, pouco lamosos e extremamente litificados, com grãos cimentados por sílica criptocristalina"", which matches the key sediment characteristics asked in the input about the Fm. Rio Doce. It adds extra details about grain size, composition, color, structures, and silicification near volcanic rocks, but these do not contradict the expected output. A small penalty is appropriate because the response is more expansive than necessary, though factually aligned with the expected content.",1.0,"The actual output fully includes all essential elements from the expected output: it states that the sedimentos are ""mal selecionados, pouco lamosos e extremamente litificados"" and that the grãos are ""cimentados por sílica criptocristalina."" The extra details about arenitos terciários, composição, cor, estratificação, and silicificação near vulcânicas do not conflict with the expected content, so coverage is complete.",0.8,"The actual output uses appropriate geological terminology and concepts, such as granulometry, composition, selection, stratification, lithification, and silica cementation, which aligns well with the domain-focused evaluation steps. It fully includes the expected description: ""mal selecionados, pouco lamosos e extremamente litificados, com grãos cimentados por sílica criptocristalina"". However, it also adds extra stratigraphic and lithologic details not present in the expected output, including ""arenitos terciários"", ""quartzozos e feldspáticos"", sediment color, and silicification near volcanics (""cozidos""). These additions are geologically coherent, but because they go beyond the expected answer, alignment is strong rather than exact.",0.9,"The actual output preserves the core geological semantics expected for the sedimentos da Fm. Rio Doce: it explicitly includes 'mal selecionados, pouco lamosos e extremamente litificados' and 'grãos cimentados por sílica criptocristalina', matching the key lithologic properties and relation in the expected output. It also stays within the correct domain context by describing the sediments themselves. A small penalty is warranted because it adds extra details about grain size, composition, color, structures, and silicification near vulcanics that are not required by the expected answer, though these additions do not contradict the expected geology.",0.3137254901960784,1.0,0.4776119402985074,0.26,0.8666666666666667,0.4,0.2941176470588235,0.9375,0.4477611940298507,0.0,0.4905660377358491,
resultados/petrobras-5-mini-com-ontologia-embeddingfirst/batch_eaf69800-ceb2-448a-b8a7-c0f2507b03f7-completo.csv,rag,1443,Qual é a direção das rochas piroclásticas ácidas mencionadas por Raposo et al.?,NE-SW,,NE–SW (nordeste–sudoeste).,1.0,"The score is 1.00 because the answer is fully relevant to the question, directly addressing the direção das rochas piroclásticas ácidas mencionadas por Raposo et al. with no irrelevant information. Great job keeping the response precise and on-topic.",,Skipped: empty context.,,Skipped: empty context.,,Skipped: empty context.,1.0,"The actual output matches the expected direction for the input about the rochas piroclásticas ácidas mentioned by Raposo et al.: it gives ""NE–SW"", which is equivalent to the expected ""NE-SW"". The added Portuguese expansion ""(nordeste–sudoeste)"" is a harmless stylistic clarification and does not introduce any factual contradiction or mistake.",1.0,"The expected output contains a single essential fact: the direction of the rochas piroclásticas ácidas is NE-SW. The actual output fully matches this relation by giving ""NE–SW"" and adds the Portuguese expansion ""(nordeste–sudoeste)"", which is consistent with the input. There are no omissions or contradictions, and the extra wording does not reduce alignment.",1.0,"The response matches the expected geological orientation exactly in meaning: it gives the direction of the rochas piroclásticas ácidas as NE–SW, which is equivalent to the expected NE-SW. It uses appropriate directional/geological notation and adds the Portuguese expansion 'nordeste–sudoeste' without introducing any incorrect lithologic, stratigraphic, or reservoir concepts.",1.0,"The actual output matches the expected direction semantically: it gives ""NE–SW"" and adds the Portuguese clarification ""nordeste–sudoeste,"" which preserves the same geological orientation requested in the input about the rochas piroclásticas ácidas mencionadas por Raposo et al. There is no concept confusion, relation inversion, or misuse of geological meaning; the concise answer remains fully aligned.",0.5,1.0,0.6666666666666666,0.3333333333333333,1.0,0.5,0.5,1.0,0.6666666666666666,0.0,0.6666666666666666,
resultados/petrobras-5-mini-com-ontologia-embeddingfirst/batch_eaf69800-ceb2-448a-b8a7-c0f2507b03f7-completo.csv,graphrag,1443,Qual é a direção das rochas piroclásticas ácidas mencionadas por Raposo et al.?,NE-SW,,Elas têm direção NE–SW (nordeste–sudoeste).,1.0,"The score is 1.00 because the answer is fully relevant to the question, directly addressing the direção das rochas piroclásticas ácidas mencionadas por Raposo et al. with no irrelevant statements. Great job staying precise and on topic.",,Skipped: empty context.,,Skipped: empty context.,,Skipped: empty context.,1.0,"The actual output matches the expected direction given in the test case: it states ""NE–SW"" and adds the equivalent Portuguese explanation ""nordeste–sudoeste"". There is no factual contradiction relative to the expected output ""NE-SW""; the only differences are formatting and harmless elaboration, which should not be penalized under the evaluation steps.",1.0,"The expected output requires the direction ""NE-SW"" for the rochas piroclásticas ácidas mentioned by Raposo et al. The actual output correctly gives ""NE–SW"" and adds the Portuguese expansion ""nordeste–sudoeste,"" which is consistent with the expected relation. It covers the essential fact with no omission, and the extra wording should not be penalized.",1.0,"The response matches the expected geological orientation exactly: it gives the direção of the rochas piroclásticas ácidas as NE–SW, which is the same as the expected 'NE-SW'. It uses appropriate geological directional terminology and adds a correct Portuguese gloss '(nordeste–sudoeste)' without introducing any incorrect lithologic, stratigraphic, or reservoir concepts.",1.0,"The actual output matches the expected geological direction exactly in semantic terms: it identifies the rochas piroclásticas ácidas as having direção NE–SW, which is the same orientation as the expected 'NE-SW'. The added gloss '(nordeste–sudoeste)' remains consistent with the domain meaning and does not introduce any concept confusion, wrong relation, or geological mismatch. It is concise while preserving the intended semantics from the input.",0.2222222222222222,1.0,0.3636363636363636,0.125,1.0,0.2222222222222222,0.2222222222222222,1.0,0.3636363636363636,0.0,0.3333333333333333,
resultados/petrobras-5-mini-com-ontologia-embeddingfirst/batch_eaf69800-ceb2-448a-b8a7-c0f2507b03f7-completo.csv,rag,1445,Qual é a coluna de hidrocarbonetos constatada?,"255 m,",,A coluna constatada foi de 255 m (255 metros).,1.0,"The score is 1.00 because the answer appears fully relevant to the question about ""a coluna de hidrocarbonetos constatada,"" with no irrelevant statements identified. Great job staying directly on topic.",,Skipped: empty context.,,Skipped: empty context.,,Skipped: empty context.,1.0,"The actual output matches the expected content for the input asking 'Qual é a coluna de hidrocarbonetos constatada?'. It correctly gives '255 m' and only adds a harmless restatement in words ('255 metros'), with no factual contradiction or mistake relative to the expected output '255 m,'.",1.0,"The expected output contains one essential fact: the hydrocarbon column is 255 m. The actual output fully preserves this value and unit with no contradiction, stating ""255 m (255 metros)"". Although it adds extra wording beyond the expected concise format ""255 m,"", it covers all required content from the test case, so no omission penalty applies.",0.9,"The response correctly identifies the hydrocarbon column as 255 m, matching the expected output and staying semantically coherent with the input question about 'coluna de hidrocarbonetos constatada'. It uses appropriate domain wording ('coluna constatada') and introduces no geological misuse, though it is slightly more verbose than the expected concise form '255 m,'.",1.0,"The actual output matches the expected geological content exactly: it identifies the hydrocarbon column as 255 m, which is the key entity and value requested by 'Qual é a coluna de hidrocarbonetos constatada?'. Although phrased as a full sentence and repeating the unit as '255 metros', it preserves the same semantic meaning, uses the correct geological concept ('coluna constatada'), and introduces no role inversion, domain confusion, or incorrect relation.",0.2222222222222222,1.0,0.3636363636363636,0.125,1.0,0.2222222222222222,0.2222222222222222,1.0,0.3636363636363636,0.0,0.3636363636363636,
resultados/petrobras-5-mini-com-ontologia-embeddingfirst/batch_eaf69800-ceb2-448a-b8a7-c0f2507b03f7-completo.csv,graphrag,1445,Qual é a coluna de hidrocarbonetos constatada?,"255 m,",,A coluna de hidrocarbonetos constatada foi de 255 m.,1.0,"The score is 1.00 because the answer appears fully relevant to the question about ""a coluna de hidrocarbonetos constatada,"" with no irrelevant statements identified. Great job staying directly on topic.",,Skipped: empty context.,,Skipped: empty context.,,Skipped: empty context.,1.0,"The actual output matches the expected content exactly in meaning: it identifies the coluna de hidrocarbonetos constatada as 255 m for the given input. There are no factual contradictions or mistakes; the only differences are harmless wording and sentence framing compared with the shorter expected output '255 m,'.",1.0,"The essential fact in the expected output is the measured hydrocarbon column value, 255 m. The actual output correctly includes this exact value and answers the question directly. Although it adds surrounding words and omits the trailing comma from the expected output, no important information is missing, so it aligns strongly with the required content.",1.0,"The response matches the expected geological quantity exactly: it identifies the hydrocarbon column as 255 m, which is the key entity asked in 'Qual é a coluna de hidrocarbonetos constatada?'. It uses appropriate domain terminology ('coluna de hidrocarbonetos') without introducing incorrect lithologic, stratigraphic, facies, or reservoir concepts. The only minor difference from the expected output is added sentence framing instead of just '255 m', but semantically it is fully coherent and correct.",1.0,"The actual output matches the expected geological content exactly: it identifies the hydrocarbon column ('coluna de hidrocarbonetos constatada') as 255 m, preserving the correct entity and value with no concept confusion, relation inversion, or domain misuse. Although phrased as a full sentence instead of the terse expected form '255 m,', it remains semantically aligned and concise.",0.2222222222222222,1.0,0.3636363636363636,0.125,1.0,0.2222222222222222,0.2222222222222222,1.0,0.3636363636363636,0.0,0.3636363636363636,
resultados/petrobras-5-mini-com-ontologia-embeddingfirst/batch_eaf69800-ceb2-448a-b8a7-c0f2507b03f7-completo.csv,rag,1446,O que foi adotado para identificar a constância dos reservatórios?,a subdivisão em zonas produtoras diferenciadas,,"A subdivisão em zonas produtoras diferenciadas proposta por Andrade e Saito, usando os códigos B1 (superior), B2 (média) e B3 (inferior).",1.0,"The score is 1.00 because the response stayed fully focused on what was asked about identifying the constância dos reservatórios, with no irrelevant statements. Great job keeping it precise and directly relevant.",,Skipped: empty context.,,Skipped: empty context.,,Skipped: empty context.,0.9,"The actual output matches the expected core answer for the input about identifying the constância dos reservatórios by stating “a subdivisão em zonas produtoras diferenciadas.” It adds extra details (“proposta por Andrade e Saito” and the códigos B1, B2, B3) that are not required by the expected output, but they do not contradict it. Since the meaning remains correct and there is no factual conflict relative to the expected output, only a small deduction is warranted for being more specific than necessary.",1.0,"The actual output fully covers the essential expected fact for the input 'O que foi adotado para identificar a constância dos reservatórios?': 'a subdivisão em zonas produtoras diferenciadas'. It preserves that core relation and adds compatible details ('Andrade e Saito' and codes B1, B2, B3) without contradicting the expected output, so there are no important omissions.",1.0,"The actual output matches the expected geological interpretation by identifying ""a subdivisão em zonas produtoras diferenciadas"" as what was adopted to recognize reservoir constancy. It uses appropriate domain language such as ""reservatórios"" and ""zonas produtoras,"" and the added details about Andrade e Saito and the codes B1, B2 e B3 are geologically coherent stratified subdivisions rather than misuse of concepts. There are no incorrect lithologic, facies, stratigraphic, or reservoir relations introduced.",1.0,"The actual output matches the expected geological meaning: it identifies that the constância dos reservatórios was established by ""a subdivisão em zonas produtoras diferenciadas."" The added details about Andrade e Saito and the códigos B1, B2 e B3 are consistent refinements, not semantic deviations. There is no concept confusion, role inversion, or misuse of geological terminology, and the core relation asked in the input is preserved.",0.2916666666666667,1.0,0.4516129032258064,0.2608695652173913,1.0,0.4137931034482758,0.2916666666666667,1.0,0.4516129032258064,0.0,0.4444444444444445,
resultados/petrobras-5-mini-com-ontologia-embeddingfirst/batch_eaf69800-ceb2-448a-b8a7-c0f2507b03f7-completo.csv,graphrag,1446,O que foi adotado para identificar a constância dos reservatórios?,a subdivisão em zonas produtoras diferenciadas,,"Adotou‑se a subdivisão em zonas produtoras diferenciadas proposta por Andrade e Saito — códigos B1, B2 e B3 (porções superior, média e inferior).",1.0,"The score is 1.00 because the response stayed fully focused on what was asked about identifying the constancy of the reservoirs, with no irrelevant statements. Great job keeping it directly relevant and on target.",,Skipped: empty context.,,Skipped: empty context.,,Skipped: empty context.,1.0,"The actual output matches the expected answer's core content for the question about what was adopted to identify the constancy of the reservoirs: it states ""a subdivisão em zonas produtoras diferenciadas"". The added details about Andrade e Saito and codes B1, B2, and B3 are consistent with that answer and do not introduce any contradiction, so stylistic expansion should not be penalized.",1.0,"The actual output fully covers the essential expected element: ""a subdivisão em zonas produtoras diferenciadas"" as what was adopted to identify the constância dos reservatórios. It also adds compatible details from the test case, such as Andrade e Saito and the códigos B1, B2 e B3, without contradicting the expected output.",1.0,"The actual output is strongly aligned with the expected geological content: it correctly identifies that the criterion adopted was ""a subdivisão em zonas produtoras diferenciadas,"" which is the key reservoir-related concept asked in the input about constância dos reservatórios. It uses appropriate domain terminology such as ""zonas produtoras"" and adds coherent stratigraphic detail (B1, B2, B3; porções superior, média e inferior) without introducing incorrect lithologies, facies, or reservoir relations. The added attribution to Andrade e Saito is extra but does not conflict with the expected output.",1.0,"The actual output is semantically aligned with the expected answer: it correctly states that what was adopted was ""a subdivisão em zonas produtoras diferenciadas,"" which directly matches the expected geological concept for identifying reservoir constancy. It also adds domain-consistent details from the test case, such as Andrade e Saito and the códigos B1, B2 e B3 for porções superior, média e inferior, without changing the meaning or introducing wrong entities or relations.",0.2592592592592592,1.0,0.4117647058823529,0.2307692307692307,1.0,0.375,0.2592592592592592,1.0,0.4117647058823529,0.0,0.4285714285714285,
resultados/petrobras-5-mini-com-ontologia-embeddingfirst/batch_eaf69800-ceb2-448a-b8a7-c0f2507b03f7-completo.csv,rag,1449,Qual é o tamanho da coluna de hidrocarbonetos constatada?,255 m,,A coluna de hidrocarbonetos constatada foi de 255 m.,1.0,"The score is 1.00 because the response stays fully focused on the question about o tamanho da coluna de hidrocarbonetos constatada, with no irrelevant statements. Great job keeping it precise and directly on topic.",,Skipped: empty context.,,Skipped: empty context.,,Skipped: empty context.,1.0,"The actual output matches the expected value exactly in meaning: it states that the coluna de hidrocarbonetos constatada foi de 255 m, which aligns with the expected output '255 m'. There are no factual contradictions or mistakes; the only difference is extra wording, which is harmless stylistic variation under the evaluation steps.",1.0,"The essential fact in the expected output is the measured tamanho da coluna de hidrocarbonetos: 255 m. The actual output correctly includes this exact value and entity relation ('coluna de hidrocarbonetos ... 255 m'). Although it is phrased as a full sentence rather than just '255 m', it fully covers the required content with no important omissions.",1.0,"The actual output matches the expected value exactly in geological content, correctly identifying the 'coluna de hidrocarbonetos constatada' as 255 m. It uses appropriate domain terminology ('coluna de hidrocarbonetos') without introducing any incorrect lithologic, stratigraphic, facies, reservoir, or relational interpretations, and the added sentence framing remains semantically coherent and precise.",1.0,"The actual output matches the expected value semantically: it states that the hydrocarbon column confirmed was 255 m, which is exactly the requested geological quantity from the input. It preserves the correct entity and measurement without introducing concept confusion, wrong relations, or domain misuse. The extra wording is acceptable because the core meaning remains identical to the expected output.",0.2222222222222222,1.0,0.3636363636363636,0.125,1.0,0.2222222222222222,0.2222222222222222,1.0,0.3636363636363636,0.0,0.3636363636363636,
resultados/petrobras-5-mini-com-ontologia-embeddingfirst/batch_eaf69800-ceb2-448a-b8a7-c0f2507b03f7-completo.csv,graphrag,1449,Qual é o tamanho da coluna de hidrocarbonetos constatada?,255 m,,255 m.,1.0,"The score is 1.00 because the response stays fully focused on identifying o tamanho da coluna de hidrocarbonetos constatada, with no irrelevant information. Great job keeping it directly on point and completely relevant.",,Skipped: empty context.,,Skipped: empty context.,,Skipped: empty context.,1.0,"The actual output matches the expected output on the key factual content: both state the hydrocarbon column size as 255 m for the given input asking ""Qual é o tamanho da coluna de hidrocarbonetos constatada?"" The only difference is punctuation, with an extra period in the actual output, which is a harmless stylistic variation and not a factual contradiction.",1.0,"The actual output correctly captures the only essential fact from the expected output: the measured tamanho da coluna de hidrocarbonetos, 255 m. The added period does not change the meaning, and there are no missing entities or relations from the test case.",1.0,"The actual output matches the expected geological value exactly in content, giving the hydrocarbon column size as 255 m for the question ""Qual é o tamanho da coluna de hidrocarbonetos constatada?"". It uses the appropriate domain unit and terminology implicitly tied to the input, with no misuse of geological concepts, lithologies, facies, stratigraphic or reservoir terms. The only minor difference is the trailing period, which does not affect semantic alignment.",1.0,"The actual output matches the expected output semantically and preserves the geological meaning exactly: the tamanho da coluna de hidrocarbonetos constatada is given as 255 m. The only difference is terminal punctuation, which does not affect the concept, entity, unit, or relation. There is no concept confusion, role inversion, or domain misuse.",1.0,1.0,1.0,1.0,1.0,1.0,1.0,1.0,1.0,1.0,1.0,
resultados/petrobras-5-mini-com-ontologia-embeddingfirst/batch_eaf69800-ceb2-448a-b8a7-c0f2507b03f7-completo.csv,rag,1451,Qual foi o valor preditivo de porosidade previsto?,7%,,Em torno de 7%.,1.0,"The score is 1.00 because the response directly addressed ""Qual foi o valor preditivo de porosidade previsto?"" with no irrelevant statements, so it is fully relevant and nicely focused.",,Skipped: empty context.,,Skipped: empty context.,,Skipped: empty context.,1.0,"The actual output matches the expected value in meaning: both indicate porosidade prevista de 7% for the given input. The only difference is stylistic wording ('Em torno de') rather than the bare value '7%', and there is no factual contradiction or clear mistake.",1.0,"The actual output correctly captures the essential expected fact: the predicted porosity value is 7%. Although phrased as ""Em torno de 7%."", it still conveys the same core numeric answer requested by the input ""Qual foi o valor preditivo de porosidade previsto?"" and matches the expected output without omitting any important information.",1.0,"The actual output matches the expected porosity prediction value semantically: ""Em torno de 7%."" corresponds directly to ""7%"". It uses appropriate domain language for the input about valor preditivo de porosidade, with no geological misuse, incorrect lithology/facies/stratigraphic terms, or invalid reservoir interpretation. The only minor variation is the hedging phrase ""Em torno de"", which does not change the intended result.",1.0,"The actual output is semantically aligned with the expected output: ""Em torno de 7%."" correctly conveys a predicted porosity value of 7%. It preserves the key geological concept (porosity) and the numeric value from the test case, with only a minor wording variation indicating approximation and no confusion of entities, classes, or relations.",0.25,1.0,0.4,0.0,0.0,0.0,0.25,1.0,0.4,0.0,0.4,
resultados/petrobras-5-mini-com-ontologia-embeddingfirst/batch_eaf69800-ceb2-448a-b8a7-c0f2507b03f7-completo.csv,graphrag,1451,Qual foi o valor preditivo de porosidade previsto?,7%,,O valor preditivo de porosidade foi de aproximadamente 7% (em torno de 7%).,1.0,"The score is 1.00 because the answer is fully relevant to the question about o valor preditivo de porosidade previsto, with no irrelevant statements. Great job staying directly on topic.",,Skipped: empty context.,,Skipped: empty context.,,Skipped: empty context.,1.0,"The actual output matches the expected value from the test case: it states porosidade was approximately 7%, which preserves the meaning of the expected output '7%'. There are no factual contradictions or mistakes relative to the expected answer. The only difference is harmless wording ('aproximadamente', 'em torno de'), which should not be penalized under the evaluation steps.",1.0,"The expected output contains a single essential fact: the predicted porosity value is 7%. The actual output correctly includes this value, stating ""aproximadamente 7%"" and reinforcing it with ""em torno de 7%"". This fully covers the key information from the test case input asking for the predicted porosity value, with only minor extra wording that does not reduce alignment.",1.0,"The actual output matches the expected value exactly in substance, stating porosity as approximately 7%/""em torno de 7%"", which is consistent with the expected ""7%"". It uses the geological property term ""porosidade"" appropriately and does not introduce any incorrect lithology, facies, stratigraphic, reservoir, or domain relations. The response is semantically coherent and precise for the input asking for the predicted porosity value.",1.0,"The actual output is semantically aligned with the expected output because it correctly states the predicted porosity value as approximately 7%, which matches the expected 7%. It preserves the intended geological concept ('porosidade') and does not introduce any concept confusion, wrong relation, or domain misuse. The added phrasing 'aproximadamente' and 'em torno de 7%' is slightly less exact than the expected concise form but remains fully consistent with the test case.",0.0769230769230769,1.0,0.1428571428571428,0.0,0.0,0.0,0.0769230769230769,1.0,0.1428571428571428,0.0,0.1428571428571428,
resultados/petrobras-5-mini-com-ontologia-embeddingfirst/batch_eaf69800-ceb2-448a-b8a7-c0f2507b03f7-completo.csv,rag,1454,O que a PETROBRÁS descobriu com o poço pioneiro 1 - PRS - 4?,a acumulação de hidrocarbonetos do Campo de Tubarão,,"Com o poço pioneiro 1‑PRS‑4, a PETROBRÁS descobriu a acumulação de hidrocarbonetos do Campo de Tubarão — coluna de 255 m em rochas‑reservatório no topo da seqüência carbonática Guarujá Inferior (~‑4.540 m), com porosidades de 12–24% e permeabilidades de até 1.400 md, subdividida nas zonas produtoras B1, B2 e B3.",1.0,"The score is 1.00 because the answer is fully relevant to the question about what a PETROBRÁS descobriu com o poço pioneiro 1 - PRS - 4, with no irrelevant statements. Great job staying directly on topic and addressing the input clearly.",,Skipped: empty context.,,Skipped: empty context.,,Skipped: empty context.,1.0,"The actual output matches the expected answer on the key fact for the input question about what PETROBRÁS discovered with poço pioneiro 1-PRS-4: it correctly states ""a acumulação de hidrocarbonetos do Campo de Tubarão."" The additional details about the coluna, rochas-reservatório, profundidade, porosidade, permeabilidade, and zonas B1-B3 do not contradict the expected output, so they should not be penalized as harmless elaboration.",1.0,"The actual output fully includes the essential expected fact for the input about o poço pioneiro 1-PRS-4: that a PETROBRÁS descobriu ""a acumulação de hidrocarbonetos do Campo de Tubarão"". The extra details about coluna, profundidade, porosidade, permeabilidade e zonas produtoras do not conflict with the expected output, so coverage is complete with no important omissions.",1.0,"The response matches the expected discovery exactly by identifying ""a acumulação de hidrocarbonetos do Campo de Tubarão"" and uses geological terminology appropriately, including rochas-reservatório, seqüência carbonática Guarujá Inferior, porosidade, permeabilidade, and zonas produtoras. The added details are domain-consistent and semantically coherent for the input about what the poço pioneiro 1-PRS-4 discovered, with no evident misuse of stratigraphic or reservoir concepts.",1.0,"The actual output matches the expected answer semantically: it correctly states that PETROBRÁS discovered ""a acumulação de hidrocarbonetos do Campo de Tubarão"" with the poço pioneiro 1‑PRS‑4. The added details about coluna, rochas-reservatório, profundidade, porosidade, permeabilidade, and zonas B1–B3 remain geologically consistent and do not alter the core entity or relation requested in the input.",0.1612903225806451,1.0,0.2777777777777777,0.1475409836065573,1.0,0.2571428571428572,0.1612903225806451,1.0,0.2777777777777777,0.0,0.2807017543859649,
resultados/petrobras-5-mini-com-ontologia-embeddingfirst/batch_eaf69800-ceb2-448a-b8a7-c0f2507b03f7-completo.csv,graphrag,1454,O que a PETROBRÁS descobriu com o poço pioneiro 1 - PRS - 4?,a acumulação de hidrocarbonetos do Campo de Tubarão,,Descobriu a acumulação de hidrocarbonetos do Campo de Tubarão.,1.0,"The score is 1.00 because the response appears fully relevant to the question about o que a PETROBRÁS descobriu com o poço pioneiro 1 - PRS - 4, with no irrelevant statements listed. Great job staying directly on topic.",,Skipped: empty context.,,Skipped: empty context.,,Skipped: empty context.,1.0,"The actual output matches the expected meaning exactly for the input about o poço pioneiro 1 - PRS - 4: both state that PETROBRÁS discovered a acumulação de hidrocarbonetos do Campo de Tubarão. The only difference is added phrasing ('Descobriu') and punctuation, which is a harmless stylistic variation and not a factual contradiction.",1.0,"The actual output correctly includes the essential fact from the expected output: que a PETROBRÁS descobriu ""a acumulação de hidrocarbonetos do Campo de Tubarão"" com o poço pioneiro 1 - PRS - 4. It preserves the key entity and relation from the test case, with only a minor added verb phrase (""Descobriu"") that does not change meaning or omit any required information.",1.0,"The actual output matches the expected geological discovery almost exactly: it correctly identifies ""a acumulação de hidrocarbonetos do Campo de Tubarão"" as what was discovered with o poço pioneiro 1 - PRS - 4. It uses appropriate petroleum geology terminology, especially ""acumulação de hidrocarbonetos"" and ""Campo"". The only minor difference is the added verb phrase ""Descobriu"", which does not change the geological meaning.",1.0,"The actual output is semantically equivalent to the expected output and correctly identifies the geological discovery as ""a acumulação de hidrocarbonetos do Campo de Tubarão"" for the input about o poço pioneiro 1 - PRS - 4. It preserves the key entity, concept, and relation without introducing confusion or altering the domain meaning; the added verb ""Descobriu"" is consistent with the question and does not change the intended semantics.",0.9090909090909092,1.0,0.9523809523809524,0.9,1.0,0.9473684210526316,0.9090909090909092,1.0,0.9523809523809524,0.0,0.9411764705882352,
resultados/petrobras-5-mini-com-ontologia-embeddingfirst/batch_eaf69800-ceb2-448a-b8a7-c0f2507b03f7-completo.csv,rag,1456,Onde as rochas do reservatório de Tubarão se encontram?,Guarujá Inferior,,"No topo da sequência carbonática Guarujá Inferior, identificada a partir de -4 540 m.",1.0,The score is 1.00 because the answer stayed fully focused on where the rochas do reservatório de Tubarão se encontram and did not include any irrelevant information. Great job keeping it directly relevant and precise.,,Skipped: empty context.,,Skipped: empty context.,,Skipped: empty context.,0.8,"The actual output correctly identifies ""Guarujá Inferior,"" which matches the expected output for where the rochas do reservatório de Tubarão se encontram. However, it adds extra information not present in the expected answer (""No topo da sequência carbonática"" and ""identificada a partir de -4 540 m""), so it is not an exact match. There is no clear factual contradiction relative to the expected output, but the additional detail prevents full alignment.",1.0,"The expected output only requires identifying the location/entity ""Guarujá Inferior"". The actual output includes this exact essential element and adds compatible context (""No topo da sequência carbonática..."" and depth information) without contradicting the expected answer. Since all key content from the expected output is covered, concise scoring should remain high.",0.8,"The response uses appropriate geological language, correctly identifying a stratigraphic context with ""sequência carbonática Guarujá Inferior,"" which aligns with the expected entity ""Guarujá Inferior."" However, it adds unsupported detail (""No topo"" and depth ""-4 540 m"") not present in the expected output and shifts the answer from simply naming where the reservoir rocks are found to a more specific interval interpretation. This is semantically related and domain-appropriate, but not an exact match to the expected geological entity.",0.8,"The actual output is semantically aligned with the expected geological unit by identifying the reservoir rocks as being in the sequência carbonática Guarujá Inferior, which matches the expected answer. It adds extra location detail ('No topo' and '-4 540 m') not present in the expected output, but this does not distort the core geological concept. There is no clear concept confusion or inverted relation, though the response is less concise than the expected unit name alone.",0.125,1.0,0.2222222222222222,0.0666666666666666,1.0,0.125,0.125,1.0,0.2222222222222222,0.0,0.25,
resultados/petrobras-5-mini-com-ontologia-embeddingfirst/batch_eaf69800-ceb2-448a-b8a7-c0f2507b03f7-completo.csv,graphrag,1456,Onde as rochas do reservatório de Tubarão se encontram?,Guarujá Inferior,,No topo da sequência carbonática Guarujá Inferior (identificada a partir de −4.540 m).,1.0,"The score is 1.00 because the answer appears fully relevant to the question ""Onde as rochas do reservatório de Tubarão se encontram?"" and there are no irrelevant statements identified. Great job staying focused and directly on topic.",,Skipped: empty context.,,Skipped: empty context.,,Skipped: empty context.,0.8,"The expected output is simply ""Guarujá Inferior"", and the actual output correctly includes that formation name, so the core answer aligns with the test case. However, it adds extra location/detail — ""No topo da sequência carbonática"" and ""identificada a partir de −4.540 m"" — that is not present in the expected output. These additions are not an obvious contradiction, but they go beyond the expected concise answer, so alignment is strong but not exact.",1.0,"The expected output only requires identifying the reservoir rocks as belonging to ""Guarujá Inferior"". The actual output includes this exact essential entity and relation, adding extra location/detail (""No topo da sequência carbonática"" and depth ""−4.540 m"") that does not conflict with the expected answer. It fully covers the key fact asked in the test case.",0.8,"The response uses appropriate geological terminology, referring to a reservoir interval within the sequência carbonática Guarujá Inferior, which aligns well with the expected entity 'Guarujá Inferior'. It is semantically coherent and domain-appropriate, adding stratigraphic detail ('No topo' and 'a partir de −4.540 m'). However, it is not an exact match to the expected output and introduces extra positional/depth information not requested, so alignment is strong but not perfect.",0.8,"The actual output is semantically close to the expected answer because it identifies the reservoir rocks of Tubarão as being in the sequência carbonática Guarujá Inferior, which matches the expected geological unit. It also adds location/detail information ('No topo' and 'a partir de −4.540 m') that is not required but does not contradict the expected concept. A small penalty is appropriate because the expected output is only the unit name, and the added phrasing could slightly shift the answer from the formation/entity itself to a more specific positional description within it.",0.125,1.0,0.2222222222222222,0.0666666666666666,1.0,0.125,0.125,1.0,0.2222222222222222,0.0,0.2666666666666667,
resultados/petrobras-5-mini-com-ontologia-embeddingfirst/batch_eaf69800-ceb2-448a-b8a7-c0f2507b03f7-completo.csv,rag,1458,Qual foi o valor preditivo de porosidade?,7%,,Cerca de 7%.,1.0,"The score is 1.00 because the response appears fully focused on answering ""Qual foi o valor preditivo de porosidade?"" with no irrelevant content, so this is a strong and fully relevant answer.",,Skipped: empty context.,,Skipped: empty context.,,Skipped: empty context.,1.0,"The actual output matches the expected value for porosity predictive value: both indicate 7%. The addition of ""Cerca de"" is only a harmless wording difference and does not change the meaning. There are no factual contradictions or mistakes relative to the expected output for the given input.",0.9,"The actual output correctly captures the essential expected fact: the porosity predictive value is 7%. The wording ""Cerca de 7%."" is slightly less exact than the expected ""7%"", but it preserves the key numerical content and does not omit any important information from the test case.",1.0,"The actual output matches the expected porosity value semantically: 'Cerca de 7%.' conveys the same geological quantity as '7%'. It uses appropriate domain terminology by correctly referring to porosity ('porosidade') and does not introduce any incorrect lithology, facies, stratigraphic, or reservoir concepts. The only minor difference is the approximation word 'Cerca de', which slightly reduces precision but does not affect the geological meaning.",1.0,"The actual output is semantically identical to the expected value for the porosity prediction: 'Cerca de 7%.' matches '7%' with only a minor approximation phrase added. It preserves the correct geological concept (porosidade) and the correct predicted value, with no entity confusion, role inversion, or domain misuse.",0.3333333333333333,1.0,0.5,0.0,0.0,0.0,0.3333333333333333,1.0,0.5,0.0,0.5,
resultados/petrobras-5-mini-com-ontologia-embeddingfirst/batch_eaf69800-ceb2-448a-b8a7-c0f2507b03f7-completo.csv,graphrag,1458,Qual foi o valor preditivo de porosidade?,7%,,O valor preditivo de porosidade foi estimado em torno de 7%.,1.0,"The score is 1.00 because the response is fully relevant to the question about ""o valor preditivo de porosidade"" and includes no irrelevant information. Great job staying focused and directly on topic.",,Skipped: empty context.,,Skipped: empty context.,,Skipped: empty context.,1.0,"The actual output matches the expected value from the test case: it states that the valor preditivo de porosidade was ""em torno de 7%"", which aligns with the expected output of 7%. There are no factual contradictions or mistakes; the only difference is added wording, which is a harmless stylistic variation under the evaluation steps.",1.0,"The expected output contains a single essential fact: the porosidade predictive value is 7%. The actual output correctly includes this exact value, stating it was estimated at around 7%, so it covers the key information from the test case. The wording is more verbose than expected, but there are no important omissions or contradictions.",0.9,"The actual output matches the expected geological value by stating porosity at approximately 7%, using the domain term ""porosidade"" appropriately and coherently. There are no incorrect lithology, facies, stratigraphic, reservoir, or geological relation claims. A slight deduction is warranted because it adds extra wording (""foi estimado em torno de"") instead of returning only the exact expected output ""7%"".",1.0,"The actual output matches the expected value semantically by stating that the predictive porosity was estimated at around 7%, which aligns directly with the expected output of 7%. It preserves the correct geological concept ('porosidade') and does not introduce any incorrect entities, relations, or domain confusion. The only minor difference is added phrasing ('foi estimado em torno de'), but it does not alter the meaning.",0.0909090909090909,1.0,0.1666666666666666,0.0,0.0,0.0,0.0909090909090909,1.0,0.1666666666666666,0.0,0.1666666666666666,
resultados/petrobras-5-mini-com-ontologia-embeddingfirst/batch_eaf69800-ceb2-448a-b8a7-c0f2507b03f7-completo.csv,rag,1464,O que a continuidade do processo de exploração permitiu identificar a constância?,reservatórios,,A constância das fácies potencialmente reservatórias.,1.0,"The score is 1.00 because the response stayed fully focused on the question and directly addressed what ""a continuidade do processo de exploração"" permitiu identificar, without adding irrelevant information. Great job keeping it precise and fully relevant.",,Skipped: empty context.,,Skipped: empty context.,,Skipped: empty context.,0.9,"The actual output is semantically aligned with the expected output for the input question: it identifies ""A constância das fácies potencialmente reservatórias,"" which conveys the idea of consistent reservatórios. Although it is more specific and phrased differently than the expected output ""reservatórios,"" there is no factual contradiction, and the added detail remains compatible with the expected meaning.",0.9,"The expected output identifies the essential element as ""reservatórios"". The actual output conveys this core idea by stating ""A constância das fácies potencialmente reservatórias"", which directly refers to reservoir-related facies and answers what constancy was identified through continued exploration. Although it is more specific and not phrased identically, it preserves the key concept from the expected output for the given input.",0.8,"The actual output uses appropriate geological terminology, especially ""fácies"" and ""reservatórias"", which is domain-coherent and semantically precise for exploração context. It aligns closely with the expected idea of ""reservatórios"" by identifying ""a constância das fácies potencialmente reservatórias"", but it does not match the expected output exactly and shifts the entity from reservoirs to reservoir-prone facies, so it deserves a high but not perfect score.",0.7,"The actual output is semantically close but not fully aligned with the expected geological concept. The expected answer is simply ""reservatórios"", while the response says ""A constância das fácies potencialmente reservatórias"", which shifts the focus from identifying the constancy of reservoirs to the constancy of reservoir-prone facies. This preserves some domain relevance in an exploration context, but introduces a different entity/class (fácies versus reservatórios), so the geological semantics are only partially matched.",0.1111111111111111,0.5,0.1818181818181818,0.0,0.0,0.0,0.1111111111111111,0.5,0.1818181818181818,0.0,0.0,
resultados/petrobras-5-mini-com-ontologia-embeddingfirst/batch_eaf69800-ceb2-448a-b8a7-c0f2507b03f7-completo.csv,graphrag,1464,O que a continuidade do processo de exploração permitiu identificar a constância?,reservatórios,,A constância das fácies potencialmente reservatórios.,1.0,"The score is 1.00 because the answer stayed fully focused on the question about o que a continuidade do processo de exploração permitiu identificar, with no irrelevant statements. Clear, direct, and completely relevant.",,Skipped: empty context.,,Skipped: empty context.,,Skipped: empty context.,0.9,"The actual output matches the expected meaning for the input by identifying the constância as related to ""reservatórios""; it adds context with ""A constância das fácies potencialmente reservatórios,"" which is a harmless wording difference rather than a contradiction. There are no factual mistakes relative to the expected output.",1.0,"The expected output only requires the essential element ""reservatórios"". The actual output explicitly includes this key concept in ""A constância das fácies potencialmente reservatórios"", so it covers the important fact asked in the input about what constancy was identified. Although more verbose than expected, it remains aligned and should not be penalized for conciseness or wording differences.",0.8,"The actual output uses appropriate geological terminology, especially ""fácies"" and ""reservatórios"", which aligns with the domain context of exploração. It captures the key expected entity, ""reservatórios"", but adds ""constância das fácies potencialmente reservatórios"", which is less precise than the expected output and slightly awkward semantically. There is no clear misuse of geological concepts, but the relation is expanded beyond the expected concise identification.",0.9,"The actual output remains semantically aligned with the expected geological concept: it identifies that the continuity of exploration allowed recognition of the constancy of ""reservatórios,"" expressed more specifically as ""fácies potencialmente reservatórios."" This preserves the intended domain meaning and entity class without inverting relations or introducing geological confusion. The main shortcoming is added specificity beyond the expected concise answer, but it does not distort the meaning.",0.2222222222222222,1.0,0.3636363636363636,0.125,1.0,0.2222222222222222,0.2222222222222222,1.0,0.3636363636363636,0.0,0.2857142857142857,
resultados/petrobras-5-mini-com-ontologia-embeddingfirst/batch_eaf69800-ceb2-448a-b8a7-c0f2507b03f7-completo.csv,rag,1468,A que profundidade foram identificadas as rochas-reservatório do Campo de Tubarão?,a partir de -4 540 m,,Foram identificadas a partir de 4.540 m de profundidade.,1.0,"The score is 1.00 because the response directly answers the question about the profundidade das rochas-reservatório do Campo de Tubarão, with no irrelevant statements. Great job staying fully on topic and precise.",,Skipped: empty context.,,Skipped: empty context.,,Skipped: empty context.,1.0,"The actual output matches the expected meaning exactly: it states that the rochas-reservatório were identified 'a partir de 4.540 m de profundidade', which corresponds to the expected 'a partir de -4 540 m'. The difference is only formatting and wording ('de profundidade' and numeric punctuation), with no meaningful contradiction for the test case input about the depth in Campo de Tubarão.",1.0,"The actual output captures the essential fact from the expected output: the depth at which the rochas-reservatório do Campo de Tubarão were identified. It correctly states 'a partir de 4.540 m de profundidade,' which matches the expected 'a partir de -4 540 m' aside from formatting and omission of the negative sign notation. The core entity, relation, and depth value are preserved, and the wording is concise while still covering the key information.",0.9,"The response is geologically appropriate and correctly addresses the reservoir-rock depth for the Campo de Tubarão, matching the expected relation of identification depth. It preserves the key value '4.540 m' and uses suitable domain wording ('rochas-reservatório', 'profundidade'). The main shortcoming is that it omits the negative sign shown in the expected output ('-4 540 m'), which is an important geological depth convention, so it is not a fully precise match.",0.9,"The actual output is semantically well aligned with the expected answer: both state that the rochas-reservatório do Campo de Tubarão were identified starting at 4.540 m depth. It preserves the key geological concept and relation requested by the question (depth of identification) and remains concise. The main shortcoming is that the expected output includes the negative sign in ""-4 540 m,"" while the actual output omits it, which may matter in geological depth notation.",0.6,1.0,0.7499999999999999,0.5555555555555556,1.0,0.7142857142857143,0.6,1.0,0.7499999999999999,0.0,0.5333333333333333,
resultados/petrobras-5-mini-com-ontologia-embeddingfirst/batch_eaf69800-ceb2-448a-b8a7-c0f2507b03f7-completo.csv,graphrag,1468,A que profundidade foram identificadas as rochas-reservatório do Campo de Tubarão?,a partir de -4 540 m,,As rochas‑reservatório foram identificadas a partir de aproximadamente −4.540 m (topo do Guarujá Inferior).,1.0,The score is 1.00 because the answer directly addresses the question about the profundidade das rochas-reservatório do Campo de Tubarão and contains no irrelevant statements. Great job staying fully on topic and precise.,,Skipped: empty context.,,Skipped: empty context.,,Skipped: empty context.,1.0,"The actual output matches the expected meaning exactly: it states that the rochas-reservatório do Campo de Tubarão were identified ""a partir de aproximadamente −4.540 m,"" which corresponds to the expected ""a partir de -4 540 m."" The added detail ""(topo do Guarujá Inferior)"" is harmless extra context, not a contradiction. The only minor difference is the inclusion of ""aproximadamente"" and formatting of the number/sign, which does not change the factual answer.",1.0,"The actual output captures the essential fact from the expected output: the depth was identified as starting at approximately -4.540 m, which matches ""a partir de -4 540 m"". It preserves the key relation asked in the input (depth of identification of the rochas-reservatório do Campo de Tubarão). The added detail about ""topo do Guarujá Inferior"" is extra but not contradictory, so there are no important omissions.",0.9,"The response aligns strongly with the expected depth, correctly stating that the rochas-reservatório were identified from approximately -4.540 m, which matches the expected 'a partir de -4 540 m'. It uses appropriate geological terminology such as 'rochas-reservatório' and adds a plausible stratigraphic reference ('topo do Guarujá Inferior') without introducing a clear geological misuse. The main shortcoming is that it includes extra detail and approximation not present in the expected output, but the geological language remains precise and coherent.",1.0,"The actual output is semantically aligned with the expected answer: it gives the reservoir rocks depth as starting at approximately -4.540 m, which matches 'a partir de -4 540 m'. It preserves the key geological meaning from the input about the depth of the rochas-reservatório do Campo de Tubarão, and the added detail '(topo do Guarujá Inferior)' is consistent contextual information rather than a semantic error. There is no concept confusion, inverted relation, or misuse of geological terms.",0.3529411764705882,1.0,0.5217391304347826,0.25,0.8,0.3809523809523809,0.3529411764705882,1.0,0.5217391304347826,0.0,0.4,
resultados/petrobras-5-mini-com-ontologia-embeddingfirst/batch_eaf69800-ceb2-448a-b8a7-c0f2507b03f7-completo.csv,rag,1469,Qual foi a coluna de hidrocarbonetos constatada no Campo de Tubarão?,255 m,,A coluna de hidrocarbonetos constatada foi de 255 m.,1.0,"The score is 1.00 because the answer appears fully relevant to the question, with no irrelevant statements identified. It stays at the maximum score since it directly addresses what was asked about o Campo de Tubarão. Good job keeping the response focused and on-topic.",,Skipped: empty context.,,Skipped: empty context.,,Skipped: empty context.,1.0,"The actual output matches the expected value exactly in meaning for the input about the coluna de hidrocarbonetos no Campo de Tubarão: it states ""255 m,"" which is the expected output. There are no factual contradictions or mistakes; the extra wording (""A coluna de hidrocarbonetos constatada foi de"") is only stylistic and does not change the answer.",1.0,"The expected output contains a single essential fact: the hydrocarbon column in Campo de Tubarão was 255 m. The actual output fully preserves this value and relation, stating 'A coluna de hidrocarbonetos constatada foi de 255 m.' Although more verbose than the expected output, it adds no contradiction and covers all key information from the test case.",1.0,"The response matches the expected geological fact exactly by stating a hydrocarbon column of 255 m for the Campo de Tubarão. It uses appropriate domain terminology, specifically ""coluna de hidrocarbonetos,"" without introducing incorrect lithologic, stratigraphic, facies, or reservoir concepts. The only minor difference is added wording beyond the expected short form.",1.0,"The actual output is semantically identical to the expected output: it states that the hydrocarbon column in the Campo de Tubarão was 255 m. It preserves the correct geological concept ('coluna de hidrocarbonetos') and the correct value from the test case, with no concept confusion, inverted relation, or domain misuse. Although phrased as a full sentence instead of just '255 m', it remains fully aligned and concise.",0.2222222222222222,1.0,0.3636363636363636,0.125,1.0,0.2222222222222222,0.2222222222222222,1.0,0.3636363636363636,0.0,0.3636363636363636,
resultados/petrobras-5-mini-com-ontologia-embeddingfirst/batch_eaf69800-ceb2-448a-b8a7-c0f2507b03f7-completo.csv,graphrag,1469,Qual foi a coluna de hidrocarbonetos constatada no Campo de Tubarão?,255 m,,A coluna de hidrocarbonetos constatada foi de 255 m.,1.0,"The score is 1.00 because the answer appears fully relevant to the question asked, with no irrelevant statements identified. Great job staying focused on exactly what was requested.",,Skipped: empty context.,,Skipped: empty context.,,Skipped: empty context.,1.0,The actual output matches the expected output on the key fact from the input about the Campo de Tubarão: it states that the hydrocarbon column was 255 m. There are no factual contradictions or mistakes. The extra wording ('A coluna de hidrocarbonetos constatada foi de') is only a stylistic difference and does not change the meaning.,1.0,"The expected output contains a single essential fact: the hydrocarbon column in Campo de Tubarão was 255 m. The actual output fully matches this value and correctly relates it to the question ('A coluna de hidrocarbonetos constatada foi de 255 m.'). It adds minimal wording but preserves the exact key information, so there are no omissions.",1.0,"The actual output matches the expected geological fact exactly by stating the hydrocarbon column as 255 m for the Campo de Tubarão. It uses appropriate domain terminology from the prompt, specifically ""coluna de hidrocarbonetos,"" without introducing incorrect lithologies, facies, stratigraphic terms, or reservoir relations. The only difference from the expected output is minor added phrasing (""constatada foi de""), which remains semantically precise and coherent.",1.0,"The actual output matches the expected value semantically and preserves the key geological datum from the question: the hydrocarbon column in Campo de Tubarão is given as 255 m. It stays aligned with the correct entity and relation, adds only minimal contextual wording, and introduces no concept confusion, inversion, or domain misuse.",0.2222222222222222,1.0,0.3636363636363636,0.125,1.0,0.2222222222222222,0.2222222222222222,1.0,0.3636363636363636,0.0,0.3636363636363636,
resultados/petrobras-5-mini-com-ontologia-embeddingfirst/batch_eaf69800-ceb2-448a-b8a7-c0f2507b03f7-completo.csv,rag,1471,"Quais códigos foram utilizados para os reservatórios da porção superior, média e inferior da acumulação no Campo de Tubarão?","B1, B2 e B3",,"Foram usados os códigos B1 (porção superior), B2 (média) e B3 (inferior).",1.0,"The score is 1.00 because the answer is fully relevant to the question, directly addressing which códigos foram utilizados para os reservatórios da porção superior, média e inferior da acumulação no Campo de Tubarão, without adding irrelevant information. Great job keeping the response precise and on topic.",,Skipped: empty context.,,Skipped: empty context.,,Skipped: empty context.,1.0,"The actual output matches the expected content for the input about the Campo de Tubarão reservatórios: it correctly identifies B1, B2, and B3 for the porção superior, média, and inferior. The added mapping in parentheses is consistent with the question and does not introduce any factual contradiction, so only a harmless wording difference is present.",1.0,"The response fully covers the essential elements from the expected output for the Campo de Tubarão question: it includes all three required códigos, B1, B2 e B3. It also correctly maps them to porção superior, média e inferior from the input, adding relevant detail without introducing errors. There are no important omissions.",1.0,"The response matches the expected reservoir codes exactly: B1, B2 and B3, and correctly maps them to the porção superior, média e inferior requested in the input. It uses appropriate domain wording for reservatórios without introducing geological errors, misused stratigraphic or reservoir concepts, or incorrect relations.",1.0,"The actual output matches the expected answer semantically and preserves the geological mapping requested for the reservatórios da porção superior, média e inferior no Campo de Tubarão. It correctly identifies the codes B1, B2 e B3 and adds the corresponding portions without introducing concept confusion, inverted relations, or misuse of domain-specific terms.",0.2666666666666666,1.0,0.4210526315789474,0.0714285714285714,0.3333333333333333,0.1176470588235294,0.2666666666666666,1.0,0.4210526315789474,0.0,0.5,
resultados/petrobras-5-mini-com-ontologia-embeddingfirst/batch_eaf69800-ceb2-448a-b8a7-c0f2507b03f7-completo.csv,graphrag,1471,"Quais códigos foram utilizados para os reservatórios da porção superior, média e inferior da acumulação no Campo de Tubarão?","B1, B2 e B3",,"Foram usados, respectivamente, os códigos B1 (porção superior), B2 (média) e B3 (inferior).",1.0,"The score is 1.00 because the answer is fully relevant to the question, directly addressing quais códigos foram utilizados para os reservatórios da porção superior, média e inferior da acumulação no Campo de Tubarão, with no irrelevant statements. Great job staying focused and complete.",,Skipped: empty context.,,Skipped: empty context.,,Skipped: empty context.,1.0,"The actual output matches the expected codes for the Campo de Tubarão question: it correctly gives B1, B2 e B3 for the porções superior, média e inferior. The added wording and mapping of each code to each portion are harmless stylistic differences and do not introduce any factual contradiction.",1.0,"The response fully matches the expected output by identifying all three required códigos for os reservatórios da porção superior, média e inferior no Campo de Tubarão: B1, B2 e B3. It also correctly maps each code to superior, média e inferior, adding accurate detail without omitting any essential element.",1.0,"The response matches the expected geological coding exactly: B1 for the porção superior, B2 for a média, and B3 for the inferior, which corresponds directly to the expected 'B1, B2 e B3'. It uses the reservoir-position terms from the input appropriately and introduces no incorrect geological entities, stratigraphic interpretations, or domain misuse.",1.0,"The actual output matches the expected answer semantically and preserves the geological mapping requested for the reservatórios da porção superior, média e inferior no Campo de Tubarão. It correctly identifies the codes as B1, B2 and B3 and adds the explicit correspondence to superior, média and inferior without introducing concept confusion, inverted relations, or domain misuse.",0.25,1.0,0.4,0.0666666666666666,0.3333333333333333,0.1111111111111111,0.25,1.0,0.4,0.0,0.4705882352941176,
resultados/petrobras-5-mini-com-ontologia-embeddingfirst/batch_eaf69800-ceb2-448a-b8a7-c0f2507b03f7-completo.csv,rag,1473,Em que profundidade foi identificada a seqüência carbonática Guarujá Inferior?,-4 540 m,,A seqüência foi identificada a partir de -4 540 m.,1.0,"The score is 1.00 because the answer stayed fully focused on the asked point about the profundidade da seqüência carbonática Guarujá Inferior, with no irrelevant statements. Great job keeping it precise and directly relevant.",,Skipped: empty context.,,Skipped: empty context.,,Skipped: empty context.,1.0,"The actual output matches the expected depth exactly in meaning: it identifies the seqüência carbonática Guarujá Inferior at -4 540 m, which is the same value as the expected output. The added phrasing ('A seqüência foi identificada a partir de') is only stylistic and does not introduce any factual contradiction or mistake relative to the test case.",1.0,"The actual output correctly includes the essential fact requested by the input—the depth at which the seqüência carbonática Guarujá Inferior was identified—and matches the expected value of -4 540 m. The extra wording ('A seqüência foi identificada a partir de') does not omit or alter any key information, so it remains fully aligned with the expected output.",1.0,"The response matches the expected geological datum exactly in depth value, stating that the seqüência carbonática Guarujá Inferior was identified at partir de -4 540 m. It uses appropriate domain wording for a stratigraphic sequence and does not misuse lithologic, facies, stratigraphic, or reservoir concepts. The only minor difference is added phrasing relative to the expected bare value, but the geological meaning remains precise and coherent.",1.0,"The actual output is semantically aligned with the expected output: it gives the same depth, “-4 540 m,” and correctly states that the seqüência carbonática Guarujá Inferior was identified starting at that depth. It preserves the key geological entity and measurement without introducing concept confusion, incorrect relations, or domain misuse. Although more verbose than the expected output, it remains concise and fully accurate.",0.2727272727272727,1.0,0.4285714285714285,0.2,1.0,0.3333333333333333,0.2727272727272727,1.0,0.4285714285714285,0.0,0.4615384615384615,
resultados/petrobras-5-mini-com-ontologia-embeddingfirst/batch_eaf69800-ceb2-448a-b8a7-c0f2507b03f7-completo.csv,graphrag,1473,Em que profundidade foi identificada a seqüência carbonática Guarujá Inferior?,-4 540 m,,A partir de −4 540 m.,1.0,"The score is 1.00 because the response directly answers the question about the depth at which the seqüência carbonática Guarujá Inferior was identified, with no irrelevant statements. Great job staying fully on topic.",,Skipped: empty context.,,Skipped: empty context.,,Skipped: empty context.,1.0,"The actual output matches the expected depth value for the input asking about the profundidade da seqüência carbonática Guarujá Inferior: both give -4 540 m. The only difference is the added phrase ""A partir de"", which is a harmless wording variation and does not change the meaning. There are no factual contradictions or mistakes.",1.0,"The actual output fully preserves the essential fact from the expected output: the depth value of −4 540 m for the seqüência carbonática Guarujá Inferior. The added wording ""A partir de"" does not change the core information and should not be penalized, since the key entity-relation from the input question is correctly answered with the same depth.",1.0,"The actual output matches the expected depth value exactly in geological context, identifying the profundidade of the seqüência carbonática Guarujá Inferior as −4 540 m. It uses appropriate domain wording ('A partir de') without introducing any incorrect geological entities, stratigraphic terms, or reservoir concepts, and remains semantically coherent with the input.",1.0,"The actual output semantically matches the expected depth value from the test case: it identifies the seqüência carbonática Guarujá Inferior at −4 540 m, which is the same geological datum as the expected '-4 540 m'. The added phrase 'A partir de' does not change the meaning, introduce concept confusion, or alter the geological relation between the unit and its depth.",0.5,1.0,0.6666666666666666,0.4,1.0,0.5714285714285715,0.5,1.0,0.6666666666666666,0.0,0.4444444444444444,
resultados/petrobras-5-mini-com-ontologia-embeddingfirst/batch_eaf69800-ceb2-448a-b8a7-c0f2507b03f7-completo.csv,rag,1474,Qual é a extensão da coluna de hidrocarbonetos encontrada no Campo de Tubarão?,255 m,,A coluna de hidrocarbonetos constatada foi de 255 m.,1.0,"The score is 1.00 because the response is fully relevant to the question about a extensão da coluna de hidrocarbonetos no Campo de Tubarão, with no irrelevant statements. Great job staying completely on topic.",,Skipped: empty context.,,Skipped: empty context.,,Skipped: empty context.,1.0,"The actual output matches the expected value for the input asking about the extensão da coluna de hidrocarbonetos no Campo de Tubarão: it correctly states ""255 m"". There are no factual contradictions or mistakes; the extra wording (""A coluna de hidrocarbonetos constatada foi de"") is a harmless stylistic difference that preserves the same meaning.",1.0,"The expected output contains a single essential fact: the extensão da coluna de hidrocarbonetos no Campo de Tubarão is 255 m. The actual output states exactly that value, adding only minimal contextual wording ('A coluna de hidrocarbonetos constatada foi de 255 m'), so it fully preserves the required information with no omissions.",1.0,"The actual output matches the expected value exactly in geological content, correctly identifying the extensão da coluna de hidrocarbonetos no Campo de Tubarão as 255 m. It uses appropriate domain terminology ('coluna de hidrocarbonetos') without introducing incorrect lithologic, stratigraphic, facies, or reservoir interpretations, and the added wording ('constatada foi de') remains semantically coherent and precise.",1.0,"The actual output is semantically identical to the expected output: it states that the extensão da coluna de hidrocarbonetos no Campo de Tubarão foi de 255 m, which matches the expected value exactly. It preserves the correct geological entity and measurement without introducing concept confusion, wrong relations, or domain misuse, and the added wording remains concise while keeping the intended meaning.",0.2222222222222222,1.0,0.3636363636363636,0.125,1.0,0.2222222222222222,0.2222222222222222,1.0,0.3636363636363636,0.0,0.3636363636363636,
resultados/petrobras-5-mini-com-ontologia-embeddingfirst/batch_eaf69800-ceb2-448a-b8a7-c0f2507b03f7-completo.csv,graphrag,1474,Qual é a extensão da coluna de hidrocarbonetos encontrada no Campo de Tubarão?,255 m,,A coluna de hidrocarbonetos tem 255 m de espessura.,1.0,"The score is 1.00 because the response is fully relevant to the question about a extensão da coluna de hidrocarbonetos no Campo de Tubarão, with no irrelevant statements. Great job staying precise and on-topic.",,Skipped: empty context.,,Skipped: empty context.,,Skipped: empty context.,1.0,"The actual output matches the expected value from the test case: it states that the coluna de hidrocarbonetos no Campo de Tubarão tem 255 m. The added phrase ""de espessura"" is a harmless wording difference and does not change the meaning. There are no factual contradictions or mistakes relative to the expected output.",1.0,"The expected output contains a single essential fact: the extensão da coluna de hidrocarbonetos no Campo de Tubarão is 255 m. The actual output fully includes this value and correctly expresses it as '255 m de espessura.' Although it adds wording beyond the expected concise form, no important information is missing, so it aligns strongly with the evaluation steps.",1.0,"The response matches the expected value exactly in geological content, correctly identifying the extensão da coluna de hidrocarbonetos no Campo de Tubarão as 255 m. It uses appropriate domain terminology ('coluna de hidrocarbonetos', 'espessura') without introducing incorrect lithologic, stratigraphic, facies, or reservoir interpretations, and remains semantically coherent with the input.",1.0,"The actual output matches the expected value semantically by stating that the coluna de hidrocarbonetos no Campo de Tubarão has 255 m de espessura. It preserves the key geological concept and quantity from the test case, with no concept confusion, relation inversion, or domain misuse. Although more verbose than the expected output, it remains fully aligned with the intended meaning.",0.2222222222222222,1.0,0.3636363636363636,0.125,1.0,0.2222222222222222,0.2222222222222222,1.0,0.3636363636363636,0.0,0.3636363636363636,
resultados/petrobras-5-mini-com-ontologia-embeddingfirst/batch_eaf69800-ceb2-448a-b8a7-c0f2507b03f7-completo.csv,rag,1475,Quais são os valores preditivos de porosidade para as rochas-reservatório do Campo de Tubarão?,em torno de 7%,,"Os valores preditivos de porosidade situavam‑se em torno de 7% (observou‑se, contudo, porosidade real entre 12% e 24%).",1.0,"The score is 1.00 because the answer appears fully relevant to the question about the predictive porosity values for the reservoir rocks of the Campo de Tubarão, with no irrelevant statements identified. Great job staying focused and directly on topic.",,Skipped: empty context.,,Skipped: empty context.,,Skipped: empty context.,1.0,"The actual output matches the expected answer for the Campo de Tubarão porosity prediction by stating 'em torno de 7%'. The added note about porosidade real entre 12% e 24% does not contradict the expected output and is a harmless extra detail, so there is strong alignment with no factual mistake about the requested valores preditivos.",1.0,"The actual output fully covers the essential expected fact for the Campo de Tubarão question: the predictive porosity value was ""em torno de 7%"". It also adds extra context about observed real porosity (12% a 24%), which is not required but does not conflict with the expected output, so no omission or mismatch is present.",1.0,"The actual output matches the expected predictive porosity value for the Campo de Tubarão reservoir rocks by stating 'em torno de 7%', which is the key geological quantity requested. It uses domain-appropriate terminology such as 'valores preditivos de porosidade' and 'rochas-reservatório' correctly. Although it adds extra information about observed real porosity ('entre 12% e 24%'), this does not contradict the expected output or misuse geological concepts, so alignment remains strong.",1.0,"The actual output is semantically aligned with the expected answer for the Campo de Tubarão porosity prediction question: it correctly states the predictive porosity as ""em torno de 7%"". It preserves the key geological concept and value without confusing entities or relations. Although it adds extra context about porosidade real between 12% and 24%, this does not contradict the expected predictive value and does not alter the intended meaning.",0.2,1.0,0.3333333333333333,0.1578947368421052,1.0,0.2727272727272727,0.2,1.0,0.3333333333333333,0.0,0.3636363636363636,
resultados/petrobras-5-mini-com-ontologia-embeddingfirst/batch_eaf69800-ceb2-448a-b8a7-c0f2507b03f7-completo.csv,graphrag,1475,Quais são os valores preditivos de porosidade para as rochas-reservatório do Campo de Tubarão?,em torno de 7%,,"O valor preditivo é de cerca de 7% (estimado por rearranjo/obliteração do espaço poroso pelo soterramento). Observou‑se, porém, porosidade real de 12–24%.",1.0,"The score is 1.00 because the answer appears fully aligned with the question about the valores preditivos de porosidade para as rochas-reservatório do Campo de Tubarão, with no irrelevant statements identified. Great job staying focused and directly relevant.",,Skipped: empty context.,,Skipped: empty context.,,Skipped: empty context.,0.8,"The actual output matches the expected value by stating the predictive porosity is about 7%, which aligns with the requested 'valores preditivos' for the Campo de Tubarão. It adds extra context about observed real porosity of 12–24%, which is not in the expected output but does not contradict the predictive value. Because the core answer is correct and there is no factual conflict with the expected output, only a small penalty is warranted for including additional information beyond the target response.",1.0,"The actual output includes the essential expected fact for the Campo de Tubarão porosity predictive value: ""cerca de 7%"", which matches ""em torno de 7%"". It also adds extra context about estimated cause and observed real porosity of 12–24%, but these additions do not omit or contradict the required answer, so alignment is strong.",0.8,"The response aligns well with the expected geological content by stating a predictive porosity of cerca de 7%, which matches the expected output. It also uses appropriate domain terminology such as ""porosidade"", ""rochas-reservatório"", ""espaço poroso"" and ""soterramento"" coherently. However, it adds extra interpretation about rearranjo/obliteração and observed real porosity of 12–24%, which goes beyond the expected answer and introduces additional geological details not requested.",0.9,"The actual output is semantically aligned with the expected answer because it identifies the predictive porosity for the rochas-reservatório do Campo de Tubarão as cerca de 7%, matching the expected 'em torno de 7%'. It also preserves the geological meaning by treating this as a predictive porosity value. A small deduction is warranted because it adds extra information about the cause ('rearranjo/obliteração... pelo soterramento') and observed real porosity of 12–24%, which goes beyond the expected output, but it does not introduce concept confusion or wrong relations.",0.074074074074074,0.5,0.1290322580645161,0.0384615384615384,0.3333333333333333,0.0689655172413793,0.074074074074074,0.5,0.1290322580645161,0.0,0.1538461538461538,
resultados/petrobras-5-mini-com-ontologia-embeddingfirst/batch_eaf69800-ceb2-448a-b8a7-c0f2507b03f7-completo.csv,rag,1476,Como os reservatórios do Campo de Tubarão foram subdivididos?,"Utilizaram-se os códigos B1, B2 e B3,",,"Foram subdivididos em zonas produtoras diferenciadas codificadas como B1 (porção superior), B2 (porção média) e B3 (porção inferior).",1.0,"The score is 1.00 because the answer is fully relevant to the question, directly addressing how os reservatórios do Campo de Tubarão foram subdivididos, with no irrelevant statements. Great job staying precise and on topic.",,Skipped: empty context.,,Skipped: empty context.,,Skipped: empty context.,1.0,"The actual output matches the expected content by stating that the reservatórios were subdivided using the codes B1, B2 e B3, which is the key detail requested by the input. It adds extra specifics about porção superior, média e inferior, but these do not contradict the expected output and are only stylistic/detail additions. There are no factual contradictions or clear mistakes relative to the expected answer.",1.0,"The actual output fully covers the essential expected facts: the subdivision used the codes B1, B2 e B3 for os reservatórios do Campo de Tubarão. It preserves the key entities and relation from the test case and adds extra detail about porção superior, média e inferior, which is consistent and should not be penalized under the conciseness guideline.",1.0,"The response aligns strongly with the expected output by correctly identifying the subdivision of the reservatórios do Campo de Tubarão as B1, B2 e B3. It uses appropriate geological/reservoir terminology such as ""zonas produtoras diferenciadas"" and adds a coherent stratified interpretation — superior, média e inferior — without introducing misuse of lithologies, facies, or stratigraphic concepts. This is precise, semantically consistent, and fully compatible with the expected coding scheme.",1.0,"The actual output is semantically aligned with the expected output: both state that the reservatórios do Campo de Tubarão were subdivided using the codes B1, B2 e B3. It preserves the key geological entities and classification scheme from the test case, and the added details about porção superior, média e inferior do not contradict or invert any relation. The response remains concise while fully preserving the intended meaning.",0.1818181818181818,0.4444444444444444,0.2580645161290322,0.0476190476190476,0.125,0.0689655172413793,0.1818181818181818,0.4444444444444444,0.2580645161290322,0.0,0.32,
resultados/petrobras-5-mini-com-ontologia-embeddingfirst/batch_eaf69800-ceb2-448a-b8a7-c0f2507b03f7-completo.csv,graphrag,1476,Como os reservatórios do Campo de Tubarão foram subdivididos?,"Utilizaram-se os códigos B1, B2 e B3,",,"Foram subdivididos em zonas produtoras B1 (porção superior), B2 (média) e B3 (porção inferior).",1.0,"The score is 1.00 because the answer is fully relevant to the question about como os reservatórios do Campo de Tubarão foram subdivididos, with no irrelevant statements. Clear and directly on topic—great job.",,Skipped: empty context.,,Skipped: empty context.,,Skipped: empty context.,0.9,"The actual output matches the expected content by stating that the reservatórios were subdivided using the codes B1, B2 and B3, which directly answers the input question. The added details about porção superior, média e inferior are not contradicted by the expected output and are harmless elaborations rather than factual mistakes.",1.0,"The actual output fully covers the essential expected content that os reservatórios do Campo de Tubarão foram subdivididos usando os códigos B1, B2 e B3. It also adds consistent detail about the zonas produtoras and their posições (superior, média, inferior), which does not conflict with the expected output. Since all key entities and relations from the expected answer are present, the alignment is strong.",1.0,"The response aligns very well with the expected subdivision of the reservatórios do Campo de Tubarão, correctly identifying the códigos/zones B1, B2 e B3. It uses appropriate geological-reservoir terminology such as ""zonas produtoras"" and preserves semantic coherence by describing their vertical arrangement (superior, média, inferior), which is compatible with reservoir subdivision and does not introduce any incorrect lithologic, facies, or stratigraphic concepts.",0.9,"The response is strongly aligned with the expected geological meaning: it correctly states that the reservatórios do Campo de Tubarão were subdivided using the codes B1, B2 e B3. It preserves the key entities and class labels from the test case and does not invert or confuse relations. The added details about porção superior, média e inferior go beyond the expected output but remain compatible with the subdivision concept rather than changing its meaning.",0.2352941176470588,0.4444444444444444,0.3076923076923076,0.0625,0.125,0.0833333333333333,0.2352941176470588,0.4444444444444444,0.3076923076923076,0.0,0.3809523809523809,
resultados/petrobras-5-mini-com-ontologia-embeddingfirst/batch_eaf69800-ceb2-448a-b8a7-c0f2507b03f7-completo.csv,rag,1477,Qual é o termo usado para descrever a geologia das seqüências fanerozóicas ocorrentes dentro das fronteiras da Bacia do São Francisco?,Bacia Sanfranciscana,,"O termo utilizado é ""Bacia Sanfranciscana"".",1.0,"The score is 1.00 because the response is fully relevant to the question, directly addressing the termo usado para descrever a geologia das seqüências fanerozóicas na Bacia do São Francisco, with no irrelevant statements. Great job staying focused and precise.",,Skipped: empty context.,,Skipped: empty context.,,Skipped: empty context.,1.0,"The actual output matches the expected output in meaning for the input asking the term for the geologia das seqüências fanerozóicas within the Bacia do São Francisco: it correctly gives ""Bacia Sanfranciscana"". The only difference is harmless wording (""O termo utilizado é"" and punctuation), with no factual contradiction or mistake.",1.0,"The actual output correctly identifies the expected term for the geologia das seqüências fanerozóicas dentro da Bacia do São Francisco as ""Bacia Sanfranciscana"". It includes the essential entity with no omission; the extra wording (""O termo utilizado é"") is concise and does not change the meaning.",1.0,"The actual output correctly identifies the geological term requested for the seqüências fanerozóicas within the Bacia do São Francisco as ""Bacia Sanfranciscana"", matching the expected output exactly in domain content. It uses appropriate geological nomenclature, introduces no incorrect lithological, stratigraphic, or reservoir concepts, and remains semantically coherent with the input question.",1.0,"The actual output semantically matches the expected output exactly: it identifies the term for the geologia das seqüências fanerozóicas dentro das fronteiras da Bacia do São Francisco as ""Bacia Sanfranciscana"". It stays aligned with the geological entity and relation requested in the input, with no concept confusion, inversion, or domain misuse. Although slightly more verbose than the expected output, it preserves the intended geological meaning fully.",0.4,1.0,0.5714285714285715,0.25,1.0,0.4,0.4,1.0,0.5714285714285715,0.0,0.5,
resultados/petrobras-5-mini-com-ontologia-embeddingfirst/batch_eaf69800-ceb2-448a-b8a7-c0f2507b03f7-completo.csv,graphrag,1477,Qual é o termo usado para descrever a geologia das seqüências fanerozóicas ocorrentes dentro das fronteiras da Bacia do São Francisco?,Bacia Sanfranciscana,,"O termo usado é ""Bacia Sanfranciscana"".",1.0,"The score is 1.00 because the response is fully relevant to the question, directly addressing the termo usado para descrever a geologia das seqüências fanerozóicas dentro da Bacia do São Francisco, with no irrelevant statements. Great job staying precise and on-topic.",,Skipped: empty context.,,Skipped: empty context.,,Skipped: empty context.,1.0,"The actual output matches the expected term from the input: it correctly identifies ""Bacia Sanfranciscana"" as the name for the geologia das seqüências fanerozóicas dentro da Bacia do São Francisco. The only difference is added framing text (""O termo usado é""), which is a harmless wording variation and not a factual contradiction.",1.0,"The actual output correctly identifies the term requested in the input as ""Bacia Sanfranciscana"", which matches the expected output exactly in content. The only difference is extra wording (""O termo usado é""), which does not omit or alter any essential fact, entity, or relation.",1.0,"The actual output matches the expected geological term exactly in meaning, using the correct domain-specific name for the seqüências fanerozóicas within the Bacia do São Francisco: ""Bacia Sanfranciscana"". It is geologically appropriate, semantically coherent, and introduces no misuse of lithologic, stratigraphic, facies, or reservoir concepts.",1.0,"The actual output matches the expected geological term semantically and exactly identifies the requested name for the geologia das seqüências fanerozóicas dentro da Bacia do São Francisco: ""Bacia Sanfranciscana"". It preserves the correct entity and domain meaning, with no concept confusion, inverted relation, or misuse of geological terminology. Although phrased as a full sentence, it remains concise and fully aligned with the expected output.",0.4,1.0,0.5714285714285715,0.25,1.0,0.4,0.4,1.0,0.5714285714285715,0.0,0.5,
resultados/petrobras-5-mini-com-ontologia-embeddingfirst/batch_eaf69800-ceb2-448a-b8a7-c0f2507b03f7-completo.csv,rag,1479,Quantas unidades cretácicas formam chapadas e tabuleiros na Bacia do São Francisco?,Três,,Três unidades cretácicas.,1.0,"The score is 1.00 because the answer is fully relevant to the question, directly addressing quantas unidades cretácicas formam chapadas e tabuleiros na Bacia do São Francisco without adding irrelevant information. Great job keeping the response precise and on topic.",,Skipped: empty context.,,Skipped: empty context.,,Skipped: empty context.,1.0,"The actual output matches the expected meaning exactly for the input ""Quantas unidades cretácicas formam chapadas e tabuleiros na Bacia do São Francisco?"" Expected is ""Três"" and the response says ""Três unidades cretácicas."", which is factually consistent and directly answers the quantity asked. The added wording is a harmless stylistic difference, not a contradiction.",1.0,"The expected output requires only the quantity ""Três"" in response to ""Quantas unidades cretácicas formam chapadas e tabuleiros na Bacia do São Francisco?"" The actual output correctly provides the same essential fact, adding only ""unidades cretácicas,"" which is consistent with the question and does not omit or alter any required information.",1.0,"The response matches the expected quantity from the test case: it correctly identifies that there are três unidades cretácicas forming chapadas e tabuleiros na Bacia do São Francisco. It also uses appropriate geological wording by preserving the stratigraphic context with 'unidades cretácicas'. The only minor difference from the expected output is added wording beyond the bare answer 'Três', but this is semantically coherent and domain-appropriate.",1.0,"The actual output matches the expected answer semantically for the input asking how many unidades cretácicas formam chapadas e tabuleiros na Bacia do São Francisco. It correctly gives the count as three, and the added phrase ""unidades cretácicas"" stays aligned with the geological entities mentioned in the question without introducing concept confusion, wrong relations, or domain misuse.",0.4,1.0,0.5714285714285715,0.25,1.0,0.4,0.4,1.0,0.5714285714285715,0.0,0.5,
resultados/petrobras-5-mini-com-ontologia-embeddingfirst/batch_eaf69800-ceb2-448a-b8a7-c0f2507b03f7-completo.csv,graphrag,1479,Quantas unidades cretácicas formam chapadas e tabuleiros na Bacia do São Francisco?,Três,,Três unidades cretácicas.,1.0,"The score is 1.00 because the answer is fully relevant to the question, directly addressing quantas unidades cretácicas formam chapadas e tabuleiros na Bacia do São Francisco, with no irrelevant statements. Great job staying precise and on-topic.",,Skipped: empty context.,,Skipped: empty context.,,Skipped: empty context.,1.0,The actual output matches the expected answer for the input 'Quantas unidades cretácicas formam chapadas e tabuleiros na Bacia do São Francisco?' because both indicate the quantity is three. The added wording 'unidades cretácicas' is a harmless stylistic difference and does not introduce any factual contradiction or mistake.,1.0,"The expected output contains a single essential fact: the quantity is ""Três"" for how many unidades cretácicas formam chapadas e tabuleiros na Bacia do São Francisco. The actual output correctly preserves that key information and adds only a harmless clarification (""unidades cretácicas""), so it fully covers the required content with no important omissions.",1.0,"The actual output matches the expected quantity from the test case: it correctly states that there are three unidades cretácicas forming chapadas e tabuleiros na Bacia do São Francisco. It also uses domain-appropriate geological wording by referencing ""unidades cretácicas,"" which is consistent with the input. There are no geological errors, misuse of stratigraphic terms, or incorrect relations; the only minor difference is added wording beyond the expected minimal answer ""Três.""",1.0,"The actual output is semantically identical to the expected output for the question about how many Cretaceous units form chapadas e tabuleiros na Bacia do São Francisco. It preserves the correct geological entity count with no concept confusion, no incorrect relations, and no domain misuse. Although slightly more verbose than the expected output, the added phrase ""unidades cretácicas"" remains fully aligned with the intended geological semantics.",0.4,1.0,0.5714285714285715,0.25,1.0,0.4,0.4,1.0,0.5714285714285715,0.0,0.5,
resultados/petrobras-5-mini-com-ontologia-embeddingfirst/batch_eaf69800-ceb2-448a-b8a7-c0f2507b03f7-completo.csv,rag,1482,Qual é o termo usado para descrever o registro geológico fanerozóico da Bacia do São Francisco?,Bacia Sanfranciscana,,Bacia Sanfranciscana.,1.0,"The score is 1.00 because the answer is fully relevant to the question and directly addresses the termo usado para descrever o registro geológico fanerozóico da Bacia do São Francisco, with no irrelevant statements. Great job keeping it precise and on topic.",,Skipped: empty context.,,Skipped: empty context.,,Skipped: empty context.,1.0,"The actual output matches the expected term for the registro geológico fanerozóico da Bacia do São Francisco: ""Bacia Sanfranciscana"". The only difference is a trailing period, which is a harmless punctuation variation and does not change the meaning. There are no factual contradictions or mistakes relative to the expected output.",1.0,"The actual output matches the expected output on the essential fact asked in the input: the termo para o registro geológico fanerozóico da Bacia do São Francisco is 'Bacia Sanfranciscana'. The only difference is punctuation (a final period), which does not omit or alter any important content, so coverage is complete.",1.0,"The actual output matches the expected geological term exactly in meaning, differing only by final punctuation. It uses the appropriate domain-specific name for the registro geológico fanerozóico da Bacia do São Francisco: ""Bacia Sanfranciscana"". There is no misuse of geological terminology, stratigraphic concepts, or basin-related relations, and the response is semantically precise and coherent for the input.",1.0,"The actual output matches the expected output semantically and almost exactly in wording: both identify the termo para o registro geológico fanerozóico da Bacia do São Francisco as ""Bacia Sanfranciscana"". The only difference is terminal punctuation, which does not affect the geological concept, entity, or meaning.",1.0,1.0,1.0,1.0,1.0,1.0,1.0,1.0,1.0,1.0,1.0,
resultados/petrobras-5-mini-com-ontologia-embeddingfirst/batch_eaf69800-ceb2-448a-b8a7-c0f2507b03f7-completo.csv,graphrag,1482,Qual é o termo usado para descrever o registro geológico fanerozóico da Bacia do São Francisco?,Bacia Sanfranciscana,,"O termo é ""Bacia Sanfranciscana"".",1.0,"The score is 1.00 because the answer is fully relevant to the question and directly addresses the requested termo, with no irrelevant statements. Great job staying precise and on topic.",,Skipped: empty context.,,Skipped: empty context.,,Skipped: empty context.,1.0,"The actual output matches the expected output in meaning and key term: it correctly identifies the registro geológico fanerozóico da Bacia do São Francisco as ""Bacia Sanfranciscana"". The only difference is added framing text (""O termo é""), which is a harmless wording variation and not a factual contradiction.",1.0,"The actual output correctly identifies the key term requested in the input as ""Bacia Sanfranciscana,"" which exactly matches the expected output. The only difference is added phrasing (""O termo é""), which does not omit or alter any essential information.",1.0,"The response matches the expected geological term exactly in substance: it identifies the Phanerozoic geological record of the Bacia do São Francisco as ""Bacia Sanfranciscana,"" which is domain-appropriate and semantically correct for the input. Geological terminology is used properly, with no misuse of stratigraphic or basin concepts. The only minor difference from the expected output is the added framing phrase ""O termo é"", which does not change the geological meaning.",1.0,"The actual output matches the expected geological term semantically and uses the correct entity for the registro geológico fanerozóico da Bacia do São Francisco: ""Bacia Sanfranciscana"". The added phrasing (""O termo é"") does not change the meaning, and there is no concept confusion, wrong relation, or misuse of domain-specific terminology.",0.5,1.0,0.6666666666666666,0.3333333333333333,1.0,0.5,0.5,1.0,0.6666666666666666,0.0,0.5714285714285715,
resultados/petrobras-5-mini-com-ontologia-embeddingfirst/batch_eaf69800-ceb2-448a-b8a7-c0f2507b03f7-completo.csv,rag,1485,Qual é a única seqüência erosional paleozóica que existe em toda a bacia?,O Grupo Santa Fé,,O Grupo Santa Fé.,1.0,"The score is 1.00 because the answer stays fully focused on identifying the única seqüência erosional paleozóica presente em toda a bacia, with no irrelevant statements. Great job keeping the response directly aligned with the question.",,Skipped: empty context.,,Skipped: empty context.,,Skipped: empty context.,1.0,"The actual output matches the expected output in meaning exactly for the input asking for the única seqüência erosional paleozóica em toda a bacia: both identify ""O Grupo Santa Fé"". The only difference is a trailing period, which is a harmless stylistic variation and not a factual contradiction.",1.0,"The actual output fully matches the expected content: it identifies the única seqüência erosional paleozóica em toda a bacia as ""O Grupo Santa Fé"". The only difference is punctuation, which does not omit or alter any essential fact, entity, or relation from the expected output.",1.0,"The actual output matches the expected geological entity exactly in substance: it identifies 'O Grupo Santa Fé' as the única seqüência erosional paleozóica em toda a bacia. It uses the stratigraphic term 'Grupo' appropriately, with no misuse of geological concepts, relations, or terminology; the only difference is terminal punctuation, which does not affect semantic alignment.",1.0,"The actual output matches the expected output semantically and geologically: both identify ""O Grupo Santa Fé"" as the única seqüência erosional paleozóica existente em toda a bacia. The only difference is punctuation, which does not alter the entity, class, or intended relation from the input question.",1.0,1.0,1.0,1.0,1.0,1.0,1.0,1.0,1.0,1.0,1.0,
resultados/petrobras-5-mini-com-ontologia-embeddingfirst/batch_eaf69800-ceb2-448a-b8a7-c0f2507b03f7-completo.csv,graphrag,1485,Qual é a única seqüência erosional paleozóica que existe em toda a bacia?,O Grupo Santa Fé,,O Grupo Santa Fé.,1.0,"The score is 1.00 because the answer is fully relevant to the question and stays focused on identifying the única seqüência erosional paleozóica em toda a bacia, with no irrelevant statements. Great job keeping it precise and on-topic.",,Skipped: empty context.,,Skipped: empty context.,,Skipped: empty context.,1.0,"The actual output matches the expected output in meaning exactly for the input asking pela única seqüência erosional paleozóica em toda a bacia: both state ""O Grupo Santa Fé"". The only difference is a trailing period, which is a harmless stylistic variation and not a factual contradiction or mistake.",1.0,"The actual output fully matches the expected output on the only essential fact in the test case: the unique Paleozoic erosional sequence present throughout the basin is ""O Grupo Santa Fé"". The only difference is a trailing period, which does not omit or alter any important information.",1.0,"The actual output matches the expected geological entity exactly in meaning: ""O Grupo Santa Fé"" is the correct única seqüência erosional paleozóica da bacia. It uses appropriate stratigraphic terminology (""Grupo"") and presents a semantically coherent geological answer. The only minor difference is the trailing period, which does not affect the geological correctness or alignment with the expected output.",1.0,"The actual output matches the expected output exactly in meaning for the input asking for 'a única seqüência erosional paleozóica que existe em toda a bacia'. It correctly identifies the geological entity as 'O Grupo Santa Fé', preserving the intended concept and class with no semantic confusion, relation error, or domain misuse. The only difference is punctuation, which does not affect geological semantics.",1.0,1.0,1.0,1.0,1.0,1.0,1.0,1.0,1.0,1.0,1.0,
resultados/petrobras-5-mini-com-ontologia-embeddingfirst/batch_eaf69800-ceb2-448a-b8a7-c0f2507b03f7-completo.csv,rag,1487,Qual é o nome da seqüência fanerozóica da Bacia do São Francisco?,Bacia Sanfranciscana,,Bacia Sanfranciscana.,1.0,"The score is 1.00 because the response is fully relevant to the question, directly addressing “Qual é o nome da seqüência fanerozóica da Bacia do São Francisco?” with no irrelevant statements. Great job staying perfectly on topic.",,Skipped: empty context.,,Skipped: empty context.,,Skipped: empty context.,1.0,"The actual output matches the expected output in meaning and terminology for the input asking the nome da seqüência fanerozóica da Bacia do São Francisco: both give ""Bacia Sanfranciscana"". The only difference is a trailing period, which is a harmless stylistic variation and not a factual contradiction.",1.0,"The actual output matches the expected output's essential content for the input asking the nome da seqüência fanerozóica da Bacia do São Francisco: both identify it as ""Bacia Sanfranciscana"". The only difference is terminal punctuation, which does not omit or alter any important fact, entity, or relation.",1.0,"The actual output matches the expected output exactly in geological content, identifying the Phanerozoic sequence of the Bacia do São Francisco as ""Bacia Sanfranciscana"". It uses the correct basin/stratigraphic terminology, contains no misuse of geological concepts, and is semantically coherent for the given input.",1.0,"The actual output matches the expected geological entity exactly in meaning: both identify the seqüência fanerozóica da Bacia do São Francisco as ""Bacia Sanfranciscana"". The only difference is punctuation, which does not affect semantic alignment. There is no concept confusion, no wrong class or relation, and the concise answer fully preserves the intended geological semantics from the input.",1.0,1.0,1.0,1.0,1.0,1.0,1.0,1.0,1.0,1.0,1.0,
resultados/petrobras-5-mini-com-ontologia-embeddingfirst/batch_eaf69800-ceb2-448a-b8a7-c0f2507b03f7-completo.csv,graphrag,1487,Qual é o nome da seqüência fanerozóica da Bacia do São Francisco?,Bacia Sanfranciscana,,"Os autores (Sgarbi et al.) chamam o registro fanerozóico da Bacia do São Francisco de ""Bacia Sanfranciscana"".",1.0,"The score is 1.00 because the response appears fully focused on answering the input directly, with no irrelevant statements. Great job keeping it precise and completely on topic.",,Skipped: empty context.,,Skipped: empty context.,,Skipped: empty context.,1.0,"The actual output matches the expected output in meaning: it correctly identifies the nome da seqüência fanerozóica da Bacia do São Francisco as ""Bacia Sanfranciscana"". The extra context about ""Os autores (Sgarbi et al.) chamam o registro fanerozóico..."" is a harmless wording difference and does not introduce any factual contradiction or mistake relative to the expected output.",1.0,"The expected output contains a single essential entity: the name da seqüência/registro fanerozóico da Bacia do São Francisco, which is ""Bacia Sanfranciscana"". The actual output includes this exact name and correctly relates it to the fanerozóico record of the basin. Extra context like ""Os autores (Sgarbi et al.) chamam"" is unnecessary but does not conflict with the expected answer.",1.0,"The actual output correctly identifies the Phanerozoic sequence of the Bacia do São Francisco as ""Bacia Sanfranciscana,"" matching the expected output exactly in geological entity and terminology. It uses domain-appropriate language such as ""registro fanerozóico"" and references authorship without introducing any incorrect lithologic, stratigraphic, facies, or reservoir concepts.",0.9,"The actual output is semantically well aligned with the expected answer: it identifies the seqüência/registro fanerozóico da Bacia do São Francisco as ""Bacia Sanfranciscana,"" which matches the expected geological entity. It preserves the correct basin and fanerozoic context without introducing concept confusion or inverted relations. A small shortcoming is that it adds attribution (""Os autores (Sgarbi et al.)"") and extra phrasing instead of giving only the concise name requested.",0.1052631578947368,1.0,0.1904761904761905,0.0555555555555555,1.0,0.1052631578947368,0.1052631578947368,1.0,0.1904761904761905,0.0,0.2105263157894736,
resultados/petrobras-5-mini-com-ontologia-embeddingfirst/batch_eaf69800-ceb2-448a-b8a7-c0f2507b03f7-completo.csv,rag,1489,Que tipo de ambiente tectônico prevalecia durante a sedimentação do Grupo Areado?,distensional,,"Ambiente tectônico distensional — extensão intracontinental, associada ao rifteamento/quebramento do Gondwana.",1.0,"The score is 1.00 because the answer appears fully focused on the question about the tectonic environment during the sedimentation of the Grupo Areado, with no irrelevant statements. Great job keeping it directly on topic and completely relevant.",,Skipped: empty context.,,Skipped: empty context.,,Skipped: empty context.,1.0,"The actual output matches the expected meaning exactly: it identifies the tectonic setting as ""distensional,"" which is the required answer for the Grupo Areado sedimentation context. The added details about ""extensão intracontinental"" and association with Gondwana rifting are consistent with the expected output and do not introduce any contradiction, so only harmless elaboration is present.",1.0,"The expected output requires identifying only the tectonic environment as ""distensional"". The actual output fully includes this essential element and adds consistent context from the test case, such as ""extensão intracontinental"" and association with ""rifteamento/quebramento do Gondwana"". There is no omission of the key fact, so the response aligns strongly with the evaluation steps.",1.0,"The response aligns strongly with the expected tectonic interpretation: it identifies a ""Ambiente tectônico distensional"", which matches the expected output ""distensional"". It also uses appropriate geological terminology for the input, adding coherent domain context with ""extensão intracontinental"" and association with ""rifteamento/quebramento do Gondwana"". There is no misuse of tectonic or stratigraphic concepts, though the extra detail goes beyond the minimal expected label.",1.0,"The actual output is semantically aligned with the expected output because it clearly identifies the tectonic environment as ""distensional,"" which is the key geological concept requested. It also adds correct domain-specific context—""extensão intracontinental"" and association with the rifteamento/quebramento do Gondwana—without changing the meaning, introducing concept confusion, or inverting any relations. The concise answer preserves the intended geological semantics for the Grupo Areado.",0.0769230769230769,1.0,0.1428571428571428,0.0,0.0,0.0,0.0769230769230769,1.0,0.1428571428571428,0.0,0.1818181818181818,
resultados/petrobras-5-mini-com-ontologia-embeddingfirst/batch_eaf69800-ceb2-448a-b8a7-c0f2507b03f7-completo.csv,graphrag,1489,Que tipo de ambiente tectônico prevalecia durante a sedimentação do Grupo Areado?,distensional,,"Um regime tectônico distensional intracontinental (extensional), associado ao rifteamento/quebra do Gondwana.",1.0,The score is 1.00 because the answer stayed fully focused on the tectonic environment during the sedimentation of the Grupo Areado and did not include irrelevant information. It directly addressed the question clearly and appropriately—great job.,,Skipped: empty context.,,Skipped: empty context.,,Skipped: empty context.,1.0,"The actual output matches the expected meaning exactly: it identifies the ambiente tectônico as ""distensional,"" which is the required answer for the Grupo Areado. The added details about being intracontinental/extensional and linked to rifteamento/quebra do Gondwana are consistent with the expected output and do not introduce any factual contradiction.",1.0,"The expected output requires identifying the tectonic environment as ""distensional"". The actual output directly states ""regime tectônico distensional intracontinental (extensional)"", fully covering the essential fact from the expected output for the pergunta sobre o Grupo Areado. The added context about rifteamento/quebra do Gondwana is extra but does not conflict with the expected answer.",1.0,"The actual output matches the expected tectonic setting by identifying a ""regime tectônico distensional intracontinental (extensional)"", which aligns directly with the expected ""distensional"". It uses appropriate geological terminology for the input about the sedimentation of the Grupo Areado and adds a coherent domain-relevant detail about rifteamento/quebra do Gondwana without introducing incorrect entities or relations.",1.0,"The actual output is semantically aligned with the expected answer because it clearly identifies a tectonic environment as ""distensional"" and preserves the correct geological meaning for the sedimentation of the Grupo Areado. The added details, such as ""intracontinental"" and association with rifteamento/quebra do Gondwana, are consistent extensions rather than concept confusion or role inversion, so the response remains accurate and well aligned with the test case.",0.0769230769230769,1.0,0.1428571428571428,0.0,0.0,0.0,0.0769230769230769,1.0,0.1428571428571428,0.0,0.1666666666666666,
resultados/petrobras-5-mini-com-ontologia-embeddingfirst/batch_eaf69800-ceb2-448a-b8a7-c0f2507b03f7-completo.csv,rag,1493,Qual é o termo para o registro sedimentar fanerozóico da Bacia do São Francisco?,Bacia Sanfranciscana,,"O termo usado é ""Bacia Sanfranciscana"".",1.0,The score is 1.00 because the answer is fully relevant to the question and does not include any irrelevant statements. It directly addresses the requested term for the registro sedimentar fanerozóico da Bacia do São Francisco—great job keeping it precise and on-topic.,,Skipped: empty context.,,Skipped: empty context.,,Skipped: empty context.,1.0,"The actual output matches the expected term exactly in meaning: it correctly identifies ""Bacia Sanfranciscana"" as the registro sedimentar fanerozóico da Bacia do São Francisco. The only difference is added phrasing (""O termo usado é"") and punctuation, which are harmless stylistic variations under the evaluation steps. There are no factual contradictions or mistakes.",1.0,"The actual output correctly identifies the expected term as ""Bacia Sanfranciscana"", fully covering the essential entity requested in the input about the registro sedimentar fanerozóico da Bacia do São Francisco. The added phrasing (""O termo usado é"") is concise and does not omit or alter any important information.",1.0,"The actual output matches the expected geological term exactly in meaning for the registro sedimentar fanerozóico da Bacia do São Francisco: ""Bacia Sanfranciscana."" It uses appropriate geological nomenclature, preserves the correct basin-related stratigraphic concept, and introduces no misuse of lithologic, facies, reservoir, or stratigraphic relations. The only difference is the added framing phrase ""O termo usado é"", which does not affect semantic alignment.",1.0,"The actual output matches the expected geological term for the registro sedimentar fanerozóico da Bacia do São Francisco: ""Bacia Sanfranciscana"". It preserves the correct entity and domain meaning, with no concept confusion, role inversion, or misuse of geological terminology. The added phrasing (""O termo usado é"") is concise and does not alter the intended semantics.",0.4,1.0,0.5714285714285715,0.25,1.0,0.4,0.4,1.0,0.5714285714285715,0.0,0.5,
resultados/petrobras-5-mini-com-ontologia-embeddingfirst/batch_eaf69800-ceb2-448a-b8a7-c0f2507b03f7-completo.csv,graphrag,1493,Qual é o termo para o registro sedimentar fanerozóico da Bacia do São Francisco?,Bacia Sanfranciscana,,"O termo é ""Bacia Sanfranciscana"".",1.0,"The score is 1.00 because the response is fully relevant to the question, directly addressing the termo para o registro sedimentar fanerozóico da Bacia do São Francisco with no irrelevant content. Great job staying precise and on-topic.",,Skipped: empty context.,,Skipped: empty context.,,Skipped: empty context.,1.0,"The actual output matches the expected term for the registro sedimentar fanerozóico da Bacia do São Francisco: it correctly gives ""Bacia Sanfranciscana"". The only difference is added phrasing (""O termo é"") and punctuation, which are harmless stylistic variations and do not change the meaning. There are no factual contradictions or mistakes relative to the expected output.",1.0,"The actual output correctly identifies the expected term, ""Bacia Sanfranciscana"", which is the essential fact requested by the input about the registro sedimentar fanerozóico da Bacia do São Francisco. The added phrasing ""O termo é"" does not change the meaning, so all key content is covered with no important omissions.",1.0,"The actual output matches the expected geological term exactly in substance, identifying the registro sedimentar fanerozóico da Bacia do São Francisco as ""Bacia Sanfranciscana"". It uses appropriate geological nomenclature, introduces no incorrect lithologic, stratigraphic, or basin-related concepts, and is semantically coherent for the input.",1.0,"The actual output matches the expected geological term semantically and uses the correct entity for o registro sedimentar fanerozóico da Bacia do São Francisco: ""Bacia Sanfranciscana"". The added framing phrase ""O termo é"" does not change the meaning, and there is no concept confusion, role inversion, or misuse of geological terminology.",0.5,1.0,0.6666666666666666,0.3333333333333333,1.0,0.5,0.5,1.0,0.6666666666666666,0.0,0.5714285714285715,
resultados/petrobras-5-mini-com-ontologia-embeddingfirst/batch_eaf69800-ceb2-448a-b8a7-c0f2507b03f7-completo.csv,rag,1495,Qual foi o ambiente tectônico prevalente durante a sedimentação do Grupo Areado?,distensional,,Foi um regime distensional — rifteamento intracontinental associado ao afastamento/fragmentação do Gondwana.,1.0,"The score is 1.00 because the answer appears fully relevant to the question about o ambiente tectônico prevalente durante a sedimentação do Grupo Areado, with no irrelevant statements identified. Great job staying focused and directly on topic.",,Skipped: empty context.,,Skipped: empty context.,,Skipped: empty context.,1.0,"The actual output matches the expected meaning for the input about the tectonic environment during sedimentation of the Grupo Areado: it explicitly states a ""regime distensional,"" which aligns with the expected output ""distensional."" The added detail about ""rifteamento intracontinental"" and Gondwana fragmentation is consistent and not contradictory, so there are no factual mistakes to penalize.",1.0,"The expected output requires identifying the tectonic environment as ""distensional"" for the input about the sedimentação do Grupo Areado. The actual output explicitly states ""regime distensional"" and adds compatible context (""rifteamento intracontinental"" and ""fragmentação do Gondwana"") without contradicting the expected relation. It fully covers the essential element, so concise extra detail should not be penalized.",1.0,"The actual output matches the expected tectonic setting by correctly identifying a distensional regime. It uses appropriate geological terminology such as ""rifteamento intracontinental"" and links it coherently to Gondwana fragmentation, which is domain-appropriate and semantically consistent with the input about the Grupo Areado sedimentation environment. There is no misuse of stratigraphic or tectonic concepts, and the added detail is accurate rather than conflicting.",1.0,"The actual output is semantically aligned with the expected output because it correctly identifies the tectonic environment as ""distensional"" for the sedimentation of the Grupo Areado. It also adds geologically consistent detail — ""rifteamento intracontinental associado ao afastamento/fragmentação do Gondwana"" — without changing the core meaning. There is no concept confusion, inverted relation, or misuse of geological terminology, and the concise expansion preserves the intended semantics.",0.0769230769230769,1.0,0.1428571428571428,0.0,0.0,0.0,0.0769230769230769,1.0,0.1428571428571428,0.0,0.1666666666666666,
resultados/petrobras-5-mini-com-ontologia-embeddingfirst/batch_eaf69800-ceb2-448a-b8a7-c0f2507b03f7-completo.csv,graphrag,1495,Qual foi o ambiente tectônico prevalente durante a sedimentação do Grupo Areado?,distensional,,"O regime tectônico distensional (extensional), associado ao rifteamento intracontinental ligado ao quebramento do Gondwana.",1.0,"The score is 1.00 because the answer is fully relevant to the question, directly addressing the ambiente tectônico prevalente durante a sedimentação do Grupo Areado with no irrelevant statements. Great job keeping the response focused and on-topic.",,Skipped: empty context.,,Skipped: empty context.,,Skipped: empty context.,1.0,"The actual output matches the expected output's core meaning by identifying the ambiente tectônico as ""distensional"" during the sedimentation of the Grupo Areado. The added detail about ""rifteamento intracontinental ligado ao quebramento do Gondwana"" is consistent with the expected answer and does not introduce any factual contradiction, so only harmless wording expansion is present.",1.0,"The expected output requires identifying the tectonic environment as ""distensional"". The actual output explicitly states ""regime tectônico distensional (extensional)"" and adds consistent context about intracontinental rifting and the breakup of Gondwana. It fully covers the essential element from the expected output, and the extra detail does not conflict with the test case.",1.0,"The actual output matches the expected tectonic setting of ""distensional"" and uses appropriate geological terminology, adding correct domain context with ""regime tectônico distensional (extensional)"" and ""rifteamento intracontinental ligado ao quebramento do Gondwana."" It is semantically coherent, does not misuse stratigraphic or tectonic concepts, and appropriately refers to the sedimentation context of the Grupo Areado.",1.0,"The actual output is semantically aligned with the expected answer ""distensional"" and correctly identifies the tectonic environment as a distensional/extensional regime during sedimentation of the Grupo Areado. It adds compatible geological context about intracontinental rifting related to the breakup of Gondwana without introducing concept confusion, wrong entities, or inverted relations.",0.0666666666666666,1.0,0.125,0.0,0.0,0.0,0.0666666666666666,1.0,0.125,0.0,0.1333333333333333,
resultados/petrobras-5-mini-com-ontologia-embeddingfirst/batch_eaf69800-ceb2-448a-b8a7-c0f2507b03f7-completo.csv,rag,1497,Qual é o único remanescente erosional paleozóico de coberturas intracratônicas mais amplas que eventualmente existiu na Bacia do São Francisco?,O Grupo Santa Fé,,O Grupo Santa Fé.,1.0,"The score is 1.00 because the answer is fully relevant to the question and stays focused on identifying o único remanescente erosional paleozóico na Bacia do São Francisco, with no irrelevant statements. Great job keeping it precise and on-topic.",,Skipped: empty context.,,Skipped: empty context.,,Skipped: empty context.,1.0,"The actual output matches the expected output in meaning for the input asking about the único remanescente erosional paleozóico na Bacia do São Francisco: both give ""O Grupo Santa Fé"". The only difference is a trailing period in the actual output, which is a harmless stylistic variation and not a factual contradiction or mistake.",1.0,"The actual output matches the expected output on the essential fact requested by the input: it correctly identifies the único remanescente erosional paleozóico na Bacia do São Francisco as ""O Grupo Santa Fé"". The only difference is punctuation, which does not omit or alter any important information.",1.0,"The response matches the expected geological entity exactly, identifying ""O Grupo Santa Fé"" as the único remanescente erosional paleozóico de coberturas intracratônicas na Bacia do São Francisco. It uses correct stratigraphic terminology (""Grupo"") and is semantically coherent, with only a trivial punctuation difference from the expected output.",1.0,"The actual output matches the expected output semantically and identifies the correct geological entity for the question: ""O Grupo Santa Fé"" as the único remanescente erosional paleozóico de coberturas intracratônicas mais amplas na Bacia do São Francisco. The only difference is terminal punctuation, which does not affect the geological meaning, class, or relation.",1.0,1.0,1.0,1.0,1.0,1.0,1.0,1.0,1.0,1.0,1.0,
resultados/petrobras-5-mini-com-ontologia-embeddingfirst/batch_eaf69800-ceb2-448a-b8a7-c0f2507b03f7-completo.csv,graphrag,1497,Qual é o único remanescente erosional paleozóico de coberturas intracratônicas mais amplas que eventualmente existiu na Bacia do São Francisco?,O Grupo Santa Fé,,O Grupo Santa Fé.,1.0,"The score is 1.00 because the answer is fully relevant to the question, directly addressing the único remanescente erosional paleozóico na Bacia do São Francisco with no irrelevant statements. Great job staying precise and completely on topic.",,Skipped: empty context.,,Skipped: empty context.,,Skipped: empty context.,1.0,"The actual output matches the expected output in meaning and factual content for the input asking about the único remanescente erosional paleozóico na Bacia do São Francisco: both identify ""O Grupo Santa Fé"". The only difference is a trailing period, which is a harmless stylistic variation and not a contradiction or factual mistake.",1.0,"The actual output fully matches the expected output by correctly identifying the key entity requested in the input: ""O Grupo Santa Fé"" as the único remanescente erosional paleozóico na Bacia do São Francisco. The only difference is terminal punctuation, which does not omit or alter any essential information.",1.0,"The actual output matches the expected geological entity exactly in meaning: ""O Grupo Santa Fé"" versus ""O Grupo Santa Fé."" The response uses the correct stratigraphic term ""Grupo"" and identifies the proper Paleozóico remanescente erosional in the Bacia do São Francisco. There is no misuse of geological terminology, concepts, or relations; the only difference is punctuation, which does not affect semantic alignment.",1.0,"The actual output matches the expected output semantically exactly: it identifies ""O Grupo Santa Fé"" as the único remanescente erosional paleozóico de coberturas intracratônicas mais amplas na Bacia do São Francisco. It preserves the correct geological entity and class with no concept confusion, relation inversion, or domain misuse; the only difference is final punctuation, which does not affect meaning.",1.0,1.0,1.0,1.0,1.0,1.0,1.0,1.0,1.0,1.0,1.0,
resultados/petrobras-5-mini-com-ontologia-embeddingfirst/batch_eaf69800-ceb2-448a-b8a7-c0f2507b03f7-completo.csv,rag,1500,O que o Grupo Santa Fé representa na geologia da Bacia do São Francisco?,o único remanescente erosional paleozóico de coberturas intracratônicas mais amplas,,É o único remanescente erosional paleozóico de coberturas intracratônicas que ligavam as bacias do Paraná e do Parnaíba; composto por diamictitos/tilitos e folhelhos com dropstones e crono-correlato aos depósitos glaciais permocarboníferos do Grupo Itararé.,1.0,"The score is 1.00 because the answer stayed fully focused on what o Grupo Santa Fé representa na geologia da Bacia do São Francisco, with no irrelevant statements. Clear and directly relevant—great job.",,Skipped: empty context.,,Skipped: empty context.,,Skipped: empty context.,0.9,"The actual output matches the core expected meaning by stating that o Grupo Santa Fé é 'o único remanescente erosional paleozóico de coberturas intracratônicas', which directly aligns with the expected output. It adds extra geological details about ligação entre as bacias do Paraná e do Parnaíba, diamictitos/tilitos, folhelhos com dropstones, and correlação com o Grupo Itararé; these are not contradicted by the expected output, so they should not be penalized under the instructions. A small deduction is appropriate because the response is more expansive than necessary and the added specifics are not verifiable from the expected output alone.",1.0,"The actual output fully includes the essential fact from the expected output: that o Grupo Santa Fé representa ""o único remanescente erosional paleozóico"" de coberturas intracratônicas amplas na Bacia do São Francisco. It preserves the key entity and relation, and the added details about ligação entre as bacias do Paraná e do Parnaíba, lithologies, and correlation with Grupo Itararé are extra but not contradictory. Since all core content is covered, concise differences in wording should not be penalized.",0.9,"The response uses geological terminology appropriately and precisely, including 'remanescente erosional paleozóico', 'coberturas intracratônicas', 'diamictitos/tilitos', 'dropstones' and correlation to the Grupo Itararé, which is domain-coherent for the Bacia do São Francisco. It matches the expected core interpretation that the Grupo Santa Fé is the único remanescente erosional paleozóico de coberturas intracratônicas mais amplas, but adds extra details about linkage between the Paraná and Parnaíba basins and lithologic/glacial characteristics that are not present in the expected output. These additions are geologically plausible rather than erroneous, so only a small penalty is warranted for going beyond the expected scope.",1.0,"The actual output matches the expected meaning closely: it identifies o Grupo Santa Fé as ""o único remanescente erosional paleozóico de coberturas intracratônicas"", preserving the core geological class and relation asked in the input about the Bacia do São Francisco. The added details about ligação entre as bacias do Paraná e do Parnaíba, lithologies, and correlation with o Grupo Itararé are domain-consistent and do not introduce semantic conflict or role inversion.",0.25,0.8333333333333334,0.3846153846153846,0.2307692307692307,0.8181818181818182,0.36,0.25,0.8333333333333334,0.3846153846153846,0.0,0.3636363636363636,
resultados/petrobras-5-mini-com-ontologia-embeddingfirst/batch_eaf69800-ceb2-448a-b8a7-c0f2507b03f7-completo.csv,graphrag,1500,O que o Grupo Santa Fé representa na geologia da Bacia do São Francisco?,o único remanescente erosional paleozóico de coberturas intracratônicas mais amplas,,"É o único remanescente erosional paleozóico das coberturas intracratônicas que originalmente cobriam a Bacia do São Francisco (possivelmente ligando as bacias do Paraná e Parnaíba), constituído por diamictitos/tilitos e folhelhos com dropstones e interpretado como uma unidade glacial crono-correlata ao Grupo Itararé (permocarbonífero).",1.0,"The score is 1.00 because the answer is fully relevant to the question about o que o Grupo Santa Fé representa na geologia da Bacia do São Francisco, with no irrelevant statements. Great job staying completely on topic.",,Skipped: empty context.,,Skipped: empty context.,,Skipped: empty context.,1.0,"The actual output matches the expected meaning for the input about o Grupo Santa Fé na geologia da Bacia do São Francisco: it explicitly states that it is ""o único remanescente erosional paleozóico"" of intracratonic covers that originally covered the basin, which aligns directly with ""o único remanescente erosional paleozóico de coberturas intracratônicas mais amplas"". The added details about diamictitos/tilitos, dropstones, and correlation with Grupo Itararé are consistent elaborations, not contradictions.",1.0,"The actual output fully includes the essential content from the expected output: it states that o Grupo Santa Fé é ""o único remanescente erosional paleozóico"" and that it comes from ""coberturas intracratônicas"" que originalmente cobriam a Bacia do São Francisco, which matches ""de coberturas intracratônicas mais amplas."" It also correctly ties the answer to the geologia da Bacia do São Francisco. The extra details about diamictitos/tilitos, dropstones, and correlation with o Grupo Itararé go beyond the expected output but do not conflict with it.",1.0,"The actual output aligns very strongly with the expected interpretation by identifying o Grupo Santa Fé as 'o único remanescente erosional paleozóico' de coberturas intracratônicas da Bacia do São Francisco, which matches the core expected content. It uses geological terminology appropriately and precisely, adding coherent domain details such as diamictitos/tilitos, folhelhos com dropstones, and interpretação glacial crono-correlata ao Grupo Itararé (permocarbonífero). These additions are semantically consistent with the input and do not misuse stratigraphic or lithological concepts.",1.0,"The actual output is semantically fully aligned with the expected meaning: it identifies o Grupo Santa Fé as ""o único remanescente erosional paleozóico"" of intracratonic cover over the Bacia do São Francisco, matching the core geological concept in the expected output. The added details about diamictitos/tilitos, dropstones, glacial interpretation, and correlation with o Grupo Itararé are domain-consistent extensions, not concept confusion or relation inversion.",0.18,0.75,0.2903225806451613,0.1428571428571428,0.6363636363636364,0.2333333333333332,0.18,0.75,0.2903225806451613,0.0,0.2641509433962264,
resultados/petrobras-5-mini-com-ontologia-embeddingfirst/batch_eaf69800-ceb2-448a-b8a7-c0f2507b03f7-completo.csv,rag,1501,Qual a natureza das três unidades cretácicas que formam chapadas e tabuleiros na Bacia do São Francisco?,de natureza continental,,São de natureza continental.,1.0,"The score is 1.00 because the answer is fully relevant to the question, directly addressing the natureza das três unidades cretácicas que formam chapadas e tabuleiros na Bacia do São Francisco, with no irrelevant statements. Great job staying focused and complete.",,Skipped: empty context.,,Skipped: empty context.,,Skipped: empty context.,1.0,"The actual output matches the expected meaning exactly for the input about the três unidades cretácicas na Bacia do São Francisco: both state that they are de natureza continental. The only difference is the added verb and punctuation (""São de natureza continental.""), which is a harmless wording variation and introduces no factual contradiction or mistake.",1.0,"The actual output fully captures the essential fact from the expected output: that the três unidades cretácicas que formam chapadas e tabuleiros na Bacia do São Francisco are ""de natureza continental"". The wording is slightly expanded with ""São de"", but no important information is omitted or altered, so it aligns completely with the expected content.",1.0,"The actual output matches the expected interpretation exactly: it identifies the três unidades cretácicas que formam chapadas e tabuleiros na Bacia do São Francisco as ""de natureza continental"". The response uses correct geological terminology for depositional/environmental nature, is semantically coherent, and introduces no misuse of lithology, facies, stratigraphy, reservoir concepts, or geological relations. The only difference is a minor phrasing variation (""São de natureza continental"" vs. ""de natureza continental""), which does not affect geological accuracy.",1.0,"The actual output is semantically identical to the expected output for the input about the três unidades cretácicas que formam chapadas e tabuleiros na Bacia do São Francisco. It correctly preserves the key geological classification, stating that they are of natureza continental, with no concept confusion, role inversion, or misuse of domain terminology. The added verb phrase does not change the meaning.",0.6,1.0,0.7499999999999999,0.5,1.0,0.6666666666666666,0.6,1.0,0.7499999999999999,0.0,0.8571428571428571,
resultados/petrobras-5-mini-com-ontologia-embeddingfirst/batch_eaf69800-ceb2-448a-b8a7-c0f2507b03f7-completo.csv,graphrag,1501,Qual a natureza das três unidades cretácicas que formam chapadas e tabuleiros na Bacia do São Francisco?,de natureza continental,,São unidades de natureza continental.,1.0,"The score is 1.00 because the response is fully relevant to the question, directly addressing a natureza das três unidades cretácicas que formam chapadas e tabuleiros na Bacia do São Francisco, with no irrelevant statements. Great job staying focused and precise.",,Skipped: empty context.,,Skipped: empty context.,,Skipped: empty context.,1.0,"The actual output matches the expected meaning exactly for the input about the três unidades cretácicas na Bacia do São Francisco: both state that they are ""de natureza continental."" The only difference is harmless wording and sentence framing (""São unidades de natureza continental.""), with no factual contradiction or mistake.",1.0,"The expected output requires the key fact that as três unidades cretácicas têm natureza continental. The actual output states exactly this essential information, adding only a harmless subject phrase ('São unidades') without changing meaning. It fully covers the expected content for the given input, so no important information is omitted.",1.0,"The response matches the expected geological interpretation exactly: it identifies the três unidades cretácicas da Bacia do São Francisco as ""de natureza continental,"" which is the key domain relation requested. It uses appropriate geological terminology (""unidades"", ""natureza continental"") and is semantically coherent, with no misuse of lithologic, stratigraphic, facies, or reservoir concepts. The only minor difference is added wording (""São unidades de natureza continental""), which does not change the meaning.",1.0,"The actual output is semantically identical to the expected output for the question about the três unidades cretácicas que formam chapadas e tabuleiros na Bacia do São Francisco. It correctly preserves the key geological concept that these units are of natureza continental, with no concept confusion, role inversion, or misuse of domain-specific meaning. The added wording 'São unidades de' remains concise and fully aligned with the expected geology.",0.5,1.0,0.6666666666666666,0.4,1.0,0.5714285714285715,0.5,1.0,0.6666666666666666,0.0,0.7499999999999999,
resultados/petrobras-5-mini-com-ontologia-embeddingfirst/batch_eaf69800-ceb2-448a-b8a7-c0f2507b03f7-completo.csv,rag,1502,Qual o ambiente tectônico prevalente durante a sedimentação do Grupo Areado na Bacia do São Francisco?,distensional,,"Um regime distensional — rift intracontinental, reflexo do quebramento do Supercontinente Gondwana.",1.0,"The score is 1.00 because the answer appears fully relevant to the question about the ambiente tectônico prevalente durante a sedimentação do Grupo Areado na Bacia do São Francisco, with no irrelevant statements identified. Great job staying directly on topic.",,Skipped: empty context.,,Skipped: empty context.,,Skipped: empty context.,1.0,"The actual output matches the expected meaning: it identifies a ""regime distensional,"" which directly corresponds to the expected output ""distensional"" for the tectonic environment during sedimentation of the Grupo Areado in the Bacia do São Francisco. The added detail about ""rift intracontinental"" and Gondwana breakup is consistent and does not introduce any contradiction, so only a minor deduction is warranted, if any, for being more specific than required.",1.0,"The expected output contains the essential fact that the ambiente tectônico prevalente was ""distensional"". The actual output explicitly includes ""Um regime distensional"" and adds compatible context (""rift intracontinental"" and relation to the breakup of Gondwana) without contradicting the expected answer. It fully covers the key element from the test case, and the extra detail should not be penalized.",1.0,"The actual output aligns strongly with the expected answer by correctly identifying a tectonic setting 'distensional' for the sedimentation of the Grupo Areado in the Bacia do São Francisco. It uses appropriate geological terminology, adding coherent domain detail with 'rift intracontinental' and linking it plausibly to the breakup of Gondwana. There is no misuse of stratigraphic, tectonic, or sedimentary concepts, and the interpretation remains semantically consistent with the expected output.",1.0,"The actual output is semantically aligned with the expected output: it identifies the tectonic setting as ""regime distensional,"" which directly matches ""distensional."" It also preserves correct geological meaning by specifying a compatible context (""rift intracontinental"") and linking it to the breakup of Gondwana without changing the core relation asked in the input about the Grupo Areado during sedimentation in the Bacia do São Francisco. The added detail is domain-consistent and does not introduce concept confusion or invert roles.",0.0909090909090909,1.0,0.1666666666666666,0.0,0.0,0.0,0.0909090909090909,1.0,0.1666666666666666,0.0,0.1666666666666666,
resultados/petrobras-5-mini-com-ontologia-embeddingfirst/batch_eaf69800-ceb2-448a-b8a7-c0f2507b03f7-completo.csv,graphrag,1502,Qual o ambiente tectônico prevalente durante a sedimentação do Grupo Areado na Bacia do São Francisco?,distensional,,Um regime tectônico distensional — provavelmente reflexo do rifteamento intracontinental ligado ao início da ruptura de Gondwana.,1.0,"The score is 1.00 because the response is fully relevant to the question about the ambiente tectônico prevalente durante a sedimentação do Grupo Areado na Bacia do São Francisco, with no irrelevant statements. Great job staying precise and on-topic.",,Skipped: empty context.,,Skipped: empty context.,,Skipped: empty context.,1.0,"The actual output matches the expected output's core meaning by identifying the ambiente tectônico as ""distensional"" for the sedimentação do Grupo Areado na Bacia do São Francisco. The added detail about rifteamento intracontinental and the ruptura de Gondwana does not contradict the expected output and is a harmless elaboration rather than a factual mistake.",1.0,"The expected output requires identifying the tectonic environment as ""distensional"". The actual output explicitly states ""Um regime tectônico distensional"" and adds consistent contextual detail about intracontinental rifting and the breakup of Gondwana. It fully covers the essential element without omitting any required fact, and the extra detail does not conflict with the expected answer.",1.0,"The response matches the expected interpretation of a tectonic regime being ""distensional"" and uses appropriate geological terminology such as ""regime tectônico distensional,"" ""rifteamento intracontinental,"" and ""ruptura de Gondwana."" It is semantically coherent with the input about the Grupo Areado na Bacia do São Francisco and adds plausible domain context without introducing incorrect lithologic, stratigraphic, or reservoir concepts.",1.0,"The actual output is semantically aligned with the expected answer: it identifies the tectonic setting as ""regime tectônico distensional,"" which matches the expected ""distensional"" for the sedimentation of the Grupo Areado na Bacia do São Francisco. It preserves the key geological concept and role correctly, and the added detail about intracontinental rifting and the breakup of Gondwana is consistent rather than misleading.",0.0555555555555555,1.0,0.1052631578947368,0.0,0.0,0.0,0.0555555555555555,1.0,0.1052631578947368,0.0,0.1176470588235294,
resultados/petrobras-5-mini-com-ontologia-embeddingfirst/batch_eaf69800-ceb2-448a-b8a7-c0f2507b03f7-completo.csv,rag,1506,O que os diamictitos/tilitos/fácies tilóides e folhelhos com dropstones basais do Grupo Santa Fé apontam?,para uma unidade crono-correlata aos sedimentos permocarboníferos glaciais do Grupo Itararé da Bacia do Paraná,,Que são indicativos de uma unidade crono-correlata aos sedimentos glaciais permocarboníferos do Grupo Itararé (Bacia do Paraná).,0.5,"The score is 0.50 because the answer appears to address the question only partially, but it includes irrelevant background about where the Grupo Itararé belongs instead of focusing directly on what the diamictitos/tilitos/fácies tilóides e folhelhos com dropstones basais do Grupo Santa Fé indicate. It is not lower because the response still seems related to the geological topic, but it is not higher because it does not stay fully centered on the specific indication asked in the input.",,Skipped: empty context.,,Skipped: empty context.,,Skipped: empty context.,1.0,"The actual output matches the expected meaning closely for the input about what the diamictitos/tilitos/fácies tilóides e folhelhos com dropstones basais do Grupo Santa Fé apontam. It correctly states that they are indicativos de uma unidade crono-correlata aos sedimentos glaciais permocarboníferos do Grupo Itararé, preserving the key details ""unidade crono-correlata,"" ""permocarboníferos glaciais,"" and ""Bacia do Paraná."" Differences are only stylistic, such as adding ""Que são indicativos de"" and using parentheses, with no factual contradiction.",1.0,"The actual output captures the essential relation asked by the input: the diamictitos/tilitos/fácies tilóides e folhelhos com dropstones basais do Grupo Santa Fé are indicativos de uma unidade crono-correlata aos sedimentos glaciais/permocarboníferos do Grupo Itararé, specifically in the Bacia do Paraná. It preserves all key entities and the core meaning of the expected output, with only minor reordering and added phrasing ('Que são indicativos') that does not change the content.",1.0,"The actual output aligns very closely with the expected geological interpretation: it correctly identifies diamictitos/tilitos/fácies tilóides e folhelhos com dropstones basais do Grupo Santa Fé as indicative of a unidade crono-correlata aos sedimentos glaciais permocarboníferos do Grupo Itararé, matching the key entities, relation, and basin context from the test case. Geological terminology is used appropriately and coherently, with no misuse of lithologic, stratigraphic, or reservoir concepts; the only difference is minor word order relative to the expected output.",1.0,"The actual output is semantically aligned with the expected output: it states that os diamictitos/tilitos/fácies tilóides e folhelhos com dropstones basais do Grupo Santa Fé são indicativos de uma unidade crono-correlata aos sedimentos glaciais permocarboníferos do Grupo Itararé na Bacia do Paraná. It preserves the key geological entities, class relation ('unidade crono-correlata'), and domain meaning without concept confusion or inverted roles. Although phrased as a full sentence, the concise response fully matches the intended geological semantics.",0.75,0.8823529411764706,0.8108108108108107,0.5263157894736842,0.625,0.5714285714285714,0.7,0.8235294117647058,0.7567567567567567,0.0,0.8125,
resultados/petrobras-5-mini-com-ontologia-embeddingfirst/batch_eaf69800-ceb2-448a-b8a7-c0f2507b03f7-completo.csv,graphrag,1506,O que os diamictitos/tilitos/fácies tilóides e folhelhos com dropstones basais do Grupo Santa Fé apontam?,para uma unidade crono-correlata aos sedimentos permocarboníferos glaciais do Grupo Itararé da Bacia do Paraná,,Que houve sedimentação de origem glacial e que são crono‑correlatos dos sedimentos glaciais permocarboníferos do Grupo Itararé (Bacia do Paraná).,1.0,"The score is 1.00 because the response appears fully relevant to the question about o que os diamictitos/tilitos/fácies tilóides e folhelhos com dropstones basais do Grupo Santa Fé apontam, with no irrelevant statements identified. Great job staying directly on topic.",,Skipped: empty context.,,Skipped: empty context.,,Skipped: empty context.,1.0,"The actual output matches the expected meaning closely: it identifies the Grupo Santa Fé deposits as a unidade crono-correlata aos sedimentos glaciais permocarboníferos do Grupo Itararé, specifically noting the Bacia do Paraná. It also adds that houve sedimentação de origem glacial, which is consistent with the expected output and not a contradiction. There are no factual mistakes; the difference is only a harmless elaboration beyond the core expected answer.",1.0,"The actual output captures the core expected relation that the Grupo Santa Fé deposits indicate a unidade crono-correlata aos sedimentos glaciais permocarboníferos do Grupo Itararé, explicitly mentioning the Grupo Itararé and Bacia do Paraná. It also adds that the sedimentation is of glacial origin, which is consistent with the expected output rather than contradictory. No essential element from the expected output is missing.",0.9,"The response uses appropriate geological terminology for the input, including diamictitos/tilitos, dropstones, sedimentação de origem glacial, and crono-correlatos, which aligns well with the expected interpretation. It correctly identifies the key relation to the sedimentos glaciais permocarboníferos do Grupo Itararé na Bacia do Paraná, matching the expected crono-correlation. A small deduction is warranted because it adds an extra interpretive statement about glacial depositional origin beyond the expected phrasing, though this addition is still domain-appropriate and semantically coherent.",1.0,"The actual output is semantically aligned with the expected geological interpretation: it identifies the Santa Fé diamictitos/tilitos/fácies tilóides e folhelhos com dropstones basais as crono-correlatos dos sedimentos glaciais permocarboníferos do Grupo Itararé, explicitly mentioning the Bacia do Paraná. It also correctly preserves the glacial context implied by the expected answer. There is no concept confusion, inversion, or misuse of geological relations; the added note about sedimentação de origem glacial is consistent with the input features and does not distort the intended meaning.",0.4583333333333333,0.6470588235294118,0.5365853658536585,0.217391304347826,0.3125,0.2564102564102564,0.4166666666666667,0.5882352941176471,0.4878048780487805,0.0,0.5142857142857143,
resultados/petrobras-5-mini-com-ontologia-embeddingfirst/batch_eaf69800-ceb2-448a-b8a7-c0f2507b03f7-completo.csv,rag,1508,Em que ambiente tectônico ocorreu a sedimentação do Grupo Areado?,"distensional, provável reflexo intracontinental do quebramento do Supercontinente Gondwana",,Em um regime tectônico distensional — provavelmente rifteamento intracontinental vinculado ao quebramento do Gondwana.,1.0,"The score is 1.00 because the answer is fully focused on the asked topic and directly addresses em que ambiente tectônico ocorreu a sedimentação do Grupo Areado, with no irrelevant statements. Great job staying precise and completely relevant.",,Skipped: empty context.,,Skipped: empty context.,,Skipped: empty context.,1.0,"The actual output matches the expected meaning closely: it identifies a tectonic ambiente distensional and links it to an intracontinental process associated with the breakup of Gondwana. The phrasing differs slightly, using 'regime tectônico distensional' and 'rifteamento intracontinental' instead of 'provável reflexo intracontinental,' but there is no factual contradiction and the key geological details from the test case are preserved.",1.0,"The actual output captures all essential elements from the expected output: the tectonic setting is ""distensional"" and it is identified as a probable intracontinental reflection/process linked to the breakup of Gondwana (""rifteamento intracontinental vinculado ao quebramento do Gondwana""). It preserves the key entities and relation from the test case, with only minor wording differences and added phrasing that do not change the meaning.",1.0,"The response matches the expected tectonic interpretation closely: it identifies a 'regime tectônico distensional' and links it to intracontinental rifting associated with the breakup of Gondwana, which is semantically equivalent to the expected 'provável reflexo intracontinental do quebramento do Supercontinente Gondwana'. It uses appropriate geological terminology ('tectônico distensional', 'rifteamento intracontinental') with no misuse of stratigraphic, lithologic, or reservoir concepts.",1.0,"The actual output is semantically aligned with the expected answer: it identifies a tectonic ambiente/regime ""distensional"" and links it to an intracontinental process associated with the quebramento do Gondwana, matching the expected geological concept of a ""provável reflexo intracontinental do quebramento do Supercontinente Gondwana"". The added wording ""rifteamento intracontinental"" is consistent with a distensional setting and does not invert roles or introduce domain errors.",0.3571428571428571,0.5,0.4166666666666666,0.0769230769230769,0.1111111111111111,0.0909090909090909,0.3571428571428571,0.5,0.4166666666666666,0.0,0.4545454545454546,
resultados/petrobras-5-mini-com-ontologia-embeddingfirst/batch_eaf69800-ceb2-448a-b8a7-c0f2507b03f7-completo.csv,graphrag,1508,Em que ambiente tectônico ocorreu a sedimentação do Grupo Areado?,"distensional, provável reflexo intracontinental do quebramento do Supercontinente Gondwana",,Em um regime tectônico distensional — rifting intracontinental associado ao fracionamento do Gondwana.,1.0,"The score is 1.00 because the answer is fully relevant to the question about the ambiente tectônico da sedimentação do Grupo Areado, with no irrelevant statements present. Great job staying focused and directly addressing the input.",,Skipped: empty context.,,Skipped: empty context.,,Skipped: empty context.,1.0,"The actual output matches the expected meaning closely: it identifies a tectonic ambiente ""distensional"" and links it to an intracontinental rifting context associated with the breakup of Gondwana, which aligns with ""provável reflexo intracontinental do quebramento do Supercontinente Gondwana."" There are no factual contradictions, and the wording differences are stylistic rather than substantive.",1.0,"The actual output captures all essential elements from the expected output: the tectonic environment is identified as distensional, and it links the sedimentation to an intracontinental setting associated with the breakup/fracionamento of Gondwana. Although it uses slightly different wording ('rifting intracontinental associado ao fracionamento do Gondwana' instead of 'provável reflexo intracontinental do quebramento do Supercontinente Gondwana'), the core facts and relation requested by the input are fully preserved.",1.0,"The response matches the expected tectonic interpretation closely: it identifies a ""regime tectônico distensional"" and specifies ""rifting intracontinental associado ao fracionamento do Gondwana,"" which is semantically equivalent to the expected ""distensional, provável reflexo intracontinental do quebramento do Supercontinente Gondwana."" It uses appropriate geological terminology, preserves the key entity and relation between sedimentation of the Grupo Areado and intracontinental extension linked to Gondwana breakup, and introduces no misuse of stratigraphic or tectonic concepts.",1.0,"The actual output is semantically aligned with the expected answer: both identify a tectonic ambiente distensional linked to intracontinental breakup/rifting of Gondwana. It preserves the key geological concepts and relation asked in the input about the sedimentation of the Grupo Areado, with no concept confusion or inverted roles. Although phrased slightly differently, 'rifting intracontinental associado ao fracionamento do Gondwana' matches 'provável reflexo intracontinental do quebramento do Supercontinente Gondwana' and remains concise while preserving the intended geology.",0.3076923076923077,0.4,0.3478260869565217,0.0,0.0,0.0,0.3076923076923077,0.4,0.3478260869565217,0.0,0.380952380952381,
resultados/petrobras-5-mini-com-ontologia-embeddingfirst/batch_eaf69800-ceb2-448a-b8a7-c0f2507b03f7-completo.csv,rag,1542,O que não permite discriminar padrões de terminação de refletores sísmicos na 4a e 5a ordens?,as seções sísmicas disponíveis,,"O conteúdo de resolução insuficiente das seções sísmicas disponíveis — ou seja, a baixa resolução dos dados sísmicos.",1.0,"The score is 1.00 because the response is fully focused on what prevents discriminating seismic reflector termination patterns in the 4th and 5th orders, with no irrelevant statements. Great job staying directly on topic and completely relevant.",,Skipped: empty context.,,Skipped: empty context.,,Skipped: empty context.,1.0,"The actual output matches the expected meaning exactly: it identifies ""as seções sísmicas disponíveis"" as the limiting factor and adds a harmless clarification that the issue is their ""resolução insuficiente""/""baixa resolução dos dados sísmicos."" There is no factual contradiction with the expected output, and the added wording stays aligned with the input question about what prevents discriminating reflector termination patterns in 4th and 5th order.",1.0,"The expected output identifies the key element as ""as seções sísmicas disponíveis"". The actual output fully covers this and adds a specific qualifying detail from the input context: ""resolução insuficiente"" / ""baixa resolução dos dados sísmicos"" as what prevents discrimination of reflector termination patterns in the 4a e 5a ordens. There is no omission of the essential entity, and the extra clarification remains aligned with the expected answer.",0.8,"The response is geologically appropriate and semantically aligned with the input about discriminar padrões de terminação de refletores sísmicos na 4a e 5a ordens. It correctly refers to seismic data quality/resolution as the limiting factor, which is coherent domain language. Compared with the expected output, however, it adds an interpretation—""resolução insuficiente"" / ""baixa resolução dos dados sísmicos""—where the expected answer is simply ""as seções sísmicas disponíveis."" This extra specificity is plausible but not strictly identical to the expected geological entity.",0.9,The actual output is semantically well aligned with the expected output: it identifies that the limitation comes from 'as seções sísmicas disponíveis' and clarifies the intended geological meaning as insufficient resolution of those seismic sections. It preserves the correct entity and causal role for why padrões de terminação de refletores sísmicos na 4a e 5a ordens cannot be discriminated. A small penalty applies because it adds an interpretive explanation ('baixa resolução dos dados sísmicos') rather than matching the more minimal expected phrasing exactly.,0.25,0.8571428571428571,0.3870967741935483,0.217391304347826,0.8333333333333334,0.3448275862068966,0.25,0.8571428571428571,0.3870967741935483,0.0,0.2857142857142857,
resultados/petrobras-5-mini-com-ontologia-embeddingfirst/batch_eaf69800-ceb2-448a-b8a7-c0f2507b03f7-completo.csv,graphrag,1542,O que não permite discriminar padrões de terminação de refletores sísmicos na 4a e 5a ordens?,as seções sísmicas disponíveis,,"As seções sísmicas disponíveis — ou seja, a resolução insuficiente das linhas sísmicas.",1.0,"The score is 1.00 because the response is fully relevant to the question, directly addressing what prevents discriminating seismic reflector termination patterns in the 4th and 5th orders, with no irrelevant statements. Great job keeping the answer focused and on-topic.",,Skipped: empty context.,,Skipped: empty context.,,Skipped: empty context.,0.9,"The actual output matches the expected core answer for the input about what does not allow discrimination of reflector termination patterns in the 4th and 5th orders: it correctly identifies ""as seções sísmicas disponíveis"". The added phrase ""ou seja, a resolução insuficiente das linhas sísmicas"" is extra and not required by the expected output, but it does not contradict it and remains consistent with the same idea, so only a minor penalty is warranted, if any.",1.0,"The actual output fully captures the essential expected element from the test case: ""as seções sísmicas disponíveis"" as the factor that does not allow discrimination of reflector termination patterns in the 4th and 5th orders. The added clarification about insufficient seismic line resolution is consistent with the input context and does not omit any important information.",1.0,"The actual output matches the expected geological meaning by identifying ""as seções sísmicas disponíveis"" as the limiting factor for discriminating reflector termination patterns in 4th and 5th orders. It uses appropriate domain terms such as ""seções sísmicas"", ""resolução"" and ""linhas sísmicas"" without introducing incorrect lithologic, stratigraphic, facies, or reservoir concepts. The added clarification about insufficient seismic resolution is geologically coherent and consistent with the input.",0.9,"The actual output is semantically aligned with the expected answer: it correctly identifies ""as seções sísmicas disponíveis"" as what prevents discriminating reflector termination patterns in the 4th and 5th orders. It also adds a plausible clarification about ""resolução insuficiente das linhas sísmicas,"" which remains consistent with the geological context rather than introducing a conflicting concept or relation. A small penalty is warranted because this extra detail is not present in the expected output and slightly goes beyond the target answer.",0.4117647058823529,1.0,0.5833333333333334,0.375,1.0,0.5454545454545454,0.4117647058823529,1.0,0.5833333333333334,0.0,0.5,
resultados/petrobras-5-mini-com-ontologia-embeddingfirst/batch_eaf69800-ceb2-448a-b8a7-c0f2507b03f7-completo.csv,rag,1543,Quais são as duas ordens que não apresentam conteúdo de resolução suficientemente alto para permitir discriminar padrões de terminação de refletores sísmicos?,4a e 5a,,As de 4ª e 5ª ordens (quarta e quinta ordens).,1.0,"The score is 1.00 because the response directly answers which two ordens do not have resolução suficiente to discriminar padrões de terminação de refletores sísmicos, with no irrelevant statements. Great job staying fully focused and precise.",,Skipped: empty context.,,Skipped: empty context.,,Skipped: empty context.,1.0,"The actual output matches the expected meaning for the input asking which two ordens lack sufficiently high resolution to discriminate reflector termination patterns. It correctly identifies 4ª e 5ª ordens, which is equivalent to the expected ""4a e 5a"". There are no factual contradictions; the only differences are harmless wording and formatting, including the added parenthetical clarification.",1.0,"The actual output correctly identifies the two ordens requested in the input as 4ª e 5ª, which matches the expected output '4a e 5a'. It covers all essential entities and relations with no omission, and the added wording 'quarta e quinta ordens' is acceptable because it preserves the same meaning concisely.",1.0,"The response matches the expected geological content exactly: it identifies the 4ª e 5ª ordens as the two orders lacking sufficient resolution to discriminate seismic reflector termination patterns. It uses appropriate domain terminology from the input, including 'ordens' and implicit seismic-stratigraphic context, without introducing any incorrect lithologic, facies, stratigraphic, or reservoir concepts. The wording is precise, semantically coherent, and fully aligned with the expected output '4a e 5a'.",1.0,"The actual output matches the expected answer semantically by identifying '4ª e 5ª ordens', which corresponds directly to '4a e 5a'. It stays aligned with the geological context of seismic reflector termination pattern resolution and does not introduce any concept confusion, role inversion, or domain misuse. Although slightly more explicit with 'quarta e quinta ordens', it preserves the intended meaning concisely.",0.1,0.3333333333333333,0.1538461538461538,0.0,0.0,0.0,0.1,0.3333333333333333,0.1538461538461538,0.0,0.4615384615384615,
resultados/petrobras-5-mini-com-ontologia-embeddingfirst/batch_eaf69800-ceb2-448a-b8a7-c0f2507b03f7-completo.csv,graphrag,1543,Quais são as duas ordens que não apresentam conteúdo de resolução suficientemente alto para permitir discriminar padrões de terminação de refletores sísmicos?,4a e 5a,,As 4ª e 5ª ordens (quarta e quinta ordens).,1.0,"The score is 1.00 because the response directly addresses which duas ordens não apresentam conteúdo de resolução suficientemente alto para discriminar padrões de terminação de refletores sísmicos, with no irrelevant statements. Great job staying fully on topic and precise.",,Skipped: empty context.,,Skipped: empty context.,,Skipped: empty context.,1.0,"The actual output matches the expected meaning exactly: it identifies the 4ª e 5ª ordens as the two that lack sufficiently high resolution. There is no factual contradiction or mistake relative to the expected output '4a e 5a'; the only difference is stylistic wording ('quarta e quinta ordens'), which should not be penalized under the evaluation steps.",1.0,"The actual output correctly identifies the two ordens requested in the input as 4ª e 5ª, which matches the expected output '4a e 5a'. It includes no incorrect entities or relations, and the added wording '(quarta e quinta ordens)' is consistent and does not omit any essential information.",1.0,"The response aligns very well with the expected geological interpretation in the test case: it identifies the 4ª e 5ª ordens exactly as the two orders lacking resolução suficientemente alta para discriminar padrões de terminação de refletores sísmicos. It uses appropriate domain terms from the input, including ordens and the seismic-reflector context, without introducing incorrect lithologic, facies, stratigraphic, or reservoir concepts. The only minor difference is formatting/spelling out the ordinals rather than using the shorter expected form.",1.0,"The actual output matches the expected answer semantically by identifying the 4ª e 5ª ordens as the two orders without resolução suficiente para discriminar padrões de terminação de refletores sísmicos. It preserves the correct geological entities and relation from the input, with no concept confusion or inverted meaning; the added wording 'quarta e quinta ordens' is consistent and does not alter the intended semantics.",0.1111111111111111,0.3333333333333333,0.1666666666666666,0.0,0.0,0.0,0.1111111111111111,0.3333333333333333,0.1666666666666666,0.0,0.5,
resultados/petrobras-5-mini-com-ontologia-embeddingfirst/batch_eaf69800-ceb2-448a-b8a7-c0f2507b03f7-completo.csv,rag,1544,"Qual foi a dificuldade de rastrear os refletores e marcadores de um rollover para outro, principalmente no sentido dlp?",intensa halocinese,,"Porque o intervalo é dominado por intensa halocinese, que altera/complica a continuidade dos refletores, e as seções sísmicas disponíveis têm resolução insuficiente para discriminar padrões de terminação (4ª/5ª ordens), tornando difícil seguir marcadores de um rollover a outro especialmente no sentido dlp.",1.0,"The score is 1.00 because the response stayed fully focused on the question about the difficulty of rastrear os refletores e marcadores de um rollover para outro, principalmente no sentido dlp, with no irrelevant statements. Great job keeping it directly on topic and completely relevant.",,Skipped: empty context.,,Skipped: empty context.,,Skipped: empty context.,1.0,"The actual output matches the expected core answer from the input by explicitly identifying ""intensa halocinese"" as the main difficulty in rastrear os refletores e marcadores entre rollovers, especially no sentido dlp. It adds extra detail about continuidade dos refletores and resolução sísmica, but these do not contradict the expected output and are harmless elaborations under the evaluation steps.",1.0,"The expected output contains the essential fact that the dificuldade ocorreu por ""intensa halocinese"". The actual output includes this key element explicitly and correctly ties it to the tracking problem of refletores e marcadores entre rollovers, especially no sentido dlp. Although it adds extra details about resolução sísmica insuficiente and padrões de terminação, these do not contradict the expected answer, and all essential content is covered.",1.0,"The response aligns strongly with the expected geological interpretation by identifying 'intensa halocinese' as the main cause of the tracking difficulty, which exactly matches the expected output. It uses appropriate domain terminology such as refletores, marcadores, seções sísmicas, continuidade dos refletores, and padrões de terminação (4ª/5ª ordens), and the added explanation about insufficient seismic resolution is geologically coherent and relevant to tracing markers between rollovers, especially no sentido dlp. There is no misuse of lithologic, stratigraphic, facies, or reservoir concepts.",1.0,"The actual output is semantically aligned with the expected output because it identifies ""intensa halocinese"" as the main difficulty in rastrear refletores e marcadores entre rollovers, especially no sentido dlp. It also adds relevant geological detail about reflector continuity and limited seismic resolution without introducing concept confusion, wrong relations, or misuse of domain terms.",0.0392156862745098,1.0,0.0754716981132075,0.02,1.0,0.0392156862745098,0.0392156862745098,1.0,0.0754716981132075,0.0,0.0909090909090909,
resultados/petrobras-5-mini-com-ontologia-embeddingfirst/batch_eaf69800-ceb2-448a-b8a7-c0f2507b03f7-completo.csv,graphrag,1544,"Qual foi a dificuldade de rastrear os refletores e marcadores de um rollover para outro, principalmente no sentido dlp?",intensa halocinese,,"Porque o intervalo era dominado por intensa halocinese, dificultando o seguimento dos refletores e marcadores entre rollovers (principalmente downdip); além disso a resolução sísmica insuficiente impedia discriminar padrões de terminação de 4ª e 5ª ordens.",0.8333333333333334,"The score is 0.83 because the answer appears to address the asked difficulty of tracking reflectors and markers between rollovers, especially in the dlp direction, but it is not higher because it also includes an irrelevant point about inability to discriminate ""padrões de terminação de 4ª e 5ª ordens,"" which is a different issue from the tracking difficulty asked in the input.",,Skipped: empty context.,,Skipped: empty context.,,Skipped: empty context.,0.9,"The actual output matches the expected core answer for the question about the difficulty in tracking reflectors and markers from one rollover to another, especially downdip/dlp: it correctly identifies ""intensa halocinese"" as the main cause. It adds extra details about poor seismic resolution and inability to distinguish 4th- and 5th-order termination patterns, which are not contradicted by the expected output. There is no factual contradiction, but the response is somewhat broader than necessary.",1.0,"The expected output only requires the key fact ""intensa halocinese"" as the main difficulty in tracking reflectors and markers between rollovers, especially downdip. The actual output explicitly includes this essential element and correctly ties it to the tracking difficulty. It adds extra details about seismic resolution and 4th/5th order termination patterns, but these do not conflict with the expected answer.",0.9,"The response matches the expected interpretation that the main difficulty was ""intensa halocinese"" and uses geological terminology appropriately, including refletores, marcadores, rollover, halocinese, resolução sísmica, and padrões de terminação. It remains semantically coherent and domain-appropriate, and the mention of the dlp/downdip direction aligns with the input. A small penalty is warranted because it adds extra detail about insuficiente resolução sísmica and 4ª/5ª ordens that is not present in the expected output, though these additions are still geologically plausible rather than incorrect.",0.9,"The response is semantically aligned with the expected output because it correctly identifies ""intensa halocinese"" as the main difficulty in rastrear refletores e marcadores entre rollovers, especially no sentido dlp/downdip. It preserves the key geological concept and relation asked in the input. However, it adds extra details about ""resolução sísmica insuficiente"" and terminações de 4ª e 5ª ordens that are not present in the expected output, so it is slightly less precise than the target answer.",0.05,1.0,0.0952380952380952,0.0256410256410256,1.0,0.05,0.05,1.0,0.0952380952380952,0.0,0.1081081081081081,
resultados/petrobras-5-mini-com-ontologia-embeddingfirst/batch_eaf69800-ceb2-448a-b8a7-c0f2507b03f7-completo.csv,rag,1547,O que as seções sísmicas disponíveis não permitiram discriminar?,padrões de terminação de refletores sísmicos,,Os padrões de terminação de refletores sísmicos de 4ª e 5ª ordem.,1.0,"The score is 1.00 because the answer appears fully focused on what was asked, with no irrelevant statements identified. It directly addresses what the seções sísmicas disponíveis não permitiram discriminar, so the maximum relevancy score is justified.",,Skipped: empty context.,,Skipped: empty context.,,Skipped: empty context.,0.9,"The actual output matches the expected meaning by stating that the seções sísmicas disponíveis não permitiram discriminar os ""padrões de terminação de refletores sísmicos"". It adds the detail ""de 4ª e 5ª ordem,"" which is not supported by the expected output, so there is a minor unsupported specificity, but no direct contradiction with the core expected answer.",1.0,"The actual output captures the essential element from the expected output: it states that the seções sísmicas disponíveis não permitiram discriminar os ""padrões de terminação de refletores sísmicos"". The added detail ""de 4ª e 5ª ordem"" does not contradict the expected answer and remains aligned with the input, so all key facts are covered without omission.",1.0,"The actual output is geologically appropriate and directly matches the expected concept: it identifies 'padrões de terminação de refletores sísmicos', which is the key seismic-stratigraphic element asked in the input. The added detail 'de 4ª e 5ª ordem' remains domain-consistent and does not distort the relation or interpretation. There is no misuse of lithologic, facies, stratigraphic, or reservoir terminology, and the response is semantically coherent with the test case.",0.9,"The actual output is semantically aligned with the expected output: it identifies that the seções sísmicas disponíveis não permitiram discriminar os padrões de terminação de refletores sísmicos. It preserves the key geological concept and relation from the input. The only minor issue is the added specificity 'de 4ª e 5ª ordem', which is not present in the expected output and could slightly narrow the scope, but it does not invert or confuse the geological meaning.",0.6,1.0,0.7499999999999999,0.5714285714285714,1.0,0.7272727272727273,0.6,1.0,0.7499999999999999,0.0,0.6666666666666666,
resultados/petrobras-5-mini-com-ontologia-embeddingfirst/batch_eaf69800-ceb2-448a-b8a7-c0f2507b03f7-completo.csv,graphrag,1547,O que as seções sísmicas disponíveis não permitiram discriminar?,padrões de terminação de refletores sísmicos,,Os padrões de terminação de refletores sísmicos das ordens 4ª e 5ª.,1.0,"The score is 1.00 because the answer is fully relevant to the input, directly addressing what the seções sísmicas disponíveis não permitiram discriminar, with no irrelevant statements. Great job staying focused and precise.",,Skipped: empty context.,,Skipped: empty context.,,Skipped: empty context.,0.8,"The actual output matches the expected meaning by identifying 'padrões de terminação de refletores sísmicos' as what could not be discriminated for the input question. It adds extra detail ('das ordens 4ª e 5ª') that is not present in the expected output, which is a slight mismatch but not a clear factual contradiction based on the test case. The core answer remains correct, so only a small penalty is warranted.",1.0,"The actual output correctly identifies the essential element from the expected output: ""padrões de terminação de refletores sísmicos"" as what the seções sísmicas disponíveis não permitiram discriminar. The added detail ""das ordens 4ª e 5ª"" is extra but does not conflict with the expected answer, so all core content is covered.",0.9,"The response is strongly aligned with the expected geological content: it correctly identifies ""padrões de terminação de refletores sísmicos,"" using appropriate seismic-stratigraphic terminology for the question about what the available seismic sections could not discriminate. It also adds the detail ""das ordens 4ª e 5ª,"" which is domain-coherent and does not contradict the expected output, though it is slightly more specific than required.",1.0,"The actual output is semantically aligned with the expected output because it correctly identifies that the seções sísmicas disponíveis não permitiram discriminar os ""padrões de terminação de refletores sísmicos"". The added detail ""das ordens 4ª e 5ª"" is consistent with the geological concept and does not invert or distort the entity or relation asked in the input.",0.6,1.0,0.7499999999999999,0.5714285714285714,1.0,0.7272727272727273,0.6,1.0,0.7499999999999999,0.0,0.6666666666666666,
resultados/petrobras-5-mini-com-ontologia-embeddingfirst/batch_eaf69800-ceb2-448a-b8a7-c0f2507b03f7-completo.csv,rag,1552,O que as seções sísmicas disponíveis não permitem discriminar?,padrões de terminação de refletores sísmicos,,Os padrões de terminação de refletores sísmicos de 4ª e 5ª ordem.,1.0,"The score is 1.00 because the response stays fully focused on what the input asks and includes no irrelevant statements. It directly addresses o que as seções sísmicas disponíveis não permitem discriminar, so this is a strong and fully relevant answer.",,Skipped: empty context.,,Skipped: empty context.,,Skipped: empty context.,0.9,"The actual output matches the expected meaning closely: it correctly identifies that the seções sísmicas disponíveis não permitem discriminar os ""padrões de terminação de refletores sísmicos"". The added detail ""de 4ª e 5ª ordem"" is not supported by the expected output, so it introduces extra specificity that could be a factual overreach, but it does not directly contradict the core expected answer.",1.0,"The actual output correctly identifies the core item from the expected output: ""padrões de terminação de refletores sísmicos"" as what the seções sísmicas disponíveis não permitem discriminar. It includes extra detail (""de 4ª e 5ª ordem""), but this does not conflict with the expected answer and does not omit any essential fact from the test case.",1.0,"The actual output uses appropriate geological terminology, specifically 'padrões de terminação de refletores sísmicos', which matches the expected seismic-stratigraphic concept. It remains semantically coherent and domain-appropriate for the input question about what the available seismic sections cannot discriminate. The added detail 'de 4ª e 5ª ordem' is more specific than the expected output but does not introduce misuse of geological relations or concepts.",0.8,"The actual output is semantically aligned with the expected answer because it identifies that the seções sísmicas disponíveis não permitem discriminar os ""padrões de terminação de refletores sísmicos"". It preserves the core geological concept and relation from the input. However, it adds the qualifier ""de 4ª e 5ª ordem,"" which is not present in the expected output and introduces extra specificity that could narrow or alter the intended scope, so it is not a perfect match.",0.6,1.0,0.7499999999999999,0.5714285714285714,1.0,0.7272727272727273,0.6,1.0,0.7499999999999999,0.0,0.6666666666666666,
resultados/petrobras-5-mini-com-ontologia-embeddingfirst/batch_eaf69800-ceb2-448a-b8a7-c0f2507b03f7-completo.csv,graphrag,1552,O que as seções sísmicas disponíveis não permitem discriminar?,padrões de terminação de refletores sísmicos,,Não permitem discriminar padrões de terminação de refletores sísmicos de 4ª e 5ª ordens (padrões finos).,1.0,"The score is 1.00 because the answer stays fully focused on what the input asks about and does not include any irrelevant statements. It directly addresses what the seções sísmicas disponíveis não permitem discriminar, so this is a strong and fully relevant response.",,Skipped: empty context.,,Skipped: empty context.,,Skipped: empty context.,0.8,"The actual output matches the expected meaning by stating that the seções sísmicas disponíveis não permitem discriminar ""padrões de terminação de refletores sísmicos"". It adds extra detail — ""de 4ª e 5ª ordens (padrões finos)"" — which is not present in the expected output, but this is a narrowing elaboration rather than a direct contradiction. Because the core answer is correct and there is no clear factual conflict relative to the expected output, only a small penalty is warranted for adding unsupported specificity.",1.0,"The actual output fully covers the essential expected content for the input asking what the available seismic sections do not allow to discriminate. It correctly includes ""padrões de terminação de refletores sísmicos,"" which is the key fact in the expected output. The added detail about ""4ª e 5ª ordens (padrões finos)"" is extra specificity and does not conflict with the expected answer.",1.0,"The actual output is geologically appropriate and matches the expected entity: it correctly identifies 'padrões de terminação de refletores sísmicos' as what the seismic sections cannot discriminate. It uses proper seismic-stratigraphic terminology and adds a consistent refinement ('de 4ª e 5ª ordens', 'padrões finos') without contradicting the expected output or introducing incorrect geological relations.",1.0,"The actual output is semantically aligned with the expected output: it correctly states that the seções sísmicas disponíveis não permitem discriminar 'padrões de terminação de refletores sísmicos'. It preserves the key geological concept and relation from the input, and the added detail 'de 4ª e 5ª ordens (padrões finos)' is a compatible refinement rather than a contradiction or role inversion.",0.4285714285714285,1.0,0.6,0.4,1.0,0.5714285714285715,0.4285714285714285,1.0,0.6,0.0,0.5454545454545454,
resultados/petrobras-5-mini-com-ontologia-embeddingfirst/batch_eaf69800-ceb2-448a-b8a7-c0f2507b03f7-completo.csv,rag,1555,O que foi dificultado para traçar sequências de alta frequência?,rastreamento dos refletores e marcadores,,"O rastreamento das sequências de alta frequência foi dificultado pelo difícil rastreamento dos refletores e marcadores de um rollover para outro (especialmente no sentido dlp) em um intervalo dominado por intensa halocinese, pela baixa resolução das seções sísmicas (impedindo discriminar terminações de 4ª/5ª ordens) e pela ausência de descontinuidades erosivas cíclicas nos poços.",1.0,"The score is 1.00 because the answer stayed fully focused on what was asked about ""o que foi dificultado para traçar sequências de alta frequência"", with no irrelevant statements. Great job keeping it precise and completely on-topic.",,Skipped: empty context.,,Skipped: empty context.,,Skipped: empty context.,0.9,"The actual output includes the expected core point, ""rastreamento dos refletores e marcadores"", directly answering what was dificultado. It adds extra details from the context, such as rollover, halocinese, baixa resolução sísmica, and ausência de descontinuidades erosivas, but these do not contradict the expected output. Because the expected answer is much narrower and the response is more expansive than necessary, alignment is strong but not perfectly exact.",1.0,"The actual output fully includes the essential expected element, explicitly stating that tracing high-frequency sequences was hindered by the ""rastreamento dos refletores e marcadores"". It also preserves the relation to the input question and adds extra context about rollover, halocinese, low seismic resolution, and lack of erosive discontinuities, which does not conflict with the expected output.",0.9,"The actual output is strongly aligned with the expected answer because it correctly identifies the main difficulty as the ""rastreamento dos refletores e marcadores"" and expands it with geologically appropriate details such as rollover, halocinese, baixa resolução sísmica, terminações de 4ª/5ª ordens, and ausência de descontinuidades erosivas cíclicas nos poços. The terminology is domain-appropriate and semantically coherent. A small penalty applies because the response adds interpretation beyond the expected output, but these additions do not misuse geological concepts.",0.9,"The actual output is semantically aligned with the expected output because it correctly identifies that what was dificultado was the ""rastreamento dos refletores e marcadores."" It preserves the key geological entities and relation asked in the input. A small penalty is warranted because it adds extra causes and context (halocinese, baixa resolução sísmica, ausência de descontinuidades erosivas), which go beyond the expected concise answer, but they do not contradict the intended meaning.",0.078125,1.0,0.144927536231884,0.0634920634920634,1.0,0.1194029850746268,0.078125,1.0,0.144927536231884,0.0,0.1724137931034483,
resultados/petrobras-5-mini-com-ontologia-embeddingfirst/batch_eaf69800-ceb2-448a-b8a7-c0f2507b03f7-completo.csv,graphrag,1555,O que foi dificultado para traçar sequências de alta frequência?,rastreamento dos refletores e marcadores,,"O rastreamento dos refletores e marcadores (entre rollovers), principalmente no sentido dlp, foi dificultado pela intensa halocinese e pela resolução sísmica insuficiente.",1.0,"The score is 1.00 because the response stayed fully focused on what was asked about ""o que foi dificultado para traçar sequências de alta frequência"", with no irrelevant statements. Great job keeping it precise and directly relevant.",,Skipped: empty context.,,Skipped: empty context.,,Skipped: empty context.,0.7,"The actual output includes the expected core content, identifying that what was dificultado was o “rastreamento dos refletores e marcadores,” which matches the expected output. However, it adds unsupported details not present in the expected answer, such as “(entre rollovers), principalmente no sentido dlp” and causes like “intensa halocinese” and “resolução sísmica insuficiente.” These additions go beyond the expected output, but they do not directly contradict it, so alignment is partial rather than exact.",1.0,"The actual output fully includes the essential expected content, specifically 'rastreamento dos refletores e marcadores', which directly answers what was dificultado. The added details about 'entre rollovers', 'no sentido dlp', 'intensa halocinese' and 'resolução sísmica insuficiente' do not conflict with the expected output and preserve the core entity and relation from the test case.",1.0,"The actual output correctly uses geological and geophysical terminology such as ""refletores"", ""marcadores"", ""rollovers"", ""halocinese"", and ""resolução sísmica"", which is appropriate for the input about tracing high-frequency sequences. It matches the expected core answer by explicitly identifying ""rastreamento dos refletores e marcadores"" as what was hindered, while adding coherent domain-specific causes. There is no misuse of lithologic, stratigraphic, facies, or reservoir concepts, and the relations described are semantically consistent with seismic interpretation.",1.0,"The actual output is semantically aligned with the expected output because it correctly identifies that what was dificultado para traçar sequências de alta frequência was the ""rastreamento dos refletores e marcadores"". It also adds contextual details from the input domain—""entre rollovers"", ""no sentido dlp"", and causes like ""intensa halocinese"" and ""resolução sísmica insuficiente""—without changing the core geological concept or relation. There is no concept confusion or inversion; the concise expected answer is fully preserved within the fuller response.",0.2083333333333333,1.0,0.3448275862068966,0.1739130434782608,1.0,0.2962962962962963,0.2083333333333333,1.0,0.3448275862068966,0.0,0.3703703703703703,
resultados/petrobras-5-mini-com-ontologia-embeddingfirst/batch_eaf69800-ceb2-448a-b8a7-c0f2507b03f7-completo.csv,rag,1556,Quais são os preceitos utilizados para a utilização de um arcabouço estratigráfico de alta frequência na Sequência A?,"Moderna Estratigrafia (Catunea-nu, 2006; Catuneanu et al. 2009, Hunt e Tucker, 1992; VanWagoner et al., 1988; Galloway, 1989; Posamentier e Allen, 1999)",,"Seguiu-se os preceitos da Moderna Estratigrafia (Catuneanu 2006; Catuneanu et al. 2009; Hunt & Tucker 1992; Van Wagoner et al. 1988; Galloway 1989; Posamentier & Allen 1999), mas, como o rastreamento de refletores/terminações de 4ª–5ª ordem foi inviabilizado (intensa halocinese, baixa resolução sísmica) e as descontinuidades erosivas (canais incisos) não aparecem ciclicamente nos poços, optou‑se por: - adotar as superfícies transgressivas/ de afogamento que recobrem os carbonatos de plataforma como limites de parassequências; - definir cada parassequência como uma sucessão basal transgressiva seguida por uma sucessão superior regressiva.",1.0,"The score is 1.00 because the response appears fully relevant to the question about the preceitos utilizados para a utilização de um arcabouço estratigráfico de alta frequência na Sequência A, with no irrelevant statements identified. Great job staying focused and on-topic.",,Skipped: empty context.,,Skipped: empty context.,,Skipped: empty context.,0.7,"The actual output correctly identifies the expected preceitos as 'Moderna Estratigrafia' and includes the same core references from the test case, so it aligns on the main factual content. However, it adds substantial extra methodological detail about 4ª–5ª ordem refletores, halocinese, baixa resolução sísmica, canais incisos, and the operational choice of parassequência limits, none of which appears in the expected output. These additions are not clear contradictions, but they go beyond the expected answer and reduce alignment with the target response.",0.9,"The expected output only requires identifying the preceito used: ""Moderna Estratigrafia"" with the cited references (Catuneanu 2006; Catuneanu et al. 2009; Hunt & Tucker 1992; Van Wagoner et al. 1988; Galloway 1989; Posamentier & Allen 1999). The actual output includes this essential framework and the same core citations, directly answering the question about the preceitos for the Sequência A. It adds extra methodological details about halocinese, baixa resolução sísmica, and how parassequências were defined, which are not required but do not conflict. Minor formatting/name differences from the expected citation style prevent a perfect match.",0.8,"The response uses geological terminology appropriately and coherently for the question, citing 'Moderna Estratigrafia', refletores/terminações de 4ª–5ª ordem, halocinese, resolução sísmica, descontinuidades erosivas, canais incisos, superfícies transgressivas/de afogamento, carbonatos de plataforma e parassequências. It aligns with the expected output by correctly identifying the main preceito/framework and key references (Catuneanu, Hunt & Tucker, Van Wagoner, Galloway, Posamentier & Allen). It also adds plausible domain-specific methodological details about why a high-frequency stratigraphic framework was adapted in Sequência A. The main shortcoming is that the expected output is essentially just the cited framework, so the extra interpretive content goes beyond strict matching and introduces assumptions not explicitly required.",0.8,"The actual output is semantically aligned with the expected answer because it explicitly states that the preceitos followed are those of 'Moderna Estratigrafia' and cites the same key references from the test case, preserving the core geological concept. It goes beyond the expected output by adding methodological adaptations for the Sequência A, such as limits of parassequências and transgressive/regressive succession definitions; these additions are still geologically coherent and do not invert relations or misuse domain terms. A small penalty is warranted because the expected output is only the citation of the framework, while the actual output adds extra details not requested.",0.1938775510204081,0.8260869565217391,0.3140495867768595,0.134020618556701,0.5909090909090909,0.2184873949579832,0.1836734693877551,0.782608695652174,0.2975206611570248,0.0,0.3773584905660377,
resultados/petrobras-5-mini-com-ontologia-embeddingfirst/batch_eaf69800-ceb2-448a-b8a7-c0f2507b03f7-completo.csv,graphrag,1556,Quais são os preceitos utilizados para a utilização de um arcabouço estratigráfico de alta frequência na Sequência A?,"Moderna Estratigrafia (Catunea-nu, 2006; Catuneanu et al. 2009, Hunt e Tucker, 1992; VanWagoner et al., 1988; Galloway, 1989; Posamentier e Allen, 1999)",,"Foram seguidos os preceitos da Moderna Estratigrafia (Catuneanu 2006; Catuneanu et al. 2009; Hunt & Tucker 1992; Van Wagoner et al. 1988; Galloway 1989; Posamentier & Allen 1999): emprego de superfícies estratigráficas correlativas associadas às flutuações do nível de base, identificação de padrões de terminação de refletores (ordens 4ª/5ª) quando possíveis, e delimitação de unidades de alta frequência por superfícies transgressivas/de afogamento (no caso, sobre os carbonatos de plataforma) adotadas como limites de parassequências — estas compostas por uma sucessão basal transgressiva e uma sucessão superior regressiva.",1.0,"The score is 1.00 because the response stayed fully focused on os preceitos utilizados para a utilização de um arcabouço estratigráfico de alta frequência na Sequência A, with no irrelevant statements. It directly addressed the input clearly and appropriately—great job.",,Skipped: empty context.,,Skipped: empty context.,,Skipped: empty context.,0.8,"The actual output aligns well with the expected output by correctly identifying 'Moderna Estratigrafia' and matching the cited references from the test case, with only minor formatting differences in names and punctuation (e.g., 'Catuneanu' vs. 'Catunea-nu', 'Hunt & Tucker' vs. 'Hunt e Tucker'). It adds extra details about superfícies estratigráficas, refletores de 4ª/5ª ordem, and parassequências that are not present in the expected output, but these do not contradict it. Because the core expected content is present and there are no clear factual contradictions, the response merits a high but not perfect score.",0.9,"The actual output correctly identifies the essential expected element: the preceitos are based on 'Moderna Estratigrafia' and includes the same key cited authors and dates from the expected output, such as Catuneanu 2006, Hunt & Tucker 1992, Van Wagoner et al. 1988, Galloway 1989, and Posamentier & Allen 1999. It also adds relevant details about superfícies estratigráficas, refletores, and parassequências, which are not required but remain consistent with the input question. A small deduction is appropriate because the expected output is narrowly just the named framework and references, and there are minor formatting/name differences like 'Catunea-nu' versus 'Catuneanu' and 'VanWagoner' versus 'Van Wagoner'.",0.9,"The actual output is strongly aligned with the expected answer because it correctly identifies 'Moderna Estratigrafia' and cites the same core references from the test case, including Catuneanu, Hunt & Tucker, Van Wagoner, Galloway, and Posamentier & Allen. It also uses appropriate geological terminology—such as 'superfícies estratigráficas correlativas', 'nível de base', 'refletores', 'superfícies transgressivas/de afogamento' and 'parassequências'—in a semantically coherent way for an 'arcabouço estratigráfico de alta frequência' in 'Sequência A'. The main shortcoming is that it goes beyond the expected output by adding interpretive details about reflector terminations, 4th/5th-order units, and transgressive/regressive succession architecture that are not explicitly present in the expected answer, but these additions remain domain-appropriate rather than incorrect.",0.9,"The actual output is semantically aligned with the expected answer because it correctly identifies 'Moderna Estratigrafia' and cites the same core references from the test case (Catuneanu, Hunt & Tucker, Van Wagoner, Galloway, Posamentier & Allen). It also stays within the correct geological framework for an arcabouço estratigráfico de alta frequência, adding coherent details about superfícies estratigráficas, refletores, superfícies transgressivas/de afogamento e parassequências. The only shortcoming is that it goes beyond the very concise expected output, but the added information does not introduce concept confusion or incorrect relations.",0.2,0.8695652173913043,0.3252032520325203,0.1313131313131313,0.5909090909090909,0.2148760330578512,0.18,0.782608695652174,0.2926829268292683,0.0,0.3962264150943396,
resultados/petrobras-5-mini-com-ontologia-embeddingfirst/batch_eaf69800-ceb2-448a-b8a7-c0f2507b03f7-completo.csv,rag,1557,Por que a utilização de um arcabouço estratigráfico de alta frequência para a Sequência A foi dificultada?,"pelo difícil rastreamento dos refletores e marcadores de um rollover para outro, principalmente no sentido dlp, em um intervalo estratigráfico dominado por intensa halocinese",,"Porque não foi possível rastrear confiavelmente os refletores/ marcadores de um rollover para outro (especialmente dlp) num intervalo dominado por intensa halocinese, as sísmicas disponíveis não têm resolução para distinguir padrões de terminação em 4ª/5ª ordens, e as descontinuidades erosivas nos poços não ocorrem de forma cíclica. Assim, não houve superfícies de alta frequência correlacionáveis, obrigando ao uso de superfícies transgressivas/ de afogamento como limites de parassequências.",0.8333333333333334,"The score is 0.83 because the answer appears mostly relevant to why the use of a high-frequency stratigraphic framework for a Sequência A was difficult, but it includes an irrelevant point about erosive discontinuities in wells not occurring cyclically, which does not directly explain that difficulty. So it is not higher due to this off-topic detail, but it remains fairly strong because most of the response still addresses the question.",,Skipped: empty context.,,Skipped: empty context.,,Skipped: empty context.,0.8,"The actual output matches the core expected reason: it says the framework was hindered by the difficult tracking of refletores/marcadores from one rollover to another, especially in the dlp direction, in an interval dominated by intense halocinese. It adds extra details about seismic resolution, termination patterns, and erosive discontinuities that are not present in the expected output, but these do not directly contradict it. Because the main expected explanation is correct and there are no clear factual contradictions, alignment is strong, though slightly reduced for going beyond the expected answer.",1.0,"The actual output fully covers the essential point from the expected output: the difficulty arose from hard-to-track refletores/marcadores between rollovers, especially no sentido dlp, within an interval dominated by intensa halocinese. It preserves the key entities and relation asked by the input about Sequência A. The extra details about sísmica resolution, 4ª/5ª ordens, poços, and superfícies transgressivas go beyond the expected output but do not conflict with it.",0.9,"The actual output uses geological terminology appropriately and coherently, including refletores, marcadores, rollover, halocinese, superfícies transgressivas, afogamento, and parassequências. It matches the expected core interpretation that the high-frequency stratigraphic framework was hindered by the difficult tracing of reflectors/markers from one rollover to another, especially in the dlp direction, within an interval dominated by intense halokinesis. It also adds plausible domain-specific detail about seismic resolution for 4ª/5ª ordens and non-cyclic erosive discontinuities in wells; these additions are semantically consistent, though they go beyond the expected output and are not directly required by it.",0.9,"The actual output is semantically well aligned with the expected answer: it correctly identifies the main geological cause as the difficult rastreamento dos refletores/marcadores de um rollover para outro, especially no sentido dlp, within an interval dominated by intensa halocinese. It preserves the key entities and causal relation required by the test case. The extra details about seismic resolution, terminação em 4ª/5ª ordens, and erosive discontinuities are not in the expected output, but they do not contradict it; they add context. A small penalty applies because the response expands beyond the core expected reason and introduces additional stratigraphic implications not strictly required.",0.1744186046511628,0.5769230769230769,0.2678571428571428,0.0941176470588235,0.32,0.1454545454545454,0.1511627906976744,0.5,0.2321428571428571,0.0,0.3296703296703297,
resultados/petrobras-5-mini-com-ontologia-embeddingfirst/batch_eaf69800-ceb2-448a-b8a7-c0f2507b03f7-completo.csv,graphrag,1557,Por que a utilização de um arcabouço estratigráfico de alta frequência para a Sequência A foi dificultada?,"pelo difícil rastreamento dos refletores e marcadores de um rollover para outro, principalmente no sentido dlp, em um intervalo estratigráfico dominado por intensa halocinese",,"Porque, no intervalo dominado por intensa halocinese, foi difícil rastrear refletores e marcadores entre rollovers (principalmente no sentido dlp), as seções sísmicas não tinham resolução suficiente para discriminar padrões de terminação em 4ª/5ª ordens, e as descontinuidades erosivas (canais incisos) nos poços não mostraram ciclicidade; logo não havia superfícies de exposição subaérea ou terminação sísmica claras para delimitar sequências de alta frequência.",1.0,"The score is 1.00 because the answer stayed fully focused on explaining why the use of um arcabouço estratigráfico de alta frequência para a Sequência A was hindered, with no irrelevant statements. Great job keeping it directly relevant and on target.",,Skipped: empty context.,,Skipped: empty context.,,Skipped: empty context.,0.9,"The actual output matches the core expected reason: it states that the use of a high-frequency stratigraphic framework was hindered by the difficult tracing of refletores e marcadores entre rollovers, principalmente no sentido dlp, in an interval dominated by intensa halocinese. This directly aligns with the expected output and contains no contradiction. It adds extra details about seismic resolution, 4ª/5ª ordens termination patterns, and lack of cyclicity in canais incisos, which are not required by the expected output but do not conflict with it.",1.0,"The actual output fully covers the essential facts from the expected output: the difficulty came from 'difícil rastreamento dos refletores e marcadores de um rollover para outro', especially 'no sentido dlp', within an interval 'dominado por intensa halocinese'. It preserves the key entities and relation asked by the input about why the high-frequency stratigraphic framework for Sequência A was hindered. The extra details about seismic resolution, 4ª/5ª ordens, and canais incisos go beyond the expected output but do not contradict it.",0.8,"The response uses appropriate geological terminology and concepts, including 'halocinese', 'refletores', 'marcadores', 'rollovers', and seismic resolution, which aligns well with the stratigraphic interpretation requested. It correctly captures the core expected reason: the difficult tracking of reflectors and markers between rollovers, especially 'no sentido dlp', in an interval dominated by intense halokinesis. However, it adds unsupported interpretations not present in the expected output, such as insufficient seismic resolution for 4th/5th-order terminations, incised channels in wells, lack of cyclicity, and absence of subaerial exposure surfaces. These additions are geologically plausible but go beyond the expected answer, reducing strict alignment.",0.9,"The actual output is semantically well aligned with the expected answer: it correctly identifies the main geological cause as the difficult rastreamento de refletores e marcadores entre rollovers, especially no sentido dlp, within an interval dominated by intensa halocinese. It preserves the intended entities and relations without inverting roles or misusing stratigraphic concepts. A small penalty is warranted because it adds extra justifications about seismic resolution, padrões de terminação de 4ª/5ª ordens, and absence of superfícies de exposição subaérea, which are not present in the expected output and slightly extend beyond the core target answer.",0.225,0.6923076923076923,0.339622641509434,0.1139240506329113,0.36,0.173076923076923,0.1375,0.4230769230769231,0.2075471698113207,0.0,0.3720930232558139,
resultados/petrobras-5-mini-com-ontologia-embeddingfirst/batch_eaf69800-ceb2-448a-b8a7-c0f2507b03f7-completo.csv,rag,1558,O que as seções sísmicas disponíveis não apresentam para permitir discriminar padrões de terminação de refletores sísmicos na 4a e 5a ordens?,conteúdo de resolução suficientemente alto,,"Não apresentam conteúdo de resolução suficientemente alto — ou seja, resolução sísmica inadequada para distinguir padrões de terminação de 4ª e 5ª ordens.",1.0,"The score is 1.00 because the response is fully relevant to the question and does not include irrelevant statements. It stays focused on what the seções sísmicas disponíveis não apresentam para permitir discriminar padrões de terminação de refletores sísmicos na 4a e 5a ordens, which is excellent.",,Skipped: empty context.,,Skipped: empty context.,,Skipped: empty context.,1.0,"The actual output matches the expected meaning exactly for the input asking what the seções sísmicas disponíveis do not present: it states they lack 'conteúdo de resolução suficientemente alto' to discriminate termination patterns of 4ª e 5ª ordens. The added paraphrase about 'resolução sísmica inadequada' is consistent with the expected output and introduces no factual contradiction, so the wording difference is harmless.",1.0,"The actual output captures the essential fact from the expected output: the seções sísmicas não apresentam ""conteúdo de resolução suficientemente alto"". It preserves the key relation to discriminar padrões de terminação de refletores sísmicos na 4a e 5a ordens and only adds a concise paraphrase (""resolução sísmica inadequada""), which does not omit or distort any important information.",1.0,"The response matches the expected geological meaning exactly: it identifies the lack of 'conteúdo de resolução suficientemente alto' in the seções sísmicas as the factor preventing discrimination of padrões de terminação de refletores sísmicos de 4ª e 5ª ordens. It uses appropriate domain terminology such as resolução sísmica and refletores sísmicos, adds only a semantically consistent paraphrase ('resolução sísmica inadequada'), and introduces no incorrect lithologic, stratigraphic, facies, or reservoir concepts.",1.0,"The actual output is semantically aligned with the expected output for the question about what the available seismic sections lack to discriminate reflector termination patterns in 4th and 5th orders. It correctly identifies the missing factor as ""conteúdo de resolução suficientemente alto"" and adds a faithful paraphrase (""resolução sísmica inadequada"") without changing the geological meaning, entities, or relation. There is no concept confusion or inversion; the only minor issue is extra wording beyond the expected concise phrase.",0.2413793103448276,1.0,0.3888888888888889,0.2142857142857142,1.0,0.3529411764705882,0.2413793103448276,1.0,0.3888888888888889,0.0,0.3703703703703703,
resultados/petrobras-5-mini-com-ontologia-embeddingfirst/batch_eaf69800-ceb2-448a-b8a7-c0f2507b03f7-completo.csv,graphrag,1558,O que as seções sísmicas disponíveis não apresentam para permitir discriminar padrões de terminação de refletores sísmicos na 4a e 5a ordens?,conteúdo de resolução suficientemente alto,,Não apresentam resolução sísmica suficientemente alta (conteúdo de resolução inadequado) para discriminar os padrões de terminação em 4ª e 5ª ordens.,1.0,The score is 1.00 because the response is fully relevant to the question and does not include any irrelevant statements. It stays focused on what the seções sísmicas disponíveis não apresentam para permitir discriminar os padrões de terminação de refletores sísmicos na 4a e 5a ordens—great job.,,Skipped: empty context.,,Skipped: empty context.,,Skipped: empty context.,1.0,"The actual output matches the expected meaning closely: it states that the seções sísmicas do not present 'resolução sísmica suficientemente alta', which is equivalent to the expected 'conteúdo de resolução suficientemente alto' for discriminar padrões de terminação de refletores sísmicos na 4a e 5a ordens. There is no factual contradiction, and the added phrasing ('conteúdo de resolução inadequado') is consistent with the expected answer.",1.0,The actual output fully captures the essential expected fact from the input: the seções sísmicas disponíveis lack 'conteúdo de resolução suficientemente alto' to permitir discriminar padrões de terminação de refletores sísmicos na 4ª e 5ª ordens. It preserves the key relation about insufficient resolution and correctly ties it to discrimination at 4a e 5a ordens; the added wording about 'resolução sísmica' and 'conteúdo de resolução inadequado' is consistent and not a harmful deviation.,0.9,"The response uses appropriate geological/seismic terminology such as ""resolução sísmica"" and ""padrões de terminação de refletores sísmicos na 4ª e 5ª ordens,"" matching the domain and the input. It is semantically aligned with the expected idea that the seções sísmicas lack ""conteúdo de resolução suficientemente alto"" to enable discrimination. The main shortcoming is phrasing it as a negative statement (""não apresentam resolução sísmica suficientemente alta"") rather than more directly matching the expected output’s wording about ""conteúdo de resolução,"" but the geological meaning remains correct and coherent.",1.0,"The actual output is semantically well aligned with the expected output: it states that the seções sísmicas “não apresentam resolução sísmica suficientemente alta,” which matches the expected idea of lacking “conteúdo de resolução suficientemente alto.” It preserves the key geological meaning tied to discriminating padrões de terminação de refletores sísmicos na 4a e 5a ordens and keeps the correct semantic role of what is missing. A minor issue is the added wording “conteúdo de resolução inadequado,” which is slightly redundant, but it does not introduce concept confusion or invert relations.",0.2142857142857142,0.8571428571428571,0.3428571428571428,0.1481481481481481,0.6666666666666666,0.2424242424242424,0.1785714285714285,0.7142857142857143,0.2857142857142857,0.0,0.3076923076923077,
resultados/petrobras-5-mini-com-ontologia-embeddingfirst/batch_eaf69800-ceb2-448a-b8a7-c0f2507b03f7-completo.csv,rag,1559,Por que as descontinuidades erosivas registradas nos canais incisos não puderam ser utilizadas como superfícies delimitadoras de sequências de alta frequência?,"não ocorrem, nos poços analisados, de forma cíclica, impossibilitando sua utilização como superfícies delimitadoras de sequências de alta frequência",,"Porque, segundo os testemunhos e perfis de poço, essas descontinuidades erosivas nos canais incisos não aparecem de forma cíclica nos poços analisados, ou seja, não são recorrentes nem correlacionáveis como limites de sequência de alta frequência. Além disso, o forte efeito da halocinese e a resolução sísmica insuficiente impediram o rastreamento e a identificação dos padrões de terminação necessários para sustentarem essas superfícies como limites seqüenciais.",1.0,"The score is 1.00 because the response stayed fully focused on explicar por que as descontinuidades erosivas nos canais incisos não puderam ser usadas como superfícies delimitadoras de sequências de alta frequência, sem incluir conteúdo irrelevante. It directly addressed the geological issue asked in the input, so this is an excellent and fully relevant answer.",,Skipped: empty context.,,Skipped: empty context.,,Skipped: empty context.,0.9,"The actual output matches the expected meaning for the input: it states that the descontinuidades erosivas nos canais incisos do not occur de forma cíclica nos poços analisados and therefore cannot be used as superfícies delimitadoras de sequências de alta frequência. This directly aligns with the expected output and includes the key test-case details. A small deduction is appropriate because it adds extra claims about halocinese, resolução sísmica insuficiente, and padrões de terminação that are not present in the expected output, but these do not contradict it.",1.0,"The response captures the essential expected point: the descontinuidades erosivas nos canais incisos do not occur de forma cíclica nos poços analisados, so they cannot be used as superfícies delimitadoras de sequências de alta frequência. It preserves the key entities and relation from the expected output and does not omit any core information. The added details about testemunhos, perfis de poço, halocinese, and resolução sísmica are extra, but they do not conflict with the expected answer.",1.0,"The response aligns very well with the expected interpretation: it states that the descontinuidades erosivas em canais incisos do not occur de forma cíclica nos poços analisados and therefore cannot be used as superfícies delimitadoras de sequências de alta frequência. It uses appropriate geological terminology such as testemunhos, perfis de poço, canais incisos, halocinese, resolução sísmica, and padrões de terminação, with coherent domain relations. The added note about halocinese and insufficient seismic resolution is geologically plausible and does not contradict the expected output.",0.9,"The actual output matches the expected geological meaning: it states that the erosive discontinuities in canais incisos do not occur cyclically in the analyzed wells and therefore cannot be used as superfícies delimitadoras de sequências de alta frequência. It preserves the key entities and relation from the test case without inverting roles or confusing concepts. A small penalty applies because it adds extra causes not present in the expected output, such as halocinese and insufficient seismic resolution, which are not needed for semantic alignment.",0.25,0.8076923076923077,0.3818181818181818,0.1686746987951807,0.56,0.2592592592592592,0.1785714285714285,0.5769230769230769,0.2727272727272727,0.0,0.3058823529411765,
resultados/petrobras-5-mini-com-ontologia-embeddingfirst/batch_eaf69800-ceb2-448a-b8a7-c0f2507b03f7-completo.csv,graphrag,1559,Por que as descontinuidades erosivas registradas nos canais incisos não puderam ser utilizadas como superfícies delimitadoras de sequências de alta frequência?,"não ocorrem, nos poços analisados, de forma cíclica, impossibilitando sua utilização como superfícies delimitadoras de sequências de alta frequência",,"Porque, embora sugerissem exposições subaéreas, essas descontinuidades não ocorrem de forma cíclica nos testemunhos/poços analisados — sem repetição estratigráfica consistente não podem funcionar como limites de sequências de alta frequência. Além disso, a baixa resolução sísmica e a halocinese dificultaram sua identificação e correlação.",1.0,"The score is 1.00 because the answer stays fully focused on explaining por que as descontinuidades erosivas nos canais incisos não puderam ser usadas como superfícies delimitadoras de sequências de alta frequência, with no irrelevant statements. It directly addresses the input clearly and appropriately—great job.",,Skipped: empty context.,,Skipped: empty context.,,Skipped: empty context.,1.0,"The actual output matches the expected meaning closely: it states that the descontinuidades erosivas nos poços/testemunhos analisados não ocorrem de forma cíclica and therefore cannot serve as superfícies delimitadoras de sequências de alta frequência. This directly aligns with the expected output and contains no contradiction. The added mention of baixa resolução sísmica e halocinese is extra context not present in the expected output, but it does not alter the core answer.",1.0,"The actual output captures the essential expected point: the descontinuidades erosivas 'não ocorrem... de forma cíclica' nos poços/testemunhos analisados, so they cannot be used as superfícies delimitadoras de sequências de alta frequência. It preserves the key relation between lack of cyclic occurrence in the analyzed wells and impossibility of sequence delimitation. The added details about exposições subaéreas, baixa resolução sísmica, and halocinese are extra but do not conflict with the expected output.",1.0,"The response aligns very well with the expected geological interpretation: it correctly states that the erosive discontinuities in incised channels do not occur cyclically in the analyzed wells/cores, so they cannot define high-frequency sequence boundaries. It uses domain-appropriate terms such as 'exposições subaéreas', 'repetição estratigráfica', and 'limites de sequências de alta frequência' coherently, without misusing stratigraphic concepts. The added note about low seismic resolution and halokinesis is geologically plausible and does not conflict with the expected answer, though it goes slightly beyond it.",1.0,"The actual output is semantically aligned with the expected answer: it correctly states that the descontinuidades erosivas nos canais incisos did not occur de forma cíclica nos poços/testemunhos analisados, so they could not serve as superfícies delimitadoras de sequências de alta frequência. It preserves the key geological relation between cyclic occurrence and sequence-boundary use, without confusing entities or roles. The added note about baixa resolução sísmica e halocinese is extra information not present in the expected output, but it does not contradict the core meaning.",0.3559322033898305,0.8076923076923077,0.4941176470588236,0.2241379310344827,0.52,0.3132530120481928,0.2711864406779661,0.6153846153846154,0.3764705882352941,0.0,0.4516129032258064,
resultados/petrobras-5-mini-com-ontologia-embeddingfirst/batch_eaf69800-ceb2-448a-b8a7-c0f2507b03f7-completo.csv,rag,1560,"O que foi utilizado como limites de parassequências, compostas por uma sucessão basal transgressiva e uma sucessão superior regressiva?",as superfícies transgressivas ou de afogamento que recobrem os carbonatos de plataforma,,Foram utilizadas as superfícies transgressivas (ou de afogamento) que recobrem os carbonatos de plataforma.,1.0,"The score is 1.00 because the answer appears fully focused on what was asked, without irrelevant statements, directly addressing quais elementos foram utilizados como limites de parassequências. Great job keeping the response precise and on-topic.",,Skipped: empty context.,,Skipped: empty context.,,Skipped: empty context.,1.0,"The actual output matches the expected meaning exactly: it identifies ""as superfícies transgressivas (ou de afogamento) que recobrem os carbonatos de plataforma"" as the limits of the parassequências. The only differences are harmless wording and formatting, such as adding ""Foram utilizadas"" and parentheses around ""ou de afogamento"", with no factual contradiction or mistake relative to the expected output.",1.0,"The actual output fully captures the essential content from the expected output for the question about os limites de parassequências: it identifies 'as superfícies transgressivas (ou de afogamento)' and specifies that they 'recobrem os carbonatos de plataforma'. The added introductory wording 'Foram utilizadas' is acceptable and does not omit or alter any key fact, entity, or relation.",1.0,"The actual output matches the expected geological content almost exactly, correctly identifying ""superfícies transgressivas (ou de afogamento)"" as the limits of parassequences and preserving the domain relation that they ""recobrem os carbonatos de plataforma."" It uses appropriate stratigraphic terminology for parassequências, transgressive surfaces, and platform carbonates, with no misuse of lithologic, facies, reservoir, or stratigraphic concepts.",1.0,"The actual output is semantically equivalent to the expected output: it correctly identifies ""as superfícies transgressivas ou de afogamento que recobrem os carbonatos de plataforma"" as the limits of the parassequências. It preserves the key geological entities and relation from the test case, with only a minor stylistic addition (""Foram utilizadas"") that does not alter meaning.",0.8666666666666667,1.0,0.9285714285714286,0.8571428571428571,1.0,0.923076923076923,0.8666666666666667,1.0,0.9285714285714286,0.0,0.923076923076923,
resultados/petrobras-5-mini-com-ontologia-embeddingfirst/batch_eaf69800-ceb2-448a-b8a7-c0f2507b03f7-completo.csv,graphrag,1560,"O que foi utilizado como limites de parassequências, compostas por uma sucessão basal transgressiva e uma sucessão superior regressiva?",as superfícies transgressivas ou de afogamento que recobrem os carbonatos de plataforma,,As superfícies transgressivas (ou de afogamento) que recobrem os carbonatos de plataforma.,1.0,"The score is 1.00 because the response is fully relevant to the question, directly addressing what was used as the limits of the parassequences, with no irrelevant statements. Great job staying precise and on-topic.",,Skipped: empty context.,,Skipped: empty context.,,Skipped: empty context.,1.0,"The actual output matches the expected content closely for the input asking what was used as limits of parassequences: it correctly identifies ""superfícies transgressivas (ou de afogamento) que recobrem os carbonatos de plataforma."" The only differences are capitalization, added article, and parentheses versus ""ou"", which are harmless stylistic variations and do not change the meaning. There are no factual contradictions or mistakes relative to the expected output.",1.0,"The actual output captures all essential elements of the expected answer: it identifies the limits as “superfícies transgressivas (ou de afogamento)” and states that they “recobrem os carbonatos de plataforma.” The wording is slightly more formatted and capitalized, but there are no meaningful omissions or relational errors relative to the input asking what was used as limites de parassequências.",1.0,"The actual output matches the expected geological interpretation almost exactly: it identifies 'superfícies transgressivas (ou de afogamento)' as the parasequence boundaries and correctly relates them to 'carbonatos de plataforma'. The terminology is domain-appropriate, semantically coherent, and there is no misuse of stratigraphic or reservoir concepts; differences are only stylistic, such as capitalization and punctuation.",1.0,"The actual output matches the expected geological content almost exactly: it identifies ""as superfícies transgressivas (ou de afogamento) que recobrem os carbonatos de plataforma"" as the parasequence boundaries, preserving the same entities, relation, and domain meaning. The only difference is minor wording/punctuation with parentheses and capitalization, with no semantic confusion or inversion.",1.0,1.0,1.0,1.0,1.0,1.0,1.0,1.0,1.0,1.0,1.0,
resultados/petrobras-5-mini-com-ontologia-embeddingfirst/batch_eaf69800-ceb2-448a-b8a7-c0f2507b03f7-completo.csv,rag,1562,O que dificultou a utilização de um arcabouço estratigráfico de alta frequência para a Sequência A?,"o difícil rastreamento dos refletores e marcadores de um rollover para outro, principalmente no sentido dlp, em um intervalo estratigráfico dominado por intensa halocinese",,Porque não foi possível rastrear de forma confiável os refletores/ marcadores entre rollovers — principalmente no sentido dlp — num intervalo dominado por intensa halocinese; as sísmicas não têm resolução suficiente para distinguir padrões de terminação de 4ª/5ª ordens; e as descontinuidades erosivas nos canais (potenciais superfícies de exposição de alta frequência) não ocorrem ciclicamente nos poços analisados.,1.0,"The score is 1.00 because the response appears fully focused on explaining what dificultou a utilização de um arcabouço estratigráfico de alta frequência para a Sequência A, with no irrelevant statements present. Great job keeping it directly on topic.",,Skipped: empty context.,,Skipped: empty context.,,Skipped: empty context.,0.8,"The actual output correctly captures the core expected point for the input about Sequência A: the difficult tracking of refletores/marcadores between rollovers, especially no sentido dlp, in an interval dominated by intensa halocinese. This aligns well with the expected output and contains no contradiction. However, it adds extra claims not present in the expected answer—about insufficient seismic resolution for 4ª/5ª ordens and non-cyclic erosive discontinuities in channels—which may be plausible but are unsupported by the expected output, so alignment is strong but not exact.",1.0,"The response fully covers the essential expected content: it states the difficult rastreamento dos refletores/marcadores entre rollovers, especially no sentido dlp, within an interval dominated by intensa halocinese. It preserves the key entities and relation asked in the input about what hindered the uso do arcabouço estratigráfico de alta frequência para a Sequência A. The extra details about resolução sísmica, terminações de 4ª/5ª ordens, and canais nos poços are additional information, not contradictions, so they should not be penalized.",0.9,"The actual output uses geological terminology appropriately and coherently, including 'refletores', 'marcadores', 'rollovers', 'dlp', 'halocinese', 'padrões de terminação de 4ª/5ª ordens', and 'descontinuidades erosivas'. It matches the expected core interpretation that the main difficulty was the unreliable tracing of reflectors/markers between rollovers in an interval dominated by intense halokinesis, especially in the dlp direction. It adds plausible domain-specific details about seismic resolution and lack of cyclic occurrence in wells, which remain semantically consistent, though these extra points go beyond the expected output and are not explicitly supported there.",0.9,"The actual output is strongly aligned with the expected geological meaning: it identifies the main cause as the difficult tracking of refletores/marcadores entre rollovers, especially no sentido dlp, within an interval dominated by intensa halocinese. It preserves the key entities, relation, and causal structure from the expected output. A small penalty is appropriate because it adds extra constraints not present in the expected answer—such as seismic resolution limits for 4ª/5ª ordens and non-cyclic erosive discontinuities in channels/p wells—which may be valid elaboration but go beyond the target answer.",0.2253521126760563,0.6153846153846154,0.3298969072164949,0.0857142857142857,0.24,0.1263157894736842,0.1830985915492957,0.5,0.268041237113402,0.0,0.35,
resultados/petrobras-5-mini-com-ontologia-embeddingfirst/batch_eaf69800-ceb2-448a-b8a7-c0f2507b03f7-completo.csv,graphrag,1562,O que dificultou a utilização de um arcabouço estratigráfico de alta frequência para a Sequência A?,"o difícil rastreamento dos refletores e marcadores de um rollover para outro, principalmente no sentido dlp, em um intervalo estratigráfico dominado por intensa halocinese",,"Principalmente três fatores: - Difícil rastreamento dos refletores e marcadores de um rollover para outro (especialmente downdip) em um intervalo dominado por intensa halocinese. - Resolução insuficiente das seções sísmicas para discriminar padrões de terminação em ordens menores (4ª/5ª ordens). - As descontinuidades erosivas nos canais incisos não ocorrem de forma cíclica nos poços analisados, logo não servem como superfícies delimitadoras de sequências de alta frequência.",1.0,"The score is 1.00 because the response stayed fully focused on what dificultou a utilização de um arcabouço estratigráfico de alta frequência para a Sequência A, with no irrelevant statements. It directly addressed the input clearly and completely—great job.",,Skipped: empty context.,,Skipped: empty context.,,Skipped: empty context.,0.7,"The actual output includes the core expected point: the difficult rastreamento dos refletores e marcadores de um rollover para outro in a intervalo dominado por intensa halocinese, matching the main answer for Sequência A. However, it adds two extra factors not present in the expected output—resolução insuficiente das seções sísmicas and lack of cyclical erosive discontinuities in canais incisos. These additions are not directly supported by the expected output, but they do not clearly contradict it. Because the key expected detail is present and there is no obvious factual contradiction, alignment is good but not exact.",0.9,"The expected output centers on one key fact: the utilização do arcabouço foi dificultada pelo difícil rastreamento dos refletores e marcadores de um rollover para outro, especially downdip/dlp, in an intervalo dominado por intensa halocinese. The actual output fully includes this essential point with matching entities and relation, and even preserves the downdip qualifier and the halocinese context. It adds extra factors not present in the expected output, but these do not contradict the core answer. A small deduction is appropriate because the expected output is narrower and the response is somewhat broader than necessary.",0.8,"The response uses appropriate geological terminology and concepts for the question, including 'refletores', 'marcadores', 'rollover', 'halocinese', 'seções sísmicas', 'padrões de terminação', and 'canais incisos'. It correctly includes the key expected interpretation that the main difficulty was the rastreamento de refletores e marcadores entre rollovers, especially downdip/dlp, in a stratigraphic interval affected by intense halocinese. However, it goes beyond the expected output by adding two extra factors—limited seismic resolution for 4ª/5ª ordens and non-cyclic erosive discontinuities in wells—which are plausible and domain-coherent but not present in the expected answer, so alignment is strong but not exact.",0.8,"The actual output captures the core expected geological reason: difficult tracking of reflectors and markers from one rollover to another in a stratigraphic interval dominated by intense halokinesis, including the downdip direction mentioned in the test case. This preserves the main entities and relation asked in the input about what hindered a high-frequency stratigraphic framework for Sequência A. However, it adds two extra factors not present in the expected output—seismic resolution limits and non-cyclic erosive discontinuities in incised channels—which go beyond the target answer, so alignment is strong but not exact.",0.2692307692307692,0.8076923076923077,0.4038461538461538,0.2077922077922078,0.64,0.3137254901960784,0.2435897435897435,0.7307692307692307,0.3653846153846153,0.0,0.4367816091954022,
resultados/petrobras-5-mini-com-ontologia-embeddingfirst/batch_eaf69800-ceb2-448a-b8a7-c0f2507b03f7-completo.csv,rag,1563,O que poderia auxiliar na determinação das principais superfícies estratigráficas correlativas às flutuações do nível de base?,padrões de terminação de refletores sísmicos na 4a e 5a ordens,,"Padrões de terminação de refletores sísmicos (onlap, downlap, toplap, truncation) em ordens de 4ª e 5ª — detectáveis por sísmica de alta resolução e análise sismoestratigráfica. Na ausência disso, usar as superfícies transgressivas/ de afogamento que recobrem os carbonatos de plataforma como limites correlativos (parassequências).",1.0,"The score is 1.00 because the answer is fully relevant to the question about determining the main stratigraphic surfaces related to base-level fluctuations, with no irrelevant statements. Great focus and complete alignment with the input.",,Skipped: empty context.,,Skipped: empty context.,,Skipped: empty context.,1.0,"The actual output matches the expected answer by identifying 'padrões de terminação de refletores sísmicos' in 4ª e 5ª ordens as the key aid for determining estratigraphic surfaces tied to base-level fluctuations. It adds examples like onlap, downlap, toplap, and truncation, plus extra context about sísmica de alta resolução and fallback surfaces in carbonates, but these do not contradict the expected output. Since the core meaning is correct and there are no factual mistakes relative to the expected response, the alignment is strong.",1.0,"The actual output fully covers the essential content from the expected output by identifying 'padrões de terminação de refletores sísmicos' and explicitly mentioning 4ª e 5ª ordens, which are the key facts required. It adds examples like onlap, downlap, toplap, and truncation, plus extra context about sísmica de alta resolução, but these additions do not conflict with the expected answer.",0.9,"The response aligns well with the expected answer by identifying 'padrões de terminação de refletores sísmicos' and explicitly tying them to 4ª e 5ª ordens, using correct sequence-stratigraphic terminology such as onlap, downlap, toplap, and truncation. This is geologically appropriate and semantically coherent for determining superfícies estratigráficas correlativas às flutuações do nível de base. A small penalty is warranted because it adds an extra interpretation about superfícies transgressivas/de afogamento sobre carbonatos de plataforma e limites de parassequências, which goes beyond the expected output and is somewhat more specific than supported by the prompt.",1.0,"The actual output is semantically aligned with the expected answer because it identifies 'padrões de terminação de refletores sísmicos' in 4ª e 5ª ordens as the main aid for determining superfícies estratigráficas correlativas às flutuações do nível de base. It preserves the correct geological concept and relation from the input, adding valid examples like onlap, downlap, toplap e truncation without confusing roles or inverting meanings. Although it includes extra detail about sísmica de alta resolução and an alternative using superfícies transgressivas/de afogamento, the core expected semantics remain accurate and consistent.",0.2181818181818181,0.8571428571428571,0.3478260869565217,0.1481481481481481,0.6153846153846154,0.2388059701492537,0.1818181818181818,0.7142857142857143,0.2898550724637682,0.0,0.4,
resultados/petrobras-5-mini-com-ontologia-embeddingfirst/batch_eaf69800-ceb2-448a-b8a7-c0f2507b03f7-completo.csv,graphrag,1563,O que poderia auxiliar na determinação das principais superfícies estratigráficas correlativas às flutuações do nível de base?,padrões de terminação de refletores sísmicos na 4a e 5a ordens,,"A identificação de padrões de terminação de refletores sísmicos (4ª e 5ª ordens), possível mediante seções sísmicas de resolução suficientemente alta e bom rastreio dos refletores/marcadores entre rollovers.",1.0,"The score is 1.00 because the response appears fully relevant to the question about determining the main stratigraphic surfaces correlated with base-level fluctuations, with no irrelevant statements identified. Great job staying focused and on topic.",,Skipped: empty context.,,Skipped: empty context.,,Skipped: empty context.,1.0,"The actual output matches the expected content closely: it identifies ""padrões de terminação de refletores sísmicos"" and explicitly mentions 4ª e 5ª ordens, which are the key required details for determining the principais superfícies estratigráficas correlativas às flutuações do nível de base. The added context about high-resolution seismic sections and reflector tracking does not contradict the expected output and is only a harmless elaboration.",1.0,"The actual output fully covers the essential expected element: it identifies 'padrões de terminação de refletores sísmicos' specifically in '4ª e 5ª ordens', which is exactly the key fact requested for determining the main estratigraphic surfaces related to base-level fluctuations. The added details about seções sísmicas de alta resolução and rastreio entre rollovers go beyond the expected output but do not conflict with it.",1.0,"The actual output aligns very closely with the expected answer by correctly identifying ""padrões de terminação de refletores sísmicos"" and explicitly mentioning 4ª e 5ª ordens, which are the key stratigraphic-seismic indicators requested for correlating principais superfícies estratigráficas to flutuações do nível de base. It uses appropriate geological terminology such as refletores sísmicos, ordens, seções sísmicas, and marcadores, with no misuse of stratigraphic or reservoir concepts. The added detail about alta resolução and rastreio entre rollovers is domain-appropriate and semantically coherent, even though it goes slightly beyond the expected output.",1.0,"The actual output is semantically aligned with the expected output because it identifies 'padrões de terminação de refletores sísmicos' specifically in the '4ª e 5ª ordens', which matches the key geological concept requested. The added details about high-resolution seismic sections and reflector tracing between rollovers are consistent with how such patterns could be identified and do not introduce concept confusion, wrong entities, or inverted relations.",0.2972972972972973,0.7857142857142857,0.4313725490196078,0.2222222222222222,0.6153846153846154,0.326530612244898,0.2972972972972973,0.7857142857142857,0.4313725490196078,0.0,0.5128205128205129,
resultados/petrobras-5-mini-com-ontologia-embeddingfirst/batch_eaf69800-ceb2-448a-b8a7-c0f2507b03f7-completo.csv,rag,1564,O que não ocorrem de forma cíclica nos poços analisados?,descontinuidades erosivas registradas nos canais incisos,,"As descontinuidades erosivas registradas nos canais incisos (i.e., exposições subaéreas de alta frequência).",1.0,"The score is 1.00 because the answer stays fully focused on identifying o que não ocorre de forma cíclica nos poços analisados, with no irrelevant statements. Clear and directly on point—great job.",,Skipped: empty context.,,Skipped: empty context.,,Skipped: empty context.,1.0,"The actual output matches the expected content for the input about what does not occur cyclically in the analyzed wells: it correctly identifies ""descontinuidades erosivas registradas nos canais incisos."" The added parenthetical detail ""i.e., exposições subaéreas de alta frequência"" and introductory wording do not contradict the expected answer and are harmless stylistic additions rather than factual errors.",1.0,"The actual output contains the essential expected element, “descontinuidades erosivas registradas nos canais incisos,” which directly answers what does not occur cyclically in the analyzed wells. The added parenthetical detail, “i.e., exposições subaéreas de alta frequência,” does not contradict the expected output and should not be penalized, since all key facts and entities from the test case are covered.",0.9,"The actual output is strongly aligned with the expected geological answer: it correctly identifies ""descontinuidades erosivas registradas nos canais incisos"" as the feature that does not occur cyclically in the analyzed wells. It uses appropriate geological terminology such as ""descontinuidades erosivas"" and ""canais incisos,"" and the added parenthetical ""exposições subaéreas de alta frequência"" remains domain-coherent rather than introducing a contradiction. The only minor shortcoming is that this extra interpretation goes beyond the expected output and is not strictly necessary.",1.0,"The actual output matches the expected geological concept exactly: it identifies ""descontinuidades erosivas registradas nos canais incisos"" as what does not occur cyclically in the analyzed wells. The added parenthetical detail about ""exposições subaéreas de alta frequência"" is consistent with the same domain meaning and does not alter the entity, class, or relation. There is no concept confusion, inversion, or misuse of geological terminology.",0.3529411764705882,1.0,0.5217391304347826,0.3125,1.0,0.4761904761904761,0.3529411764705882,1.0,0.5217391304347826,0.0,0.631578947368421,
resultados/petrobras-5-mini-com-ontologia-embeddingfirst/batch_eaf69800-ceb2-448a-b8a7-c0f2507b03f7-completo.csv,graphrag,1564,O que não ocorrem de forma cíclica nos poços analisados?,descontinuidades erosivas registradas nos canais incisos,,As descontinuidades erosivas registradas nos canais incisos.,1.0,"The score is 1.00 because the answer stayed fully focused on what was asked about o que não ocorre de forma cíclica nos poços analisados, with no irrelevant statements. Great job keeping it directly relevant and precise.",,Skipped: empty context.,,Skipped: empty context.,,Skipped: empty context.,1.0,"The actual output matches the expected content for the input asking what does not occur cyclically in the analyzed wells: both identify ""descontinuidades erosivas registradas nos canais incisos"". The only differences are the added article ""As"" and final punctuation, which are harmless wording/style variations and do not introduce any factual contradiction.",1.0,"The actual output matches the expected content fully: it identifies ""descontinuidades erosivas registradas nos canais incisos"" as what does not occur cyclically in the analyzed wells. The only difference is the added introductory words ""As"" and punctuation, which do not change the meaning, so all essential facts and relations from the expected output are covered.",1.0,"The actual output matches the expected geological entity almost exactly, differing only by the added article 'As' and final punctuation. It uses appropriate domain terminology—'descontinuidades erosivas' and 'canais incisos'—with correct geological semantics and no misuse of lithologic, stratigraphic, facies, or reservoir concepts. For the input asking what does not occur cyclically in the analyzed wells, the response is precise and fully aligned with the expected interpretation.",1.0,"The actual output is semantically identical to the expected output: it identifies ""descontinuidades erosivas registradas nos canais incisos"" as what does not occur cyclically in the analyzed wells. The added wording ""As"" does not change the geological meaning, and the concepts, entities, and relation to the question remain correct and aligned.",0.8571428571428571,1.0,0.923076923076923,0.8333333333333334,1.0,0.9090909090909092,0.8571428571428571,1.0,0.923076923076923,0.0,0.923076923076923,
resultados/petrobras-5-mini-com-ontologia-embeddingfirst/batch_eaf69800-ceb2-448a-b8a7-c0f2507b03f7-completo.csv,rag,1565,O que foram usadas como limites de parassequências?,superfícies transgressivas ou de afogamento que recobrem os carbonatos de plataforma,,Foram usadas as superfícies transgressivas (ou de afogamento) que recobrem os carbonatos de plataforma.,1.0,"The score is 1.00 because the response stayed fully focused on answering “O que foram usadas como limites de parassequências?” with no irrelevant statements, so this is a strong and fully relevant answer.",,Skipped: empty context.,,Skipped: empty context.,,Skipped: empty context.,1.0,"The actual output matches the expected content closely: it identifies ""superfícies transgressivas (ou de afogamento) que recobrem os carbonatos de plataforma"" as the limites de parassequências. Differences like adding ""Foram usadas as"" and punctuation are stylistic only and do not change the meaning. There are no factual contradictions or mistakes relative to the expected output.",1.0,"The actual output captures all essential elements from the expected output: it identifies the limits of parassequências as ""superfícies transgressivas (ou de afogamento)"" and includes the relation that they ""recobrem os carbonatos de plataforma."" The only differences are added introductory words (""Foram usadas"") and punctuation, which do not omit or alter any key information from the test case.",1.0,"The actual output matches the expected geological interpretation almost exactly: it identifies 'superfícies transgressivas (ou de afogamento)' as the limits of parassequences and correctly relates them to surfaces that overlie 'os carbonatos de plataforma'. The terminology is domain-appropriate, stratigraphically coherent, and there is no misuse of lithologic, facies, or reservoir concepts. The only difference is minor wording ('Foram usadas as' and parentheses), which does not affect semantic alignment.",1.0,"The actual output is semantically identical to the expected output and preserves the key geological meaning: the limits of parasequences are identified as ""superfícies transgressivas (ou de afogamento)"" that overlie ""os carbonatos de plataforma."" It adds only a harmless introductory phrase (""Foram usadas"") and does not introduce any concept confusion, wrong relations, or domain misuse.",0.8,1.0,0.888888888888889,0.7857142857142857,1.0,0.88,0.8,1.0,0.888888888888889,0.0,0.88,
resultados/petrobras-5-mini-com-ontologia-embeddingfirst/batch_eaf69800-ceb2-448a-b8a7-c0f2507b03f7-completo.csv,graphrag,1565,O que foram usadas como limites de parassequências?,superfícies transgressivas ou de afogamento que recobrem os carbonatos de plataforma,,"Foram usadas as superfícies transgressivas, ou de afogamento, que recobrem os carbonatos de plataforma.",1.0,"The score is 1.00 because the response stayed fully focused on answering “O que foram usadas como limites de parassequências?” and included no irrelevant statements. It is already at the maximum score, so it cannot be higher.",,Skipped: empty context.,,Skipped: empty context.,,Skipped: empty context.,1.0,"The actual output matches the expected content exactly in meaning: it identifies ""superfícies transgressivas, ou de afogamento, que recobrem os carbonatos de plataforma"" as the limits of parassequências. The only differences are harmless stylistic additions like ""Foram usadas as"" and punctuation, with no factual contradictions or mistakes relative to the expected output.",1.0,"The actual output fully covers the essential content from the expected output: it identifies the limits of parassequências as ""superfícies transgressivas, ou de afogamento"" and specifies that they ""recobrem os carbonatos de plataforma."" The only differences are minor wording additions like ""Foram usadas as,"" which do not omit or alter any key fact from the expected answer.",1.0,"The response matches the expected geological content very closely, correctly identifying 'superfícies transgressivas' and 'de afogamento' as the limits of parassequences and relating them to carbonatos de plataforma. It uses appropriate stratigraphic terminology, preserves the key geological relation 'recobrem os carbonatos de plataforma', and adds only a harmless introductory phrase without changing the meaning.",1.0,"The actual output is semantically equivalent to the expected output and preserves the key geological meaning: it identifies ""superfícies transgressivas, ou de afogamento"" as the limits of parassequências and correctly states that they recobrem os carbonatos de plataforma. The added introductory wording (""Foram usadas"") does not change the meaning, and there is no concept confusion, relation inversion, or misuse of geological terms.",0.8,1.0,0.888888888888889,0.7857142857142857,1.0,0.88,0.8,1.0,0.888888888888889,0.0,0.88,
resultados/petrobras-5-mini-com-ontologia-embeddingfirst/batch_eaf69800-ceb2-448a-b8a7-c0f2507b03f7-completo.csv,rag,1566,Qual é a parte mais superior da Formação Pendência?,a Seqüência K40,,A Seqüência K40.,1.0,"The score is 1.00 because the answer directly addresses ""Qual é a parte mais superior da Formação Pendência?"" with no irrelevant information, staying fully focused and perfectly relevant. Great job.",,Skipped: empty context.,,Skipped: empty context.,,Skipped: empty context.,1.0,"The actual output matches the expected meaning exactly for the input asking pela parte mais superior da Formação Pendência: both identify ""Seqüência K40"". The only difference is capitalization/punctuation (""A"" vs ""a"" and a trailing period), which is a harmless stylistic variation under the evaluation steps. There are no factual contradictions or mistakes.",1.0,"The actual output matches the expected output on the essential fact asked in the input: the most superior part of the Formação Pendência is a Seqüência K40. The only difference is capitalization/punctuation style, which does not omit or alter any important entity or relation.",1.0,"The actual output matches the expected geological unit almost exactly: it identifies the uppermost part of the Formação Pendência as ""A Seqüência K40"", which corresponds to the expected ""a Seqüência K40"". It uses appropriate stratigraphic terminology (""Seqüência"") and preserves the correct geological relation requested by the input. The only minor difference is capitalization/orthography, not a geological error.",1.0,"The actual output matches the expected output semantically and geologically: both identify the most superior part of the Formação Pendência as a Seqüência K40. The only difference is orthographic/capitalization style (""A"" vs. ""a"" and ""Seqüência"" spelling), which does not alter the entity, class, or relation requested by the input.",1.0,1.0,1.0,1.0,1.0,1.0,1.0,1.0,1.0,1.0,1.0,
resultados/petrobras-5-mini-com-ontologia-embeddingfirst/batch_eaf69800-ceb2-448a-b8a7-c0f2507b03f7-completo.csv,graphrag,1566,Qual é a parte mais superior da Formação Pendência?,a Seqüência K40,,A Seqüência K40.,1.0,"The score is 1.00 because the response directly answers ""Qual é a parte mais superior da Formação Pendência?"" with no irrelevant information, making it fully relevant and clear. Great job staying focused and precise.",,Skipped: empty context.,,Skipped: empty context.,,Skipped: empty context.,1.0,"The actual output matches the expected meaning exactly for the input asking for the most superior part of the Formação Pendência: both identify ""Seqüência K40"". The only differences are capitalization of the initial article and a trailing period, which are harmless stylistic variations and do not introduce any factual contradiction.",1.0,"The actual output correctly identifies the key entity from the expected output: ""Seqüência K40"" corresponds directly to expected ""a Seqüência K40"" for the question about the most superior part of the Formação Pendência. The only difference is capitalization/article formatting, with no omission of essential information.",1.0,"The response matches the expected geological entity exactly in substance: it identifies the uppermost part of the Formação Pendência as a Seqüência K40, which is the same stratigraphic term and interpretation as the expected output. Geological terminology is used appropriately and coherently, with no misuse of lithologic, facies, reservoir, or stratigraphic concepts. The only minor difference is orthographic/capitalization formatting ('A' vs 'a') and punctuation, which does not affect semantic alignment.",1.0,"The actual output is semantically identical to the expected output for the question about the most upper part of the Formação Pendência: both identify ""Seqüência K40"". The only differences are capitalization and punctuation (""A"" vs. ""a"", final period), which do not affect the geological entity, class, or relation. The response is concise and fully preserves the intended geological meaning.",1.0,1.0,1.0,1.0,1.0,1.0,1.0,1.0,1.0,1.0,1.0,
resultados/petrobras-5-mini-com-ontologia-embeddingfirst/batch_eaf69800-ceb2-448a-b8a7-c0f2507b03f7-completo.csv,rag,1568,Qual sistema é o limite proximal de ocorrência da Seqüência K40?,sistema de falhas de Pescada,,O sistema de falhas de Pescada (direção geral WNW–ESE).,1.0,"The score is 1.00 because the response stays fully focused on identifying o limite proximal de ocorrência da Seqüência K40, with no irrelevant statements. Great job keeping the answer directly aligned with the question.",,Skipped: empty context.,,Skipped: empty context.,,Skipped: empty context.,1.0,"The actual output matches the expected content for the input about the proximal occurrence limit of the Seqüência K40: both identify the sistema de falhas de Pescada. The added parenthetical detail ""(direção geral WNW–ESE)"" is a harmless elaboration, not a contradiction, so only a minimal deduction is warranted, if any.",1.0,"The expected output identifies the key entity as o ""sistema de falhas de Pescada"". The actual output includes this exact essential answer and only adds a non-contradictory detail, ""(direção geral WNW–ESE)"", which does not omit or alter the required relation to the limite proximal de ocorrência da Seqüência K40. All essential content is covered.",1.0,"The actual output correctly identifies the expected geological entity, o sistema de falhas de Pescada, as the limite proximal de ocorrência da Seqüência K40. It uses appropriate domain terminology ('sistema de falhas') and adds a coherent structural detail ('direção geral WNW–ESE') without changing the meaning. There is no misuse of stratigraphic or structural concepts, and the relation between the sequence and the fault system remains semantically accurate.",1.0,"The actual output is semantically aligned with the expected answer: it identifies the proximal limit of ocorrência da Seqüência K40 as the sistema de falhas de Pescada. The added detail '(direção geral WNW–ESE)' is geologically compatible and does not change the entity, class, or relation asked in the input. There is no concept confusion, inversion, or misuse of domain-specific meaning.",0.4545454545454545,1.0,0.625,0.4,1.0,0.5714285714285715,0.4545454545454545,1.0,0.625,0.0,0.7142857142857143,
resultados/petrobras-5-mini-com-ontologia-embeddingfirst/batch_eaf69800-ceb2-448a-b8a7-c0f2507b03f7-completo.csv,graphrag,1568,Qual sistema é o limite proximal de ocorrência da Seqüência K40?,sistema de falhas de Pescada,,O sistema de falhas de Pescada.,1.0,"The score is 1.00 because the answer is fully relevant to the question, directly addressing the limite proximal de ocorrência da Seqüência K40 without including irrelevant information. Great job keeping the response focused and on-topic.",,Skipped: empty context.,,Skipped: empty context.,,Skipped: empty context.,1.0,"The actual output matches the expected content for the input about the limite proximal de ocorrência da Seqüência K40: both identify the sistema de falhas de Pescada. The only differences are capitalization and the added article/punctuation ('O' and final period), which are harmless stylistic variations and not factual contradictions.",1.0,"The actual output correctly identifies the essential entity from the expected output: ""sistema de falhas de Pescada"". It includes the same core relation asked by the input about the limite proximal de ocorrência da Seqüência K40, with only a non-meaning-changing addition of the article ""O"" and final punctuation. No important information is omitted.",1.0,"The actual output matches the expected geological entity exactly in meaning: it identifies the proximal limit of ocorrência da Seqüência K40 as the sistema de falhas de Pescada. Geological terminology is appropriate and domain-specific, with no misuse of stratigraphic or structural concepts. The only difference is capitalization/article punctuation, which does not affect semantic alignment.",1.0,"The actual output matches the expected geological entity and preserves the intended relation for the input asking for the limite proximal de ocorrência da Seqüência K40. It correctly identifies o/sistema de falhas de Pescada, with only a minor formatting difference from the expected output due to the added article and final punctuation, which does not change the semantics.",0.8333333333333334,1.0,0.9090909090909092,0.8,1.0,0.888888888888889,0.8333333333333334,1.0,0.9090909090909092,0.0,0.9090909090909092,
resultados/petrobras-5-mini-com-ontologia-embeddingfirst/batch_eaf69800-ceb2-448a-b8a7-c0f2507b03f7-completo.csv,rag,1569,Quando começa a deposição da megasseqüência proto-oceânica?,Neo-aptiano,,A deposição da megasseqüência proto-oceânica começa a partir do Neo-aptiano.,1.0,"The score is 1.00 because the response is fully relevant to the question ""Quando começa a deposição da megasseqüência proto-oceânica?"" and stays focused on answering it directly, with no irrelevant statements. Great job keeping it precise and on-topic.",,Skipped: empty context.,,Skipped: empty context.,,Skipped: empty context.,1.0,"The actual output matches the expected output in meaning: it identifies the start as ""Neo-aptiano,"" which is exactly the expected answer for the question ""Quando começa a deposição da megasseqüência proto-oceânica?"" The added phrasing ""A deposição da megasseqüência proto-oceânica começa a partir do"" is only stylistic and does not introduce any factual contradiction or mistake.",1.0,"The expected output contains a single essential fact: the start of the deposição da megasseqüência proto-oceânica is ""Neo-aptiano"". The actual output fully preserves this key information and correctly relates it to the question, adding only harmless context (""começa a partir do""). There are no omissions or contradictions.",1.0,"The actual output correctly identifies the geological time term expected in the test case: ""Neo-aptiano"". It uses domain-appropriate stratigraphic language, explicitly relating the start of deposition of the ""megasseqüência proto-oceânica"" to that interval, which is semantically coherent and geologically appropriate. The only minor difference from the expected output is added phrasing (""A deposição... começa a partir do""), but it does not introduce any geological error or mismatch in interpretation.",1.0,"The actual output is semantically aligned with the expected answer: it identifies the start of deposition as ""Neo-aptiano,"" which matches the expected geological time interval. It preserves the correct concept and relation from the question (when the deposição da megasseqüência proto-oceânica begins) without introducing concept confusion, inverted roles, or domain misuse. Although more verbose than the expected output, the added phrasing remains accurate and concise.",0.125,1.0,0.2222222222222222,0.0666666666666666,1.0,0.125,0.125,1.0,0.2222222222222222,0.0,0.1818181818181818,
resultados/petrobras-5-mini-com-ontologia-embeddingfirst/batch_eaf69800-ceb2-448a-b8a7-c0f2507b03f7-completo.csv,graphrag,1569,Quando começa a deposição da megasseqüência proto-oceânica?,Neo-aptiano,,A deposição inicia-se a partir do Neo-aptiano (início da Seqüência K50).,1.0,"The score is 1.00 because the answer is fully relevant to the question about when the deposição da megasseqüência proto-oceânica begins, with no irrelevant statements; it stays at the maximum score and does not need to be higher. Nice, focused job.",,Skipped: empty context.,,Skipped: empty context.,,Skipped: empty context.,1.0,"The actual output matches the expected answer in meaning: it identifies the start as ""Neo-aptiano,"" which is exactly the expected output for the question about when the deposição da megasseqüência proto-oceânica begins. The added detail ""(início da Seqüência K50)"" is extra but not contradictory, so it should not be penalized under the evaluation steps.",1.0,"The expected output contains a single essential fact: the start time is ""Neo-aptiano"". The actual output correctly includes that exact time reference and adds compatible context (""início da Seqüência K50"") without contradicting the expected answer. It covers all key information from the test case, so concise extra detail should not be penalized.",1.0,"The actual output correctly identifies the timing as ""Neo-aptiano,"" which matches the expected output exactly on the key geological content. It uses appropriate stratigraphic terminology for the question about the início da deposição da megasseqüência proto-oceânica, and the added detail ""início da Seqüência K50"" is domain-appropriate and semantically coherent rather than misleading. There is no misuse of geological concepts or relations.",1.0,"The actual output is semantically aligned with the expected answer: it identifies the start of deposition as ""Neo-aptiano,"" which directly matches the expected geological time. The added detail ""início da Seqüência K50"" does not introduce concept confusion or alter the semantic role, and it remains consistent with the geological context of when the megasseqüência proto-oceânica begins to be deposited.",0.125,1.0,0.2222222222222222,0.0666666666666666,1.0,0.125,0.125,1.0,0.2222222222222222,0.0,0.1666666666666666,
resultados/petrobras-5-mini-com-ontologia-embeddingfirst/batch_eaf69800-ceb2-448a-b8a7-c0f2507b03f7-completo.csv,rag,1571,Em que período começa a deposição da megasseqüência proto - oceânica?,Neo-aptiano,,A deposição da megassequência proto-oceânica inicia-se a partir do Neo-aptiano.,1.0,"The score is 1.00 because the response is fully relevant to the question, directly addressing when the deposição da megasseqüência proto-oceânica begins with no irrelevant information. Great job staying precise and on topic.",,Skipped: empty context.,,Skipped: empty context.,,Skipped: empty context.,1.0,"The actual output matches the expected content exactly in meaning: it states that the deposição da megassequência proto-oceânica begins 'a partir do Neo-aptiano', which corresponds directly to the expected output 'Neo-aptiano'. There are no factual contradictions or mistakes, and the extra wording is a harmless stylistic difference.",1.0,"The expected output contains a single essential fact: the deposição da megasseqüência proto-oceânica começa no período Neo-aptiano. The actual output states exactly that — 'inicia-se a partir do Neo-aptiano' — preserving the key entity and relation from the test case. It is slightly more verbose than the expected output, but no important information is missing or altered.",1.0,"The response is geologically appropriate and semantically aligned with the expected answer: it correctly identifies the start of deposition of the megassequência proto-oceânica as ""Neo-aptiano."" It uses suitable stratigraphic terminology (""deposição,"" ""megassequência proto-oceânica,"" ""Neo-aptiano"") without introducing incorrect lithologic, facies, reservoir, or relational concepts. The only difference is added phrasing (""inicia-se a partir do""), which preserves the intended geological meaning from the input.",1.0,"The actual output is semantically aligned with the expected output: it identifies the start of deposition as ""Neo-aptiano,"" which exactly matches the expected geological period. It preserves the intended geological concept and relation from the question (the beginning of deposição da megasseqüência proto-oceânica) without introducing concept confusion, inverted roles, or domain misuse. Although phrased as a full sentence, it remains concise and fully consistent with the expected answer.",0.125,1.0,0.2222222222222222,0.0666666666666666,1.0,0.125,0.125,1.0,0.2222222222222222,0.0,0.1818181818181818,
resultados/petrobras-5-mini-com-ontologia-embeddingfirst/batch_eaf69800-ceb2-448a-b8a7-c0f2507b03f7-completo.csv,graphrag,1571,Em que período começa a deposição da megasseqüência proto - oceânica?,Neo-aptiano,,A deposição inicia a partir do Neo-aptiano.,1.0,"The score is 1.00 because the response is fully relevant to the question and stays focused on identifying when the deposição da megasseqüência proto-oceânica begins, with no irrelevant statements. Great job keeping it precise and on topic.",,Skipped: empty context.,,Skipped: empty context.,,Skipped: empty context.,1.0,"The actual output matches the expected output in meaning: both state that the deposição da megasseqüência proto-oceânica begins no Neo-aptiano. The added phrasing ""A deposição inicia a partir do"" is only stylistic and does not introduce any factual contradiction or mistake relative to the expected period.",1.0,"The expected output contains a single essential fact: the period is ""Neo-aptiano"". The actual output fully matches this fact by stating ""A deposição inicia a partir do Neo-aptiano"", correctly answering when the deposição da megasseqüência proto-oceânica begins. The extra wording is concise and does not omit or alter any important information.",0.9,"The response is geologically appropriate and uses the stratigraphic term correctly: ""Neo-aptiano"" matches the expected period for the início da deposição da megasseqüência proto-oceânica. It preserves the key geological concept from the test case and is semantically coherent. The only minor shortcoming is added phrasing (""A deposição inicia a partir do..."") instead of returning just the expected term, but this does not change the geological meaning.",1.0,"The actual output is semantically aligned with the expected output because it identifies the same período, ""Neo-aptiano"", as the início da deposição da megasseqüência proto-oceânica. It preserves the intended geological concept and temporal relation from the input, adding only a harmless paraphrase (""A deposição inicia a partir do..."") without introducing concept confusion, wrong entities, or inverted relations.",0.2222222222222222,1.0,0.3636363636363636,0.125,1.0,0.2222222222222222,0.2222222222222222,1.0,0.3636363636363636,0.0,0.25,
resultados/petrobras-5-mini-com-ontologia-embeddingfirst/batch_eaf69800-ceb2-448a-b8a7-c0f2507b03f7-completo.csv,rag,1572,Qual é a direção geral do sistema de falhas de Pescada?,WNW-ESE,,A direção geral é WNW–ESE (oeste‑noroeste para leste‑sudeste).,1.0,"The score is 1.00 because the answer is fully relevant to the question about a direção geral do sistema de falhas de Pescada, with no irrelevant statements. Great job staying focused and directly on topic.",,Skipped: empty context.,,Skipped: empty context.,,Skipped: empty context.,1.0,"The actual output matches the expected direction WNW-ESE and correctly expands it in Portuguese as ""oeste‑noroeste para leste‑sudeste."" There is no factual contradiction relative to the expected output. The only difference is added explanatory wording (""A direção geral é ...""), which is a harmless stylistic variation and should not be penalized.",1.0,"The actual output fully captures the expected fact that the direção geral do sistema de falhas de Pescada is WNW–ESE. It preserves the essential orientation and even adds a correct Portuguese expansion ('oeste‑noroeste para leste‑sudeste'), with no missing key information from the expected output.",1.0,"The response matches the expected geological orientation exactly, giving WNW–ESE and correctly expanding it as oeste‑noroeste para leste‑sudeste. It uses appropriate structural geology terminology for a falha system direction, adds no incorrect lithologic, stratigraphic, or reservoir concepts, and remains semantically consistent with the input asking for the direção geral do sistema de falhas de Pescada.",1.0,"The actual output matches the expected geological meaning exactly: it identifies the direção geral do sistema de falhas de Pescada as WNW–ESE, which is the same orientation as the expected output. The added Portuguese expansion (“oeste‑noroeste para leste‑sudeste”) is semantically consistent and does not introduce any concept confusion, wrong relation, or domain misuse.",0.1818181818181818,1.0,0.3076923076923077,0.1,1.0,0.1818181818181818,0.1818181818181818,1.0,0.3076923076923077,0.0,0.2222222222222222,
resultados/petrobras-5-mini-com-ontologia-embeddingfirst/batch_eaf69800-ceb2-448a-b8a7-c0f2507b03f7-completo.csv,graphrag,1572,Qual é a direção geral do sistema de falhas de Pescada?,WNW-ESE,,A direção geral é WNW–ESE (ONO–ESE).,1.0,"The score is 1.00 because the answer is fully relevant to the question about a direção geral do sistema de falhas de Pescada, with no irrelevant statements. Great job staying precise and on-topic.",,Skipped: empty context.,,Skipped: empty context.,,Skipped: empty context.,1.0,"The actual output matches the expected direction for the sistema de falhas de Pescada: it gives WNW–ESE, which is equivalent to the expected WNW-ESE. The added Portuguese notation “(ONO–ESE)” is a harmless clarification, not a contradiction, so there are no factual mistakes relative to the test case.",1.0,"The essential fact in the expected output is the fault system direction, WNW-ESE. The actual output fully matches this direction and even adds the Portuguese equivalent notation ""ONO–ESE,"" which does not conflict with the expected answer. There are no important omissions or incorrect relations for the given input.",1.0,"The actual output matches the expected geological orientation exactly in meaning: it identifies the fault system direction as WNW–ESE, which is the required structural trend for the sistema de falhas de Pescada. The added Portuguese equivalent ""ONO–ESE"" is still domain-appropriate and does not introduce any incorrect geological entity, relation, or interpretation. Terminology is precise, semantically coherent, and fully aligned with the input and expected output.",1.0,"The actual output matches the expected geological information exactly in meaning: it gives the direção geral do sistema de falhas de Pescada as WNW–ESE, which is the same orientation as the expected output. The added Portuguese gloss '(ONO–ESE)' does not alter the semantics and remains aligned with the domain-specific directional notation. There is no concept confusion, relation inversion, or misuse of geological terms.",0.25,1.0,0.4,0.1428571428571428,1.0,0.25,0.25,1.0,0.4,0.0,0.2857142857142857,
resultados/petrobras-5-mini-com-ontologia-embeddingfirst/batch_eaf69800-ceb2-448a-b8a7-c0f2507b03f7-completo.csv,rag,1573,Quais são os materiais da Seqüência K40?,arenitos grossos e pelitos,,"A Seqüência K40 é formada por arenitos grossos e pelitos (fácies flúvio-deltaico-lacustrina), constituindo uma cunha clástica sintectônica; preenchida por sedimentos continentais dominados por leques aluviais e sistemas fluviais de alta energia, com bancos carbonáticos restritos.",1.0,"The score is 1.00 because the answer is fully relevant to the question ""Quais são os materiais da Seqüência K40?"" and contains no irrelevant statements. It stays at the maximum score since it appears focused, direct, and on-topic.",,Skipped: empty context.,,Skipped: empty context.,,Skipped: empty context.,0.8,"The actual output correctly includes the expected materials, ""arenitos grossos e pelitos"", which directly answers the input about the materiais da Seqüência K40. It adds extra geological context about fácies flúvio-deltaico-lacustrina, cunha clástica sintectônica, leques aluviais, sistemas fluviais de alta energia, and bancos carbonáticos restritos; these are not required by the expected output and slightly reduce alignment because the expected answer is much shorter. However, there is no clear factual contradiction with the expected output, so the response remains largely correct.",1.0,"The actual output fully includes the essential materials from the expected output for 'Seqüência K40': 'arenitos grossos e pelitos'. It also adds extra geological context about fácies flúvio-deltaico-lacustrina, cunha clástica sintectônica, and associated sedimentary systems, but these additions do not conflict with the expected answer. Since all key elements are present and there are no omissions, it aligns strongly with the evaluation steps.",0.8,"The response correctly identifies the expected materials, specifically ""arenitos grossos e pelitos"", and uses appropriate geological terminology such as fácies, cunha clástica sintectônica, leques aluviais, and sistemas fluviais. This aligns well with the domain and is semantically coherent. However, it adds several unsupported interpretations and entities not present in the expected output, including ""fácies flúvio-deltaico-lacustrina"", ""sedimentos continentais"", and ""bancos carbonáticos restritos"", so it is less precise than required for the question asking only for the materials of Seqüência K40.",0.9,"The actual output includes the expected materials, ""arenitos grossos e pelitos"", which directly answers the question about the materiais da Seqüência K40. It stays broadly aligned with geological semantics by describing associated depositional context, but it adds extra information not present in the expected output, such as ""cunha clástica sintectônica"", ""leques aluviais"", high-energy fluvial systems, and restricted carbonate banks. These additions are not necessarily contradictory, but they go beyond the target answer and slightly reduce precision.",0.0952380952380952,1.0,0.1739130434782608,0.073170731707317,1.0,0.1363636363636363,0.0952380952380952,1.0,0.1739130434782608,0.0,0.2051282051282051,
resultados/petrobras-5-mini-com-ontologia-embeddingfirst/batch_eaf69800-ceb2-448a-b8a7-c0f2507b03f7-completo.csv,graphrag,1573,Quais são os materiais da Seqüência K40?,arenitos grossos e pelitos,,"A Seqüência K40 é formada por arenitos grossos e pelitos, associados a um sistema flúvio‑deltaico‑lacustrino.",1.0,"The score is 1.00 because the response appears fully focused on answering ""Quais são os materiais da Seqüência K40?"" with no irrelevant statements, so it is maximally relevant—great job staying on topic.",,Skipped: empty context.,,Skipped: empty context.,,Skipped: empty context.,0.9,"The actual output matches the expected materials for a pergunta sobre a Seqüência K40, correctly stating ""arenitos grossos e pelitos"". It adds extra context about a sistema flúvio‑deltaico‑lacustrino, which is not requested in the expected output but does not contradict it. Because the core answer aligns and there are no factual conflicts, only a slight penalty is warranted for added, unnecessary detail.",1.0,"The expected output requires the materials of la Seqüência K40: 'arenitos grossos e pelitos'. The actual output explicitly includes both essential materials and directly answers the question. The added context about a 'sistema flúvio‑deltaico‑lacustrino' is extra information but does not conflict with the expected answer, so coverage is complete.",0.9,"The actual output correctly identifies the expected materials, ""arenitos grossos e pelitos"", using appropriate geological lithology terms. It adds an interpretation, ""associados a um sistema flúvio‑deltaico‑lacustrino"", which is domain-appropriate and semantically coherent, though not present in the expected output. There is no misuse of lithologies, facies, stratigraphic language, or reservoir concepts, but the extra depositional-system detail makes it slightly less exact than the expected concise answer.",1.0,"The actual output matches the expected materials exactly by identifying ""arenitos grossos e pelitos"" for a Seqüência K40. The added detail about association with a ""sistema flúvio‑deltaico‑lacustrino"" does not change the semantic answer and remains geologically consistent, with no concept confusion, wrong entities, or inverted relations.",0.2222222222222222,1.0,0.3636363636363636,0.1764705882352941,1.0,0.3,0.2222222222222222,1.0,0.3636363636363636,0.0,0.4210526315789474,
resultados/petrobras-5-mini-com-ontologia-embeddingfirst/batch_eaf69800-ceb2-448a-b8a7-c0f2507b03f7-completo.csv,rag,1574,O que está geneticamente relacionado à atividade da Seqüência K40?,aumento da taxa de subsidência,,Um aumento da taxa de subsidência no final da fase de rifteamento da bacia.,0.0,"The score is 0.00 because the response talks about an increase in subsidence rate during the final rifting phase of a basin, which is unrelated to identifying what is genetically related to the activity of the 'Seqüência K40'. Since it does not address the question at all, the score cannot be higher.",,Skipped: empty context.,,Skipped: empty context.,,Skipped: empty context.,1.0,"The actual output matches the expected meaning closely: both state ""aumento da taxa de subsidência"". The extra detail ""no final da fase de rifteamento da bacia"" is a stylistic addition not contradicted by the expected output, and there are no factual contradictions relative to the test case.",1.0,"The actual output fully captures the essential expected fact, namely ""aumento da taxa de subsidência"". The extra detail ""no final da fase de rifteamento da bacia"" is additional context tied to the input about the Seqüência K40 and does not conflict with the expected output, so no important information is omitted.",0.9,"The actual output aligns closely with the expected geological interpretation by identifying ""aumento da taxa de subsidência,"" which is the key genetic relation asked about for a atividade da Seqüência K40. It uses appropriate domain terminology such as ""subsidência"" and ""fase de rifteamento da bacia,"" and remains semantically coherent. A small deduction is warranted because it adds the qualifier ""no final da fase de rifteamento da bacia,"" which is not present in the expected output and introduces extra stratigraphic/tectonic context not explicitly required.",1.0,"The actual output is semantically aligned with the expected output because it identifies ""aumento da taxa de subsidência,"" which is the key geological concept requested in relation to the atividade da Seqüência K40. The added detail ""no final da fase de rifteamento da bacia"" remains geologically consistent and does not change the intended relation or introduce concept confusion, inverted roles, or misuse of domain terms.",0.4,1.0,0.5714285714285715,0.3571428571428571,1.0,0.5263157894736842,0.4,1.0,0.5714285714285715,0.0,0.5263157894736842,
resultados/petrobras-5-mini-com-ontologia-embeddingfirst/batch_eaf69800-ceb2-448a-b8a7-c0f2507b03f7-completo.csv,graphrag,1574,O que está geneticamente relacionado à atividade da Seqüência K40?,aumento da taxa de subsidência,,Um aumento da taxa de subsidência no final da fase de rifteamento da bacia.,0.0,"The score is 0.00 because the answer talks about an increase in subsidence rate during the late rifting phase of a basin, which is unrelated to identifying what is genetically related to the activity of the Seqüência K40. Since it does not address the question at all, the score cannot be higher.",,Skipped: empty context.,,Skipped: empty context.,,Skipped: empty context.,0.9,"The actual output matches the expected core meaning exactly: both identify ""aumento da taxa de subsidência"" as what is genetically related to the activity of the Seqüência K40. The added detail ""no final da fase de rifteamento da bacia"" is extra context not present in the expected output, but it does not contradict it. There are no factual mistakes relative to the expected answer, so only a minimal deduction is warranted, if any, for added specificity.",0.9,"The actual output captures the essential expected relation, namely ""aumento da taxa de subsidência"", which is the key fact asked about for a atividade da Seqüência K40. It adds extra context (""no final da fase de rifteamento da bacia"") that is not in the expected output, but this does not contradict the core answer. There is a minor mismatch because the expected output is more concise and does not mention timing or basin phase.",1.0,"The actual output matches the expected geological interpretation closely by stating 'Um aumento da taxa de subsidência', which is the key entity and relation asked for in connection with the atividade da Seqüência K40. It uses appropriate geological terminology ('taxa de subsidência', 'fase de rifteamento da bacia') and remains semantically coherent. The added detail about occurring 'no final da fase de rifteamento da bacia' is domain-appropriate and does not conflict with the expected output.",1.0,"The actual output is semantically aligned with the expected output because it identifies ""aumento da taxa de subsidência,"" which is the key geological concept asked in relation to the atividade da Seqüência K40. The added detail ""no final da fase de rifteamento da bacia"" does not alter the meaning or introduce concept confusion, wrong entities, or inverted relations.",0.4,1.0,0.5714285714285715,0.3571428571428571,1.0,0.5263157894736842,0.4,1.0,0.5714285714285715,0.0,0.5263157894736842,
resultados/petrobras-5-mini-com-ontologia-embeddingfirst/batch_eaf69800-ceb2-448a-b8a7-c0f2507b03f7-completo.csv,rag,1577,Quais são as duas rochas que constituem a Seqüência K40?,arenitos grossos e pelitos,,Arenitos grossos e pelitos.,1.0,"The score is 1.00 because the answer directly addresses the question about quais são as duas rochas que constituem a Seqüência K40, with no irrelevant statements. Great job staying fully on topic and precise.",,Skipped: empty context.,,Skipped: empty context.,,Skipped: empty context.,1.0,"The actual output matches the expected output in meaning and content for the input asking which two rocks constitute the Seqüência K40: it correctly gives ""Arenitos grossos e pelitos"" versus expected ""arenitos grossos e pelitos"". The only difference is capitalization and punctuation, which are harmless stylistic differences and not factual contradictions.",1.0,"The actual output fully matches the essential content of the expected output: it identifies the two rochas da Seqüência K40 as 'arenitos grossos e pelitos'. The only difference is capitalization and punctuation, which do not affect correctness, and the response is appropriately concise.",1.0,"The response matches the expected lithologies exactly in content: ""Arenitos grossos e pelitos"" versus expected ""arenitos grossos e pelitos,"" differing only in capitalization and punctuation. It uses appropriate geological terminology for the question about the composição da Seqüência K40, correctly identifying two rock types without introducing incorrect stratigraphic, facies, or reservoir concepts.",1.0,"The actual output matches the expected output exactly in geological content for the input asking which two rocks constitute the Seqüência K40. It preserves the same entities and relation—'Arenitos grossos' and 'pelitos' as the two constituent rocks—with no concept confusion, role inversion, or domain misuse. The capitalization difference is irrelevant, and the concise phrasing fully retains the intended semantics.",1.0,1.0,1.0,1.0,1.0,1.0,1.0,1.0,1.0,1.0,1.0,
resultados/petrobras-5-mini-com-ontologia-embeddingfirst/batch_eaf69800-ceb2-448a-b8a7-c0f2507b03f7-completo.csv,graphrag,1577,Quais são as duas rochas que constituem a Seqüência K40?,arenitos grossos e pelitos,,Arenitos grossos e pelitos.,1.0,"The score is 1.00 because the response is fully relevant to the question, directly addressing quais são as duas rochas que constituem a Seqüência K40 with no irrelevant statements. Great job staying precise and on-topic.",,Skipped: empty context.,,Skipped: empty context.,,Skipped: empty context.,1.0,"The actual output matches the expected output in meaning and content for the input asking which two rocks constitute the Seqüência K40: it correctly gives ""Arenitos grossos e pelitos"" versus expected ""arenitos grossos e pelitos"". The only difference is capitalization and punctuation, which are harmless stylistic differences and do not introduce any factual contradiction.",1.0,"The actual output matches all essential content from the expected output: it identifies the two rocks as ""Arenitos grossos e pelitos"", which corresponds directly to ""arenitos grossos e pelitos"". The only difference is capitalization and punctuation, which do not omit or alter any important fact from the test case.",1.0,"The response matches the expected geological entities exactly: “Arenitos grossos e pelitos” corresponds to “arenitos grossos e pelitos,” differing only in capitalization. It uses correct lithological terminology for the question about the two rocks constituting the Seqüência K40, with no misuse of stratigraphic or reservoir concepts and fully coherent domain language.",1.0,"The actual output matches the expected output exactly in geological content for the input asking which two rocks constitute the Seqüência K40: it identifies ""Arenitos grossos e pelitos,"" which is semantically identical to the expected ""arenitos grossos e pelitos."" There is no concept confusion, no inverted relation, and the concise phrasing fully preserves the intended geological entities.",1.0,1.0,1.0,1.0,1.0,1.0,1.0,1.0,1.0,1.0,1.0,
resultados/petrobras-5-mini-com-ontologia-embeddingfirst/batch_eaf69800-ceb2-448a-b8a7-c0f2507b03f7-completo.csv,rag,1579,A que está geneticamente relacionada a atividade da Seqüência K40?,um aumento da taxa de subsidência,,Àumentos na taxa de subsidência no final da fase de rifteamento da bacia.,0.0,"The score is 0.00 because the response talks about increased subsidence rates at the end of the basin rifting phase instead of answering what the atividade da ""Seqüência K40"" está geneticamente relacionada a. Since it does not address the specific relationship asked in the input, it is entirely irrelevant.",,Skipped: empty context.,,Skipped: empty context.,,Skipped: empty context.,0.8,"The actual output matches the core meaning of the expected output for the input about what the atividade da Seqüência K40 is genetically related to: both state an increase in the subsidence rate (""aumento da taxa de subsidência""). It adds extra detail (""no final da fase de rifteamento da bacia"") that is not in the expected output, but this is not a clear contradiction. There is a minor wording/spelling issue (""Àumentos"" and pluralization), yet no major factual mistake relative to the expected answer.",0.9,"The actual output captures the core expected fact: ""aumento da taxa de subsidência"", which is the essential relation asked in the input. It adds extra context not present in the expected output (""no final da fase de rifteamento da bacia""), but this does not contradict the expected answer. There is a minor wording issue (""Àumentos"" and pluralization), so it is not a perfect match.",1.0,"The actual output is geologically appropriate and closely matches the expected relation: it identifies ""aumentos na taxa de subsidência"", which is the same core concept as ""um aumento da taxa de subsidência"" for the activity of the Seqüência K40. It uses valid domain terminology such as ""subsidência"", ""fase de rifteamento"" and ""bacia"", adding plausible geological context without introducing incorrect lithologies, facies, stratigraphic misuse, or inconsistent reservoir concepts.",1.0,"The actual output is semantically aligned with the expected output because it identifies ""aumentos na taxa de subsidência"" as the genetic relation of the Seqüência K40 activity. Although it adds extra context — ""no final da fase de rifteamento da bacia"" — this does not change the core geological meaning. The response preserves the correct concept and relation without introducing domain confusion or inverted semantics.",0.3571428571428571,0.7142857142857143,0.4761904761904762,0.2307692307692307,0.5,0.3157894736842105,0.2857142857142857,0.5714285714285714,0.3809523809523809,0.0,0.4210526315789473,
resultados/petrobras-5-mini-com-ontologia-embeddingfirst/batch_eaf69800-ceb2-448a-b8a7-c0f2507b03f7-completo.csv,graphrag,1579,A que está geneticamente relacionada a atividade da Seqüência K40?,um aumento da taxa de subsidência,,Está relacionada a um aumento da taxa de subsidência no final da fase de rifteamento da bacia.,1.0,The score is 1.00 because the answer stays fully focused on what was asked about “a atividade da Seqüência K40” and includes no irrelevant statements. Great job keeping the response directly aligned with the input.,,Skipped: empty context.,,Skipped: empty context.,,Skipped: empty context.,0.9,"The actual output matches the expected meaning for the input about what the atividade da Seqüência K40 está geneticamente relacionada a: both state ""um aumento da taxa de subsidência"". The added detail ""no final da fase de rifteamento da bacia"" is not contradicted by the expected output, so it is a harmless extension rather than a factual mistake. There are no clear contradictions, but the response is slightly less exact because it includes information not present in the expected output.",1.0,"The actual output captures the essential expected relation: ""um aumento da taxa de subsidência"". The added detail, ""no final da fase de rifteamento da bacia"", does not contradict the expected output and remains aligned with the input about what the atividade da Seqüência K40 is genetically related to. No important expected information is omitted.",1.0,"The actual output matches the expected geological interpretation by identifying ""um aumento da taxa de subsidência"" as the genetic relation for the Seqüência K40. It uses appropriate domain terminology such as ""subsidência"", ""fase de rifteamento"" and ""bacia"" coherently, adding context without introducing incorrect lithologic, stratigraphic, facies, or reservoir concepts.",1.0,"The actual output matches the expected geological concept: it identifies that the atividade da Seqüência K40 is genetically related to ""um aumento da taxa de subsidência"". It preserves the correct entity and relation, and the added detail ""no final da fase de rifteamento da bacia"" does not introduce a semantic conflict or invert roles; it is extra context beyond the expected concise answer.",0.3888888888888889,1.0,0.56,0.3529411764705882,1.0,0.5217391304347826,0.3888888888888889,1.0,0.56,0.0,0.5217391304347826,
resultados/petrobras-5-mini-com-ontologia-embeddingfirst/batch_eaf69800-ceb2-448a-b8a7-c0f2507b03f7-completo.csv,rag,1580,O que constitui a parte mais superior da Formação Pendência?,A Seqüência K40,,A Seqüência K40 — constituída por arenitos grossos e pelitos de um sistema flúvio-deltaico-lacustrino.,1.0,The score is 1.00 because the response directly addresses what constitutes the uppermost part of the Formação Pendência and includes no irrelevant information. Great job keeping it fully focused and relevant.,,Skipped: empty context.,,Skipped: empty context.,,Skipped: empty context.,0.8,"The actual output correctly identifies ""A Seqüência K40"" as the parte mais superior da Formação Pendência, matching the expected output on the core fact. The added description about ""arenitos grossos e pelitos de um sistema flúvio-deltaico-lacustrino"" is extra information not present in the expected output, but it does not contradict it. Because the meaning remains correct and there is no clear factual conflict, only a small penalty is warranted for not matching the expected output exactly.",1.0,"The actual output correctly identifies the essential expected element, ""A Seqüência K40"", which directly answers what constitutes the most superior part of the Formação Pendência. The added description about ""arenitos grossos e pelitos de um sistema flúvio-deltaico-lacustrino"" is extra but does not conflict with the expected output, so no important information is missing.",0.9,"The response correctly identifies the expected geological entity, ""A Seqüência K40"", matching the topmost part of the Formação Pendência. It also uses appropriate geological terminology such as ""arenitos grossos"", ""pelitos"", and ""sistema flúvio-deltaico-lacustrino"", which is domain-consistent. However, it adds lithological and depositional interpretation details that are not present in the expected output, so it is slightly less precise than required by the test case.",1.0,"The actual output matches the expected geological entity by correctly identifying 'A Seqüência K40' as the parte mais superior da Formação Pendência. The added detail about 'arenitos grossos e pelitos de um sistema flúvio-deltaico-lacustrino' does not change the semantic meaning, does not introduce concept confusion, and remains aligned with the geological context of the test case.",0.2222222222222222,1.0,0.3636363636363636,0.1764705882352941,1.0,0.3,0.2222222222222222,1.0,0.3636363636363636,0.0,0.375,
resultados/petrobras-5-mini-com-ontologia-embeddingfirst/batch_eaf69800-ceb2-448a-b8a7-c0f2507b03f7-completo.csv,graphrag,1580,O que constitui a parte mais superior da Formação Pendência?,A Seqüência K40,,A Seqüência K40 — composta por arenitos grossos e pelitos de um sistema flúvio-deltaico-lacustrino.,1.0,"The score is 1.00 because the answer is fully relevant to the question, directly addressing what constitutes the uppermost part of the Formação Pendência with no irrelevant information. Great job keeping it precise and on-topic.",,Skipped: empty context.,,Skipped: empty context.,,Skipped: empty context.,0.9,"The response correctly identifies ""A Seqüência K40"" as the most superior part of the Formação Pendência, matching the expected output for the given input. The added description about ""arenitos grossos e pelitos de um sistema flúvio-deltaico-lacustrino"" is extra information not present in the expected output, but it does not contradict it, so only a small penalty is warranted for not matching exactly.",1.0,"The expected output only requires identifying the topmost part of the Formação Pendência as ""A Seqüência K40"". The actual output includes that exact essential entity and relation, directly answering the input. The added description about ""arenitos grossos e pelitos de um sistema flúvio-deltaico-lacustrino"" is extra but does not contradict the expected answer, so coverage of the key fact is complete.",0.8,"The response correctly identifies the topmost part of the Formação Pendência as the Seqüência K40, matching the expected geological entity. It also uses domain-appropriate terms such as ""arenitos grossos"", ""pelitos"" and ""sistema flúvio-deltaico-lacustrino"", which are semantically coherent in a stratigraphic context. However, the expected output is only ""A Seqüência K40"", so the added lithologic and depositional interpretation is unsupported by the reference and slightly reduces alignment.",0.9,"The actual output matches the expected core answer by correctly identifying 'A Seqüência K40' as the parte mais superior da Formação Pendência. It stays aligned with the geological entity and does not invert roles or confuse concepts. A small penalty is warranted because it adds extra lithologic and depositional detail ('arenitos grossos e pelitos de um sistema flúvio-deltaico-lacustrino') that is not present in the expected output, though this addition does not change the intended geological meaning.",0.2352941176470588,1.0,0.3809523809523809,0.1875,1.0,0.3157894736842105,0.2352941176470588,1.0,0.3809523809523809,0.0,0.375,
resultados/petrobras-5-mini-com-ontologia-embeddingfirst/batch_eaf69800-ceb2-448a-b8a7-c0f2507b03f7-completo.csv,rag,1582,O que preenche o sistema de falhas de Pescada?,"sistemas deposicionais continentais, dominados por leques aluviais e sistemas fluviais de alta energia",,"É preenchido por sedimentos de sistemas deposicionais continentais — dominados por leques aluviais e sistemas fluviais de alta energia, com bancos carbonáticos restritos (unidade: Formação Pescada).",1.0,"The score is 1.00 because the answer is fully relevant to the question about o que preenche o sistema de falhas de Pescada, with no irrelevant statements. Great job staying focused and directly on topic.",,Skipped: empty context.,,Skipped: empty context.,,Skipped: empty context.,0.9,"The actual output matches the expected meaning for 'O que preenche o sistema de falhas de Pescada?' by stating 'sedimentos de sistemas deposicionais continentais' and the key qualifiers 'dominados por leques aluviais e sistemas fluviais de alta energia'. It adds extra details about 'bancos carbonáticos restritos' and 'Formação Pescada', which are not in the expected output but do not contradict it. Because the core content aligns and there are no clear factual contradictions, only a small penalty is warranted for unnecessary added information.",1.0,"The actual output fully covers the essential content from the expected output: it states that the sistema de falhas de Pescada is preenchido por sedimentos de sistemas deposicionais continentais, dominados por leques aluviais e sistemas fluviais de alta energia. It also adds extra detail about bancos carbonáticos restritos and Formação Pescada, but these additions do not conflict with the expected answer and should not be penalized.",0.9,"The response aligns closely with the expected geology: it states that the sistema de falhas de Pescada is filled by sistemas deposicionais continentais dominated by leques aluviais and sistemas fluviais de alta energia, matching the expected entities and relations. It uses appropriate geological terminology such as depositional systems and high-energy fluvial systems. A small penalty is warranted because it adds extra interpretation not present in the expected output—""bancos carbonáticos restritos"" and ""Formação Pescada""—which may be valid domain language but goes beyond the target answer.",1.0,"The actual output is semantically aligned with the expected answer for the question about what fills the sistema de falhas de Pescada. It correctly identifies 'sedimentos de sistemas deposicionais continentais' dominated by 'leques aluviais' and 'sistemas fluviais de alta energia', matching the expected geological entities and relations. The added detail about 'bancos carbonáticos restritos' and 'Formação Pescada' does not contradict the expected output and preserves the intended geological meaning.",0.5,1.0,0.6666666666666666,0.48,1.0,0.6486486486486487,0.5,1.0,0.6666666666666666,0.0,0.6842105263157895,
resultados/petrobras-5-mini-com-ontologia-embeddingfirst/batch_eaf69800-ceb2-448a-b8a7-c0f2507b03f7-completo.csv,graphrag,1582,O que preenche o sistema de falhas de Pescada?,"sistemas deposicionais continentais, dominados por leques aluviais e sistemas fluviais de alta energia",,"É preenchido por sistemas deposicionais continentais — sobretudo leques aluviais e sistemas fluviais de alta energia, com bancos carbonáticos restritos.",1.0,"The score is 1.00 because the response is fully relevant to the question about o que preenche o sistema de falhas de Pescada, with no irrelevant statements. Great job staying completely on topic.",,Skipped: empty context.,,Skipped: empty context.,,Skipped: empty context.,0.9,"The actual output matches the expected meaning closely: it says the sistema de falhas de Pescada is preenchido por sistemas deposicionais continentais, especially leques aluviais and sistemas fluviais de alta energia, which aligns directly with the expected output. The only shortcoming is the added detail 'com bancos carbonáticos restritos,' which is not present in the expected answer and could introduce unsupported information, but it does not contradict the core expected content.",1.0,"The actual output fully covers the essential content from the expected output: it states that the sistema de falhas de Pescada is preenchido por sistemas deposicionais continentais, specifically dominated by leques aluviais and sistemas fluviais de alta energia. The extra mention of ""bancos carbonáticos restritos"" is additional information but does not conflict with the expected answer, so alignment remains strong.",0.9,"The response aligns closely with the expected geological content: it correctly states that the sistema de falhas de Pescada is filled by sistemas deposicionais continentais, specifically leques aluviais and sistemas fluviais de alta energia. The terminology is domain-appropriate and semantically coherent. A small deduction is warranted because it adds 'bancos carbonáticos restritos,' which is not present in the expected output and introduces an extra geological element beyond the target interpretation.",0.9,"The actual output is semantically well aligned with the expected answer: it correctly states that the sistema de falhas de Pescada is preenchido por sistemas deposicionais continentais, specifically highlighting leques aluviais and sistemas fluviais de alta energia, which matches the expected geological entities and relations. A small penalty is warranted because it adds 'com bancos carbonáticos restritos,' a detail not present in the expected output, though it does not invert or confuse the core geological meaning.",0.631578947368421,0.9230769230769232,0.7499999999999999,0.5,0.75,0.6,0.5789473684210527,0.8461538461538461,0.6875,0.0,0.7499999999999999,
resultados/petrobras-5-mini-com-ontologia-embeddingfirst/batch_eaf69800-ceb2-448a-b8a7-c0f2507b03f7-completo.csv,rag,1583,Qual é a unidade litoestratigráfica correspondente à seção de rochas dominada por sistemas deposicionais continentais?,Formação Pescada,,É a Formação Pescada.,1.0,"The score is 1.00 because the answer is fully relevant to the question, directly addressing the unidade litoestratigráfica correspondente à seção de rochas dominada por sistemas deposicionais continentais, with no irrelevant statements. Great job keeping the response focused and precise.",,Skipped: empty context.,,Skipped: empty context.,,Skipped: empty context.,1.0,"The actual output matches the expected output in meaning for the input asking the unidade litoestratigráfica da seção dominada por sistemas deposicionais continentais: both identify Formação Pescada. The only difference is harmless wording ('É a' and punctuation), with no factual contradiction or mistake.",1.0,"The actual output correctly identifies the unidade litoestratigráfica as Formação Pescada, which is the only essential element in the expected output for the question about rochas dominada por sistemas deposicionais continentais. The added wording ""É a"" does not change the meaning, so coverage is complete and concise.",1.0,"The actual output correctly identifies the unidade litoestratigráfica as Formação Pescada, matching the expected output exactly in geological entity and interpretation for the seção dominada por sistemas deposicionais continentais. It uses appropriate domain terminology ('Formação') and does not introduce any misuse of lithostratigraphic or depositional concepts.",1.0,"The actual output is semantically identical to the expected output, correctly identifying the unidade litoestratigráfica as Formação Pescada for the seção de rochas dominada por sistemas deposicionais continentais. The added phrase ""É a"" does not change the geological meaning, and there is no concept confusion, relation inversion, or domain misuse.",0.75,1.0,0.8571428571428571,0.6666666666666666,1.0,0.8,0.75,1.0,0.8571428571428571,0.0,0.6666666666666666,
resultados/petrobras-5-mini-com-ontologia-embeddingfirst/batch_eaf69800-ceb2-448a-b8a7-c0f2507b03f7-completo.csv,graphrag,1583,Qual é a unidade litoestratigráfica correspondente à seção de rochas dominada por sistemas deposicionais continentais?,Formação Pescada,,Formação Pescada.,1.0,"The score is 1.00 because the answer is fully relevant to the question, directly addressing qual é a unidade litoestratigráfica correspondente à seção de rochas dominada por sistemas deposicionais continentais, with no irrelevant statements. Great job keeping the response precise and on-topic.",,Skipped: empty context.,,Skipped: empty context.,,Skipped: empty context.,1.0,"The actual output matches the expected output in meaning and content for the input asking the unidade litoestratigráfica correspondente à seção dominada por sistemas deposicionais continentais: both give ""Formação Pescada"". The only difference is terminal punctuation in the actual output, which is a harmless stylistic variation and not a factual contradiction or mistake.",1.0,"The actual output correctly identifies the unidade litoestratigráfica asked in the input as ""Formação Pescada"", which matches the expected output exactly aside from a trailing period. It covers the essential entity completely, with no omission of important information, and the concise wording is fully acceptable for this test case.",1.0,"The actual output matches the expected unit exactly in geological content: it identifies the litoestratigráfica correspondente à seção dominada por sistemas deposicionais continentais as ""Formação Pescada"". The terminology is domain-appropriate, using a valid stratigraphic unit name without introducing incorrect lithologies, facies, reservoir concepts, or relations. The only difference is terminal punctuation, which does not affect semantic alignment.",1.0,"The actual output matches the expected output semantically and nearly verbatim: both identify a unidade litoestratigráfica as ""Formação Pescada"" for the seção de rochas dominada por sistemas deposicionais continentais. There is no geological concept confusion, no wrong entity or relation, and the concise response fully preserves the intended meaning.",1.0,1.0,1.0,1.0,1.0,1.0,1.0,1.0,1.0,1.0,1.0,
resultados/petrobras-5-mini-com-ontologia-embeddingfirst/batch_eaf69800-ceb2-448a-b8a7-c0f2507b03f7-completo.csv,rag,1584,Quando inicia-se a deposição da megasseqüência proto-oceânica?,A partir do Neo-aptiano,,A deposição inicia-se a partir do Neo‑aptiano.,1.0,"The score is 1.00 because the answer is fully relevant to the question about when the deposição da megasseqüência proto-oceânica begins, with no irrelevant statements. Great job staying directly on topic and completely aligned with the input.",,Skipped: empty context.,,Skipped: empty context.,,Skipped: empty context.,1.0,"The actual output matches the expected meaning exactly for the input asking when the deposição da megasseqüência proto-oceânica begins: both state it starts 'a partir do Neo-aptiano'. The only differences are harmless stylistic ones, such as adding 'A deposição inicia-se' and punctuation, with no factual contradiction or mistake.",1.0,"The actual output fully captures the essential fact from the expected output: the onset of deposição da megasseqüência proto-oceânica occurs 'a partir do Neo-aptiano'. It preserves the key temporal relation requested by the question, with only a minor wording change ('A deposição inicia-se') that does not omit or alter any important information.",1.0,"The actual output matches the expected geological interpretation exactly: it states that the depositional start of the megassequência proto-oceânica is ""a partir do Neo-aptiano,"" which is the correct stratigraphic time term for the input question. Geological terminology is used appropriately and coherently, with no misuse of lithologic, facies, reservoir, or stratigraphic concepts. The only difference is minor phrasing (adding ""A deposição inicia-se""), which does not change the meaning.",1.0,"The actual output is semantically identical to the expected output: both state that the deposição da megasseqüência proto-oceânica begins 'a partir do Neo-aptiano'. It preserves the correct geological time reference and relation of initiation without introducing concept confusion, role inversion, or domain misuse. The added phrase 'A deposição inicia-se' is consistent with the input question and does not alter the intended meaning.",0.5,1.0,0.6666666666666666,0.4444444444444444,1.0,0.6153846153846153,0.5,1.0,0.6666666666666666,0.0,0.7272727272727273,
resultados/petrobras-5-mini-com-ontologia-embeddingfirst/batch_eaf69800-ceb2-448a-b8a7-c0f2507b03f7-completo.csv,graphrag,1584,Quando inicia-se a deposição da megasseqüência proto-oceânica?,A partir do Neo-aptiano,,A partir do Neo-Aptiano.,1.0,"The score is 1.00 because the response is fully relevant to the question about when the deposição da megasseqüência proto-oceânica begins, with no irrelevant statements. Great job staying focused and directly addressing the input.",,Skipped: empty context.,,Skipped: empty context.,,Skipped: empty context.,1.0,"The actual output matches the expected meaning exactly for the input asking when the deposição da megasseqüência proto-oceânica begins: both state it starts 'A partir do Neo-Aptiano/Neo-aptiano'. The only difference is capitalization and punctuation, which are harmless stylistic variations and not factual contradictions.",1.0,"The actual output captures the essential fact from the expected output: the start of deposition occurs ""A partir do Neo-Aptiano,"" which matches the expected ""A partir do Neo-aptiano."" The only difference is capitalization/hyphenation style, with no loss of meaning or omission of any important information from the test case input about when the megasseqüência proto-oceânica begins.",1.0,"The actual output matches the expected geological interpretation exactly in meaning: it states that the deposição da megasseqüência proto-oceânica begins 'A partir do Neo-Aptiano', which corresponds to the expected 'A partir do Neo-aptiano'. It uses the relevant stratigraphic term appropriately for the question, with only a capitalization difference in 'Aptiano' that does not affect geological correctness or semantic coherence.",1.0,"The actual output matches the expected meaning exactly for the input question about when the deposição da megasseqüência proto-oceânica begins. It preserves the key geological time reference, 'Neo-Aptiano'/'Neo-aptiano', with only a capitalization difference that does not affect semantic alignment, entities, or domain meaning.",1.0,1.0,1.0,1.0,1.0,1.0,1.0,1.0,1.0,1.0,1.0,
resultados/petrobras-5-mini-com-ontologia-embeddingfirst/batch_eaf69800-ceb2-448a-b8a7-c0f2507b03f7-completo.csv,rag,1585,Qual é a direção geral das falhas de Pescada?,direção geral WNW-ESE,,Direção WNW–ESE (Oeste‑Noroeste a Este‑Sudeste).,1.0,"The score is 1.00 because the response is fully relevant to the question about a direção geral das falhas de Pescada, with no irrelevant statements. Great job staying focused and directly on topic.",,Skipped: empty context.,,Skipped: empty context.,,Skipped: empty context.,1.0,"The actual output matches the expected meaning exactly: it identifies the direção geral das falhas de Pescada as WNW–ESE, which is the same orientation as the expected output ""direção geral WNW-ESE"". The added Portuguese expansion ""Oeste‑Noroeste a Este‑Sudeste"" is consistent and not a factual contradiction, so no penalty is warranted for wording differences.",1.0,"The actual output fully matches the expected output’s essential fact: the general direction of the falhas de Pescada is WNW–ESE. It preserves the key directional relation from the test case and even adds a Portuguese expansion, 'Oeste‑Noroeste a Este‑Sudeste', without changing meaning. No important information is omitted.",1.0,"The actual output matches the expected geological interpretation exactly, giving the general fault direction as WNW–ESE for as falhas de Pescada. It uses correct structural-geology directional terminology and adds a valid Portuguese expansion, ""Oeste‑Noroeste a Este‑Sudeste,"" without changing meaning. There is no misuse of lithologic, stratigraphic, facies, reservoir, or structural concepts.",1.0,"The actual output matches the expected geological meaning exactly: it identifies the direção geral das falhas de Pescada as WNW–ESE, which is the same directional trend given in the expected output. The added Portuguese expansion “Oeste‑Noroeste a Este‑Sudeste” is consistent with the abbreviation and does not alter the semantic content. There is no concept confusion, inversion, or misuse of geological terminology, and the concise answer preserves the intended relation between the falhas de Pescada and their general direction.",0.4444444444444444,0.8,0.5714285714285714,0.25,0.5,0.3333333333333333,0.4444444444444444,0.8,0.5714285714285714,0.0,0.5,
resultados/petrobras-5-mini-com-ontologia-embeddingfirst/batch_eaf69800-ceb2-448a-b8a7-c0f2507b03f7-completo.csv,graphrag,1585,Qual é a direção geral das falhas de Pescada?,direção geral WNW-ESE,,O sistema de falhas de Pescada tem direção geral WNW–ESE (oeste-noroeste a leste-sudeste).,1.0,"The score is 1.00 because the response directly addresses the question about a direção geral das falhas de Pescada, with no irrelevant statements. It is fully focused and appropriately relevant—great job.",,Skipped: empty context.,,Skipped: empty context.,,Skipped: empty context.,1.0,"The actual output matches the expected meaning exactly: it states that as falhas de Pescada têm direção geral WNW–ESE, which corresponds directly to the expected output ""direção geral WNW-ESE"". The added Portuguese expansion ""oeste-noroeste a leste-sudeste"" is a harmless wording/detail difference and introduces no factual contradiction.",1.0,"The actual output fully captures the essential fact from the expected output for the input about a direção geral das falhas de Pescada: it states WNW–ESE, matching the expected 'direção geral WNW-ESE'. The added Portuguese expansion '(oeste-noroeste a leste-sudeste)' is consistent and does not omit or alter any required information.",1.0,"The actual output matches the expected geological interpretation exactly: it identifies the direção geral das falhas de Pescada as WNW–ESE, which is the key relation requested in the input. It uses appropriate structural geology terminology ('sistema de falhas', directional trend) and adds a correct Portuguese expansion ('oeste-noroeste a leste-sudeste') without introducing any incorrect lithologic, stratigraphic, facies, or reservoir concepts.",1.0,"The actual output matches the expected geological meaning exactly: it states that as falhas de Pescada have direção geral WNW–ESE, which is the same orientation given in the expected output. It preserves the correct entity, relation, and domain-specific directional concept, with only an added Portuguese gloss ('oeste-noroeste a leste-sudeste') that does not alter semantics.",0.2941176470588235,1.0,0.4545454545454545,0.25,1.0,0.4,0.2941176470588235,1.0,0.4545454545454545,0.0,0.375,
resultados/petrobras-5-mini-com-ontologia-embeddingfirst/batch_eaf69800-ceb2-448a-b8a7-c0f2507b03f7-completo.csv,rag,1586,O que é a Seqüência K40?,"A Seqüência K40 é constituída por uma cunha clástica sintectônica, reconhecida inicialmente no bloco baixo da Falha de Pescada, cuja atividade está geneticamente relacionada a um aumento da taxa de subsidência no final da fase de rifteamento da bacia.",,"A Seqüência K40 é a parte mais superior da Formação Pendência: uma cunha clástica sintectônica (agregados de arenitos grossos e pelitos) depositada em sistema flúvio‑deltaico‑lacustrino/continental (leques aluviais e rios de alta energia, com bancos carbonáticos restritos), inicialmente reconhecida no bloco baixo da Falha de Pescada — unidade litoestratigráfica correlata denominada Formação Pescada, gerada por aumento da subsidência no fim do rifteamento.",1.0,The score is 1.00 because the answer stayed fully focused on explaining “O que é a Seqüência K40?” with no irrelevant statements. It is as high as possible and directly addresses the input clearly—great job.,,Skipped: empty context.,,Skipped: empty context.,,Skipped: empty context.,0.8,"The actual output matches the core expected meaning: it identifies the Seqüência K40 as a ""cunha clástica sintectônica,"" says it was initially recognized in the bloco baixo da Falha de Pescada, and links it to increased subsidência at the end of rifteamento. These are the key facts required by the test case. However, it adds several details not present in the expected output, such as calling it ""a parte mais superior da Formação Pendência,"" describing depositional systems and carbonates, and mentioning a correlata ""Formação Pescada."" These additions are not direct contradictions, but they go beyond the expected answer and introduce unsupported specificity.",1.0,"The actual output covers all essential elements from the expected output: it identifies the Seqüência K40 as a 'cunha clástica sintectônica', says it was initially recognized in the 'bloco baixo da Falha de Pescada', and links its genesis to 'aumento da subsidência' at 'fim/final do rifteamento'. It also preserves the key entity and relation structure from the test case. Extra lithologic and depositional details are additional context and do not conflict with the expected content.",0.8,"The response uses appropriate geological language such as ""cunha clástica sintectônica"", ""subsistência"", ""rifteamento"", and correctly preserves the key relation that K40 was initially recognized in the bloco baixo da Falha de Pescada and is linked to increased subsidence at the end of rifting. It also remains semantically coherent in stratigraphic and depositional terms. However, it adds several details not supported by the expected output—""parte mais superior da Formação Pendência"", specific lithologies, flúvio-deltaico-lacustrino/continental setting, ""bancos carbonáticos restritos"", and correlation with ""Formação Pescada""—which introduces unsupported stratigraphic and facies interpretations, so alignment is strong but not exact.",0.9,"The actual output is strongly aligned with the expected geology: it identifies the Seqüência K40 as a ""cunha clástica sintectônica,"" says it was initially recognized in the bloco baixo da Falha de Pescada, and links its origin to increased subsidência at the end of rifteamento. It also preserves the intended entity and causal relation. The main shortcoming is that it adds extra stratigraphic and depositional details not present in the expected output, such as calling it the uppermost part of the Formação Pendência, correlating it with Formação Pescada, and specifying flúvio-deltaico-lacustrino/continental settings, which may go beyond the target answer even though they do not directly contradict it.",0.4166666666666667,0.6976744186046512,0.5217391304347826,0.2394366197183098,0.4047619047619047,0.3008849557522123,0.3472222222222222,0.5813953488372093,0.4347826086956521,0.0,0.5454545454545455,
resultados/petrobras-5-mini-com-ontologia-embeddingfirst/batch_eaf69800-ceb2-448a-b8a7-c0f2507b03f7-completo.csv,graphrag,1586,O que é a Seqüência K40?,"A Seqüência K40 é constituída por uma cunha clástica sintectônica, reconhecida inicialmente no bloco baixo da Falha de Pescada, cuja atividade está geneticamente relacionada a um aumento da taxa de subsidência no final da fase de rifteamento da bacia.",,"É a parte mais superior da Formação Pendência, formada por arenitos grossos e pelitos de um sistema flúvio‑deltaico‑lacustrino; trata‑se de uma cunha clástica sintectônica relacionada à atividade da Falha de Pescada no fim do rifteamento.",1.0,"The score is 1.00 because the answer stays fully focused on explaining o que é a Seqüência K40, with no irrelevant statements. It directly addresses the input clearly and appropriately—great job.",,Skipped: empty context.,,Skipped: empty context.,,Skipped: empty context.,0.8,"The actual output matches the core expected meaning: it identifies the Seqüência K40 as a 'cunha clástica sintectônica' linked to the activity of the Falha de Pescada at the end of the rift phase ('fim do rifteamento'), which aligns well with the expected description. However, it omits key expected details such as being 'reconhecida inicialmente no bloco baixo da Falha de Pescada' and the explicit relation to an 'aumento da taxa de subsidência'. It also adds lithologic and stratigraphic details ('parte mais superior da Formação Pendência', 'arenitos grossos e pelitos', 'sistema flúvio‑deltaico‑lacustrino') that are not contradicted by the expected output, so they should not be heavily penalized.",0.8,"The response captures the core expected idea that a Seqüência K40 is a ""cunha clástica sintectônica"" linked to the activity of the Falha de Pescada at the end of rifteamento, which are the main entities and relations in the expected output. It also adds extra geological detail about the Formação Pendência and lithology, which is acceptable. However, it omits two important expected specifics: that it was ""reconhecida inicialmente no bloco baixo da Falha de Pescada"" and that the fault activity is genetically related to an increase in the subsidence rate. Because these are meaningful omissions, alignment is good but not complete.",0.8,"The response uses appropriate geological language such as ""Formação Pendência"", ""cunha clástica sintectônica"", ""Falha de Pescada"" and ""fim do rifteamento"", which aligns well with the domain. It correctly captures the core interpretation that Seqüência K40 is a syntectonic clastic wedge related to activity on the Falha de Pescada near the end of rifting. However, it adds unsupported specifics not present in the expected output, including ""parte mais superior da Formação Pendência"" and lithologic/environmental details like ""arenitos grossos e pelitos"" and ""sistema flúvio‑deltaico‑lacustrino"". It also omits the expected relation to increased subsidence rate and the detail that it was initially recognized in the bloco baixo da Falha de Pescada.",0.8,"The actual output is strongly aligned with the expected geological meaning: it correctly identifies the Seqüência K40 as a ""cunha clástica sintectônica"" linked to the activity of the Falha de Pescada and places it at the end of rifteamento, which preserves the core entities and relations. It also adds plausible contextual details about being the uppermost part of the Formação Pendência and having arenitos grossos e pelitos in a sistema flúvio‑deltaico‑lacustrino, without contradicting the expected answer. However, it omits the specific point that the sequence was initially recognized in the bloco baixo da Falha de Pescada and does not explicitly mention the genetic relation to increased subsidence rate, so some expected semantic detail is missing.",0.5121951219512195,0.4883720930232558,0.5,0.2,0.1904761904761904,0.1951219512195122,0.3658536585365853,0.3488372093023256,0.3571428571428571,0.0,0.5135135135135135,
resultados/petrobras-5-mini-com-ontologia-embeddingfirst/batch_eaf69800-ceb2-448a-b8a7-c0f2507b03f7-completo.csv,rag,1587,Quais são os sistemas deposicionais continentais que preenchem o sedimentar da Seqüência K40?,"sistemas deposicionais continentais, dominados por leques aluviais e sistemas fluviais de alta energia, com bancos carbonáticos restritos.",,São dominados por leques aluviais e sistemas fluviais de alta energia (com bancos carbonáticos restritos).,0.5,"The score is 0.50 because the answer appears to address the asked topic—identifying continental depositional systems of the Seqüência K40—but it is not higher since it includes an irrelevant statement about ""bancos carbonáticos restritos,"" which are not continental depositional systems and do not directly answer the question.",,Skipped: empty context.,,Skipped: empty context.,,Skipped: empty context.,1.0,"The actual output matches the expected meaning closely for the input about the sistemas deposicionais continentais da Seqüência K40. It correctly includes the key elements: 'leques aluviais', 'sistemas fluviais de alta energia' and 'bancos carbonáticos restritos'. The only differences are stylistic, such as adding 'São dominados por' and using parentheses, with no factual contradiction or missing content.",1.0,"The actual output captures all essential elements from the expected output for the question about the sistemas deposicionais continentais da Seqüência K40: it mentions domination by leques aluviais, sistemas fluviais de alta energia, and bancos carbonáticos restritos. The wording is concise and slightly rephrased, but no important fact, entity, or relation is omitted.",1.0,"The actual output closely matches the expected geological interpretation for the Seqüência K40, correctly identifying continental depositional systems dominated by leques aluviais and sistemas fluviais de alta energia, with bancos carbonáticos restritos. It uses appropriate geological terminology, preserves the key entities and relations from the expected output, and introduces no misuse of lithologic, stratigraphic, or reservoir concepts.",0.9,"The actual output is semantically well aligned with the expected output: it identifies the same continental depositional systems that fill the sedimentary record of the Seqüência K40, namely leques aluviais and sistemas fluviais de alta energia, and also preserves the detail about bancos carbonáticos restritos. The main difference is wording and omission of the explicit phrase 'sistemas deposicionais continentais', but the geological concepts, classes, and relations remain correct and not inverted.",0.8823529411764706,0.8333333333333334,0.8571428571428571,0.875,0.8235294117647058,0.8484848484848485,0.8823529411764706,0.8333333333333334,0.8571428571428571,0.0,0.8749999999999999,
resultados/petrobras-5-mini-com-ontologia-embeddingfirst/batch_eaf69800-ceb2-448a-b8a7-c0f2507b03f7-completo.csv,graphrag,1587,Quais são os sistemas deposicionais continentais que preenchem o sedimentar da Seqüência K40?,"sistemas deposicionais continentais, dominados por leques aluviais e sistemas fluviais de alta energia, com bancos carbonáticos restritos.",,Principalmente leques aluviais e sistemas fluviais de alta energia (num contexto flúvio‑deltaico‑lacustrino).,1.0,"The score is 1.00 because the answer appears fully relevant to the question, directly addressing quais são os sistemas deposicionais continentais da Seqüência K40 without irrelevant statements. Great job keeping the response focused and on-topic.",,Skipped: empty context.,,Skipped: empty context.,,Skipped: empty context.,0.8,"The actual output matches the core expected meaning by identifying ""leques aluviais"" and ""sistemas fluviais de alta energia"" as the main sistemas deposicionais continentais da Seqüência K40. However, it omits the expected detail ""com bancos carbonáticos restritos"" and adds ""num contexto flúvio‑deltaico‑lacustrino,"" which is not stated in the expected output. There is no clear factual contradiction, but the missing carbonate-bank detail and added unsupported context prevent a stronger alignment.",0.8,"The answer captures the main depositional systems from the expected output: 'leques aluviais' and 'sistemas fluviais de alta energia', which are the core elements asked in the input about the Seqüência K40. However, it omits the important detail that these are 'sistemas deposicionais continentais' and especially misses 'bancos carbonáticos restritos', which is a specific expected component. The added 'contexto flúvio‑deltaico‑lacustrino' is not in the expected output, so coverage is strong but incomplete.",0.8,"The response uses appropriate geological terminology, correctly identifying 'leques aluviais' and 'sistemas fluviais de alta energia' as the main continental depositional systems for the Seqüência K40. It is semantically coherent and broadly matches the expected interpretation, but it diverges by adding 'contexto flúvio‑deltaico‑lacustrino', which introduces deltaic and lacustrine elements not stated in the expected output, and it omits the important detail of 'bancos carbonáticos restritos'.",0.8,"The actual output is semantically close to the expected geological meaning: it correctly identifies the continental depositional systems of the Seqüência K40 as mainly leques aluviais and high-energy fluvial systems. It also preserves the continental context, though it adds 'flúvio‑deltaico‑lacustrino', which is not present in the expected output and may broaden the depositional setting. The main omission is 'bancos carbonáticos restritos', an expected geological component, so alignment is strong but incomplete.",0.5333333333333333,0.4444444444444444,0.4848484848484848,0.5,0.4117647058823529,0.4516129032258064,0.5333333333333333,0.4444444444444444,0.4848484848484848,0.0,0.5517241379310345,
resultados/petrobras-5-mini-com-ontologia-embeddingfirst/batch_eaf69800-ceb2-448a-b8a7-c0f2507b03f7-completo.csv,rag,1588,Qual é a unidade litoestratigráfica que corresponde à seção de rochas da Seqüência K40?,Formação Pescada,,A unidade litoestratigráfica é a Formação Pescada.,1.0,"The score is 1.00 because the response directly answers which unidade litoestratigráfica corresponde à seção de rochas da Seqüência K40, with no irrelevant statements. Great job staying fully on topic and precise.",,Skipped: empty context.,,Skipped: empty context.,,Skipped: empty context.,1.0,"The actual output matches the expected output in meaning for the input asking which unidade litoestratigráfica corresponde à seção de rochas da Seqüência K40. It correctly identifies ""Formação Pescada"" and adds only harmless wording (""A unidade litoestratigráfica é..."") without any factual contradiction or mistake.",1.0,"The actual output correctly identifies the essential litoestratigráfica unit for the seção de rochas da Seqüência K40 as ""Formação Pescada,"" which exactly matches the expected output. The added phrase ""A unidade litoestratigráfica é"" is harmless and does not omit or alter any key information.",1.0,"The actual output correctly identifies the litoestratigráfica unit as Formação Pescada, which matches the expected output exactly in geological entity and interpretation for the Seqüência K40 section. It uses appropriate domain terminology ('unidade litoestratigráfica' and 'Formação') with no misuse of stratigraphic or lithologic concepts.",1.0,"The actual output matches the expected geological entity exactly: it identifies the unidade litoestratigráfica da seção de rochas da Seqüência K40 as Formação Pescada. It preserves the correct lithostratigraphic concept and relation from the input, with no concept confusion, inverted roles, or domain misuse; the added phrase 'A unidade litoestratigráfica é' is semantically consistent and does not change the meaning.",0.375,1.0,0.5454545454545454,0.2857142857142857,1.0,0.4444444444444445,0.375,1.0,0.5454545454545454,0.0,0.4444444444444445,
resultados/petrobras-5-mini-com-ontologia-embeddingfirst/batch_eaf69800-ceb2-448a-b8a7-c0f2507b03f7-completo.csv,graphrag,1588,Qual é a unidade litoestratigráfica que corresponde à seção de rochas da Seqüência K40?,Formação Pescada,,Formação Pescada.,1.0,"The score is 1.00 because the response directly answers which unidade litoestratigráfica corresponde à seção de rochas da Seqüência K40, with no irrelevant statements. Great job staying fully focused and relevant.",,Skipped: empty context.,,Skipped: empty context.,,Skipped: empty context.,1.0,"The actual output matches the expected output in meaning and factual content for the input asking which unidade litoestratigráfica corresponde à seção de rochas da Seqüência K40. It correctly gives 'Formação Pescada'; the only difference is a trailing period, which is a harmless stylistic variation and not a contradiction.",1.0,"The actual output matches the expected output's essential content exactly: it identifies the unidade litoestratigráfica da seção de rochas da Seqüência K40 as ""Formação Pescada"". The only difference is terminal punctuation, which does not omit or alter any important fact, entity, or relation from the test case.",1.0,"The actual output matches the expected litoestratigraphic unit exactly in geological content: it identifies the seção de rochas da Seqüência K40 as ""Formação Pescada"", using the correct stratigraphic term ""Formação"" and appropriate domain terminology. The only difference is final punctuation, which does not affect geological accuracy, entity matching, or semantic coherence.",1.0,"The actual output matches the expected output semantically and lexically, identifying the unidade litoestratigráfica da seção de rochas da Seqüência K40 as Formação Pescada. It preserves the correct geological entity and relation, with no concept confusion or inverted roles; the only difference is terminal punctuation, which does not affect meaning.",1.0,1.0,1.0,1.0,1.0,1.0,1.0,1.0,1.0,1.0,1.0,
resultados/petrobras-5-mini-com-ontologia-embeddingfirst/batch_eaf69800-ceb2-448a-b8a7-c0f2507b03f7-completo.csv,rag,1632,O que causou o processo de dobramento por deslizamento flexural?,anisotropia mecânica,,"Devido à anisotropia mecânica entre as camadas: a deformação concentrou‑se em níveis de folhelhos e siltitos intercalados com arenitos, levando ao deslizamento flexural.",1.0,"The score is 1.00 because the answer stayed fully focused on what caused o processo de dobramento por deslizamento flexural, with no irrelevant statements. It directly addressed the input clearly and appropriately—great job.",,Skipped: empty context.,,Skipped: empty context.,,Skipped: empty context.,1.0,"The actual output matches the expected idea for the input question about the cause of dobramento por deslizamento flexural: it correctly identifies ""anisotropia mecânica"" as the cause. The added detail about deformation concentrating in folhelhos, siltitos, and arenitos is consistent with the expected output and does not introduce any factual contradiction, so only harmless elaboration is present.",1.0,"The expected output requires identifying the cause as “anisotropia mecânica”. The actual output explicitly states “Devido à anisotropia mecânica entre as camadas” and adds consistent supporting detail about folhelhos, siltitos, and arenitos leading to deslizamento flexural. It fully covers the essential element with no important omission.",1.0,"The response aligns strongly with the expected geological interpretation by identifying 'anisotropia mecânica' as the cause of dobramento por deslizamento flexural, which directly matches the expected output. It uses appropriate geological terminology such as 'deformação', 'folhelhos', 'siltitos', 'arenitos' and 'deslizamento flexural' in a semantically coherent way. The added detail about deformation concentrating in interbedded weaker and stronger layers is domain-appropriate and does not introduce incorrect stratigraphic, facies, or reservoir concepts.",1.0,"The actual output is semantically aligned with the expected output because it identifies ""anisotropia mecânica"" as the cause of the dobramento por deslizamento flexural and adds geologically consistent detail about deformation concentrating in folhelhos e siltitos intercalados com arenitos. It preserves the correct causal relation, uses appropriate geological entities, and does not introduce concept confusion or inverted roles.",0.1153846153846153,1.0,0.2068965517241379,0.08,1.0,0.1481481481481481,0.1153846153846153,1.0,0.2068965517241379,0.0,0.16,
resultados/petrobras-5-mini-com-ontologia-embeddingfirst/batch_eaf69800-ceb2-448a-b8a7-c0f2507b03f7-completo.csv,graphrag,1632,O que causou o processo de dobramento por deslizamento flexural?,anisotropia mecânica,,"Foi consequência da anisotropia mecânica entre camadas, com a deformação concentrando‑se em níveis de folhelhos e siltitos intercalados a arenitos.",1.0,"The score is 1.00 because the response stayed fully focused on what caused o processo de dobramento por deslizamento flexural, with no irrelevant statements. It directly addressed the input clearly and appropriately—great job staying on topic.",,Skipped: empty context.,,Skipped: empty context.,,Skipped: empty context.,1.0,"The actual output matches the expected idea for the input question about what caused the processo de dobramento por deslizamento flexural: it correctly identifies 'anisotropia mecânica'. The added detail about deformation concentrating in folhelhos, siltitos, and arenitos is consistent with that cause and does not contradict the expected output. There are no factual mistakes, only a harmless elaboration beyond the minimal expected answer.",1.0,"The expected output requires identifying the cause as ""anisotropia mecânica"". The actual output includes this essential fact explicitly and correctly ties it to the folding process, adding compatible detail about deformation in folhelhos, siltitos, and arenitos. It fully covers the key entity and relation from the expected output, and the extra detail does not conflict with the test case.",1.0,"The response aligns strongly with the expected cause, explicitly stating ""anisotropia mecânica"" as the driver of dobramento por deslizamento flexural. It also uses appropriate geological terminology from the test case, adding coherent domain detail about deformation concentrating in folhelhos and siltitos intercalados a arenitos, which is consistent with flexural-slip folding. There is no evident misuse of lithologies, structural concepts, or stratigraphic relations, though it is slightly more specific than the minimal expected output.",1.0,"The actual output is semantically aligned with the expected answer because it directly identifies 'anisotropia mecânica' as the cause of the dobramento por deslizamento flexural. It also adds geologically consistent detail about deformation concentrating in folhelhos e siltitos intercalados a arenitos, which preserves and correctly elaborates the intended concept without introducing wrong entities, inverted relations, or domain confusion.",0.12,1.0,0.2142857142857142,0.0833333333333333,1.0,0.1538461538461538,0.12,1.0,0.2142857142857142,0.0,0.1818181818181818,
resultados/petrobras-5-mini-com-ontologia-embeddingfirst/batch_eaf69800-ceb2-448a-b8a7-c0f2507b03f7-completo.csv,rag,1634,Que mecanismo predomina nos flancos das dobras?,mecanismos de deslizamento flexural,,Predomina o deslizamento flexural (flexural slip).,1.0,"The score is 1.00 because the response is fully relevant to the question about the mechanism that predominates on the flanks of folds, with no irrelevant statements. Great job keeping the answer focused and directly on topic.",,Skipped: empty context.,,Skipped: empty context.,,Skipped: empty context.,1.0,"The actual output matches the expected meaning for the input about what mechanism predominates on the flanks of folds: it states ""Predomina o deslizamento flexural (flexural slip)"", which aligns with the expected ""mecanismos de deslizamento flexural"". There is no factual contradiction, and the differences are only stylistic (singular phrasing and added English gloss), which should not be penalized under the evaluation steps.",1.0,"The actual output fully captures the essential expected content for the input 'Que mecanismo predomina nos flancos das dobras?'. It identifies the correct mechanism, 'deslizamento flexural', which matches the expected output 'mecanismos de deslizamento flexural'. The added parenthetical English term 'flexural slip' does not change the meaning, and the concise wording still covers the key fact without omitting any important element.",1.0,"The response aligns very well with the expected geological interpretation for flancos das dobras, correctly identifying ""deslizamento flexural (flexural slip)"" as the predominant mechanism. It uses appropriate structural geology terminology, preserves the core concept in the expected output (""mecanismos de deslizamento flexural""), and adds a valid English equivalent without introducing any incorrect lithologic, stratigraphic, facies, or reservoir-related concepts.",1.0,"The actual output is semantically aligned with the expected output: both identify deslizamento flexural as the predominant mechanism nos flancos das dobras. It preserves the correct geological concept and role, with no inversion or domain misuse. Although phrased as a complete sentence and adding the English term ""flexural slip"", it remains concise and fully consistent with the expected geological meaning.",0.3333333333333333,0.5,0.4,0.2,0.3333333333333333,0.25,0.3333333333333333,0.5,0.4,0.0,0.4,
resultados/petrobras-5-mini-com-ontologia-embeddingfirst/batch_eaf69800-ceb2-448a-b8a7-c0f2507b03f7-completo.csv,graphrag,1634,Que mecanismo predomina nos flancos das dobras?,mecanismos de deslizamento flexural,,Nos flancos das dobras predomina o deslizamento flexural (flexural slip).,1.0,"The score is 1.00 because the answer is fully focused on the question about the mechanism that predominates on the flanks of folds, with no irrelevant statements. Great job staying precise and directly on topic.",,Skipped: empty context.,,Skipped: empty context.,,Skipped: empty context.,1.0,"The actual output matches the expected meaning for the input 'Que mecanismo predomina nos flancos das dobras?' by stating that nos flancos das dobras predomina o 'deslizamento flexural'. It preserves the key technical content from the expected output, 'mecanismos de deslizamento flexural', with only harmless wording differences and an added English gloss '(flexural slip)'. There are no factual contradictions or mistakes relative to the expected answer.",1.0,"The actual output fully matches the expected content by identifying that the mechanism predominant nos flancos das dobras is ""deslizamento flexural"". It preserves the essential relation asked in the input and even adds the English term ""flexural slip"" without changing the meaning. No important information from the expected output is omitted.",1.0,"The response aligns very well with the expected geological interpretation for the input about fold flanks, correctly identifying ""deslizamento flexural (flexural slip)"" as the predominant mechanism. It uses appropriate structural geology terminology, matches the expected output's concept of ""mecanismos de deslizamento flexural,"" and adds only a harmless singular phrasing difference rather than introducing any incorrect lithologic, stratigraphic, facies, or reservoir concepts.",1.0,"The actual output is semantically aligned with the expected output: it identifies that nos flancos das dobras predomina o deslizamento flexural, which matches the expected 'mecanismos de deslizamento flexural'. It preserves the correct geological concept, entity, and relation for the question, with no concept confusion, inverted meaning, or domain misuse. Although concise, it fully captures the intended geological semantics.",0.2,0.5,0.2857142857142857,0.1111111111111111,0.3333333333333333,0.1666666666666666,0.2,0.5,0.2857142857142857,0.0,0.2857142857142857,
resultados/petrobras-5-mini-com-ontologia-embeddingfirst/batch_eaf69800-ceb2-448a-b8a7-c0f2507b03f7-completo.csv,rag,1637,O que ocorreu em conseqüência da anisotropia mecânica entre camadas?,O processo de dobramento por deslizamento flexural,,"Originou-se o dobramento por deslizamento flexural, com a deformação concentrando-se em níveis de folhelhos e siltitos intercalados a arenitos.",1.0,"The score is 1.00 because the answer stayed fully focused on what occurred as a consequence of the mechanical anisotropy between layers, with no irrelevant statements. Clear and directly relevant work.",,Skipped: empty context.,,Skipped: empty context.,,Skipped: empty context.,1.0,"The actual output matches the expected meaning closely: it identifies that the consequence of anisotropia mecânica entre camadas was ""dobramento por deslizamento flexural,"" which is exactly the expected process. The added detail about deformation concentrating in ""folhelhos e siltitos intercalados a arenitos"" is not contradictory and should not be penalized because it preserves the correct answer for the given input.",1.0,"The expected output’s essential element is the relation that the consequence of anisotropia mecânica entre camadas was ""o processo de dobramento por deslizamento flexural."" The actual output clearly includes this core fact with ""Originou-se o dobramento por deslizamento flexural"" and remains aligned with the input question. The added detail about deformação em folhelhos, siltitos e arenitos is extra but does not conflict with the expected answer, so all essential content is covered.",1.0,"The response is strongly aligned with the expected geological interpretation: it correctly identifies “dobramento por deslizamento flexural” as the consequence of mechanical anisotropy between layers. It uses appropriate geological terminology and adds coherent domain detail about deformation concentrating in “folhelhos e siltitos intercalados a arenitos,” which is consistent with anisotropy-controlled flexural slip folding rather than a misuse of stratigraphic or reservoir concepts. Compared with the expected output, it is more specific but semantically equivalent and geologically precise.",1.0,"The actual output is semantically aligned with the expected output because it correctly identifies that the consequence of anisotropia mecânica entre camadas was o processo de ""dobramento por deslizamento flexural"". It preserves the core geological concept, entity, and relation asked by the input, and the added detail about deformation concentrating in ""folhelhos e siltitos intercalados a arenitos"" is consistent with that mechanism rather than introducing confusion or reversing roles.",0.2608695652173913,0.8571428571428571,0.4,0.1363636363636363,0.5,0.2142857142857142,0.217391304347826,0.7142857142857143,0.3333333333333333,0.0,0.4615384615384615,
resultados/petrobras-5-mini-com-ontologia-embeddingfirst/batch_eaf69800-ceb2-448a-b8a7-c0f2507b03f7-completo.csv,graphrag,1637,O que ocorreu em conseqüência da anisotropia mecânica entre camadas?,O processo de dobramento por deslizamento flexural,,"Provocou o dobramento por deslizamento flexural, com a deformação concentrando-se em níveis de folhelhos e siltitos intercalados com arenitos.",1.0,"The score is 1.00 because the response stayed fully focused on what occurred em conseqüência da anisotropia mecânica entre camadas, with no irrelevant statements. Great job keeping it directly relevant and on-topic.",,Skipped: empty context.,,Skipped: empty context.,,Skipped: empty context.,1.0,"The actual output matches the expected meaning: it identifies that the consequence of mechanical anisotropy between layers was ""dobramento por deslizamento flexural,"" which is exactly the expected output. The added detail about deformation concentrating in folhelhos, siltitos, and arenitos is consistent with the input and does not introduce any factual contradiction, so wording expansion should not be penalized.",1.0,"The actual output correctly identifies the essential expected relation: that the consequence of the anisotropia mecânica entre camadas was o ""dobramento por deslizamento flexural"". It also adds compatible detail about deformation in ""folhelhos e siltitos intercalados com arenitos,"" which does not conflict with the expected output. Since the key process named in the expected output is fully covered, the alignment is very strong.",1.0,"The actual output matches the expected interpretation by identifying 'dobramento por deslizamento flexural' as the consequence of mechanical anisotropy between layers. It uses appropriate geological terminology such as 'deformação', 'folhelhos', 'siltitos', and 'arenitos', and adds a coherent domain-specific detail about strain concentrating in weaker interbedded levels. There is no misuse of lithologic, structural, or stratigraphic concepts.",1.0,"The actual output is semantically aligned with the expected output because it identifies the same geological process, ""dobramento por deslizamento flexural"", as the consequence of anisotropia mecânica entre camadas. It also adds compatible domain details about deformation concentrating in folhelhos, siltitos, and arenitos without changing the core relation or introducing concept confusion, inverted roles, or misuse of geological meaning.",0.2727272727272727,0.8571428571428571,0.4137931034482758,0.1428571428571428,0.5,0.2222222222222222,0.2272727272727272,0.7142857142857143,0.3448275862068965,0.0,0.4615384615384615,
resultados/petrobras-5-mini-com-ontologia-embeddingfirst/batch_eaf69800-ceb2-448a-b8a7-c0f2507b03f7-completo.csv,rag,1638,Onde se concentra a deformação?,"níveis de folhelhos e siltitos, intercalados a arenitos",,A deformação concentra‑se nos níveis de folhelhos e siltitos intercalados com arenitos.,1.0,"The score is 1.00 because the response is fully relevant to the question ""Onde se concentra a deformação?"" and there are no irrelevant statements. It stays at the maximum score for being directly focused and on-topic—great job.",,Skipped: empty context.,,Skipped: empty context.,,Skipped: empty context.,1.0,The actual output matches the expected meaning closely: both state that the deformação se concentra em níveis de folhelhos e siltitos intercalados com/a arenitos. There are no factual contradictions or mistakes relative to the expected output. The only differences are harmless stylistic wording and sentence framing.,1.0,The actual output captures all essential elements from the expected output: it identifies that the deformação se concentra nos níveis de folhelhos e siltitos and includes the relation that they are intercalados com arenitos. The wording is slightly more complete than the expected phrase but remains fully aligned with the input question.,1.0,"The actual output matches the expected geological interpretation closely: it identifies the deformation as concentrated in ""níveis de folhelhos e siltitos"" with intercalated ""arenitos,"" which is exactly the target relation in the test case. It uses appropriate lithological and structural terminology (deformação, folhelhos, siltitos, arenitos) with correct domain semantics, adds only a harmless syntactic framing (""A deformação concentra-se""), and shows no misuse of stratigraphic, facies, or reservoir concepts.",1.0,"The actual output is semantically aligned with the expected answer: it states that deformation concentrates in the ""níveis de folhelhos e siltitos"" and preserves the relation that these are intercalated with arenitos. It adds only a natural sentence frame (""A deformação concentra-se..."") without changing the geological meaning, entities, or roles, and there is no concept confusion or inverted relation.",0.6,1.0,0.7499999999999999,0.4285714285714285,0.75,0.5454545454545454,0.5333333333333333,0.8888888888888888,0.6666666666666667,0.0,0.8,
resultados/petrobras-5-mini-com-ontologia-embeddingfirst/batch_eaf69800-ceb2-448a-b8a7-c0f2507b03f7-completo.csv,graphrag,1638,Onde se concentra a deformação?,"níveis de folhelhos e siltitos, intercalados a arenitos",,A deformação concentrou-se nos níveis de folhelhos e siltitos (intercalados com arenitos).,1.0,"The score is 1.00 because the response is fully focused on answering ""Onde se concentra a deformação?"" and contains no irrelevant statements. Great job keeping it directly on topic.",,Skipped: empty context.,,Skipped: empty context.,,Skipped: empty context.,1.0,"The actual output matches the expected content closely: it identifies that the deformação se concentra nos níveis de folhelhos e siltitos, with arenitos as intercalated layers, which is exactly the key information required by the test case. There are no factual contradictions or mistakes; the differences are only harmless wording and sentence structure.",1.0,"The actual output fully captures the essential elements from the expected output for the question 'Onde se concentra a deformação?': it identifies 'níveis de folhelhos e siltitos' and correctly includes the relation 'intercalados com arenitos', which matches the expected 'intercalados a arenitos'. The wording is slightly expanded but remains accurate and complete, with no important omissions.",1.0,"The actual output aligns very well with the expected geological answer for the input ""Onde se concentra a deformação?"" It correctly identifies the deformation as concentrated in ""níveis de folhelhos e siltitos"" and preserves the relation with ""arenitos"" as intercalated units. The terminology is domain-appropriate and semantically coherent, using valid lithologic terms without introducing incorrect facies, stratigraphic, or reservoir concepts. The only difference is minor paraphrasing (""intercalados com arenitos"" vs. ""intercalados a arenitos""), which does not change the geological meaning.",1.0,"The actual output is semantically aligned with the expected geological answer: it identifies that the deformation is concentrated in the ""níveis de folhelhos e siltitos"" and preserves the relation that these are intercalated with arenitos. The added phrasing ""A deformação concentrou-se"" is appropriate to the question and does not alter the domain meaning. There is no concept confusion, inversion, or misuse of geological entities.",0.6,1.0,0.7499999999999999,0.4285714285714285,0.75,0.5454545454545454,0.5333333333333333,0.8888888888888888,0.6666666666666667,0.0,0.8,
resultados/petrobras-5-mini-com-ontologia-embeddingfirst/batch_eaf69800-ceb2-448a-b8a7-c0f2507b03f7-completo.csv,rag,1641,O que revela que a deformação atingiu o ponto de ruptura?,a nucleação de falhas reversas,,A nucleação de falhas reversas na região da charneira.,1.0,"The score is 1.00 because the answer is fully relevant to the question ""O que revela que a deformação atingiu o ponto de ruptura?"" and contains no irrelevant statements. It stays focused on the asked concept, so this is an excellent result.",,Skipped: empty context.,,Skipped: empty context.,,Skipped: empty context.,1.0,"The actual output matches the expected output in meaning: it includes ""A nucleação de falhas reversas"", which is exactly the key indicator asked by the input question ""O que revela que a deformação atingiu o ponto de ruptura?"" The added detail ""na região da charneira"" is a harmless specificity, not a contradiction or factual mistake relative to the expected output.",1.0,"The actual output includes the essential expected element, ""a nucleação de falhas reversas"", which directly answers what reveals that the deformation reached the rupture point. The added detail ""na região da charneira"" does not contradict the expected output and should not be penalized under the conciseness rule, since all core content is present.",1.0,"The actual output is strongly aligned with the expected geological interpretation: it correctly identifies ""a nucleação de falhas reversas"" as the indicator that the deformação atingiu o ponto de ruptura. It uses appropriate structural geology terminology (falhas reversas, charneira) and remains semantically coherent. The added detail ""na região da charneira"" is domain-appropriate and does not contradict the expected output, though it is more specific than required.",1.0,"The actual output is semantically aligned with the expected output: both identify ""a nucleação de falhas reversas"" as what reveals that the deformação reached the rupture point. The added detail ""na região da charneira"" does not change the core geological concept, entities, or relation, and there is no concept confusion, inversion, or misuse of domain-specific meaning.",0.5454545454545454,1.0,0.7058823529411764,0.5,1.0,0.6666666666666666,0.5454545454545454,1.0,0.7058823529411764,0.0,0.7142857142857143,
resultados/petrobras-5-mini-com-ontologia-embeddingfirst/batch_eaf69800-ceb2-448a-b8a7-c0f2507b03f7-completo.csv,graphrag,1641,O que revela que a deformação atingiu o ponto de ruptura?,a nucleação de falhas reversas,,"A nucleação (ou presença) de falhas reversas, especialmente próximas à charneira, indica que a deformação atingiu o ponto de ruptura.",1.0,"The score is 1.00 because the response stayed fully focused on explaining what indicates that the deformation reached the breaking point, with no irrelevant statements. Great job keeping it directly on topic and complete.",,Skipped: empty context.,,Skipped: empty context.,,Skipped: empty context.,1.0,"The actual output matches the expected meaning: it identifies 'a nucleação de falhas reversas' as the sign that the deformação atingiu o ponto de ruptura. The added details 'ou presença' and 'especialmente próximas à charneira' do not contradict the expected output and are harmless elaborations, so there is strong alignment with the test case.",1.0,"The expected output requires identifying 'a nucleação de falhas reversas' as the indicator that the deformação reached rupture. The actual output fully includes this essential element, stating 'A nucleação (ou presença) de falhas reversas', and the added detail 'especialmente próximas à charneira' does not conflict with the expected relation. It covers the key fact from the input completely and accurately.",0.9,"The response aligns very well with the expected geological interpretation: it correctly identifies a nucleação/presença de falhas reversas as evidence that the deformação atingiu o ponto de ruptura. It uses appropriate structural geology terminology such as ""falhas reversas"" and ""charneira,"" adding a coherent domain-specific detail without contradicting the expected output. There is no misuse of lithologic, stratigraphic, facies, or reservoir concepts; the only minor issue is that ""presença"" and the location qualifier go slightly beyond the expected concise answer.",1.0,"The actual output is semantically aligned with the expected output: it correctly identifies ""a nucleação (ou presença) de falhas reversas"" as the indicator that deformation reached the rupture point. It preserves the key geological concept and relation from the test case, with only a minor added detail (""especialmente próximas à charneira"") that does not change the meaning or introduce domain confusion.",0.2608695652173913,1.0,0.4137931034482758,0.1818181818181818,0.8,0.2962962962962963,0.2608695652173913,1.0,0.4137931034482758,0.0,0.4,
resultados/petrobras-5-mini-com-ontologia-embeddingfirst/batch_eaf69800-ceb2-448a-b8a7-c0f2507b03f7-completo.csv,rag,1642,O que indica a relação angular entre os indicadores cinemáticos nas superfícies de deslizamento e os eixos das dobras F1?,a atuação de uma componente de rotação horária,,"Indica que houve uma componente de rotação horária associada ao deslizamento flexural — ou, alternativamente, que essa rotação ocorreu após a nucleação das dobras F1.",1.0,"The score is 1.00 because the response stays fully focused on what the input asks about—the meaning of the angular relationship between os indicadores cinemáticos nas superfícies de deslizamento e os eixos das dobras F1—with no irrelevant statements. It directly addresses the topic, so this is an excellent and fully relevant answer.",,Skipped: empty context.,,Skipped: empty context.,,Skipped: empty context.,0.8,"The actual output matches the expected meaning for the input about the relação angular entre indicadores cinemáticos e eixos das dobras F1 by correctly stating the atuação de uma componente de rotação horária. It adds extra context about deslizamento flexural and the possibility that the rotation occurred after the nucleação das dobras F1, which is not supported by the expected output, so there is some unsupported elaboration but no direct contradiction.",1.0,"The actual output captures the essential expected fact: it states there was a ""componente de rotação horária,"" which directly matches the expected output. It also ties this to the angular relation between kinematic indicators on slip surfaces and the F1 fold axes, adding plausible context about deslizamento flexural and timing relative to nucleação das dobras F1. Although it is more detailed than expected, it does not omit any key element from the test case.",0.9,"The response aligns closely with the expected geological interpretation by correctly identifying a ""componente de rotação horária"" from the angular relation between kinematic indicators on slip surfaces and F1 fold axes. It uses appropriate structural geology terms such as ""deslizamento flexural"", ""dobras F1"", and ""nucleação"" coherently. A small penalty is warranted because it adds an alternative timing interpretation (rotation after F1 nucleation) that is not present in the expected output, making it slightly less exact.",1.0,"The actual output is semantically aligned with the expected output: it explicitly states ""uma componente de rotação horária,"" which matches the core geological meaning asked by the input about the angular relation between kinematic indicators and F1 fold axes. It preserves the correct entities and relation (indicadores cinemáticos, superfícies de deslizamento, eixos das dobras F1, rotação horária) without inverting roles or confusing concepts. The added nuance about association with deslizamento flexural or timing after F1 nucleation goes beyond the expected output, but does not contradict it.",0.3103448275862069,0.8181818181818182,0.45,0.2142857142857142,0.6,0.3157894736842105,0.2413793103448276,0.6363636363636364,0.35,0.0,0.375,
resultados/petrobras-5-mini-com-ontologia-embeddingfirst/batch_eaf69800-ceb2-448a-b8a7-c0f2507b03f7-completo.csv,graphrag,1642,O que indica a relação angular entre os indicadores cinemáticos nas superfícies de deslizamento e os eixos das dobras F1?,a atuação de uma componente de rotação horária,,"Indica a atuação de uma componente de rotação horária durante o deslizamento flexural — ou, alternativamente, que essa rotação ocorreu após a nucleação das dobras F1.",1.0,"The score is 1.00 because the response stayed fully focused on what the angular relationship between the kinematic indicators on the slip surfaces and the F1 fold axes indicates, with no irrelevant statements. Great relevance and alignment with the question.",,Skipped: empty context.,,Skipped: empty context.,,Skipped: empty context.,0.7,"The actual output matches the expected meaning by stating ""a atuação de uma componente de rotação horária"" for the relação angular entre indicadores cinemáticos e eixos das dobras F1. However, it adds an unsupported alternative claim — ""ou, alternativamente, que essa rotação ocorreu após a nucleação das dobras F1"" — which is not present in the expected output and introduces extra factual content. The core answer is correct, but the added alternative prevents full alignment.",0.9,"The actual output includes the core expected fact from the test case: it states ""a atuação de uma componente de rotação horária"" in relation to the angular relationship asked in the input. This covers the essential entity and relation from the expected output. However, it adds an unsupported alternative explanation (that the rotation may have occurred after the nucleation of the folds F1), which goes beyond the expected answer, so alignment is strong but not perfect.",1.0,"The actual output uses appropriate structural geology terminology, including ""indicadores cinemáticos"", ""superfícies de deslizamento flexural"", ""rotação horária"", and ""dobras F1"". It matches the expected interpretation by clearly stating ""a atuação de uma componente de rotação horária"" in response to the angular relation asked in the input. The added alternative about rotation occurring after the nucleation of the F1 folds remains geologically coherent and does not misuse stratigraphic, lithologic, facies, or reservoir concepts.",0.9,"The actual output preserves the core geological meaning expected for the input: it correctly identifies that the relação angular indicates ""a atuação de uma componente de rotação horária,"" matching the expected concept and semantic relation. It stays aligned with the relevant entities (indicadores cinemáticos, superfícies de deslizamento, eixos das dobras F1) and does not invert roles or misuse domain terms. A small limitation is the added alternative explanation about the rotação occurring after the nucleação das dobras F1, which goes beyond the expected output and introduces extra speculation not required by the test case.",0.3548387096774194,1.0,0.5238095238095238,0.3333333333333333,1.0,0.5,0.3548387096774194,1.0,0.5238095238095238,0.0,0.4848484848484848,
resultados/petrobras-5-mini-com-ontologia-embeddingfirst/batch_eaf69800-ceb2-448a-b8a7-c0f2507b03f7-completo.csv,rag,1643,O que a relação angular entre os indicadores cinemáticos nas superfícies de deslizamento e os eixos das dobras indica?,uma componente de rotação horária,,"Indica a atuação de uma componente de rotação horária durante o deslizamento flexural — ou, alternativamente, que essa rotação ocorreu após a nucleação das dobras F1.",1.0,"The score is 1.00 because the answer stays fully focused on what the angular relationship indicates, with no irrelevant statements. It directly addresses the input clearly and completely—great job.",,Skipped: empty context.,,Skipped: empty context.,,Skipped: empty context.,1.0,"The actual output matches the expected meaning exactly: it states that the angular relationship indicates ""uma componente de rotação horária,"" which is the key expected result for the given input about indicadores cinemáticos and eixos das dobras. The added detail about occurring during deslizamento flexural or after the nucleation of F1 folds does not contradict the expected output, so it should not be penalized.",1.0,"The actual output includes the essential expected fact, namely ""uma componente de rotação horária,"" which directly answers what the angular relation indicates. It also adds contextual detail about deslizamento flexural and a possible timing relative to the dobras F1, but these do not contradict the expected output. Since all key content is covered, concise added explanation should not be penalized.",1.0,"The actual output matches the expected geological interpretation by identifying 'uma componente de rotação horária' and uses appropriate structural geology terminology such as 'indicadores cinemáticos', 'superfícies de deslizamento', and 'dobras F1'. It remains semantically coherent and domain-appropriate; the added alternative about timing relative to fold nucleation is plausible and does not misuse geological concepts or relations.",1.0,"The actual output is semantically aligned with the expected output because it directly identifies ""uma componente de rotação horária"" as what the angular relation indicates. It also preserves the relevant geological context from the input by tying this to ""indicadores cinemáticos nas superfícies de deslizamento"" and ""eixos das dobras"". Although it adds extra detail about deslizamento flexural and a possible timing relative to dobras F1, this does not invert or confuse the core geological relation.",0.2258064516129032,1.0,0.3684210526315789,0.2,1.0,0.3333333333333333,0.2258064516129032,1.0,0.3684210526315789,0.0,0.3333333333333333,
resultados/petrobras-5-mini-com-ontologia-embeddingfirst/batch_eaf69800-ceb2-448a-b8a7-c0f2507b03f7-completo.csv,graphrag,1643,O que a relação angular entre os indicadores cinemáticos nas superfícies de deslizamento e os eixos das dobras indica?,uma componente de rotação horária,,"Que houve uma componente de rotação horária associada ao deslizamento flexural — ou, alternativamente, que essa rotação ocorreu após a nucleação das dobras F1.",1.0,"The score is 1.00 because the answer appears fully focused on what the input asks about, with no irrelevant statements listed. It directly addresses the relation between angular indicators on superfícies de deslizamento and os eixos das dobras, so this is a strong and fully relevant response.",,Skipped: empty context.,,Skipped: empty context.,,Skipped: empty context.,1.0,"The actual output matches the expected meaning exactly: it states ""uma componente de rotação horária"" and adds contextual detail about deslizamento flexural and timing relative to the dobras F1. There is no factual contradiction with the expected output, and the extra wording is a harmless elaboration rather than a mistake.",1.0,"The actual output fully includes the essential expected element, namely ""uma componente de rotação horária"". It also stays aligned with the input about the relação angular entre indicadores cinemáticos e eixos das dobras, adding context about deslizamento flexural and a possible timing relative to the dobras F1 without contradicting the expected answer. Since all key content is covered, the extra detail should not be penalized.",1.0,"The response uses appropriate structural geology terminology, including ""indicadores cinemáticos"", ""superfícies de deslizamento"", ""deslizamento flexural"", and ""dobras F1"", matching the input context about angular relations and fold axes. It correctly captures the core expected interpretation, ""uma componente de rotação horária"", and adds a plausible domain-consistent alternative without introducing misuse of lithologic, stratigraphic, or reservoir concepts. The geological relations and interpretation remain semantically coherent and strongly aligned with the expected output.",0.9,"The actual output is semantically aligned with the expected geological meaning: it correctly identifies ""uma componente de rotação horária,"" which is the core expected concept. It also keeps the relevant domain context by relating this to deslizamento flexural and dobras F1. However, it adds an alternative interpretation (that the rotation may have occurred after the nucleation of the folds) that is not present in the expected output, so it is slightly less precise than the target answer.",0.25,1.0,0.4,0.2222222222222222,1.0,0.3636363636363636,0.25,1.0,0.4,0.0,0.3571428571428571,
resultados/petrobras-5-mini-com-ontologia-embeddingfirst/batch_eaf69800-ceb2-448a-b8a7-c0f2507b03f7-completo.csv,rag,1646,O que foi conseqüência da anisotropia mecânica entre camadas?,O processo de dobramento por deslizamento flexural,,"O dobramento por deslizamento flexural, com a deformação concentrada em níveis de folhelhos e siltitos intercalados com arenitos.",1.0,"The score is 1.00 because the response stayed fully focused on what was asked about ""a conseqüência da anisotropia mecânica entre camadas"", with no irrelevant statements. Great job keeping it directly relevant and on-topic.",,Skipped: empty context.,,Skipped: empty context.,,Skipped: empty context.,1.0,"The actual output matches the expected core idea: it identifies ""dobramento por deslizamento flexural"" as the consequence of the anisotropia mecânica entre camadas. The added detail about deformation concentrated in ""folhelhos e siltitos intercalados com arenitos"" is not a contradiction and is a harmless elaboration beyond the expected output. There are no factual conflicts relative to the expected answer.",1.0,"The actual output correctly identifies the essential expected relation for the input question: the consequence of anisotropia mecânica entre camadas was ""dobramento por deslizamento flexural."" It fully covers the core process named in the expected output and only adds compatible detail about deformation in folhelhos, siltitos, and arenitos, which should not be penalized.",1.0,"The actual output matches the expected geological interpretation by identifying 'dobramento por deslizamento flexural' as the consequence of mechanical anisotropy between layers. It uses appropriate domain terminology such as 'deformação', 'folhelhos', 'siltitos' and 'arenitos', and the added detail about deformation concentrated in weaker interbedded levels is semantically coherent and consistent with flexural-slip folding. There is no misuse of lithologic, stratigraphic, or structural geology concepts.",1.0,"The actual output matches the expected geological concept exactly: it identifies ""dobramento por deslizamento flexural"" as the consequence of mechanical anisotropy between layers. The added detail about deformation concentrated in folhelhos, siltitos, and arenitos remains geologically consistent and does not invert roles or introduce concept confusion. It preserves the intended semantics while being slightly more specific than the expected output.",0.3,0.8571428571428571,0.4444444444444444,0.1578947368421052,0.5,0.2399999999999999,0.25,0.7142857142857143,0.3703703703703703,0.0,0.48,
resultados/petrobras-5-mini-com-ontologia-embeddingfirst/batch_eaf69800-ceb2-448a-b8a7-c0f2507b03f7-completo.csv,graphrag,1646,O que foi conseqüência da anisotropia mecânica entre camadas?,O processo de dobramento por deslizamento flexural,,O dobramento por deslizamento flexural — com a deformação concentrada em níveis de folhelhos e siltitos intercalados a arenitos.,1.0,"The score is 1.00 because the response stayed fully focused on what was asked about the consequência da anisotropia mecânica entre camadas, with no irrelevant statements. Great job keeping it directly relevant and on target.",,Skipped: empty context.,,Skipped: empty context.,,Skipped: empty context.,1.0,"The actual output matches the expected meaning for the input about the consequência da anisotropia mecânica entre camadas: it correctly identifies ""dobramento por deslizamento flexural"". The added detail about deformation concentrated in folhelhos, siltitos, and arenitos is not a contradiction and is a harmless elaboration under the evaluation steps. There are no factual mistakes relative to the expected output.",1.0,"The actual output correctly identifies the essential expected relation: that the consequence of anisotropia mecânica entre camadas was o processo de dobramento por deslizamento flexural. It fully covers the key element from the expected output and adds compatible detail about deformation in folhelhos, siltitos, and arenitos without contradicting or omitting anything important.",1.0,"The actual output matches the expected geological interpretation by identifying 'dobramento por deslizamento flexural' as the consequence of mechanical anisotropy between layers. It uses domain-appropriate terminology correctly and adds a coherent detail about deformation being concentrated in folhelhos, siltitos, and arenitos, which is consistent with flexural slip folding rather than a misuse of lithologic or stratigraphic concepts.",1.0,"The actual output is semantically well aligned with the expected output: it identifies ""dobramento por deslizamento flexural"" as the consequence of anisotropia mecânica entre camadas, preserving the core geological concept and relation asked in the input. The added detail about deformation concentrated in ""folhelhos e siltitos intercalados a arenitos"" is consistent with the domain context and does not invert roles or introduce concept confusion. It is slightly more specific than expected, but remains geologically accurate and aligned.",0.3,0.8571428571428571,0.4444444444444444,0.1578947368421052,0.5,0.2399999999999999,0.25,0.7142857142857143,0.3703703703703703,0.0,0.48,
resultados/petrobras-5-mini-com-ontologia-embeddingfirst/batch_eaf69800-ceb2-448a-b8a7-c0f2507b03f7-completo.csv,rag,1654,Em que região de dobras predomina o mecanismo de flambagem?,região de charneira,,Na região de charneira (zona de charneira) das dobras.,1.0,"The score is 1.00 because the answer is fully relevant to the question, directly addressing em que região de dobras predomina o mecanismo de flambagem, without adding irrelevant information. Great job keeping the response focused and precise.",,Skipped: empty context.,,Skipped: empty context.,,Skipped: empty context.,1.0,"The actual output matches the expected meaning exactly for the input asking where the folding mechanism of flambagem predominates. It correctly identifies the 'região de charneira', adding only a harmless stylistic clarification '(zona de charneira)'. There are no factual contradictions or mistakes relative to the expected output.",1.0,"The expected output is simply ""região de charneira"", and the actual output directly identifies this as ""Na região de charneira (zona de charneira) das dobras."" It fully preserves the essential fact about where the mecanismo de flambagem predomina, with only added but consistent wording, so there are no important omissions.",1.0,"The response correctly uses geological terminology, identifying the mecanismo de flambagem as predominating in the região de charneira, which matches the expected output ""região de charneira"". It is semantically coherent, domain-appropriate, and adds only an acceptable synonym (""zona de charneira"") without introducing incorrect geological entities or relations.",1.0,"The actual output is semantically identical to the expected output: it identifies the mechanism of flambagem as predominating in the região de charneira, matching the expected geological entity and relation. The added phrasing 'Na' and the synonym 'zona de charneira' do not change the meaning, and there is no concept confusion, role inversion, or misuse of geological terminology.",0.4,1.0,0.5714285714285715,0.3333333333333333,1.0,0.5,0.4,1.0,0.5714285714285715,0.0,0.5,
resultados/petrobras-5-mini-com-ontologia-embeddingfirst/batch_eaf69800-ceb2-448a-b8a7-c0f2507b03f7-completo.csv,graphrag,1654,Em que região de dobras predomina o mecanismo de flambagem?,região de charneira,,Na região de charneira — a zona central das dobras.,1.0,"The score is 1.00 because the response is fully relevant to the question, directly addressing em que região de dobras predomina o mecanismo de flambagem, with no irrelevant statements. Great job staying precise and on topic.",,Skipped: empty context.,,Skipped: empty context.,,Skipped: empty context.,1.0,"The actual output matches the expected output in meaning for the input 'Em que região de dobras predomina o mecanismo de flambagem?'. It correctly identifies 'região de charneira' and only adds a harmless clarification ('a zona central das dobras'), with no factual contradiction or mistake relative to the expected output.",1.0,"The expected output identifies the essential element as ""região de charneira"". The actual output includes this exact region and correctly relates it to the folds, adding only a concise clarification (""a zona central das dobras"") that does not change the meaning. It covers all important content from the test case with no omissions.",1.0,"The response correctly identifies the geological fold region where the mecanismo de flambagem predominates as the região de charneira, matching the expected output. It uses appropriate geological terminology for structural geology ('charneira', 'dobras', 'zona central') and adds a semantically coherent clarification without introducing incorrect entities, relations, or misuse of stratigraphic or reservoir concepts.",1.0,The actual output is semantically aligned with the expected output: it correctly identifies a região de charneira as the fold region where flambagem predominates. It preserves the intended geological concept and entity without introducing wrong relations or domain confusion. The added phrase “a zona central das dobras” is explanatory but remains consistent with the expected meaning.,0.4,1.0,0.5714285714285715,0.3333333333333333,1.0,0.5,0.4,1.0,0.5714285714285715,0.0,0.5,
resultados/petrobras-5-mini-com-ontologia-embeddingfirst/batch_eaf69800-ceb2-448a-b8a7-c0f2507b03f7-completo.csv,rag,1659,Qual foi o mecanismo predominante nos flancos das dobras?,mecanismos de deslizamento flexural,,Nos flancos das dobras predominou o deslizamento flexural.,1.0,"The score is 1.00 because the answer stayed fully focused on identifying o mecanismo predominante nos flancos das dobras, with no irrelevant statements. Great job keeping the response precise and directly aligned with the question.",,Skipped: empty context.,,Skipped: empty context.,,Skipped: empty context.,1.0,"The actual output matches the expected meaning exactly: it identifies the predominant mechanism in the flancos das dobras as ""deslizamento flexural,"" which corresponds directly to the expected ""mecanismos de deslizamento flexural."" The difference is only stylistic and grammatical, with no factual contradiction or mistake.",1.0,"The actual output fully captures the essential expected content: it identifies the predominant mechanism in the flanks of the folds as ""deslizamento flexural,"" which matches the expected output ""mecanismos de deslizamento flexural."" It correctly addresses the input question about ""nos flancos das dobras"" and adds only harmless grammatical context without omitting any important information.",1.0,"The actual output uses correct geological terminology and directly matches the expected interpretation: it identifies the predominant mechanism on the flanks of folds as ""deslizamento flexural,"" which is the same concept as the expected ""mecanismos de deslizamento flexural."" It is domain-appropriate, semantically coherent, and contains no misuse of structural geology terms or relations for the given input.",1.0,"The actual output is semantically aligned with the expected output: it identifies ""deslizamento flexural"" as the predominant mechanism ""nos flancos das dobras,"" matching the geological concept and relation asked in the input. It preserves the intended meaning despite being a full sentence rather than the concise noun phrase ""mecanismos de deslizamento flexural,"" with no concept confusion, role inversion, or domain misuse.",0.25,0.5,0.3333333333333333,0.1428571428571428,0.3333333333333333,0.2,0.25,0.5,0.3333333333333333,0.0,0.3333333333333333,
resultados/petrobras-5-mini-com-ontologia-embeddingfirst/batch_eaf69800-ceb2-448a-b8a7-c0f2507b03f7-completo.csv,graphrag,1659,Qual foi o mecanismo predominante nos flancos das dobras?,mecanismos de deslizamento flexural,,Predominou o deslizamento flexural (flexural slip) nos flancos das dobras.,1.0,"The score is 1.00 because the answer appears fully focused on identifying o mecanismo predominante nos flancos das dobras, with no irrelevant content. Great job keeping the response directly aligned with the question.",,Skipped: empty context.,,Skipped: empty context.,,Skipped: empty context.,1.0,"The actual output matches the expected meaning for the input asking about the predominant mechanism in the flanks of folds: it identifies ""deslizamento flexural"" as the mechanism, which aligns directly with the expected ""mecanismos de deslizamento flexural"". There are no factual contradictions; the only differences are harmless wording and added context (""Predominou... nos flancos das dobras"" and the English gloss ""flexural slip"").",1.0,"The actual output fully captures the essential expected content: it identifies the predominant mechanism in the flanks of the folds as ""deslizamento flexural,"" which matches the expected ""mecanismos de deslizamento flexural."" It also correctly ties the mechanism to ""nos flancos das dobras,"" directly addressing the input question. The added parenthetical English term does not change the meaning and should not be penalized.",1.0,"The response aligns very well with the expected geological interpretation for the input about the predominant mechanism on fold flanks. It uses correct domain terminology—""deslizamento flexural (flexural slip)""—which matches the expected ""mecanismos de deslizamento flexural"" and is semantically appropriate for flancos das dobras. The relation between the structure (dobras/flancos) and the deformation mechanism is accurate, with no misuse of lithologic, stratigraphic, facies, or reservoir concepts. The only minor difference is that the actual output is phrased as a complete sentence and singular mechanism statement rather than the expected nominal plural form.",1.0,"The actual output is semantically aligned with the expected output: it identifies ""deslizamento flexural"" as the predominant mechanism nos flancos das dobras, matching the expected geological concept ""mecanismos de deslizamento flexural"". It preserves the correct entity, relation, and domain meaning for the input question, with only minor added wording (""Predominou"" and the English gloss) that does not change the geology.",0.2,0.5,0.2857142857142857,0.1111111111111111,0.3333333333333333,0.1666666666666666,0.2,0.5,0.2857142857142857,0.0,0.2857142857142857,
resultados/petrobras-5-mini-com-ontologia-embeddingfirst/batch_eaf69800-ceb2-448a-b8a7-c0f2507b03f7-completo.csv,rag,1664,Qual a relação angular entre os indicadores cinemáticos nas superfícies de deslizamento e os eixos das dobras F1?,indica a atuação de uma componente de rotação horária durante o fenômeno de deslizamento flexural,,"Indica que há uma componente de rotação horária entre os indicadores cinemáticos nas superfícies de deslizamento e os eixos das dobras F1 — ou seja, essa rotação ocorreu durante (ou logo após a nucleação de) F1.",1.0,"The score is 1.00 because the response is fully focused on the relação angular entre os indicadores cinemáticos nas superfícies de deslizamento e os eixos das dobras F1, with no irrelevant statements. Great job staying precise and completely on topic.",,Skipped: empty context.,,Skipped: empty context.,,Skipped: empty context.,0.9,"The actual output matches the expected meaning well: it identifies a ""componente de rotação horária"" and relates it to the ""superfícies de deslizamento,"" which aligns with the expected ""durante o fenômeno de deslizamento flexural."" The main shortcoming is the added claim that the rotation occurred ""durante (ou logo após a nucleação de) F1,"" which is more specific than the expected output and not directly supported by it. This is a mild overextension rather than a direct contradiction.",0.8,"The actual output captures the main expected relation: it identifies a ""componente de rotação horária"" associated with the kinematic indicators on the slip surfaces. It also links this to timing relative to F1, which is consistent with the input about the angular relation to the fold axes. However, it does not explicitly state the key expected mechanism ""durante o fenômeno de deslizamento flexural"" and instead reframes it as occurring during or just after the nucleation of F1, which is a notable deviation from the expected wording.",0.8,"The response uses appropriate structural geology terminology such as ""indicadores cinemáticos"", ""superfícies de deslizamento"", ""dobras F1"" and ""rotação horária"", which aligns well with the input. It captures the key expected interpretation that there is a clockwise rotational component related to the slip process, matching the expected ""componente de rotação horária durante o fenômeno de deslizamento flexural"". However, it adds an extra temporal interpretation — ""durante (ou logo após a nucleação de) F1"" — that is not present in the expected output and slightly shifts the relation toward fold nucleation rather than explicitly emphasizing deslizamento flexural.",0.8,"The actual output is semantically close to the expected output: it correctly identifies a ""componente de rotação horária"" and links it to the relationship between ""indicadores cinemáticos nas superfícies de deslizamento"" and ""eixos das dobras F1"" from the input. However, it shifts the interpretation by saying the rotation occurred ""durante (ou logo após a nucleação de) F1,"" whereas the expected output specifically states it occurred ""durante o fenômeno de deslizamento flexural."" This introduces a geological framing not present in the expected answer and weakens alignment on the precise process.",0.3571428571428571,0.7894736842105263,0.4918032786885246,0.1951219512195122,0.4444444444444444,0.2711864406779661,0.2619047619047619,0.5789473684210527,0.3606557377049181,0.0,0.44,
resultados/petrobras-5-mini-com-ontologia-embeddingfirst/batch_eaf69800-ceb2-448a-b8a7-c0f2507b03f7-completo.csv,graphrag,1664,Qual a relação angular entre os indicadores cinemáticos nas superfícies de deslizamento e os eixos das dobras F1?,indica a atuação de uma componente de rotação horária durante o fenômeno de deslizamento flexural,,"Indica a atuação de uma componente de rotação horária — isto é, os indicadores mostram rotação no sentido horário durante o deslizamento flexural (ou que essa rotação ocorreu após a nucleação das dobras F1).",1.0,"The score is 1.00 because the answer stayed fully focused on the relação angular entre os indicadores cinemáticos nas superfícies de deslizamento e os eixos das dobras F1, with no irrelevant statements. Great job keeping it precise and directly aligned with the input.",,Skipped: empty context.,,Skipped: empty context.,,Skipped: empty context.,1.0,"The actual output matches the expected meaning closely: it states that the indicators show a 'componente de rotação horária' during 'deslizamento flexural', which is exactly the core relation asked in the input and stated in the expected output. There are no factual contradictions. The added clause about 'ou que essa rotação ocorreu após a nucleação das dobras F1' is extra nuance not present in the expected output, but it does not clearly contradict it, so it should not be penalized under the instruction to ignore harmless wording differences.",0.9,"The actual output captures the essential relation from the expected output: it states that the indicadores cinemáticos indicate a componente de rotação horária during deslizamento flexural, which is the core fact asked in the input. It preserves the key entities and phenomenon ('indicadores', 'rotação horária', 'deslizamento flexural'). A small deduction is appropriate because it adds speculative detail about the rotation occurring 'após a nucleação das dobras F1', which is not present in the expected output and does not directly answer the angular relation with the eixos das dobras F1.",0.9,"The actual output uses appropriate geological language, including ""indicadores cinemáticos"", ""deslizamento flexural"", and ""dobras F1"", matching the domain and the input’s focus on angular/kinematic relation. It aligns closely with the expected interpretation by stating a ""componente de rotação horária durante o deslizamento flexural"". A small penalty is warranted because it adds an extra speculative alternative — ""ou que essa rotação ocorreu após a nucleação das dobras F1"" — which is not present in the expected output and slightly weakens semantic precision.",0.9,"The actual output is semantically well aligned with the expected geological meaning: it identifies a ""componente de rotação horária"" associated with ""deslizamento flexural,"" which matches the core relation asked in the input about angular relation between kinematic indicators and F1 fold axes. It preserves the key geological concepts and does not invert roles or misuse terms. A small deduction is warranted because it adds an extra alternative interpretation (""ou que essa rotação ocorreu após a nucleação das dobras F1"") that is not present in the expected output and goes slightly beyond the target meaning.",0.4,0.8421052631578947,0.5423728813559322,0.3333333333333333,0.7222222222222222,0.4561403508771929,0.4,0.8421052631578947,0.5423728813559322,0.0,0.5416666666666666,
resultados/petrobras-5-mini-com-ontologia-embeddingfirst/batch_eaf69800-ceb2-448a-b8a7-c0f2507b03f7-completo.csv,rag,1665,O que foi consequência da anisotropia mecânica entre as camadas no processo de dobramento por deslizamento flexural?,"a deformação concentrando-se em níveis de folhelhos e siltitos, intercalados a arenitos",,Que a deformação se concentrou nos níveis de folhelhos e siltitos intercalados com arenitos.,1.0,"The score is 1.00 because the response stayed fully focused on explaining the consequência da anisotropia mecânica entre as camadas no processo de dobramento por deslizamento flexural, with no irrelevant statements. Great job keeping it directly aligned with the question.",,Skipped: empty context.,,Skipped: empty context.,,Skipped: empty context.,1.0,"The actual output matches the expected meaning closely: it states that deformation concentrated in levels of folhelhos and siltitos intercalated with arenitos, which aligns directly with the expected output. The wording differs slightly by using a full sentence and adding ""Que"", but there is no factual contradiction or mistake relative to the input question about the consequence of anisotropia mecânica in dobramento por deslizamento flexural.",1.0,"The actual output captures the essential consequence asked in the input: that deformation concentrated in levels of folhelhos and siltitos intercalated with arenitos. It preserves the key entities and relation from the expected output with only minor wording changes ('Que a deformação se concentrou' vs. 'a deformação concentrando-se'), so no important information is omitted.",1.0,"The actual output aligns very closely with the expected geological interpretation for folding by deslizamento flexural. It correctly uses domain terms such as deformação, folhelhos, siltitos, and arenitos, and preserves the key relation from the test case: mechanical anisotropy between layers caused strain to concentrate in the weaker shale/siltstone levels interbedded with sandstone. There is no misuse of lithologic or structural concepts, and the phrasing is semantically coherent and geologically appropriate.",1.0,"The actual output is semantically aligned with the expected geological consequence: it states that deformation concentrated in levels of folhelhos and siltitos associated with arenitos, matching the folding-by-flexural-slip context in the input. It preserves the key entities and relation without inverting roles or introducing domain confusion. The only minor difference is wording like 'intercalados com arenitos' versus 'intercalados a arenitos', which does not change the geological meaning.",0.75,0.8,0.7741935483870969,0.5333333333333333,0.5714285714285714,0.5517241379310344,0.75,0.8,0.7741935483870969,0.0,0.6923076923076924,
resultados/petrobras-5-mini-com-ontologia-embeddingfirst/batch_eaf69800-ceb2-448a-b8a7-c0f2507b03f7-completo.csv,graphrag,1665,O que foi consequência da anisotropia mecânica entre as camadas no processo de dobramento por deslizamento flexural?,"a deformação concentrando-se em níveis de folhelhos e siltitos, intercalados a arenitos",,"Que ocorreu o dobramento por deslizamento flexural, com a deformação concentrando‑se em níveis de folhelhos e siltitos intercalados com arenitos.",1.0,"The score is 1.00 because the answer is fully relevant to the question, directly addressing the consequência da anisotropia mecânica entre as camadas no processo de dobramento por deslizamento flexural, with no irrelevant statements. Great job staying precise and on topic.",,Skipped: empty context.,,Skipped: empty context.,,Skipped: empty context.,0.9,"The actual output closely matches the expected output in meaning: it states that the consequence was deformação concentrando-se em níveis de folhelhos e siltitos intercalados com/ a arenitos, which aligns with the expected answer. The extra phrase about ter ocorrido dobramento por deslizamento flexural is redundant relative to the input but not contradictory. There are no factual mistakes, only minor wording differences.",0.9,"The response captures the core expected consequence: ""a deformação concentrando-se em níveis de folhelhos e siltitos"" and also preserves the relation with ""arenitos"" from the test case. Its extra phrase about ""ocorreu o dobramento por deslizamento flexural"" is redundant but not incorrect. There are no important omissions relative to the expected output, aside from a slight wording difference in how the intercalation with arenitos is expressed.",0.9,"The response uses appropriate geological terminology for flexural-slip folding, including 'anisotropia mecânica', 'dobramento por deslizamento flexural' and lithologies like folhelhos, siltitos, and arenitos. It closely matches the expected interpretation that deformation was concentrated in shale and siltstone levels intercalated with sandstone. A small deduction is warranted because it restates the process ('ocorreu o dobramento por deslizamento flexural') instead of directly giving only the consequence, making it slightly less precise than the expected output.",0.9,"The actual output is semantically very close to the expected answer: it correctly identifies the consequence as deformation concentrated in níveis de folhelhos e siltitos intercalados com arenitos, which matches the key geological entities and relation in the expected output. It preserves the intended concept from the input about anisotropia mecânica during dobramento por deslizamento flexural. A small deduction is warranted because it adds extra wording ('Que ocorreu o dobramento por deslizamento flexural') that is somewhat redundant and slightly less directly framed as the consequence itself.",0.6086956521739131,0.9333333333333333,0.7368421052631579,0.5454545454545454,0.8571428571428571,0.6666666666666665,0.6086956521739131,0.9333333333333333,0.7368421052631579,0.0,0.6874999999999999,
resultados/petrobras-5-mini-com-ontologia-embeddingfirst/batch_eaf69800-ceb2-448a-b8a7-c0f2507b03f7-completo.csv,rag,1666,O que indica o mecanismo de flambagem em relação à resposta do material próximo à zona de charneira das dobras?,uma resposta homogênea do material próximo à zona de charneira das dobras,,"Que houve uma resposta homogênea do material perto da zona de charneira, e a nucleação de falhas reversas indica que a deformação atingiu o ponto de ruptura.",1.0,"The score is 1.00 because the answer stays fully focused on what the input asks about the mechanism of flambagem and the material response near the hinge zone of the folds, with no irrelevant statements. Great job keeping it precise and directly on topic.",,Skipped: empty context.,,Skipped: empty context.,,Skipped: empty context.,0.6,"The actual output matches the core expected meaning by stating that there was ""uma resposta homogênea do material"" perto da zona de charneira, which aligns with the expected output about a homogeneous material response near the fold hinge zone. However, it adds extra information about ""a nucleação de falhas reversas"" and deformation reaching a rupture point, which is not present in the expected output and introduces unsupported factual content. Because the main answer is correct but includes an additional potentially contradictory claim, the alignment is only partial.",0.9,"The actual output correctly includes the essential expected fact from the input: ""resposta homogênea do material"" perto/próximo à ""zona de charneira das dobras"". This captures the key entity and relation required. A small penalty is warranted because it adds extra information about ""nucleação de falhas reversas"" and rupture that is not present in the expected output, though it does not contradict the core answer.",0.8,"The response uses appropriate structural geology terms such as ""zona de charneira"", ""falhas reversas"", and ""deformação"", and it correctly matches the expected interpretation that flambagem indicates a homogeneous material response near the fold hinge zone. It is semantically coherent and domain-appropriate, but it adds an extra interpretation about nucleation of reverse faults and rupture that is not present in the expected output, so alignment is strong but not exact.",0.9,"The actual output preserves the core expected geology: it states ""uma resposta homogênea do material"" perto da zona de charneira, which matches the expected meaning closely. It remains aligned with the input about flambagem and the material response near the fold hinge zone. A small deduction is warranted because it adds extra information about ""nucleação de falhas reversas"" and rupture, which is not present in the expected output, though it does not invert or confuse the main relation.",0.3,0.6923076923076923,0.41860465116279066,0.2413793103448276,0.5833333333333334,0.34146341463414637,0.3,0.6923076923076923,0.41860465116279066,0.0,0.41025641025641024,
resultados/petrobras-5-mini-com-ontologia-embeddingfirst/batch_eaf69800-ceb2-448a-b8a7-c0f2507b03f7-completo.csv,graphrag,1666,O que indica o mecanismo de flambagem em relação à resposta do material próximo à zona de charneira das dobras?,uma resposta homogênea do material próximo à zona de charneira das dobras,,Que o material respondeu de forma homogênea junto à charneira — com nucleação de falhas reversas indicando que a deformação atingiu o ponto de ruptura.,0.6666666666666666,"The score is 0.67 because the answer is mostly relevant to explaining what the mecanismo de flambagem indicates about the material response near the zona de charneira das dobras, but it is not higher because it includes an irrelevant mention of ""falhas reversas,"" which is a different structural feature and does not help answer the question directly.",,Skipped: empty context.,,Skipped: empty context.,,Skipped: empty context.,0.8,"The actual output matches the expected core meaning: it states that the mecanismo de flambagem indica uma resposta homogênea do material próximo à zona de charneira das dobras. However, it adds unsupported details — ""nucleação de falhas reversas"" and that deformation reached a rupture point — which are not present in the expected output and introduce potential factual contradiction. The main answer is correct, but the extra claims reduce alignment.",0.9,"The actual output captures the essential expected fact: that the mecanismo de flambagem indica uma resposta homogênea do material próximo à zona de charneira das dobras. It correctly mentions homogeneity and the hinge area ('junto à charneira'). However, it adds unsupported detail about 'nucleação de falhas reversas' and 'ponto de ruptura,' which is not present in the expected output, so it is slightly less aligned even though the core relation is covered.",0.8,"The response uses appropriate structural geology terminology for the input, including ""charneira"", ""falhas reversas"", and ""deformação"", and it correctly captures the expected interpretation of a homogeneous material response near the hinge zone. However, it adds an extra claim — ""nucleação de falhas reversas indicando que a deformação atingiu o ponto de ruptura"" — that is not present in the expected output and introduces a brittle failure interpretation beyond the target answer. This makes it semantically close but somewhat overextended relative to the expected geological relation.",0.8,"The actual output is semantically close to the expected answer for the input about what the flambagem mechanism indicates near the fold hinge zone: it correctly states a homogeneous material response near the charneira. However, it adds extra geological detail not present in the expected output—'nucleação de falhas reversas' and deformation reaching rupture—which goes beyond the target concept and could introduce unsupported specificity. The core geological entity and relation remain aligned, so the response is mostly correct but not exact.",0.19230769230769232,0.38461538461538464,0.2564102564102564,0.04,0.08333333333333333,0.05405405405405406,0.11538461538461539,0.23076923076923078,0.15384615384615388,0.0,0.2777777777777778,
resultados/petrobras-5-mini-com-ontologia-embeddingfirst/batch_eaf69800-ceb2-448a-b8a7-c0f2507b03f7-completo.csv,rag,1668,Quais mecanismos de dobramento predominaram nos flancos das dobras?,mecanismos de deslizamento flexural,,Nos flancos das dobras predominaram mecanismos de deslizamento flexural (flexural slip).,1.0,"The score is 1.00 because the response stayed fully focused on quais mecanismos de dobramento predominaram nos flancos das dobras, with no irrelevant statements. It directly addressed the input clearly and appropriately—great job.",,Skipped: empty context.,,Skipped: empty context.,,Skipped: empty context.,1.0,"The actual output matches the expected content exactly in meaning: it identifies ""mecanismos de deslizamento flexural"" as predominant nos flancos das dobras. The added phrasing (full sentence and ""flexural slip"") is a harmless stylistic expansion and does not introduce any factual contradiction or mistake relative to the expected output.",1.0,"The actual output fully matches the expected content by identifying that nos flancos das dobras predominaram mecanismos de deslizamento flexural. It includes the essential mechanism from the expected output and only adds harmless context ('flexural slip'), so there are no important omissions.",1.0,"The response aligns very well with the expected geological interpretation for the question about fold flanks, correctly identifying ""deslizamento flexural (flexural slip)"" as the predominant folding mechanism. It uses appropriate structural geology terminology, preserves the key concept from the expected output (""mecanismos de deslizamento flexural""), and adds only a valid English equivalent without introducing incorrect lithologic, stratigraphic, or reservoir-related concepts.",1.0,"The actual output matches the expected geological content exactly: it identifies the dominant mechanism in the flanks of folds as ""deslizamento flexural (flexural slip)"", which is semantically equivalent to the expected ""mecanismos de deslizamento flexural"". It preserves the correct domain concept, entity, and relation for the input question about mechanisms of folding in the flanks, with no concept confusion, inversion, or misuse of geological terminology.",0.36363636363636365,1.0,0.5333333333333333,0.3,1.0,0.4615384615384615,0.36363636363636365,1.0,0.5333333333333333,0.0,0.5333333333333333,
resultados/petrobras-5-mini-com-ontologia-embeddingfirst/batch_eaf69800-ceb2-448a-b8a7-c0f2507b03f7-completo.csv,graphrag,1668,Quais mecanismos de dobramento predominaram nos flancos das dobras?,mecanismos de deslizamento flexural,,Predominou o deslizamento flexural (flexural slip) nos flancos das dobras.,1.0,"The score is 1.00 because the answer stayed fully focused on the question about the folding mechanisms in the flanks of the folds, with no irrelevant statements. Great job keeping it directly relevant and on-topic.",,Skipped: empty context.,,Skipped: empty context.,,Skipped: empty context.,1.0,"The actual output matches the expected meaning exactly: both identify ""deslizamento flexural"" as the predominant mecanismo de dobramento nos flancos das dobras for the given input. The added phrase ""Predominou"" and the English gloss ""(flexural slip)"" are harmless wording differences and do not introduce any factual contradiction.",1.0,"The expected output identifies the key mechanism as ""mecanismos de deslizamento flexural"". The actual output correctly states that ""Predominou o deslizamento flexural"" nos flancos das dobras, matching the essential fact, entity, and relation from the input question about which mechanisms predominated. It adds minor wording and an English gloss without omitting any important information.",1.0,"The response aligns very well with the expected geological interpretation for the input about folding mechanisms on the flanks of folds. It uses correct domain terminology—""deslizamento flexural (flexural slip)""—which matches the expected ""mecanismos de deslizamento flexural"" and is semantically coherent in structural geology. It correctly identifies the mechanism as predominant in the flanks of the folds, with no misuse of lithologic, facies, stratigraphic, or reservoir concepts. The only minor limitation is that it is phrased as a full sentence rather than the more compact expected wording.",1.0,"The actual output is semantically aligned with the expected output: both identify 'deslizamento flexural' as the predominant folding mechanism in the flanks of the folds. It preserves the correct geological concept, entity, and relation from the input question about 'flancos das dobras', and the added phrase 'Predominou' plus the English gloss '(flexural slip)' do not introduce any conceptual error or role inversion.",0.2,0.5,0.28571428571428575,0.1111111111111111,0.3333333333333333,0.16666666666666666,0.2,0.5,0.28571428571428575,0.0,0.28571428571428575,
resultados/petrobras-5-mini-com-ontologia-embeddingfirst/batch_eaf69800-ceb2-448a-b8a7-c0f2507b03f7-completo.csv,rag,1669,O que prevaleceu na região de charneira das dobras?,flambagem,,"Na região de charneira prevaleceu a flambagem (buckling), com nucleação de falhas reversas indicando ruptura.",1.0,"The score is 1.00 because the answer directly addresses what prevailed in the hinge region of the folds, with no irrelevant statements. Great job staying fully focused on the question.",,Skipped: empty context.,,Skipped: empty context.,,Skipped: empty context.,0.9,"The actual output matches the expected output on the core point from the input question: it states that na região de charneira prevaleceu a ""flambagem (buckling)"", which aligns directly with the expected output ""flambagem"". The added detail about ""nucleação de falhas reversas indicando ruptura"" is extra and not required, but it does not contradict the expected answer. Because the main factual content is correct and wording differences are harmless, the alignment is very strong.",1.0,"The expected output requires the key fact that, na região de charneira das dobras, prevaleceu a ""flambagem"". The actual output explicitly states ""prevaleceu a flambagem (buckling)"", so it covers the essential element from the expected answer. The added detail about ""nucleação de falhas reversas indicando ruptura"" is extra but does not contradict the expected output, so only a minimal penalty is warranted, if any.",1.0,"The actual output aligns strongly with the expected geological interpretation: it correctly identifies ""flambagem (buckling)"" as what prevailed na região de charneira das dobras, using appropriate structural geology terminology. It also adds a coherent domain-specific detail about ""nucleação de falhas reversas indicando ruptura,"" which is not in the expected output but remains semantically consistent rather than conflicting. There is no misuse of lithologic, facies, stratigraphic, or reservoir concepts.",1.0,"The actual output matches the expected geological concept exactly: it states that in the região de charneira prevaleceu a flambagem (buckling), which is the same semantic answer as the expected output 'flambagem'. The added detail about nucleação de falhas reversas indicating rupture remains geologically consistent and does not invert or confuse the main relation asked in the input.",0.058823529411764705,1.0,0.1111111111111111,0.0,0.0,0.0,0.058823529411764705,1.0,0.1111111111111111,0.0,0.125,
resultados/petrobras-5-mini-com-ontologia-embeddingfirst/batch_eaf69800-ceb2-448a-b8a7-c0f2507b03f7-completo.csv,graphrag,1669,O que prevaleceu na região de charneira das dobras?,flambagem,,"Prevaleceu a flambagem (buckling) na região de charneira, com nucleação de falhas reversas.",1.0,The score is 1.00 because the response stayed fully focused on what prevailed in the hinge region of the folds and did not include any irrelevant information. Clear and directly relevant answer.,,Skipped: empty context.,,Skipped: empty context.,,Skipped: empty context.,0.9,"The actual output matches the expected meaning for the input about o que prevaleceu na região de charneira das dobras: it correctly states ""flambagem (buckling)"" in the região de charneira. The extra detail about ""nucleação de falhas reversas"" is not contradicted by the expected output, so it should not be penalized heavily under the instruction to ignore harmless wording differences. A small deduction applies because the expected output is only ""flambagem"", and the added information goes beyond the target answer.",1.0,"The expected output contains the essential fact that ""flambagem"" prevailed in the região de charneira das dobras. The actual output explicitly states that ""Prevaleceu a flambagem (buckling) na região de charneira,"" which fully covers the required answer from the test case. The added detail about ""nucleação de falhas reversas"" is extra but does not conflict with the expected output, so no penalty is warranted.",1.0,"The actual output matches the expected interpretation that 'flambagem' prevailed in the região de charneira das dobras and uses appropriate geological terminology, including 'buckling' and 'falhas reversas'. It is semantically coherent and domain-appropriate; the added detail about nucleação de falhas reversas does not contradict the expected output.",0.9,"The response matches the expected geological concept directly: it identifies 'flambagem (buckling)' as what prevailed in the região de charneira das dobras, which is the core expected answer. The added detail 'com nucleação de falhas reversas' goes beyond the expected output but does not invert roles or introduce clear geological confusion, so semantic alignment remains strong and concise enough for the input.",0.06666666666666667,1.0,0.125,0.0,0.0,0.0,0.06666666666666667,1.0,0.125,0.0,0.14285714285714288,
resultados/petrobras-5-mini-com-ontologia-embeddingfirst/batch_eaf69800-ceb2-448a-b8a7-c0f2507b03f7-completo.csv,rag,1670,O que é indicado pela relação angular entre os indicadores cinemáticos nas superfícies de deslizamento e os eixos das dobras F1?,a atuação de uma componente de rotação horária durante o fenômeno de deslizamento flexural,,"Indica a atuação de uma componente de rotação horário durante o deslizamento flexural — ou, alternativamente, que essa rotação ocorreu após a nucleação das dobras F1.",1.0,"The score is 1.00 because the response is fully relevant to the question, directly addressing what is indicated by the angular relationship between the kinematic indicators on the slip surfaces and the axes of the F1 folds, with no irrelevant statements. Great job staying focused and on-topic.",,Skipped: empty context.,,Skipped: empty context.,,Skipped: empty context.,0.9,"The actual output matches the expected meaning for the input: it identifies that the angular relation indicates ""a atuação de uma componente de rotação horária"" during ""deslizamento flexural."" The added alternative clause about the rotation possibly occurring after the nucleation of the F1 folds is not supported by the expected output, so it introduces extra information and slight uncertainty, but it does not directly contradict the core expected answer.",0.9,"The actual output captures the core expected fact from the test case: the relação angular indica uma componente de rotação horária durante o deslizamento flexural. It preserves the key entities and relation from the expected output. A small deduction is warranted because it adds an alternative interpretation — 'ou, alternativamente, que essa rotação ocorreu após a nucleação das dobras F1' — which is not present in the expected output.",0.9,"The response uses appropriate structural geology terminology, including ""indicadores cinemáticos"", ""superfícies de deslizamento"", ""dobras F1"", and ""deslizamento flexural"", matching the input context well. It correctly captures the expected interpretation that the angular relation indicates a componente de rotação horária during flexural slip. A small deduction is warranted because it adds an alternative interpretation — ""ou, alternativamente, que essa rotação ocorreu após a nucleação das dobras F1"" — which is not present in the expected output and introduces extra geological inference beyond the target answer.",0.9,"The actual output is semantically well aligned with the expected geological meaning in the Input: it correctly identifies that the angular relation indicates a componente de rotação horária during deslizamento flexural, preserving the key entities and relation. It uses the same domain concepts without inversion or role confusion. A small penalty is warranted because it adds an alternative interpretation — 'ou, alternativamente, que essa rotação ocorreu após a nucleação das dobras F1' — that is not present in the Expected Output and slightly broadens the intended answer.",0.45161290322580644,0.7777777777777778,0.5714285714285714,0.36666666666666664,0.6470588235294118,0.46808510638297873,0.45161290322580644,0.7777777777777778,0.5714285714285714,0.0,0.5641025641025641,
resultados/petrobras-5-mini-com-ontologia-embeddingfirst/batch_eaf69800-ceb2-448a-b8a7-c0f2507b03f7-completo.csv,graphrag,1670,O que é indicado pela relação angular entre os indicadores cinemáticos nas superfícies de deslizamento e os eixos das dobras F1?,a atuação de uma componente de rotação horária durante o fenômeno de deslizamento flexural,,"Indica a atuação de uma componente de rotação horária durante o deslizamento flexural — alternativamente, que essa rotação ocorreu após a nucleação das dobras F1.",1.0,"The score is 1.00 because the response appears fully focused on explaining what is indicated by the angular relationship between the kinematic indicators on the slip surfaces and the F1 fold axes, with no irrelevant statements. Great job staying directly on topic.",,Skipped: empty context.,,Skipped: empty context.,,Skipped: empty context.,0.9,"The actual output matches the expected meaning for the input: it states that the angular relation indicates 'a atuação de uma componente de rotação horária durante o deslizamento flexural,' which aligns directly with the expected output. The only extra detail is the alternative claim that the rotation may have occurred after the nucleation of the F1 folds, which is not supported by the expected output and introduces a potential unsupported addition, but it does not directly contradict the main expected answer.",1.0,"The actual output captures the core expected fact: the angular relation indicates 'a atuação de uma componente de rotação horária' during 'deslizamento flexural'. It preserves the key entities and relation from the expected output for this input. Although it adds an alternative possibility ('ou após a nucleação das dobras F1'), the essential expected content is fully present, so no meaningful omission occurs.",0.9,"The response uses appropriate geological terminology for the input, including 'indicadores cinemáticos', 'superfícies de deslizamento', 'dobras F1', 'rotação horária' and 'deslizamento flexural'. It matches the expected interpretation that the angular relation indicates a clockwise rotational component during flexural slip. A small penalty is warranted because it adds an alternative interpretation — 'ou que essa rotação ocorreu após a nucleação das dobras F1' — which is not present in the expected output and slightly broadens the intended geological conclusion.",0.9,"The actual output is semantically well aligned with the expected geological meaning: it correctly identifies 'uma componente de rotação horária' associated with 'deslizamento flexural', matching the key concept and relation in the expected output. It preserves the relevant entities from the input, namely the angular relation between indicadores cinemáticos on superfícies de deslizamento and the eixos das dobras F1. A small deduction is warranted because it adds an alternative interpretation — 'ou que essa rotação ocorreu após a nucleação das dobras F1' — which is not present in the expected output and introduces extra geological nuance beyond the target answer.",0.5,0.8333333333333334,0.625,0.4482758620689655,0.7647058823529411,0.5652173913043479,0.5,0.8333333333333334,0.625,0.0,0.631578947368421,
resultados/petrobras-5-mini-com-ontologia-embeddingfirst/batch_eaf69800-ceb2-448a-b8a7-c0f2507b03f7-completo.csv,rag,1672,O que é conseqüência da anisotropia mecânica entre as camadas?,o processo de dobramento por deslizamento flexural,,"O dobramento por deslizamento flexural — ou seja, a deformação concentrada em níveis de folhelhos e siltitos intercalados com arenitos.",1.0,"The score is 1.00 because the response stays fully focused on the question about the consequência da anisotropia mecânica entre as camadas, with no irrelevant statements. It directly addresses the asked topic, so this is a strong and fully relevant answer.",,Skipped: empty context.,,Skipped: empty context.,,Skipped: empty context.,1.0,"The actual output matches the expected meaning exactly: it identifies ""dobramento por deslizamento flexural"" as the consequence of mechanical anisotropy between layers. The added explanation about deformation concentrated in folhelhos, siltitos, and arenitos is consistent with the concept and does not introduce any contradiction. Under the instruction not to penalize harmless wording differences, this is strongly aligned.",1.0,"The actual output correctly identifies the essential expected relation for the input: that the consequence of anisotropia mecânica entre as camadas is o processo de dobramento por deslizamento flexural. It fully covers the key concept from the expected output, and the added detail about deformação concentrada em níveis de folhelhos, siltitos e arenitos is consistent rather than incorrect, so concise completeness is satisfied.",1.0,"The response matches the expected geological interpretation exactly: it identifies ""dobramento por deslizamento flexural"" as the consequence of mechanical anisotropy between layers. It uses domain-appropriate terminology such as deformation concentrated in ""folhelhos"", ""siltitos"" and interbedded ""arenitos"", which is semantically coherent with flexural slip folding and does not introduce incorrect lithologic, stratigraphic, or reservoir concepts.",1.0,"The actual output matches the expected geological concept exactly: it identifies 'dobramento por deslizamento flexural' as the consequence of mechanical anisotropy between layers. The added explanation about deformation concentrated in folhelhos, siltitos, and arenitos remains geologically consistent and does not introduce wrong entities, inverted relations, or domain misuse. It is concise while preserving the intended semantics from the input and expected output.",0.2857142857142857,0.8571428571428571,0.42857142857142855,0.15,0.5,0.23076923076923075,0.23809523809523808,0.7142857142857143,0.35714285714285715,0.0,0.46153846153846156,
resultados/petrobras-5-mini-com-ontologia-embeddingfirst/batch_eaf69800-ceb2-448a-b8a7-c0f2507b03f7-completo.csv,graphrag,1672,O que é conseqüência da anisotropia mecânica entre as camadas?,o processo de dobramento por deslizamento flexural,,"O deslizamento flexural — isto é, o dobramento por deslizamento ao longo das camadas — com concentração da deformação em folhelhos e siltitos intercalados com arenitos.",1.0,"The score is 1.00 because the answer appears fully relevant to the question, with no irrelevant statements identified. It stays at this top score because it directly addresses “O que é conseqüência da anisotropia mecânica entre as camadas?” clearly and appropriately—great job.",,Skipped: empty context.,,Skipped: empty context.,,Skipped: empty context.,0.9,"The actual output matches the expected meaning for the input about a consequence of mechanical anisotropy between layers: it identifies ""deslizamento flexural"" / ""dobramento por deslizamento flexural,"" which is exactly the expected process. The extra detail about deformation concentrating in folhelhos, siltitos, and arenitos is not contradictory, just additional context, so only a minor deduction at most for not matching the expected output as tightly.",1.0,"The actual output correctly identifies the essential expected relation for the input about the consequence of mechanical anisotropy between layers: ""deslizamento flexural"" / ""dobramento por deslizamento flexural."" It fully covers the key process named in the expected output, and the added detail about deformation concentrating in folhelhos, siltitos, and arenitos is compatible rather than incorrect. There are no important omissions.",1.0,"The actual output matches the expected geological interpretation: it identifies 'deslizamento flexural' / 'dobramento por deslizamento flexural' as the consequence of anisotropia mecânica entre camadas. It uses domain-appropriate terminology correctly and adds semantically coherent detail about deformation concentrating in folhelhos, siltitos, and arenitos, without introducing incorrect lithologic, stratigraphic, or reservoir concepts.",1.0,"The actual output is semantically well aligned with the expected geological concept: it identifies ""deslizamento flexural"" and explicitly glosses it as ""dobramento por deslizamento ao longo das camadas,"" which matches the expected ""processo de dobramento por deslizamento flexural."" It preserves the correct relation to the input question about a consequence of mechanical anisotropy between layers. The added detail about deformation concentrating in ""folhelhos e siltitos intercalados com arenitos"" is geologically plausible and does not invert or confuse the main concept, though it goes beyond the expected output.",0.2,0.7142857142857143,0.3125,0.125,0.5,0.2,0.16,0.5714285714285714,0.25,0.0,0.3225806451612903,
resultados/petrobras-5-mini-com-ontologia-embeddingfirst/batch_eaf69800-ceb2-448a-b8a7-c0f2507b03f7-completo.csv,rag,1676,Qual é o teor de argila infiltrada em depósitos terciários e pleistocênicos do Sudoeste americano?,10 a 20%,,Comumente entre 10% e 20% de argilas infiltradas.,1.0,"The score is 1.00 because the answer appears fully relevant to the question, with no irrelevant statements noted. Great job staying directly focused on the requested topic.",,Skipped: empty context.,,Skipped: empty context.,,Skipped: empty context.,1.0,"The actual output matches the expected meaning exactly for the given question about the teor de argila infiltrada em depósitos terciários e pleistocênicos do Sudoeste americano: it states 'entre 10% e 20%', which is equivalent to the expected '10 a 20%'. There are no factual contradictions or mistakes, and the only difference is harmless wording.",1.0,"The actual output fully captures the essential fact from the expected output: the infiltrated clay content is 10% to 20% in depósitos terciários e pleistocênicos do Sudoeste americano. The added wording ""Comumente entre"" and pluralization do not change the meaning, so all key content is covered with no important omissions.",1.0,"The response matches the expected range exactly in substance, stating 'entre 10% e 20% de argilas infiltradas' for depósitos terciários e pleistocênicos do Sudoeste americano. It uses appropriate geological wording ('argilas infiltradas') without introducing incorrect lithologic, stratigraphic, facies, or reservoir concepts, and remains semantically coherent and domain-appropriate.",1.0,"The actual output is semantically aligned with the expected output: it gives the same clay infiltration range, 'entre 10% e 20%', which matches '10 a 20%'. It preserves the relevant geological quantity for depósitos terciários e pleistocênicos do Sudoeste americano without introducing concept confusion, incorrect entities, or altered relations. The added wording 'Comumente' and 'de argilas infiltradas' remains consistent and concise.",0.25,0.6666666666666666,0.36363636363636365,0.0,0.0,0.0,0.25,0.6666666666666666,0.36363636363636365,0.0,0.36363636363636365,
resultados/petrobras-5-mini-com-ontologia-embeddingfirst/batch_eaf69800-ceb2-448a-b8a7-c0f2507b03f7-completo.csv,graphrag,1676,Qual é o teor de argila infiltrada em depósitos terciários e pleistocênicos do Sudoeste americano?,10 a 20%,,"Segundo Walker et al., comumente entre 10% e 20% de argilas infiltradas.",1.0,"The score is 1.00 because the answer is fully relevant to the question about o teor de argila infiltrada em depósitos terciários e pleistocênicos do Sudoeste americano, with no irrelevant statements. Great job staying directly on topic and completely aligned with the input.",,Skipped: empty context.,,Skipped: empty context.,,Skipped: empty context.,1.0,"The actual output matches the expected content: it states 'comumente entre 10% e 20%' for argilas infiltradas, which is equivalent to the expected '10 a 20%'. It adds context ('Segundo Walker et al.') but does not introduce any contradiction or factual error relative to the test case.",1.0,The actual output correctly captures the essential expected fact from the test case: the teor de argila infiltrada is 10 a 20%. It includes the full numeric range in equivalent wording ('entre 10% e 20%') and adds a source attribution ('Segundo Walker et al.') without changing the meaning. No important information from the expected output is omitted.,1.0,"The response matches the expected value exactly in geological meaning, giving the infiltrated clay content as 10%–20% for depósitos terciários e pleistocênicos do Sudoeste americano. It uses appropriate domain terminology such as ""argilas infiltradas"" and does not introduce any incorrect lithologic, stratigraphic, facies, or reservoir concepts. The added citation-style phrase ""Segundo Walker et al."" is extra but does not alter the correct geological interpretation.",1.0,"The actual output matches the expected semantic content exactly: it states that the teor de argila infiltrada is commonly between 10% and 20%, which aligns directly with the expected '10 a 20%'. It preserves the key geological quantity for depósitos terciários e pleistocênicos do Sudoeste americano without introducing concept confusion, wrong relations, or domain misuse. The added citation-style phrasing ('Segundo Walker et al.') is extra but does not alter the meaning.",0.16666666666666666,0.6666666666666666,0.26666666666666666,0.0,0.0,0.0,0.16666666666666666,0.6666666666666666,0.26666666666666666,0.0,0.26666666666666666,
resultados/petrobras-5-mini-com-ontologia-embeddingfirst/batch_eaf69800-ceb2-448a-b8a7-c0f2507b03f7-completo.csv,rag,1680,O que é muito raro em outros ambientes sedimentares antigos?,infiltração mecânica de argilas,,Referências à infiltração mecânica de argilas.,1.0,"The score is 1.00 because the response stayed fully focused on answering “O que é muito raro em outros ambientes sedimentares antigos?” with no irrelevant statements. It is already at the highest possible score, which is great.",,Skipped: empty context.,,Skipped: empty context.,,Skipped: empty context.,0.9,"The actual output matches the expected meaning exactly for the input asking what is very rare in other ancient sedimentary environments: it identifies ""infiltração mecânica de argilas"". The only difference is the added wording ""Referências à"", which is a harmless phrasing change rather than a factual contradiction. Because the core content is correct and there are no factual mistakes, the response aligns strongly with the expected output.",1.0,"The actual output captures the essential expected content, specifically ""infiltração mecânica de argilas,"" which is the key fact asked by the input about what is very rare in other ancient sedimentary environments. The added wording ""Referências à"" is extraneous but does not omit or alter the core answer, so it aligns strongly with the expected output.",0.9,"The actual output is geologically appropriate and matches the expected concept closely: both identify ""infiltração mecânica de argilas,"" which is a valid sedimentological term relevant to ancient sedimentary environments. The only shortcoming is the added framing ""Referências à"" instead of giving just the target entity, so the match is slightly less exact than the expected output.",1.0,"The actual output is semantically aligned with the expected output: both identify ""infiltração mecânica de argilas"" as what is very rare in other ancient sedimentary environments. The added phrase ""Referências à"" does not change the geological concept, entity, or relation asked by the input, and there is no concept confusion, inversion, or domain misuse.",0.75,1.0,0.8571428571428571,0.7142857142857143,1.0,0.8333333333333333,0.75,1.0,0.8571428571428571,0.0,0.8,
resultados/petrobras-5-mini-com-ontologia-embeddingfirst/batch_eaf69800-ceb2-448a-b8a7-c0f2507b03f7-completo.csv,graphrag,1680,O que é muito raro em outros ambientes sedimentares antigos?,infiltração mecânica de argilas,,Referências à infiltração mecânica de argilas em outros ambientes sedimentares antigos.,1.0,"The score is 1.00 because the response stayed fully focused on what was asked and did not include any irrelevant statements. It directly addressed the input, so this is an excellent and highly relevant answer.",,Skipped: empty context.,,Skipped: empty context.,,Skipped: empty context.,0.8,"The actual output matches the expected concept, identifying ""infiltração mecânica de argilas"" as what is very rare in other ancient sedimentary environments. It adds extra wording (""Referências à"" and ""em outros ambientes sedimentares antigos""), but this does not change the meaning. There are no factual contradictions or clear mistakes relative to the expected output.",1.0,"The expected output contains a single essential fact: ""infiltração mecânica de argilas"" as the thing that is very rare in other ancient sedimentary environments. The actual output includes that exact concept and only adds a concise framing phrase (""Referências à ... em outros ambientes sedimentares antigos""), which remains aligned with the input context. No important information is omitted.",0.9,"The actual output correctly uses the geological concept ""infiltração mecânica de argilas"" and remains domain-appropriate for the sedimentary-context question. It matches the expected geological entity closely, with only minor extra wording (""Referências à"" and repetition of ""em outros ambientes sedimentares antigos"") beyond the expected concise phrase. There is no misuse of lithologic, facies, stratigraphic, or reservoir terminology, but the response is slightly less precise than the expected output.",0.9,"The actual output is semantically aligned with the expected answer because it identifies ""infiltração mecânica de argilas"" as the rare feature mentioned in the input. It preserves the core geological concept and domain meaning without introducing incorrect entities or relations. A small deduction is warranted because it adds extra framing (""Referências à"" and ""em outros ambientes sedimentares antigos"") instead of giving the concise target phrase directly.",0.46153846153846156,1.0,0.631578947368421,0.4166666666666667,1.0,0.5882352941176471,0.46153846153846156,1.0,0.631578947368421,0.0,0.5333333333333333,
resultados/petrobras-5-mini-com-ontologia-embeddingfirst/batch_eaf69800-ceb2-448a-b8a7-c0f2507b03f7-completo.csv,rag,1682,Em que região estão localizadas as ilhas de barreira?,Terciário da Costa do Golfo,,Na Costa do Golfo — referindo‑se às ilhas de barreira do Terciário.,1.0,"The score is 1.00 because the response is fully relevant to the question about where barrier islands are located, with no irrelevant statements. Clear and on-topic.",,Skipped: empty context.,,Skipped: empty context.,,Skipped: empty context.,0.8,"The actual output matches the expected meaning: it identifies the region as the Costa do Golfo and refers to the same context, “ilhas de barreira do Terciário,” which corresponds to “Terciário da Costa do Golfo.” There is no factual contradiction for the given input. A small deduction is appropriate because the phrasing is more explanatory and slightly reordered compared with the expected output, though the core information remains correct.",1.0,"The actual output correctly identifies the same key relation as the expected output: the ilhas de barreira are in the Costa do Golfo and specifically refers to the Terciário context. It covers both essential elements from the expected answer ('Terciário' and 'Costa do Golfo') with only minor rephrasing and added connective wording, so there are no meaningful omissions.",0.9,"The response is geologically appropriate and uses correct domain terms like ""Costa do Golfo"" and ""ilhas de barreira do Terciário,"" which align well with the expected stratigraphic-region pairing ""Terciário da Costa do Golfo."" It preserves the intended geological relation between barrier islands and the Gulf Coast Tertiary setting. A small deduction is warranted because the wording is paraphrased and slightly more verbose than the expected output rather than matching the compact canonical form exactly.",0.9,"The actual output is semantically well aligned with the expected answer: it identifies the region as a 'Costa do Golfo' and correctly ties it to 'ilhas de barreira do Terciário', matching the expected 'Terciário da Costa do Golfo'. It preserves the key geological entities and relation between the barrier islands and the Gulf Coast/Tertiary context. A small deduction is warranted because the phrasing slightly shifts emphasis to the region ('Na Costa do Golfo') instead of reproducing the compact expected geological label exactly.",0.38461538461538464,0.8333333333333334,0.5263157894736842,0.25,0.6,0.35294117647058826,0.23076923076923078,0.5,0.3157894736842105,0.0,0.5000000000000001,
resultados/petrobras-5-mini-com-ontologia-embeddingfirst/batch_eaf69800-ceb2-448a-b8a7-c0f2507b03f7-completo.csv,graphrag,1682,Em que região estão localizadas as ilhas de barreira?,Terciário da Costa do Golfo,,Na Costa do Golfo (no Terciário).,0.5,"The score is 0.50 because the answer appears to address the location of the ilhas de barreira, but it includes irrelevant information: '(no Terciário)' refers to a geological time period rather than the geographic region asked in the input. So it is partially relevant, but not fully focused on the requested region.",,Skipped: empty context.,,Skipped: empty context.,,Skipped: empty context.,0.9,"The actual output matches the expected meaning closely: both identify the ilhas de barreira as located in the Terciário da Costa do Golfo. The wording is reordered and includes parentheses, but there is no factual contradiction relative to the expected output. A small deduction is appropriate because the phrasing is not an exact match to the expected format.",1.0,"The actual output captures the key entities and relation from the expected output: it identifies the region as ""Costa do Golfo"" and includes ""Terciário,"" matching ""Terciário da Costa do Golfo."" The wording is reordered and adds parentheses plus ""no,"" but no essential information is missing, so it aligns strongly with the expected content.",0.8,"The response is geologically appropriate and matches the expected region and stratigraphic context by identifying the barrier islands as being in the Costa do Golfo and linked to the Terciário. It uses relevant domain terms correctly and is semantically coherent. A small deduction is warranted because the phrasing reverses the expected formulation and adds parentheses, so it is slightly less precise than the target expression 'Terciário da Costa do Golfo'.",0.9,"The actual output is semantically very close to the expected output: both identify the barrier islands as being in the Costa do Golfo and linked to the Terciário. It preserves the key geological entities and relation, with only a wording/order difference ('Na Costa do Golfo (no Terciário)' vs. 'Terciário da Costa do Golfo'). A small penalty is appropriate because the phrasing slightly shifts the emphasis from the expected geological designation to a more locative sentence.",0.7142857142857143,0.8333333333333334,0.7692307692307692,0.5,0.6,0.5454545454545454,0.42857142857142855,0.5,0.4615384615384615,0.0,0.7272727272727272,
resultados/petrobras-5-mini-com-ontologia-embeddingfirst/batch_eaf69800-ceb2-448a-b8a7-c0f2507b03f7-completo.csv,rag,1683,Que porcentagem de argilas infiltradas existem nos depósitos terciários e pleistocênicos do Sudoeste americano?,10 a 20%,,Cerca de 10 a 20% de argilas infiltradas.,1.0,"The score is 1.00 because the response is fully relevant to the question about the porcentagem de argilas infiltradas nos depósitos terciários e pleistocênicos do Sudoeste americano, with no irrelevant statements. Great job staying completely on topic.",,Skipped: empty context.,,Skipped: empty context.,,Skipped: empty context.,1.0,"The actual output matches the expected content exactly in meaning: it gives 'Cerca de 10 a 20% de argilas infiltradas' for the question about depósitos terciários e pleistocênicos do Sudoeste americano, which aligns with the expected '10 a 20%'. The added wording is harmless and introduces no factual contradiction or mistake.",1.0,"The expected output contains a single essential fact: the percentage range ""10 a 20%"" for argilas infiltradas nos depósitos terciários e pleistocênicos do Sudoeste americano. The actual output fully preserves that key numeric range and relevant subject, adding only ""Cerca de"" and repeating ""de argilas infiltradas,"" which does not change the meaning. It covers all essential content with no important omissions.",1.0,"The actual output matches the expected geological content exactly in meaning by stating 'Cerca de 10 a 20% de argilas infiltradas' for the depósitos terciários e pleistocênicos do Sudoeste americano. It uses appropriate domain terminology from the input ('argilas infiltradas') without introducing incorrect lithologic, stratigraphic, or reservoir concepts, and the only difference is a harmless approximating phrase.",1.0,"The actual output is semantically aligned with the expected output: it gives the same percentage range, '10 a 20%', for argilas infiltradas nos depósitos terciários e pleistocênicos do Sudoeste americano. The added wording 'Cerca de' and repeating the subject do not change the geological meaning, entities, or relation being asked, and the concise answer preserves the intended semantics without concept confusion.",0.375,1.0,0.5454545454545454,0.2857142857142857,1.0,0.4444444444444445,0.375,1.0,0.5454545454545454,0.0,0.5454545454545454,
resultados/petrobras-5-mini-com-ontologia-embeddingfirst/batch_eaf69800-ceb2-448a-b8a7-c0f2507b03f7-completo.csv,graphrag,1683,Que porcentagem de argilas infiltradas existem nos depósitos terciários e pleistocênicos do Sudoeste americano?,10 a 20%,,Comumente entre 10% e 20% de argilas infiltradas.,1.0,"The score is 1.00 because the response is fully relevant to the question about the porcentagem de argilas infiltradas nos depósitos terciários e pleistocênicos do Sudoeste americano, with no irrelevant statements included. Great job staying completely on topic.",,Skipped: empty context.,,Skipped: empty context.,,Skipped: empty context.,1.0,"The actual output matches the expected meaning exactly for the input about depósitos terciários e pleistocênicos do Sudoeste americano: it gives the same range, 10% a 20%, only adding the harmless qualifier ""Comumente"" and repeating ""de argilas infiltradas."" There are no factual contradictions or mistakes relative to the expected output.",1.0,"The actual output correctly captures the essential fact from the expected output: the percentage range of argilas infiltradas nos depósitos terciários e pleistocênicos do Sudoeste americano is 10 a 20%. It adds minor wording like ""Comumente entre"" but preserves the key numeric range exactly, so it covers all important content with no meaningful omissions.",1.0,"The response matches the expected quantitative range for depósitos terciários e pleistocênicos do Sudoeste americano, giving 'entre 10% e 20%' versus the expected '10 a 20%'. It uses an appropriate geological term, 'argilas infiltradas', without introducing incorrect lithologic, stratigraphic, or reservoir concepts. The only minor shortcoming is the added hedge 'Comumente', which is not in the expected output but does not materially change the geological meaning.",1.0,"The actual output matches the expected value semantically: it gives the same percentage range, 10% a 20%, for argilas infiltradas nos depósitos terciários e pleistocênicos do Sudoeste americano. The added qualifier ""Comumente entre"" does not change the geological meaning, and there is no concept confusion, role inversion, or misuse of domain-specific terms.",0.25,0.6666666666666666,0.36363636363636365,0.0,0.0,0.0,0.25,0.6666666666666666,0.36363636363636365,0.0,0.36363636363636365,
resultados/petrobras-5-mini-com-ontologia-embeddingfirst/batch_eaf69800-ceb2-448a-b8a7-c0f2507b03f7-completo.csv,rag,1684,Onde estão localizadas as cutículas de argila e hematita que KESSLER identificou como acumuladas por infiltração mecânica?,Permiano do Mar do Norte,,Nos arenitos de duna e wadi do Permiano do Mar do Norte.,1.0,"The score is 1.00 because the response appears fully focused on answering where the cutículas de argila e hematita identified by KESSLER are located, with no irrelevant statements. Great job staying directly on topic.",,Skipped: empty context.,,Skipped: empty context.,,Skipped: empty context.,1.0,"The actual output matches the expected location, ""Permiano do Mar do Norte,"" and adds compatible detail from the input context by specifying ""nos arenitos de duna e wadi."" There is no factual contradiction, and the extra wording is a harmless elaboration rather than a mistake.",1.0,"The expected output identifies the key location as ""Permiano do Mar do Norte"". The actual output includes that essential location and adds extra detail (""nos arenitos de duna e wadi""), which does not conflict with the expected answer. It covers the important entity and relation asked in the input—where the cutículas de argila e hematita were located—so there is no meaningful omission.",0.8,"The response is geologically appropriate and uses domain terms correctly, mentioning “arenitos de duna e wadi” within the “Permiano do Mar do Norte,” which is semantically coherent. It matches the expected location at a broader-to-more-specific level, but adds unsupported depositional/lithological detail not present in the expected output. Because the core entity and stratigraphic/geographic context align while introducing extra specifics, it fits well but not perfectly.",1.0,"The actual output is semantically aligned with the expected output because it correctly identifies the location as the Permiano do Mar do Norte and adds compatible geological context ('nos arenitos de duna e wadi') without changing the meaning. It preserves the intended geological entity and does not introduce concept confusion, inverted relations, or misuse of domain-specific terms.",0.4166666666666667,1.0,0.5882352941176471,0.36363636363636365,1.0,0.5333333333333333,0.4166666666666667,1.0,0.5882352941176471,0.0,0.5882352941176471,
resultados/petrobras-5-mini-com-ontologia-embeddingfirst/batch_eaf69800-ceb2-448a-b8a7-c0f2507b03f7-completo.csv,graphrag,1684,Onde estão localizadas as cutículas de argila e hematita que KESSLER identificou como acumuladas por infiltração mecânica?,Permiano do Mar do Norte,,Em arenitos de duna e wadi do Permiano do Mar do Norte.,1.0,"The score is 1.00 because the answer is fully focused on where KESSLER identified the cutículas de argila e hematita as having accumulated by mechanical infiltration, with no irrelevant statements. Great job staying directly on topic and completely relevant.",,Skipped: empty context.,,Skipped: empty context.,,Skipped: empty context.,0.9,"The actual output matches the expected location, identifying ""Permiano do Mar do Norte"" as requested in the input about where KESSLER found the cutículas de argila e hematita. It adds extra detail (""Em arenitos de duna e wadi""), but this does not contradict the expected output and is a harmless wording expansion rather than a factual mistake.",1.0,"The expected output identifies the location as ""Permiano do Mar do Norte"". The actual output includes that essential location and adds extra context (""Em arenitos de duna e wadi""), which does not conflict with the expected answer. All key facts from the expected output are covered, so concise completeness is satisfied.",0.9,"The response is geologically coherent and uses appropriate domain terms such as ""arenitos de duna"" and ""wadi,"" aligning with the question about cutículas de argila e hematita identified by KESSLER. It correctly includes the key expected location, ""Permiano do Mar do Norte,"" but adds depositional/lithologic detail not present in the expected output. This extra specificity is not incorrect, yet it goes beyond the target answer and slightly reduces exact alignment with the expected entity match.",0.9,"The actual output is semantically aligned with the expected location, correctly identifying the 'Permiano do Mar do Norte'. It adds extra geological context ('arenitos de duna e wadi') that is not present in the expected output, but this does not distort the meaning or introduce wrong entities or relations. The answer preserves the intended geological semantics and directly answers where the cutículas were located.",0.4166666666666667,1.0,0.5882352941176471,0.36363636363636365,1.0,0.5333333333333333,0.4166666666666667,1.0,0.5882352941176471,0.0,0.5882352941176471,
resultados/petrobras-5-mini-com-ontologia-embeddingfirst/batch_eaf69800-ceb2-448a-b8a7-c0f2507b03f7-completo.csv,rag,1685,"O que promove modificações marcantes na textura, mineralogia e composição química dos sedimentos?",processo de infiltração mecânica,,A infiltração mecânica (especialmente de argilas).,1.0,"The score is 1.00 because the response is fully relevant to the question, directly addressing what promotes marked changes in the texture, mineralogy, and chemical composition of sediments, with no irrelevant statements. Great job keeping the answer focused and on-topic.",,Skipped: empty context.,,Skipped: empty context.,,Skipped: empty context.,0.9,"The actual output matches the expected meaning closely: both identify the ""processo de infiltração mecânica"" as what causes marked changes in texture, mineralogy, and chemical composition of sediments. The addition ""(especialmente de argilas)"" is extra detail not contradicted by the expected output, so it should not be penalized beyond a small deduction for not matching the expected phrasing exactly.",1.0,"The actual output fully captures the essential concept from the expected output: it identifies the relevant process as ""infiltração mecânica"". The added detail ""(especialmente de argilas)"" does not conflict with the expected answer and remains aligned with the input asking what promotes marked changes in sediment texture, mineralogy, and chemical composition. No important information is omitted.",0.9,"The actual output aligns closely with the expected geological concept by identifying ""infiltração mecânica"" as the process that causes marked changes in sediment texture, mineralogy, and chemical composition. It uses appropriate geological terminology and even adds a relevant domain-specific detail, ""especialmente de argilas"", without introducing incorrect relations or misuse of lithologic or stratigraphic concepts. The main shortcoming is minor wording variation from the expected phrase ""processo de infiltração mecânica"", but semantically it remains coherent and correct.",0.9,"The actual output is semantically well aligned with the expected output because it identifies the same geological process, 'infiltração mecânica', which directly answers what promotes changes in texture, mineralogy, and chemical composition of sediments. The added detail '(especialmente de argilas)' does not introduce a contradiction or role inversion; it remains within the intended geological meaning. The only minor shortcoming is that it omits the explicit word 'processo', but the concept is still clearly preserved.",0.625,0.8333333333333334,0.7142857142857143,0.42857142857142855,0.6,0.5,0.5,0.6666666666666666,0.5714285714285715,0.0,0.6,
resultados/petrobras-5-mini-com-ontologia-embeddingfirst/batch_eaf69800-ceb2-448a-b8a7-c0f2507b03f7-completo.csv,graphrag,1685,"O que promove modificações marcantes na textura, mineralogia e composição química dos sedimentos?",processo de infiltração mecânica,,A infiltração mecânica de argilas — a introdução pós‑depositacional de argilas em sedimentos originalmente pobres em argila.,1.0,"The score is 1.00 because the response stayed fully focused on what promotes marked changes in the texture, mineralogy, and chemical composition of sediments, with no irrelevant statements. Great job keeping the answer precise and directly aligned with the question.",,Skipped: empty context.,,Skipped: empty context.,,Skipped: empty context.,1.0,"The actual output matches the expected concept for the input about what promotes marked changes in sediment texture, mineralogy, and chemical composition: it identifies ""infiltração mecânica de argilas,"" which corresponds directly to the expected ""processo de infiltração mecânica."" The added description is consistent and does not introduce any factual contradiction, so the difference is only stylistic and more specific, which should not be penalized.",1.0,"The expected output requires identifying the key relation that, for the input question about what promotes marked changes in sediment texture, mineralogy, and chemical composition, the answer is the 'processo de infiltração mecânica'. The actual output clearly includes this essential concept as 'A infiltração mecânica de argilas' and adds a correct explanatory gloss. It covers the core entity and relation fully, with no important omission.",1.0,"The response aligns very well with the expected geological concept: it identifies 'infiltração mecânica de argilas', which is a precise formulation of the expected 'processo de infiltração mecânica'. It uses correct diagenetic and sedimentological terminology, including 'introdução pós-depositacional de argilas' and 'sedimentos originalmente pobres em argila', without introducing incorrect lithologic, stratigraphic, or reservoir interpretations. The added detail is semantically coherent and directly answers what causes marked changes in texture, mineralogy, and chemical composition of sediments.",1.0,"The actual output is semantically aligned with the expected output: it identifies ""A infiltração mecânica de argilas,"" which matches the expected ""processo de infiltração mecânica."" It preserves the correct geological concept for what causes marked changes in textura, mineralogia e composição química dos sedimentos, and the added gloss about post-depositional introduction of clays is consistent rather than misleading. There is no concept confusion, role inversion, or misuse of domain-specific meaning.",0.23809523809523808,0.8333333333333334,0.37037037037037035,0.15,0.6,0.24,0.19047619047619047,0.6666666666666666,0.2962962962962963,0.0,0.3,
resultados/petrobras-5-mini-com-ontologia-embeddingfirst/batch_eaf69800-ceb2-448a-b8a7-c0f2507b03f7-completo.csv,rag,1686,O que é raro em outros ambientes sedimentares antigos?,infiltração mecânica,,Referências à infiltração mecânica de argilas em outros ambientes sedimentares antigos — são muito raras e superficiais.,1.0,"The score is 1.00 because the response stayed fully focused on answering ""O que é raro em outros ambientes sedimentares antigos?"" with no irrelevant statements, making it completely relevant and on target.",,Skipped: empty context.,,Skipped: empty context.,,Skipped: empty context.,0.8,"The actual output correctly includes the expected concept, ""infiltração mecânica"", in response to the input question about what is rare in other ancient sedimentary environments. It adds extra context (""de argilas"", ""referências"", and ""são muito raras e superficiais"") that is not present in the expected output, but this does not create a clear factual contradiction. Because the core expected answer is present and aligned, only a small penalty is warranted for being less exact than the expected minimal output.",1.0,"The expected output contains the essential concept ""infiltração mecânica"" in response to what is rare in other ancient sedimentary environments. The actual output explicitly includes this key term and correctly situates it as rare in ""outros ambientes sedimentares antigos"". Although it adds extra detail (""de argilas"", ""muito raras e superficiais""), it does not omit any required element.",0.9,"The actual output uses appropriate geological terminology, especially the key concept ""infiltração mecânica de argilas"" and the context of ""outros ambientes sedimentares antigos,"" which aligns well with the expected output ""infiltração mecânica."" It is semantically coherent and domain-appropriate. A small deduction is warranted because it adds interpretation not present in the expected output (""muito raras e superficiais"") and includes extra phrasing (""Referências à""), which goes beyond the minimal expected entity.",1.0,"The actual output preserves the expected geological concept exactly: it identifies ""infiltração mecânica"" as what is rare in other ancient sedimentary environments. The added details about ""argilas"" and being ""muito raras e superficiais"" remain semantically aligned with the input and do not invert or confuse entities, classes, or relations.",0.21052631578947367,1.0,0.34782608695652173,0.16666666666666666,1.0,0.2857142857142857,0.21052631578947367,1.0,0.34782608695652173,0.0,0.2222222222222222,
resultados/petrobras-5-mini-com-ontologia-embeddingfirst/batch_eaf69800-ceb2-448a-b8a7-c0f2507b03f7-completo.csv,graphrag,1686,O que é raro em outros ambientes sedimentares antigos?,infiltração mecânica,,"Referências à infiltração mecânica de argilas — ou seja, a própria infiltração mecânica de argilas — são muito raras em outros sedimentos antigos.",1.0,"The score is 1.00 because the response stayed fully focused on answering ""O que é raro em outros ambientes sedimentares antigos?"" with no irrelevant statements, so it is completely relevant and deserves the highest score.",,Skipped: empty context.,,Skipped: empty context.,,Skipped: empty context.,0.8,"The actual output matches the expected meaning by identifying ""infiltração mecânica"" as the rare feature in outros ambientes sedimentares antigos. It adds extra detail about ""argilas"" and rephrases the sentence, which is a harmless wording expansion rather than a contradiction. However, it is less exact than the expected concise answer and slightly shifts from the bare target phrase to ""infiltração mecânica de argilas"" and ""outros sedimentos antigos.""",1.0,"The expected output requires identifying the key concept ""infiltração mecânica"" as what is raro em outros ambientes sedimentares antigos. The actual output explicitly includes ""infiltração mecânica de argilas"" and states it is ""muito rara em outros sedimentos antigos,"" which preserves the essential fact and relation from the input. The added wording is more specific but does not omit any important element.",0.8,"The response uses appropriate geological terminology, especially the domain-specific concept 'infiltração mecânica de argilas', which is semantically close to the expected 'infiltração mecânica'. It correctly identifies what is rare in other ancient sedimentary environments, aligning with the input. However, it adds extra wording ('Referências à...' and 'em outros sedimentos antigos') beyond the expected concise entity, making it less exact than the target output.",1.0,"The actual output is semantically aligned with the expected output because it correctly identifies ""infiltração mecânica"" as the rare phenomenon mentioned in the input about ""outros ambientes sedimentares antigos."" It preserves the core geological concept and relation of rarity, with only minor added wording about argilas and references, which does not change the intended meaning.",0.14814814814814814,1.0,0.25806451612903225,0.11538461538461539,1.0,0.20689655172413793,0.14814814814814814,1.0,0.25806451612903225,0.0,0.17391304347826084,
resultados/petrobras-5-mini-com-ontologia-embeddingfirst/batch_eaf69800-ceb2-448a-b8a7-c0f2507b03f7-completo.csv,rag,1690,"Qual processo promove modificações marcantes na textura, mineralogia e composição química dos sedimentos onde atua?",processo de infiltração mecânica,,A infiltração mecânica — nomeadamente a infiltração mecânica de argilas.,0.0,"The score is 0.00 because the response does not identify the correct process asked in the question and instead focuses on ""a infiltração mecânica"" and ""infiltração mecânica de argilas,"" which are not relevant answers to the broad changes in texture, mineralogy, and chemical composition of sediments. Since the answer misses the core concept entirely, it cannot score higher.",,Skipped: empty context.,,Skipped: empty context.,,Skipped: empty context.,1.0,"The actual output matches the expected meaning for the input about which process causes marked changes in texture, mineralogy, and chemical composition of sediments. It correctly identifies ""infiltração mecânica"" and even adds a compatible detail (""de argilas""), with no factual contradiction. The only difference is extra wording and emphasis, which is stylistic and should not be penalized heavily.",1.0,"The actual output correctly identifies the expected process as ""infiltração mecânica"", which is the essential element from the expected output. The added detail ""nomeadamente a infiltração mecânica de argilas"" is extra but does not conflict with the expected answer, so coverage is complete and concise.",1.0,"The response matches the expected geological process, identifying 'infiltração mecânica' correctly and using appropriate sedimentological terminology. It stays domain-consistent with the input about changes in textura, mineralogia e composição química dos sedimentos. The added specificity 'de argilas' is acceptable and does not introduce a geological misuse or contradict the expected output.",0.9,"The actual output is semantically well aligned with the expected geological concept: it identifies ""infiltração mecânica"" as the process, which matches ""processo de infiltração mecânica"" for the given question about changes in textura, mineralogia e composição química dos sedimentos. A minor shortcoming is the added specificity ""nomeadamente ... de argilas"", which is narrower than the expected output, but it does not invert relations or introduce major domain confusion.",0.38461538461538464,0.8333333333333334,0.5263157894736842,0.25,0.6,0.35294117647058826,0.3076923076923077,0.6666666666666666,0.42105263157894735,0.0,0.46153846153846156,
resultados/petrobras-5-mini-com-ontologia-embeddingfirst/batch_eaf69800-ceb2-448a-b8a7-c0f2507b03f7-completo.csv,graphrag,1690,"Qual processo promove modificações marcantes na textura, mineralogia e composição química dos sedimentos onde atua?",processo de infiltração mecânica,,"A infiltração mecânica — isto é, a introdução mecânica de argilas nos sedimentos pós-deposicionalmente.",0.0,"The score is 0.00 because the response does not identify the process asked in the question and instead focuses on defining ""infiltração mecânica"" in a narrow, unrelated way. Since it fails to address which process causes major changes in the texture, mineralogy, and chemical composition of sediments, it is not relevant to the input.",,Skipped: empty context.,,Skipped: empty context.,,Skipped: empty context.,1.0,"The actual output matches the expected meaning for the input asking which process causes marked changes in texture, mineralogy, and chemical composition of sediments. It correctly identifies ""infiltração mecânica,"" which is exactly the expected process, and the added explanation about introduction of clays post-depositionally is consistent rather than contradictory. The only difference is extra wording, which should not be penalized because the core answer remains correct.",1.0,"The expected output requires identifying the entity/process as ""processo de infiltração mecânica"". The actual output correctly names this same process as ""A infiltração mecânica"" and adds a consistent explanatory gloss (introdução mecânica de argilas nos sedimentos pós-deposicionalmente). It covers the essential element from the expected answer with no important omission, despite slightly different wording.",1.0,"The response matches the expected geological process, identifying 'infiltração mecânica' correctly and using domain-appropriate sedimentological language. It stays semantically coherent with the input about post-depositional changes in texture, mineralogy, and chemical composition, and the added gloss about 'introdução mecânica de argilas nos sedimentos' is geologically appropriate rather than misleading.",1.0,"The actual output matches the expected geological concept exactly: it identifies the relevant process as ""infiltração mecânica,"" which is the same entity as ""processo de infiltração mecânica."" The added gloss (""introdução mecânica de argilas nos sedimentos pós-deposicionalmente"") remains geologically consistent with the input about changes in textura, mineralogia e composição química dos sedimentos and does not introduce concept confusion, inverted relations, or misuse of domain terms.",0.2777777777777778,0.8333333333333334,0.4166666666666667,0.17647058823529413,0.6,0.2727272727272727,0.2222222222222222,0.6666666666666666,0.3333333333333333,0.0,0.3529411764705882,
resultados/petrobras-5-mini-com-ontologia-embeddingfirst/batch_eaf69800-ceb2-448a-b8a7-c0f2507b03f7-completo.csv,rag,1696,O que a infiltração mecânica promove nos sedimentos onde atua?,"modificações marcantes na textura, mineralogia e composição química dos sedimentos",,"Promove modificações marcantes na textura, na mineralogia e na composição química dos sedimentos onde atua.",1.0,The score is 1.00 because the answer stays fully focused on what 'a infiltração mecânica promove nos sedimentos onde atua' and contains no irrelevant statements. It directly addresses the input clearly and appropriately—great job.,,Skipped: empty context.,,Skipped: empty context.,,Skipped: empty context.,1.0,"The actual output matches the expected meaning closely for the input about what infiltração mecânica promotes in sediments. It correctly includes the key elements from the expected output: mudanças na textura, mineralogia e composição química dos sedimentos. The additions of 'Promove' and 'onde atua' are harmless wording differences, and there are no factual contradictions or mistakes.",1.0,"The actual output fully covers the essential facts from the expected output: it states that a infiltração mecânica promove modificações marcantes na textura, na mineralogia e na composição química dos sedimentos. It preserves the key entities and relations from the test case, with only minor wording additions like ""onde atua,"" which do not change meaning.",1.0,"The actual output matches the expected geological interpretation almost exactly, stating that infiltração mecânica promotes ""modificações marcantes na textura, na mineralogia e na composição química dos sedimentos"". It uses domain-appropriate terms such as textura, mineralogia, composição química, and sedimentos correctly, with no misuse of lithologic, stratigraphic, facies, or reservoir concepts. The only difference is minor wording like ""onde atua,"" which does not change the geological meaning.",1.0,"The actual output is semantically aligned with the expected output: it states that a infiltração mecânica promove modificações marcantes na textura, na mineralogia e na composição química dos sedimentos onde atua, which matches the expected geological effects on the sedimentos. It preserves the correct entities, properties, and relation without concept confusion or inversion, and the extra phrase 'onde atua' remains consistent with the input.",0.7222222222222222,1.0,0.8387096774193548,0.5882352941176471,0.8333333333333334,0.6896551724137931,0.7222222222222222,1.0,0.8387096774193548,0.0,0.8,
resultados/petrobras-5-mini-com-ontologia-embeddingfirst/batch_eaf69800-ceb2-448a-b8a7-c0f2507b03f7-completo.csv,graphrag,1696,O que a infiltração mecânica promove nos sedimentos onde atua?,"modificações marcantes na textura, mineralogia e composição química dos sedimentos",,"Promove alterações marcantes na textura, mineralogia e na composição química dos sedimentos.",1.0,"The score is 1.00 because the response is fully relevant to the question about what mechanical infiltration promotes in the sediments where it acts, with no irrelevant statements. Clear and directly on point—great job.",,Skipped: empty context.,,Skipped: empty context.,,Skipped: empty context.,1.0,"The actual output matches the expected meaning closely for the input about what 'a infiltração mecânica' promotes in sediments. It correctly states changes in 'textura, mineralogia e composição química dos sedimentos,' which aligns directly with the expected 'modificações marcantes'. The wording differs slightly ('Promove alterações' vs. 'modificações'), but there is no factual contradiction or substantive omission.",1.0,"The actual output fully covers the essential elements from the expected output: it states that infiltração mecânica causes marked changes in the sedimentos' textura, mineralogia, and composição química. The wording differs slightly ('Promove alterações' vs. 'modificações marcantes'), but the meaning is equivalent and no important information is omitted.",1.0,"The actual output aligns almost exactly with the expected geological interpretation: it states that infiltração mecânica causes marked changes in textura, mineralogia e composição química dos sedimentos. The terminology is domain-appropriate and semantically coherent, with no misuse of lithologic, stratigraphic, facies, or reservoir concepts. The only minor difference is wording ('Promove alterações' vs. 'modificações'), which does not change the geological meaning.",1.0,"The actual output is semantically equivalent to the expected output: it states that infiltração mecânica promotes significant changes in the sediments' textura, mineralogia, and composição química. The only difference is wording ('Promove alterações' vs. 'modificações marcantes'), which preserves the same geological meaning, entities, and relations with no concept confusion or inversion.",0.8,0.9230769230769231,0.8571428571428571,0.7142857142857143,0.8333333333333334,0.7692307692307692,0.8,0.9230769230769231,0.8571428571428571,0.0,0.8181818181818182,
resultados/petrobras-5-mini-com-ontologia-embeddingfirst/batch_eaf69800-ceb2-448a-b8a7-c0f2507b03f7-completo.csv,rag,1697,Qual a melhor ferramenta para identificar e descrever argilas mecanicamente infiltradas em sedimentos antigos?,análise de lâminas delgadas,,"A análise de lâminas delgadas — isto é, microscopia petrográfica de lâminas delgadas — é a melhor ferramenta.",1.0,"The score is 1.00 because the answer appears fully relevant to the question about the best tool to identify and describe mechanically infiltrated clays in ancient sediments, with no irrelevant statements present. Great focus and alignment with the input.",,Skipped: empty context.,,Skipped: empty context.,,Skipped: empty context.,1.0,"The actual output matches the expected output in meaning: it identifies ""análise de lâminas delgadas"" as the best tool for describing argilas mecanicamente infiltradas em sedimentos antigos. The added clarification ""microscopia petrográfica de lâminas delgadas"" and extra phrasing are harmless wording differences, with no factual contradiction or mistake relative to the expected output.",1.0,"The actual output fully captures the essential expected element, namely ""análise de lâminas delgadas,"" which is the key tool asked in the input about identifying and describing mechanically infiltrated clays in ancient sediments. The added clarification ""microscopia petrográfica de lâminas delgadas"" and wording ""é a melhor ferramenta"" remain consistent with the expected output and do not omit any important information.",1.0,"The actual output matches the expected tool, 'análise de lâminas delgadas', and uses appropriate geological terminology by specifying 'microscopia petrográfica de lâminas delgadas'. It is semantically coherent for identifying and describing argilas mecanicamente infiltradas in ancient sediments, with no misuse of lithologic, facies, stratigraphic, or reservoir concepts.",1.0,"The actual output is semantically aligned with the expected output: it identifies ""análise de lâminas delgadas"" as the best tool and adds the equivalent clarification ""microscopia petrográfica de lâminas delgadas"" without changing the meaning. It stays consistent with the geological context of identifying and describing ""argilas mecanicamente infiltradas em sedimentos antigos"" and does not introduce concept confusion, wrong relations, or domain misuse. Although slightly more verbose than the expected output, it preserves the intended geological semantics exactly.",0.3333333333333333,1.0,0.5,0.29411764705882354,1.0,0.45454545454545453,0.3333333333333333,1.0,0.5,0.0,0.4,
resultados/petrobras-5-mini-com-ontologia-embeddingfirst/batch_eaf69800-ceb2-448a-b8a7-c0f2507b03f7-completo.csv,graphrag,1697,Qual a melhor ferramenta para identificar e descrever argilas mecanicamente infiltradas em sedimentos antigos?,análise de lâminas delgadas,,"A análise petrográfica de lâminas delgadas — ou seja, exame em lâminas delgadas ao microscópio — é indicada como a melhor ferramenta.",1.0,"The score is 1.00 because the answer stayed fully focused on identifying and describing argilas mecanicamente infiltradas em sedimentos antigos, with no irrelevant statements. It directly addressed the question clearly and appropriately—great job.",,Skipped: empty context.,,Skipped: empty context.,,Skipped: empty context.,1.0,"The actual output matches the expected output in meaning: it identifies ""análise petrográfica de lâminas delgadas"" / exame em microscópio as the best tool, which is consistent with the expected ""análise de lâminas delgadas"" for identifying and describing argilas mecanicamente infiltradas em sedimentos antigos. There are no factual contradictions, and the added wording is a harmless elaboration rather than an error.",1.0,"The actual output fully matches the expected core answer, identifying 'análise petrográfica de lâminas delgadas' / 'exame em lâminas delgadas ao microscópio' as the best tool for identifying and describing mechanically infiltrated clays in ancient sediments. It preserves the essential element from the expected output, 'análise de lâminas delgadas', and the added wording is relevant rather than incorrect.",1.0,"The actual output matches the expected answer by identifying 'análise petrográfica de lâminas delgadas' / 'exame em lâminas delgadas ao microscópio' as the best tool, which is semantically equivalent to 'análise de lâminas delgadas'. It uses appropriate geological language for describing identification of argilas mecanicamente infiltradas em sedimentos antigos, with no misuse of lithologic, facies, stratigraphic, or reservoir concepts.",1.0,"The actual output is semantically aligned with the expected output, identifying 'análise petrográfica de lâminas delgadas' / exame ao microscópio as the best tool, which matches 'análise de lâminas delgadas'. It preserves the intended geological meaning for identifying and describing argilas mecanicamente infiltradas em sedimentos antigos, with no concept confusion, role inversion, or domain misuse. The added wording is explanatory but remains fully consistent with the expected geological concept.",0.25,1.0,0.4,0.17391304347826086,0.8,0.2857142857142857,0.25,1.0,0.4,0.0,0.33333333333333337,
resultados/petrobras-5-mini-com-ontologia-embeddingfirst/batch_eaf69800-ceb2-448a-b8a7-c0f2507b03f7-completo.csv,rag,1699,Quais são os depósitos que LOUCKS et alii invocam para explicar os day coats presentes em alguns arenitos?,"depositados em deltas e ilhas de barreira no Terciário da Costa do Golfo,",,Arenitos depositados em deltas e em ilhas de barreira do Terciário da Costa do Golfo.,1.0,"The score is 1.00 because the response stays fully focused on the question about quais depósitos LOUCKS et alii invocam para explicar os day coats nos arenitos, with no irrelevant statements. It directly addresses the input clearly and completely—great job.",,Skipped: empty context.,,Skipped: empty context.,,Skipped: empty context.,1.0,"The actual output matches the expected meaning closely: it identifies arenitos depositados em deltas e ilhas de barreira no Terciário da Costa do Golfo, which is exactly what the test case asks. The additions of ""Arenitos"" and ""em"" are harmless wording differences, and there are no factual contradictions or mistakes relative to the expected output.",1.0,"The response captures all essential elements from the expected output: the deposits are arenitos in deltas and barrier islands from the Terciário da Costa do Golfo. The wording is slightly expanded with 'Arenitos depositados' and 'em ilhas de barreira', but it preserves the key entities and relations requested by the input without omitting any important fact.",1.0,"The response matches the expected geological interpretation closely, identifying the depósitos as arenitos depositados em deltas e ilhas de barreira do Terciário da Costa do Golfo. It uses domain-appropriate terminology such as 'arenitos', 'deltas', 'ilhas de barreira' and 'Terciário' correctly, with no misuse of lithologic, stratigraphic, or depositional concepts. The only difference is minor wording ('em'/'do' versus 'no'), which does not alter the geological meaning.",1.0,"The actual output matches the expected geological meaning closely: it identifies the depósitos as arenitos depositados em deltas e ilhas de barreira do/no Terciário da Costa do Golfo, which is the same set of depositional settings and time-region context requested in the input. The added word ""Arenitos"" does not alter the semantics, and there is no concept confusion, role inversion, or misuse of geological terms.",0.8125,0.9285714285714286,0.8666666666666666,0.6666666666666666,0.7692307692307693,0.7142857142857142,0.8125,0.9285714285714286,0.8666666666666666,0.0,0.8571428571428571,
resultados/petrobras-5-mini-com-ontologia-embeddingfirst/batch_eaf69800-ceb2-448a-b8a7-c0f2507b03f7-completo.csv,graphrag,1699,Quais são os depósitos que LOUCKS et alii invocam para explicar os day coats presentes em alguns arenitos?,"depositados em deltas e ilhas de barreira no Terciário da Costa do Golfo,",,Arenitos depositados em deltas e em ilhas de barreira do Terciário da Costa do Golfo.,1.0,"The score is 1.00 because the response is fully focused on answering which depósitos LOUCKS et alii invocam para explicar os day coats, with no irrelevant statements. Great job keeping it precise and directly aligned with the question.",,Skipped: empty context.,,Skipped: empty context.,,Skipped: empty context.,1.0,"The actual output matches the expected content closely: it identifies arenitos depositados em deltas e ilhas de barreira no Terciário da Costa do Golfo, which is exactly the deposit setting asked in the input. The added word ""Arenitos"" and minor wording differences like ""em"" versus the expected phrasing are harmless stylistic variations, and there are no factual contradictions or mistakes.",1.0,"The response captures all essential elements from the expected output: the deposits are arenitos in deltas and barrier islands, located in the Terciário da Costa do Golfo. Wording differs slightly by adding ""Arenitos"" and using ""em ilhas de barreira"" instead of ""ilhas de barreira no"", but these do not change the core facts requested in the input about which depósitos LOUCKS et alii invoke.",1.0,"The response matches the expected geological interpretation closely: it identifies the depósitos as arenitos depositados em deltas e ilhas de barreira do/no Terciário da Costa do Golfo, which aligns with the expected entities, depositional settings, and stratigraphic context. It uses appropriate geological terminology such as 'arenitos', 'deltas', 'ilhas de barreira' and 'Terciário', with no misuse of concepts or relations.",1.0,"The actual output is semantically aligned with the expected output: it identifies the depósitos as arenitos depositados em deltas e ilhas de barreira do/no Terciário da Costa do Golfo. It preserves the key geological entities and depositional settings from the test case, with only a minor wording difference ('em ilhas de barreira' and adding 'Arenitos') that does not change the meaning or relations.",0.8125,0.9285714285714286,0.8666666666666666,0.6666666666666666,0.7692307692307693,0.7142857142857142,0.8125,0.9285714285714286,0.8666666666666666,0.0,0.8571428571428571,
resultados/petrobras-5-mini-com-ontologia-embeddingfirst/batch_eaf69800-ceb2-448a-b8a7-c0f2507b03f7-completo.csv,rag,1700,O que KESSLER identifica em arenitos de duna e wadi do Permiano do Mar do Norte?,cutículas de argila e hematita,,"Cutículas de argila e hematita, interpretadas como acumuladas por infiltração mecânica.",1.0,"The score is 1.00 because the answer appears fully focused on what KESSLER identifies in Permian North Sea dune and wadi sandstones, with no irrelevant statements. It is directly relevant and stays on topic nicely.",,Skipped: empty context.,,Skipped: empty context.,,Skipped: empty context.,1.0,"The actual output matches the expected core content exactly by identifying ""cutículas de argila e hematita"" in arenitos de duna e wadi do Permiano do Mar do Norte. The added phrase ""interpretadas como acumuladas por infiltração mecânica"" goes beyond the expected output but does not contradict it, so it should not be penalized under the instruction to ignore harmless wording differences when the meaning remains correct.",1.0,"The actual output fully includes the essential expected content, namely ""cutículas de argila e hematita,"" which directly answers what KESSLER identifies in arenitos de duna e wadi do Permiano do Mar do Norte. The added phrase about being ""interpretadas como acumuladas por infiltração mecânica"" is extra detail not present in the expected output, but it does not conflict with or omit any key fact.",1.0,"The actual output matches the expected geological entities exactly by identifying ""cutículas de argila e hematita"" in Permian North Sea dune and wadi sandstones, and it uses appropriate geological terminology. The added interpretation, ""acumuladas por infiltração mecânica,"" is domain-appropriate and semantically coherent, not conflicting with the expected output or misusing lithologic, facies, or stratigraphic concepts.",1.0,"The actual output matches the expected geological entities exactly: it identifies 'cutículas de argila e hematita' in arenitos de duna e wadi do Permiano do Mar do Norte. The added detail, 'interpretadas como acumuladas por infiltração mecânica', does not conflict with the expected answer and preserves the intended geological semantics without introducing concept confusion or incorrect relations.",0.42857142857142855,1.0,0.6,0.38461538461538464,1.0,0.5555555555555556,0.42857142857142855,1.0,0.6,0.0,0.625,
resultados/petrobras-5-mini-com-ontologia-embeddingfirst/batch_eaf69800-ceb2-448a-b8a7-c0f2507b03f7-completo.csv,graphrag,1700,O que KESSLER identifica em arenitos de duna e wadi do Permiano do Mar do Norte?,cutículas de argila e hematita,,"Cutículas de argila e hematita, interpretadas como acumuladas por infiltração mecânica.",1.0,"The score is 1.00 because the answer is fully focused on what KESSLER identifies in Permian North Sea dune and wadi sandstones, with no irrelevant statements. It directly addresses the question clearly and appropriately.",,Skipped: empty context.,,Skipped: empty context.,,Skipped: empty context.,0.9,"The actual output matches the expected core content exactly by identifying ""cutículas de argila e hematita"" in the arenitos de duna e wadi do Permiano do Mar do Norte. The added phrase ""interpretadas como acumuladas por infiltração mecânica"" is extra information not present in the expected output, but it does not contradict it. Since the meaning stays correct and there are no factual conflicts, only a small deduction is warranted for adding unsupported detail beyond the expected answer.",1.0,"The actual output fully covers the essential expected content for the question about what KESSLER identifies in arenitos de duna e wadi do Permiano do Mar do Norte: it includes both key items, ""cutículas de argila"" and ""hematita"". The added detail about being ""interpretadas como acumuladas por infiltração mecânica"" is extra but does not conflict with the expected output, so no omission penalty applies.",1.0,"The response matches the expected geological entities exactly by identifying ""cutículas de argila e hematita"" in arenitos de duna e wadi do Permiano do Mar do Norte, using appropriate sedimentological terminology. The added interpretation, ""acumuladas por infiltração mecânica,"" is domain-appropriate and semantically coherent, with no misuse of lithologic, facies, stratigraphic, or reservoir concepts.",1.0,"The actual output matches the expected geological entities exactly by identifying 'cutículas de argila e hematita' in arenitos de duna e wadi do Permiano do Mar do Norte. The added detail, 'interpretadas como acumuladas por infiltração mecânica', remains geologically consistent and does not introduce concept confusion, wrong roles, or inverted relations. It preserves the intended semantics while being slightly more specific than the expected output.",0.42857142857142855,1.0,0.6,0.38461538461538464,1.0,0.5555555555555556,0.42857142857142855,1.0,0.6,0.0,0.625,
resultados/petrobras-5-mini-com-ontologia-embeddingfirst/batch_eaf69800-ceb2-448a-b8a7-c0f2507b03f7-completo.csv,rag,1701,"De acordo com WALKER et alii, quais são os depósitos que contêm comumente de 10 a 20% de argilas infiltradas?",depósitos terciários e pleistocênicos do Sudoeste americano,,Os depósitos terciários e pleistocênicos do Sudoeste americano.,1.0,"The score is 1.00 because the answer is fully relevant to the question, directly addressing which deposits commonly contain 10 to 20% de argilas infiltradas, with no irrelevant statements. Great job staying precise and on-topic.",,Skipped: empty context.,,Skipped: empty context.,,Skipped: empty context.,1.0,"The actual output matches the expected content exactly in meaning: it identifies ""depósitos terciários e pleistocênicos do Sudoeste americano"" as the deposits with 10 a 20% de argilas infiltradas. The only difference is the added article ""Os"" and final punctuation, which are harmless stylistic variations and do not introduce any factual contradiction.",1.0,"The actual output fully matches the expected content: it correctly identifies the relevant deposits as 'depósitos terciários e pleistocênicos do Sudoeste americano,' which is the key fact requested by the input about deposits comumente com 10 a 20% de argilas infiltradas. The added article 'Os' does not change meaning, so there are no important omissions or errors.",1.0,"The response matches the expected geological entities almost exactly, identifying ""depósitos terciários e pleistocênicos do Sudoeste americano"" with appropriate stratigraphic terminology and regional context from the input about deposits containing 10 a 20% de argilas infiltradas. It uses coherent geological language and introduces no incorrect lithologies, facies, reservoir notions, or domain relations; the only minor difference is the added article ""Os"" and final punctuation.",1.0,"The actual output matches the expected output semantically and preserves the key geological entities: it identifies the relevant depósitos as ""terciários e pleistocênicos do Sudoeste americano,"" which is exactly the target class/location combination asked in the input about deposits with 10 a 20% de argilas infiltradas. The only difference is the added article ""Os,"" which does not change meaning or geological alignment.",0.9090909090909091,1.0,0.9523809523809523,0.9,1.0,0.9473684210526316,0.9090909090909091,1.0,0.9523809523809523,0.0,0.9333333333333333,
resultados/petrobras-5-mini-com-ontologia-embeddingfirst/batch_eaf69800-ceb2-448a-b8a7-c0f2507b03f7-completo.csv,graphrag,1701,"De acordo com WALKER et alii, quais são os depósitos que contêm comumente de 10 a 20% de argilas infiltradas?",depósitos terciários e pleistocênicos do Sudoeste americano,,Os depósitos terciários e pleistocênicos do Sudoeste americano.,1.0,"The score is 1.00 because the response directly answers which deposits, according to WALKER et alii, commonly contain 10 to 20% of infiltrated clays, with no irrelevant statements. Great job staying fully focused on the question.",,Skipped: empty context.,,Skipped: empty context.,,Skipped: empty context.,1.0,"The actual output matches the expected content exactly in meaning: it identifies 'depósitos terciários e pleistocênicos do Sudoeste americano' as the deposits mentioned by WALKER et alii. The only difference is the added article 'Os', which is a harmless wording variation and does not change the answer. There are no factual contradictions or mistakes relative to the expected output.",1.0,"The actual output fully matches the expected content: it identifies the correct depósitos, namely ""depósitos terciários e pleistocênicos do Sudoeste americano,"" which is the key fact asked in the input about those that commonly contain 10 to 20% de argilas infiltradas. The only difference is the added article ""Os,"" which does not omit or alter any essential information.",1.0,"The actual output matches the expected geological entities exactly in meaning: it identifies 'depósitos terciários e pleistocênicos do Sudoeste americano' as the deposits with 10 a 20% de argilas infiltradas. It uses appropriate stratigraphic terminology ('terciários', 'pleistocênicos') and a valid regional geological reference, with no misuse of lithologic, facies, or reservoir concepts. The only difference is the addition of the article 'Os', which does not affect semantic alignment.",1.0,"The actual output matches the expected geological entities exactly in meaning: it identifies 'depósitos terciários e pleistocênicos do Sudoeste americano' as the deposits that commonly contain 10 to 20% infiltrated clays, consistent with the input question about WALKER et alii. The added article 'Os' does not change the semantics, and there is no concept confusion, relation inversion, or misuse of geological terms.",0.9090909090909091,1.0,0.9523809523809523,0.9,1.0,0.9473684210526316,0.9090909090909091,1.0,0.9523809523809523,0.0,0.9333333333333333,
resultados/petrobras-5-mini-com-ontologia-embeddingfirst/batch_eaf69800-ceb2-448a-b8a7-c0f2507b03f7-completo.csv,rag,1702,O que o processo de infiltração mecânica promove nos sedimentos onde atua?,"modificações marcantes na textura, mineralogia e composição química dos sedimentos",,"Promove modificações marcantes na textura, na mineralogia e na composição química dos sedimentos onde atua.",1.0,"The score is 1.00 because the response stayed fully focused on explaining what o processo de infiltração mecânica promove nos sedimentos onde atua, without introducing irrelevant information. Clear, direct, and fully relevant.",,Skipped: empty context.,,Skipped: empty context.,,Skipped: empty context.,1.0,"The actual output matches the expected meaning for the input about what the processo de infiltração mecânica promove nos sedimentos: it correctly states modificações marcantes na textura, mineralogia e composição química dos sedimentos. The only differences are harmless wording additions like 'Promove' and 'onde atua' and the repeated 'na', with no factual contradictions or mistakes.",1.0,"The actual output fully covers the essential elements from the expected output: it states that a infiltração mecânica promove modificações marcantes na textura, na mineralogia e na composição química dos sedimentos. It preserves the key facts, entities, and relation from the test case, with only minor wording differences such as adding 'onde atua', which does not change meaning.",1.0,"The actual output matches the expected geological interpretation almost exactly, stating that infiltração mecânica promotes mudanças na textura, mineralogia e composição química dos sedimentos. It uses appropriate domain terms for the input, preserves the correct entities and relations, and adds only a harmless phrase ('onde atua') without introducing any geological misuse or semantic inconsistency.",1.0,"The actual output is semantically equivalent to the expected output and preserves the key geological effects of infiltração mecânica: mudanças na textura, mineralogia e composição química dos sedimentos. It does not introduce concept confusion, incorrect entities, or inverted relations, and the added phrasing ""onde atua"" remains consistent with the input without altering the intended meaning.",0.7222222222222222,1.0,0.8387096774193548,0.5882352941176471,0.8333333333333334,0.6896551724137931,0.7222222222222222,1.0,0.8387096774193548,0.0,0.8,
resultados/petrobras-5-mini-com-ontologia-embeddingfirst/batch_eaf69800-ceb2-448a-b8a7-c0f2507b03f7-completo.csv,graphrag,1702,O que o processo de infiltração mecânica promove nos sedimentos onde atua?,"modificações marcantes na textura, mineralogia e composição química dos sedimentos",,"Introduce argilas pós‑deposicionalmente e provoca modificações marcantes na textura, mineralogia e na composição química dos sedimentos.",1.0,"The score is 1.00 because the answer stays fully focused on what o processo de infiltração mecânica promove nos sedimentos onde atua, without irrelevant statements. It directly addresses the input clearly and appropriately—great job.",,Skipped: empty context.,,Skipped: empty context.,,Skipped: empty context.,0.9,"The actual output matches the expected meaning by stating that the process causes 'modificações marcantes na textura, mineralogia e na composição química dos sedimentos', which aligns directly with the expected output for the question about infiltração mecânica. A small mismatch is the added claim 'Introduce argilas pós‑deposicionalmente', which is not present in the expected output and could be an unsupported extra detail, but it does not contradict the core expected answer.",1.0,"The actual output fully covers the essential content from the expected output: it states that infiltração mecânica causes 'modificações marcantes na textura, mineralogia e na composição química dos sedimentos,' which matches the key facts and relations asked in the input. The added detail about introducing 'argilas pós‑deposicionalmente' goes beyond the expected output but does not conflict with it, so no penalty is warranted.",0.9,"The response aligns strongly with the expected geological interpretation: it correctly states that infiltração mecânica causes marked changes in textura, mineralogia e composição química dos sedimentos, matching the expected output closely. It also uses appropriate domain language such as ""argilas pós-deposicionalmente,"" which is geologically coherent for mechanical infiltration. A small deduction is warranted because the added detail about introducing clays is not explicitly present in the expected output, though it is not a misuse of geological concepts.",0.9,"The response preserves the core expected geological semantics: it states that infiltração mecânica causes ""modificações marcantes na textura, mineralogia e na composição química dos sedimentos,"" which matches the expected effect almost exactly. It also remains aligned with the domain concepts and relations in the input. A small penalty is warranted because it adds extra information (""Introduce argilas pós‑deposicionalmente"") that is not present in the expected output, though this does not contradict the expected meaning.",0.6190476190476191,1.0,0.7647058823529412,0.55,0.9166666666666666,0.6874999999999999,0.6190476190476191,1.0,0.7647058823529412,0.0,0.7692307692307693,
resultados/petrobras-5-mini-com-ontologia-embeddingfirst/batch_eaf69800-ceb2-448a-b8a7-c0f2507b03f7-completo.csv,rag,1732,O que constitui um bom marco sismoestratigráfico em quase toda a Bacia de Campos?,Topo da biozona N-520,,"O topo da biozona N-520 — um refletor do Oligoceno Inferior, correspondente a uma zona condensada e superfície de downlap.",1.0,"The score is 1.00 because the answer is fully focused on identifying what constitutes um bom marco sismoestratigráfico em quase toda a Bacia de Campos, with no irrelevant statements. Great job staying precise and directly on topic.",,Skipped: empty context.,,Skipped: empty context.,,Skipped: empty context.,1.0,"The actual output matches the expected output’s key content by identifying ""Topo da biozona N-520"" as the bom marco sismoestratigráfico para a pergunta sobre quase toda a Bacia de Campos. The added details about it being a refletor do Oligoceno Inferior, zona condensada, and superfície de downlap do not contradict the expected output and are harmless elaborations, so no factual error is present.",1.0,"The actual output correctly includes the essential expected element, ""Topo da biozona N-520"", which is the key marco sismoestratigráfico asked about for quase toda a Bacia de Campos. The added details about it being a refletor do Oligoceno Inferior and corresponding to uma zona condensada e superfície de downlap are extra but do not conflict with the expected answer.",0.9,"The response matches the expected geological marker, correctly identifying o topo da biozona N-520 as the key marco sismoestratigráfico for quase toda a Bacia de Campos. It also uses appropriate geological terminology such as refletor, Oligoceno Inferior, zona condensada, and superfície de downlap, which is semantically coherent and domain-appropriate. A small penalty is warranted because the added interpretations go beyond the expected output and are not required for exact alignment, though they do not conflict with it.",1.0,"The actual output matches the expected geological entity, correctly identifying ""Topo da biozona N-520"" as the bom marco sismoestratigráfico em quase toda a Bacia de Campos. The added details about it being a refletor do Oligoceno Inferior and corresponding to a zona condensada e superfície de downlap remain semantically aligned with the expected concept and do not introduce role inversion or domain confusion. Although more detailed than the expected output, it preserves the intended geological meaning accurately.",0.23809523809523808,1.0,0.3846153846153846,0.2,1.0,0.33333333333333337,0.23809523809523808,1.0,0.3846153846153846,0.0,0.34782608695652173,
resultados/petrobras-5-mini-com-ontologia-embeddingfirst/batch_eaf69800-ceb2-448a-b8a7-c0f2507b03f7-completo.csv,graphrag,1732,O que constitui um bom marco sismoestratigráfico em quase toda a Bacia de Campos?,Topo da biozona N-520,,"O topo da biozona N‑520 — um refletor datado do Oligoceno Inferior, correspondente a uma zona condensada e a uma superfície de downlap.",1.0,"The score is 1.00 because the response is fully relevant to the question, directly addressing o que constitui um bom marco sismoestratigráfico em quase toda a Bacia de Campos, with no irrelevant statements. Great job staying precise and on topic.",,Skipped: empty context.,,Skipped: empty context.,,Skipped: empty context.,1.0,"The actual output matches the expected core answer, identifying ""Topo da biozona N-520"" as the bom marco sismoestratigráfico em quase toda a Bacia de Campos. The added details about it being a refletor do Oligoceno Inferior, zona condensada, and superfície de downlap do not contradict the expected output and are harmless elaborations rather than factual mistakes.",1.0,"The expected output contains a single essential element: ""Topo da biozona N-520"" as the good marco sismoestratigráfico in quase toda a Bacia de Campos. The actual output includes that exact core fact and adds consistent contextual details (""refletor datado do Oligoceno Inferior"", ""zona condensada"", ""superfície de downlap"") without contradicting the expected answer. Since all essential content is covered, concise scoring should not penalize the extra information.",0.9,"The response matches the expected geological marker, identifying ""o topo da biozona N-520"" as the key sismoestratigráfico marco for quase toda a Bacia de Campos. It uses domain-appropriate terminology such as ""refletor"", ""Oligoceno Inferior"", ""zona condensada"" and ""superfície de downlap"" coherently, which aligns well with the geological context. A small deduction is appropriate because the expected output is only the marker name, while the added interpretations are not required and could introduce unsupported specificity relative to the reference answer.",1.0,"The actual output is semantically aligned with the expected answer because it correctly identifies ""o topo da biozona N‑520"" as the marker in quase toda a Bacia de Campos. It preserves the key geological entity and adds compatible domain details (refletor do Oligoceno Inferior, zona condensada, superfície de downlap) without changing the semantic role or introducing relation errors. The extra information is more specific than the expected output but remains consistent with the intended sismoestratigráfico concept.",0.20833333333333334,1.0,0.3448275862068966,0.17391304347826086,1.0,0.29629629629629634,0.20833333333333334,1.0,0.3448275862068966,0.0,0.3076923076923077,
resultados/petrobras-5-mini-com-ontologia-embeddingfirst/batch_eaf69800-ceb2-448a-b8a7-c0f2507b03f7-completo.csv,rag,1733,Qual é o refletor localizado na zona N - 470?,Topo do Eoceno,,O topo do Eoceno.,0.0,"The score is 0.00 because the answer does not identify which refletor is located in ""zona N - 470"". Instead, it only says ""O topo do Eoceno."", which is a geological horizon without any connection to that specific zone, so it does not address the question at all.",,Skipped: empty context.,,Skipped: empty context.,,Skipped: empty context.,1.0,"The actual output matches the expected output in meaning for the input 'Qual é o refletor localizado na zona N - 470?'. The only difference is a trailing period in 'O topo do Eoceno.' versus 'Topo do Eoceno', which is a harmless wording/punctuation variation and not a factual contradiction.",1.0,"The actual output correctly identifies the requested refletor in zona N - 470 as ""Topo do Eoceno"", which matches the expected output exactly in content. The only difference is the added article and punctuation (""O ... .""), which does not omit or alter any essential fact from the test case.",1.0,"The actual output matches the expected geological entity exactly in meaning: it identifies the reflector in the zona N - 470 as the Topo do Eoceno. The terminology is domain-appropriate and semantically coherent, using a correct stratigraphic term without introducing any misuse of lithology, facies, reservoir concepts, or geological relations. The only difference is the article 'O', which does not change the interpretation.",1.0,"The actual output matches the expected geological entity for the input about the refletor na zona N - 470: both identify ""Topo do Eoceno"". The added article in ""O topo do Eoceno."" does not change the semantic meaning, and there is no concept confusion, relation inversion, or misuse of geological terminology.",0.75,1.0,0.8571428571428571,0.6666666666666666,1.0,0.8,0.75,1.0,0.8571428571428571,0.0,0.8571428571428571,
resultados/petrobras-5-mini-com-ontologia-embeddingfirst/batch_eaf69800-ceb2-448a-b8a7-c0f2507b03f7-completo.csv,graphrag,1733,Qual é o refletor localizado na zona N - 470?,Topo do Eoceno,,O topo do Eoceno — coincide com o topo da biozona N‑470 e constitui um excelente refletor sísmico.,1.0,"The score is 1.00 because the response appears fully relevant to the question ""Qual é o refletor localizado na zona N - 470?"" and there are no irrelevant statements listed. Great job staying focused and directly on topic.",,Skipped: empty context.,,Skipped: empty context.,,Skipped: empty context.,0.8,"The actual output correctly identifies the reflector as ""Topo do Eoceno"", which matches the expected output for the input asking about the refletor na zona N-470. It adds extra information about coinciding with the topo da biozona N-470 and being an excellent seismic reflector, but these additions do not contradict the expected answer. The response is slightly less aligned only because it is not as exact and minimal as the expected output.",1.0,"The expected output contains a single essential fact: the refletor localizado na zona N-470 is ""Topo do Eoceno"". The actual output includes that exact entity and correctly relates it to ""topo da biozona N‑470"" and to being a refletor sísmico. Although more verbose than expected, it fully covers the required answer and adds consistent context without omitting any key detail.",0.9,"The response correctly identifies the geological reflector as ""Topo do Eoceno,"" matching the expected output and using appropriate stratigraphic terminology such as ""topo"" and ""biozona N‑470."" It is semantically coherent and domain-appropriate, but it adds unsupported interpretation (""constitui um excelente refletor sísmico"") and an extra relation (coinciding with the top of biozone N‑470) that goes beyond the expected answer.",1.0,"The actual output is semantically aligned with the expected output because it correctly identifies the reflector as ""Topo do Eoceno"" for the input asking about the refletor na zona N-470. The added detail that it coincides with the topo da biozona N-470 and is an excellent seismic reflector remains geologically consistent and does not introduce concept confusion, wrong roles, or inverted relations.",0.15789473684210525,1.0,0.2727272727272727,0.1111111111111111,1.0,0.19999999999999998,0.15789473684210525,1.0,0.2727272727272727,0.0,0.3,
resultados/petrobras-5-mini-com-ontologia-embeddingfirst/batch_eaf69800-ceb2-448a-b8a7-c0f2507b03f7-completo.csv,rag,1734,O que fez com que o topo do Eoceno Superior não fosse encontrado?,erosão,,Porque a seção do Eoceno Superior foi removida por erosão na região próxima à Falha de Charneira de Campos.,1.0,"The score is 1.00 because the response appears fully focused on answering ""O que fez com que o topo do Eoceno Superior não fosse encontrado?"" with no irrelevant statements, so it is completely relevant and deserves the highest score.",,Skipped: empty context.,,Skipped: empty context.,,Skipped: empty context.,1.0,"The actual output matches the expected meaning for the input: it correctly identifies ""erosão"" as the cause of the missing topo do Eoceno Superior. The added detail about the seção ter sido removida na região próxima à Falha de Charneira de Campos does not contradict the expected output and is a harmless wording expansion rather than a factual mistake.",1.0,"The expected output contains the essential fact ""erosão"" as the cause of the topo do Eoceno Superior não ter sido encontrado. The actual output fully covers this core element by stating that the seção do Eoceno Superior foi removida por erosão, and the added detail about the região próxima à Falha de Charneira de Campos does not conflict with the expected answer. It includes the key cause from the test case and does not omit any essential information.",1.0,"The actual output aligns closely with the expected output because it correctly identifies ""erosão"" as the cause of the missing topo do Eoceno Superior. It uses appropriate geological language, adding a coherent domain-specific interpretation about removal of the section near the Falha de Charneira de Campos without misusing stratigraphic or structural concepts. The response is semantically consistent with the input question and expected geological relation.",0.9,"The actual output is semantically aligned with the expected output because it identifies ""erosão"" as the cause for the topo do Eoceno Superior não ter sido encontrado. It preserves the key geological relation requested by the input. However, it adds extra specifics not present in the expected output, such as removal of the section and proximity to the Falha de Charneira de Campos; these additions do not contradict the expected meaning but go beyond it.",0.09090909090909091,1.0,0.16666666666666669,0.047619047619047616,1.0,0.0909090909090909,0.09090909090909091,1.0,0.16666666666666669,0.0,0.1,
resultados/petrobras-5-mini-com-ontologia-embeddingfirst/batch_eaf69800-ceb2-448a-b8a7-c0f2507b03f7-completo.csv,graphrag,1734,O que fez com que o topo do Eoceno Superior não fosse encontrado?,erosão,,Porque a seção do Eoceno Superior foi removida por erosão na região próxima à Falha de Charneira de Campos.,1.0,"The score is 1.00 because the answer stayed fully focused on explaining o que fez com que o topo do Eoceno Superior não fosse encontrado, without introducing irrelevant information. It directly addressed the question clearly and appropriately.",,Skipped: empty context.,,Skipped: empty context.,,Skipped: empty context.,1.0,"The actual output matches the expected meaning for the input asking why the topo do Eoceno Superior was not found: it correctly identifies ""erosão,"" which is exactly the expected output. The added detail about removal ""na região próxima à Falha de Charneira de Campos"" is extra but not contradictory, so it should not be penalized under the instruction to ignore harmless wording differences.",1.0,"The expected output contains the essential fact ""erosão"" as the cause for the topo do Eoceno Superior não ser encontrado. The actual output fully covers this core element and remains aligned with the input by stating that the seção do Eoceno Superior foi removida por erosão, adding contextual detail about the região próxima à Falha de Charneira de Campos without contradicting the expected answer.",1.0,"The actual output correctly identifies the expected geological cause, ""erosão"", and uses appropriate domain terminology such as ""seção do Eoceno Superior"" and ""Falha de Charneira de Campos"". It remains semantically coherent with the input question about why the top of the Upper Eocene was not found, adding a plausible regional geological context without introducing incorrect lithologic, stratigraphic, or reservoir concepts.",1.0,"The actual output is semantically aligned with the expected output because it identifies ""erosão"" as the cause of the missing topo do Eoceno Superior, directly matching the expected geological concept. It also adds plausible contextual detail about removal of the section near the Falha de Charneira de Campos without introducing conflicting entities, inverted relations, or domain misuse. Although more specific than expected, it preserves the intended meaning for the input question.",0.09090909090909091,1.0,0.16666666666666669,0.047619047619047616,1.0,0.0909090909090909,0.09090909090909091,1.0,0.16666666666666669,0.0,0.1,
resultados/petrobras-5-mini-com-ontologia-embeddingfirst/batch_eaf69800-ceb2-448a-b8a7-c0f2507b03f7-completo.csv,rag,1735,O que mostra o mapeamento de detalhe realizado para confirmar essa afirmação?,rochas magmáticas intrusivas e extrusivas,,Que há presença de rochas magmáticas intrusivas e extrusivas também no Cretáceo Superior — confirmado pelo mapeamento de detalhe com amarrações paleontológicas.,1.0,"The score is 1.00 because the response is fully relevant to the question, directly addressing what the input asks without adding irrelevant information. Great job keeping it focused and on-topic.",,Skipped: empty context.,,Skipped: empty context.,,Skipped: empty context.,0.7,"The actual output matches the expected core content by stating ""rochas magmáticas intrusivas e extrusivas,"" which is exactly what the mapping showed. However, it adds unsupported details such as ""no Cretáceo Superior"" and ""confirmado pelo mapeamento de detalhe com amarrações paleontológicas,"" which go beyond the expected output and introduce extra factual claims not required by the test case.",1.0,"The expected output only requires the key fact ""rochas magmáticas intrusivas e extrusivas"". The actual output includes that exact essential content and correctly frames it as what the mapeamento de detalhe confirmou. Extra details like ""no Cretáceo Superior"" and ""com amarrações paleontológicas"" are additional context, not contradictions, so coverage of the required elements is complete.",0.9,"The actual output aligns well with the expected geological content by correctly identifying 'rochas magmáticas intrusivas e extrusivas', using appropriate domain terminology and coherent geological concepts. It adds extra interpretation—'também no Cretáceo Superior' and 'confirmado pelo mapeamento de detalhe com amarrações paleontológicas'—which is geologically plausible and relevant to the input about what the detailed mapping showed. There is no clear misuse of lithologic, stratigraphic, or reservoir terminology, but the response goes beyond the expected minimal answer, so it is slightly less exact than the reference.",0.9,"The actual output is semantically aligned with the expected output because it correctly identifies 'rochas magmáticas intrusivas e extrusivas' as what the detailed mapping showed. It preserves the core geological entities and classes without inverting relations or confusing concepts. A small penalty is warranted because it adds extra context not present in the expected output ('também no Cretáceo Superior' and 'com amarrações paleontológicas'), which is not wrong but goes beyond the target answer.",0.2222222222222222,1.0,0.3636363636363636,0.19230769230769232,1.0,0.32258064516129037,0.2222222222222222,1.0,0.3636363636363636,0.0,0.3846153846153846,
resultados/petrobras-5-mini-com-ontologia-embeddingfirst/batch_eaf69800-ceb2-448a-b8a7-c0f2507b03f7-completo.csv,graphrag,1735,O que mostra o mapeamento de detalhe realizado para confirmar essa afirmação?,rochas magmáticas intrusivas e extrusivas,,"Que há rochas magmáticas intrusivas e extrusivas no Cretáceo Superior. Além disso o mapeamento, ancorado em dados paleontológicos e usado na interpretação de sísmica e perfis de poço, identifica marcadores sísmicos como o topo do Eoceno (biozona N‑470) e o topo da biozona N‑520 (Oligoceno Inferior).",0.8,"The score is 0.80 because the answer appears to stay mostly focused on what the detailed mapping shows to confirm the claim, but it includes an irrelevant mention of 'Cretaceous intrusive and extrusive igneous rocks,' which does not directly address the question. So it is relevant overall, but not higher because of that off-topic detail.",,Skipped: empty context.,,Skipped: empty context.,,Skipped: empty context.,0.8,"The actual output correctly includes the expected core answer, stating that the mapping shows ""rochas magmáticas intrusivas e extrusivas"" and even adds the relevant timeframe ""no Cretáceo Superior."" However, it goes beyond the expected output by adding unrelated details about dados paleontológicos, interpretação de sísmica, perfis de poço, and markers like topo do Eoceno and biozona N-520, which are not requested by the input. There is no clear factual contradiction with the expected output, but the extra information reduces alignment.",1.0,"The expected output only requires the key fact that the mapeamento de detalhe mostra 'rochas magmáticas intrusivas e extrusivas'. The actual output includes this essential element explicitly, adding 'no Cretáceo Superior' and extra context about dados paleontológicos, sísmica, perfis de poço, and marcadores sísmicos. These additions do not contradict the expected answer, and all core content is present.",0.8,"The response aligns well with the expected geological content by correctly stating the presence of ""rochas magmáticas intrusivas e extrusivas,"" using appropriate domain terminology. It also remains semantically coherent by mentioning stratigraphic markers such as Cretáceo Superior, Eoceno, Oligoceno Inferior, biozonas, sísmica, and perfis de poço. However, it goes beyond the expected output with extra interpretation about paleontological anchoring and seismic markers that is not required to answer what the detailed mapping confirmed, so alignment is strong but not exact.",0.8,"The actual output correctly captures the core expected geology answer, explicitly stating ""rochas magmáticas intrusivas e extrusivas,"" which matches the expected semantic content. It also preserves the relevant context from the input by saying this occurs no Cretáceo Superior. However, it adds extra information about paleontological data, interpretação sísmica, perfis de poço, and markers like topo do Eoceno and biozona N‑520, which is not required by the expected output and slightly reduces alignment by going beyond the specific thing the mapeamento de detalhe shows.",0.10714285714285714,1.0,0.19354838709677416,0.09090909090909091,1.0,0.16666666666666669,0.10714285714285714,1.0,0.19354838709677416,0.0,0.19607843137254902,
resultados/petrobras-5-mini-com-ontologia-embeddingfirst/batch_eaf69800-ceb2-448a-b8a7-c0f2507b03f7-completo.csv,rag,1737,Qual refletor datado do Oligoceno Inferior constitui um excelente marco sismoestratigráfico em quase toda a Bacia de Campos?,Topo da biozona N-520,,O topo da biozona N-520.,1.0,"The score is 1.00 because the answer is fully relevant to the question, directly addressing which refletor do Oligoceno Inferior serves as an excellent marco sismoestratigráfico na Bacia de Campos, with no irrelevant statements. Great job staying precise and on-topic.",,Skipped: empty context.,,Skipped: empty context.,,Skipped: empty context.,1.0,"The actual output matches the expected output in meaning for the input asking which Oligoceno Inferior reflector is an excellent sismoestratigraphic marker in almost all of the Bacia de Campos. It correctly identifies ""Topo da biozona N-520""; the only difference is the added article and final period (""O topo da biozona N-520.""), which are harmless stylistic variations and not factual contradictions.",1.0,"The actual output matches the expected output on the essential fact: it identifies the reflector as ""Topo da biozona N-520"". The only difference is the added article and final period (""O topo da biozona N-520.""), which do not change the meaning. It fully covers the key entity requested in the input about the Oligoceno Inferior marker in the Bacia de Campos.",1.0,"The response matches the expected geological marker exactly in content: it identifies ""Topo da biozona N-520"" as the Oligoceno Inferior reflector used as a sismoestratigráfico marco in the Bacia de Campos. It uses appropriate geological/stratigraphic terminology (""topo"", ""biozona"", ""sismoestratigráfico"") with no conceptual misuse. The only minor difference is punctuation and the initial lowercase article, which does not affect semantic alignment.",1.0,"The actual output matches the expected geological marker exactly in meaning: it identifies ""o topo da biozona N-520"" as the Oligoceno Inferior reflector that is an excellent sismoestratigraphic benchmark across the Bacia de Campos. The only difference is the added article and period, which do not alter the geological concept, entity, or role.",0.8333333333333334,1.0,0.9090909090909091,0.8,1.0,0.888888888888889,0.8333333333333334,1.0,0.9090909090909091,0.0,0.888888888888889,
resultados/petrobras-5-mini-com-ontologia-embeddingfirst/batch_eaf69800-ceb2-448a-b8a7-c0f2507b03f7-completo.csv,graphrag,1737,Qual refletor datado do Oligoceno Inferior constitui um excelente marco sismoestratigráfico em quase toda a Bacia de Campos?,Topo da biozona N-520,,O topo da biozona N-520.,1.0,"The score is 1.00 because the response is fully relevant to the question, directly addressing the marcador sismoestratigráfico do Oligoceno Inferior na Bacia de Campos with no irrelevant statements. Great job staying precise and on-topic.",,Skipped: empty context.,,Skipped: empty context.,,Skipped: empty context.,1.0,"The actual output matches the expected output in meaning and factual content for the input about the Oligoceno Inferior reflector in the Bacia de Campos: both identify ""Topo da biozona N-520"". The only difference is a trailing period in the actual output, which is a harmless stylistic variation and not a contradiction or factual error.",1.0,"The actual output captures the essential expected fact exactly: the reflector is ""Topo da biozona N-520"". The only difference is the added article and period (""O topo da biozona N-520.""), which does not change the meaning. Given the test case asks which Oligoceno Inferior reflector is the key sismoestratigraphic marker in almost all of the Bacia de Campos, the response fully identifies the correct marker with no important omissions.",1.0,"The response matches the expected geological marker exactly in content: it identifies ""Topo da biozona N-520"" as the Oligoceno Inferior reflector used as a key sismoestratigráfico marco in the Bacia de Campos. It uses appropriate stratigraphic/geological terminology (biozona, topo) and preserves the correct entity and interpretation. The only minor difference is the added article/punctuation (""O topo...""), which does not change the geological meaning.",1.0,"The actual output matches the expected geological marker semantically and correctly identifies the reflector as ""o topo da biozona N-520"", which is the intended Oligoceno Inferior sismoestratigráfico marco for quase toda a Bacia de Campos. The only difference is the added article and punctuation, with no concept confusion, relation inversion, or domain misuse.",0.8333333333333334,1.0,0.9090909090909091,0.8,1.0,0.888888888888889,0.8333333333333334,1.0,0.9090909090909091,0.0,0.888888888888889,
resultados/petrobras-5-mini-com-ontologia-embeddingfirst/batch_eaf69800-ceb2-448a-b8a7-c0f2507b03f7-completo.csv,rag,1740,O que o mapeamento de detalhe indica a presença no Cretáceo Superior?,rochas magmáticas intrusivas e extrusivas,,Indica a presença de rochas magmáticas intrusivas e extrusivas no Cretáceo Superior.,1.0,"The score is 1.00 because the answer stays fully focused on what the input asks about the 'mapeamento de detalhe' in the 'Cretáceo Superior', with no irrelevant statements. Great job keeping it precise and directly relevant.",,Skipped: empty context.,,Skipped: empty context.,,Skipped: empty context.,1.0,"The actual output matches the expected content by correctly identifying ""rochas magmáticas intrusivas e extrusivas"" for the Cretáceo Superior. The added phrase ""Indica a presença de"" is only a harmless wording difference and does not introduce any factual contradiction or mistake relative to the expected output.",1.0,"The actual output fully covers the essential content from the expected output: it identifies ""rochas magmáticas intrusivas e extrusivas"" and correctly ties them to the Cretáceo Superior mentioned in the input. It adds only minimal contextual wording (""Indica a presença de""), which should not be penalized because all key entities and relations are preserved.",1.0,"The actual output matches the expected geological entities exactly by identifying ""rochas magmáticas intrusivas e extrusivas"" and correctly situates them ""no Cretáceo Superior,"" which is consistent with the input. The terminology is domain-appropriate, semantically coherent, and introduces no incorrect lithologies, stratigraphic misuse, or unsupported geological relations.",1.0,"The actual output is semantically aligned with the expected output: it correctly identifies “rochas magmáticas intrusivas e extrusivas” and preserves the key geological entities and classes. It also appropriately ties them to “no Cretáceo Superior,” matching the input question’s temporal context without introducing concept confusion or incorrect relations.",0.4,1.0,0.5714285714285715,0.35714285714285715,1.0,0.5263157894736842,0.4,1.0,0.5714285714285715,0.0,0.5882352941176471,
resultados/petrobras-5-mini-com-ontologia-embeddingfirst/batch_eaf69800-ceb2-448a-b8a7-c0f2507b03f7-completo.csv,graphrag,1740,O que o mapeamento de detalhe indica a presença no Cretáceo Superior?,rochas magmáticas intrusivas e extrusivas,,Rochas magmáticas intrusivas e extrusivas.,1.0,"The score is 1.00 because the answer is fully relevant to the question about what the detailed mapping indicates in the Cretáceo Superior, with no irrelevant statements. Great job staying focused and directly addressing the input.",,Skipped: empty context.,,Skipped: empty context.,,Skipped: empty context.,1.0,"The actual output matches the expected output in meaning exactly for the input about what the detail mapping indicates in the Cretáceo Superior: both state 'rochas magmáticas intrusivas e extrusivas'. The only differences are capitalization and final punctuation, which are harmless stylistic variations and do not introduce any factual contradiction or mistake.",1.0,"The actual output fully matches the expected content: it identifies the presence of ""rochas magmáticas intrusivas e extrusivas"" for the Cretáceo Superior. The only difference is capitalization and punctuation, which do not affect coverage of the essential facts, entities, or relation asked in the input.",1.0,"The actual output matches the expected output exactly in geological content, identifying 'rochas magmáticas intrusivas e extrusivas' for the Cretáceo Superior. It uses correct geological terminology, preserves the intended lithological interpretation, and introduces no misuse of stratigraphic, facies, or reservoir concepts. The only difference is capitalization and punctuation, which do not affect semantic alignment.",1.0,"The actual output matches the expected output semantically and almost verbatim, identifying the presence of ""rochas magmáticas intrusivas e extrusivas"" for the Cretáceo Superior. It preserves the correct geological entities and classification without concept confusion, inverted relations, or domain misuse; the only difference is capitalization and omission of ""rochas,"" which does not change the meaning.",1.0,1.0,1.0,1.0,1.0,1.0,1.0,1.0,1.0,1.0,1.0,
resultados/petrobras-5-mini-com-ontologia-embeddingfirst/batch_eaf69800-ceb2-448a-b8a7-c0f2507b03f7-completo.csv,rag,1743,Por que a seção correspondente ao Eoceno Superior está ausente?,erosão na região próxima à Falha de Charneira de Campos,,Porque essa unidade foi removida por erosão na região próxima à Falha de Charneira de Campos.,1.0,"The score is 1.00 because the response appears fully focused on answering why the section corresponding to the Upper Eocene is absent, with no irrelevant statements. Great job staying directly on topic.",,Skipped: empty context.,,Skipped: empty context.,,Skipped: empty context.,1.0,"The actual output matches the expected meaning exactly: it identifies that the seção correspondente ao Eoceno Superior está ausente devido à erosão na região próxima à Falha de Charneira de Campos. The added wording ""Porque essa unidade foi removida"" is a harmless stylistic expansion and does not introduce any factual contradiction or mistake relative to the expected output.",1.0,"The actual output fully captures the essential fact from the expected output: the absence is due to erosão na região próxima à Falha de Charneira de Campos. It preserves the key entity and causal relation, and the added wording about 'essa unidade foi removida' is consistent with the input question and does not omit any required element.",0.9,"The response aligns closely with the expected geological interpretation: it correctly identifies erosão near the Falha de Charneira de Campos as the cause for the absence of the Eoceno Superior section. It uses appropriate geological terminology such as 'unidade', 'removida por erosão', and the structural feature name consistently with the input and expected output. A small limitation is that it paraphrases the expected phrase rather than matching it exactly, but the geological entities and relation are semantically coherent and correct.",1.0,"The actual output is semantically aligned with the expected output: it identifies 'erosão na região próxima à Falha de Charneira de Campos' as the reason the Eoceno Superior section is absent. It preserves the key geological concept (erosion), location/entity (Falha de Charneira de Campos), and causal relation requested by the input. The added phrasing about 'essa unidade foi removida' is consistent with the expected meaning and does not introduce concept confusion or invert roles.",0.6666666666666666,1.0,0.8,0.6470588235294118,1.0,0.7857142857142858,0.6666666666666666,1.0,0.8,0.0,0.7692307692307693,
resultados/petrobras-5-mini-com-ontologia-embeddingfirst/batch_eaf69800-ceb2-448a-b8a7-c0f2507b03f7-completo.csv,graphrag,1743,Por que a seção correspondente ao Eoceno Superior está ausente?,erosão na região próxima à Falha de Charneira de Campos,,Porque foi removida por erosão — a seção do Eoceno Superior está ausente devido à erosão na região próxima à Falha de Charneira de Campos.,1.0,"The score is 1.00 because the answer is fully relevant to the question, directly addressing why the seção correspondente ao Eoceno Superior está ausente with no irrelevant statements. Great job staying focused and on topic.",,Skipped: empty context.,,Skipped: empty context.,,Skipped: empty context.,1.0,"The actual output matches the expected content for the input asking why the Eoceno Superior section is absent: it correctly states that it was removed by erosion and specifically mentions ""erosão na região próxima à Falha de Charneira de Campos,"" which is the expected answer. The added phrasing is a harmless wording difference and does not introduce any contradiction or factual error.",1.0,"The actual output fully covers the essential expected content: it identifies 'erosão' as the cause and specifies the location 'na região próxima à Falha de Charneira de Campos'. It correctly answers why the seção do Eoceno Superior está ausente, and the extra phrasing about removal by erosion does not omit or distort any key fact from the expected output.",1.0,"The response matches the expected interpretation exactly: it identifies 'erosão na região próxima à Falha de Charneira de Campos' as the cause for the absence of the Eoceno Superior section. It uses appropriate geological terminology ('erosão', 'seção', 'Eoceno Superior', 'Falha') and preserves the correct geological relation without adding misleading lithologic, stratigraphic, or reservoir concepts.",1.0,The actual output is semantically aligned with the expected output: it identifies erosão as the cause for the absence of the Eoceno Superior section and correctly locates it na região próxima à Falha de Charneira de Campos. It preserves the key geological entities and relation from the test case without introducing concept confusion or inverted meaning; the added phrasing about the section being removed by erosion remains consistent with the expected geology.,0.4444444444444444,1.0,0.6153846153846153,0.4230769230769231,1.0,0.5945945945945945,0.4444444444444444,1.0,0.6153846153846153,0.0,0.5882352941176471,
resultados/petrobras-5-mini-com-ontologia-embeddingfirst/batch_eaf69800-ceb2-448a-b8a7-c0f2507b03f7-completo.csv,rag,1745,O que constitui um excelente marco sismoestratigráfico em quase toda a Bacia de Campos?,"N-520 : esse refletor, datado do Oligoceno Inferior, constitui um",,"O topo da biozona N‑520 — um refletor datado do Oligoceno Inferior, correspondente a uma zona condensada e superfície de downlap.",1.0,"The score is 1.00 because the answer is fully relevant to the question, directly addressing what constitutes an excellent marco sismoestratigráfico em quase toda a Bacia de Campos, with no irrelevant statements. Great job keeping the response focused and on-topic.",,Skipped: empty context.,,Skipped: empty context.,,Skipped: empty context.,0.9,"The actual output aligns closely with the expected output by identifying 'N-520' as the key refletor and stating it is dated to the Oligoceno Inferior, which matches the expected meaning for what constitutes an excellent marco sismoestratigráfico na Bacia de Campos. It also adds compatible details ('zona condensada' and 'superfície de downlap') without contradicting the expected output. A small deduction is appropriate because the expected phrasing is incomplete and the actual answer reformulates it as 'topo da biozona N-520,' which is slightly more specific than the provided expected text.",1.0,"The actual output captures all essential elements from the expected output for the question about what constitutes an excellent marco sismoestratigráfico in quase toda a Bacia de Campos: it identifies N-520/""topo da biozona N‑520"" and states it is a refletor datado do Oligoceno Inferior. It also adds compatible detail (""zona condensada e superfície de downlap"") without contradicting the expected relation. There are no important omissions relative to the truncated expected output.",0.9,"The response aligns well with the expected geological answer by identifying o topo da biozona N-520 as the key marco sismoestratigráfico in quase toda a Bacia de Campos. It uses domain-appropriate terminology such as “refletor,” “Oligoceno Inferior,” “zona condensada,” and “superfície de downlap,” which is semantically coherent for sismoestratigrafia. A small limitation is that it adds interpretations not explicitly present in the expected output and does not reproduce the phrasing that this reflector “constitui um excelente marco” as directly as expected.",1.0,"The actual output is semantically well aligned with the expected output: it identifies ""N‑520""/""topo da biozona N‑520"" as the feature that constitutes the excellent marco sismoestratigráfico in quase toda a Bacia de Campos. It preserves the key geological entity and age detail (""Oligoceno Inferior"") and adds compatible domain-specific context (""refletor"", ""zona condensada"", ""superfície de downlap"") without changing the intended relation. There is no evident concept confusion, inversion, or misuse of geological meaning.",0.36363636363636365,0.8,0.5000000000000001,0.23809523809523808,0.5555555555555556,0.33333333333333326,0.3181818181818182,0.7,0.4375,0.0,0.48275862068965514,
resultados/petrobras-5-mini-com-ontologia-embeddingfirst/batch_eaf69800-ceb2-448a-b8a7-c0f2507b03f7-completo.csv,graphrag,1745,O que constitui um excelente marco sismoestratigráfico em quase toda a Bacia de Campos?,"N-520 : esse refletor, datado do Oligoceno Inferior, constitui um",,"O topo da biozona N‑520 — um refletor datado do Oligoceno Inferior, correspondendo a uma zona condensada e superfície de downlap.",1.0,"The score is 1.00 because the response directly answers what constitutes an excellent marco sismoestratigráfico em quase toda a Bacia de Campos, with no irrelevant statements. Great job staying fully on topic and precise.",,Skipped: empty context.,,Skipped: empty context.,,Skipped: empty context.,0.9,"The actual output aligns closely with the expected answer by identifying ""N-520"" as the key reflector and correctly stating it is dated to the Oligoceno Inferior. It also adds compatible details (""zona condensada"" and ""superfície de downlap"") that do not contradict the expected output. The only shortcoming is wording drift from the exact phrasing about constituting ""um excelente marco sismoestratigráfico em quase toda a Bacia de Campos,"" which is implied rather than directly completed as in the expected output.",1.0,"The actual output captures the key entity and relations from the expected output: it identifies 'N-520'/'topo da biozona N-520' as the relevant refletor, states it is dated to the Oligoceno Inferior, and answers the question by indicating it is the marker in question for almost all of the Bacia de Campos. It also adds compatible detail ('zona condensada' and 'superfície de downlap') without conflicting with the expected content, so there are no important omissions.",0.9,"The response aligns closely with the expected geological content by identifying 'o topo da biozona N‑520' as the key marco sismoestratigráfico and correctly preserving the Oligoceno Inferior age and reflector interpretation. It uses appropriate domain language such as 'refletor', 'zona condensada' and 'superfície de downlap', which is semantically coherent for sismoestratigrafia in the Bacia de Campos. A small deduction is warranted because it does not explicitly reproduce the expected phrasing that this reflector 'constitui um excelente marco sismoestratigráfico em quase toda a Bacia de Campos', so the match is slightly incomplete.",1.0,"The actual output semantically matches the expected answer by identifying N-520 as the key sismoestratigráfico marker in quase toda a Bacia de Campos. It preserves the core geological entity and age relation ('refletor datado do Oligoceno Inferior') and adds compatible domain details ('zona condensada' and 'superfície de downlap') without introducing concept confusion or inverted relations. Although phrased differently and more fully than the expected fragment, it stays aligned with the intended geological meaning.",0.36363636363636365,0.8,0.5000000000000001,0.23809523809523808,0.5555555555555556,0.33333333333333326,0.3181818181818182,0.7,0.4375,0.0,0.48275862068965514,
resultados/petrobras-5-mini-com-ontologia-embeddingfirst/batch_eaf69800-ceb2-448a-b8a7-c0f2507b03f7-completo.csv,rag,1746,O que aconteceu com a seção correspondente ao Eoceno Superior na região próxima à Falha de Charneira de Campos?,está ausente por erosão,,Ela está ausente por erosão — a seção do Eoceno Superior foi removida na região próxima à Falha de Charneira de Campos.,1.0,"The score is 1.00 because the response stayed fully focused on what happened to the seção correspondente ao Eoceno Superior na região próxima à Falha de Charneira de Campos, with no irrelevant statements. Great job keeping it precise and directly aligned with the question.",,Skipped: empty context.,,Skipped: empty context.,,Skipped: empty context.,1.0,The actual output matches the expected meaning exactly: it states that the seção do Eoceno Superior na região próxima à Falha de Charneira de Campos está ausente por erosão. The added detail that it 'foi removida' is consistent with 'está ausente por erosão' and does not introduce any contradiction or factual error. This is a harmless wording expansion relative to the test case input and expected output.,1.0,"The actual output fully captures the essential fact from the expected output for the input about the seção correspondente ao Eoceno Superior near the Falha de Charneira de Campos: it says the section is absent due to erosion. The added detail that the seção foi removida is consistent with and does not contradict the expected answer, so all key elements are covered.",1.0,"The response matches the expected interpretation exactly: the seção correspondente ao Eoceno Superior near the Falha de Charneira de Campos is described as ausente por erosão. It uses appropriate geological terms such as ""Eoceno Superior"", ""erosão"", and the structural reference to the fault region, with no misuse of stratigraphic or geological concepts. The added phrasing about the section being removed remains semantically coherent and domain-appropriate.",1.0,"The actual output is semantically fully aligned with the expected output: it states that the seção correspondente ao Eoceno Superior na região próxima à Falha de Charneira de Campos está ausente por erosão. It preserves the key geological entity (Eoceno Superior), location (próxima à Falha de Charneira de Campos), and causal relation (ausente/removida por erosão) without introducing concept confusion or inverted roles. The added phrasing remains concise and consistent with the expected geological meaning.",0.20833333333333334,1.0,0.3448275862068966,0.17391304347826086,1.0,0.29629629629629634,0.20833333333333334,1.0,0.3448275862068966,0.0,0.32,
resultados/petrobras-5-mini-com-ontologia-embeddingfirst/batch_eaf69800-ceb2-448a-b8a7-c0f2507b03f7-completo.csv,graphrag,1746,O que aconteceu com a seção correspondente ao Eoceno Superior na região próxima à Falha de Charneira de Campos?,está ausente por erosão,,A seção do Eoceno Superior está ausente nessa área — foi removida por erosão.,1.0,"The score is 1.00 because the answer stayed fully focused on what happened to the seção correspondente ao Eoceno Superior perto da Falha de Charneira de Campos, with no irrelevant statements. Clear and directly relevant.",,Skipped: empty context.,,Skipped: empty context.,,Skipped: empty context.,1.0,"The actual output matches the expected meaning for the input about the seção correspondente ao Eoceno Superior near the Falha de Charneira de Campos: both state that it is absent due to erosion. The added wording ('A seção do Eoceno Superior', 'nessa área', 'foi removida') is stylistic and consistent, with no factual contradiction or mistake relative to the expected output.",1.0,"The actual output fully captures the essential expected content: that the seção correspondente ao Eoceno Superior na região próxima à Falha de Charneira de Campos está ausente por erosão. It preserves the key relation of absence caused by erosion, and the added phrasing ('nessa área' and 'foi removida') is consistent with the input and expected output without introducing errors.",1.0,"The response matches the expected geological interpretation exactly: for the Eoceno Superior near the Falha de Charneira de Campos, it states the section is absent and attributes this to erosão, which is the key relation in the expected output. It uses appropriate geological language such as 'seção', 'Eoceno Superior' and 'removida por erosão', with no misuse of stratigraphic or structural concepts.",1.0,"The actual output is semantically equivalent to the expected output: it states that the seção correspondente ao Eoceno Superior near the Falha de Charneira de Campos is absent and explicitly attributes this to erosion. It preserves the key geological concept and relation ('ausente por erosão') without introducing any concept confusion, wrong entities, or inverted meaning. The added phrasing ('nessa área' and 'foi removida') remains consistent with the test case input and expected geological interpretation.",0.3333333333333333,1.0,0.5,0.21428571428571427,0.75,0.3333333333333333,0.3333333333333333,1.0,0.5,0.0,0.47058823529411764,
resultados/petrobras-5-mini-com-ontologia-embeddingfirst/batch_eaf69800-ceb2-448a-b8a7-c0f2507b03f7-completo.csv,rag,1748,Em que período geológico ocorreu a presença de rochas magmáticas intrusivas e extrusivas na Bacia de Campos?,Cretáceo Superior,,No Cretáceo Superior.,1.0,"The score is 1.00 because the response is fully relevant to the question about the período geológico das rochas magmáticas intrusivas e extrusivas na Bacia de Campos, with no irrelevant statements. Great job staying precise and on-topic.",,Skipped: empty context.,,Skipped: empty context.,,Skipped: empty context.,1.0,"The actual output matches the expected output in meaning and geological period: both state Cretáceo Superior for the presença de rochas magmáticas intrusivas e extrusivas na Bacia de Campos. The only difference is the added preposition ""No"", which is a harmless wording variation and not a factual contradiction.",1.0,"The actual output correctly identifies the geological period as ""Cretáceo Superior"", which is the only essential fact required by the expected output for the question about rochas magmáticas intrusivas e extrusivas na Bacia de Campos. The added preposition ""No"" does not change the meaning, so coverage is complete and concise.",1.0,"The response matches the expected geological time interval exactly in meaning: 'No Cretáceo Superior' corresponds to 'Cretáceo Superior'. It uses appropriate geological terminology for a period/stratigraphic interval and correctly answers the question about intrusive and extrusive magmatic rocks in the Bacia de Campos, with no misuse of geological concepts or relations.",1.0,"The actual output matches the expected geological period semantically: both identify a ocorrência das rochas magmáticas intrusivas e extrusivas na Bacia de Campos no Cretáceo Superior. The added preposition in ""No Cretáceo Superior."" does not change meaning, and there is no confusion of geological concept, entity, or relation.",0.75,1.0,0.8571428571428571,0.6666666666666666,1.0,0.8,0.75,1.0,0.8571428571428571,0.0,0.8,
resultados/petrobras-5-mini-com-ontologia-embeddingfirst/batch_eaf69800-ceb2-448a-b8a7-c0f2507b03f7-completo.csv,graphrag,1748,Em que período geológico ocorreu a presença de rochas magmáticas intrusivas e extrusivas na Bacia de Campos?,Cretáceo Superior,,No Cretáceo Superior.,1.0,"The score is 1.00 because the response appears fully focused on the question about the período geológico das rochas magmáticas intrusivas e extrusivas na Bacia de Campos, with no irrelevant statements. Great job staying precise and on-topic.",,Skipped: empty context.,,Skipped: empty context.,,Skipped: empty context.,1.0,"The actual output matches the expected output in meaning for the input about the geological period of rochas magmáticas intrusivas e extrusivas na Bacia de Campos. It correctly identifies ""Cretáceo Superior"" and only adds the harmless preposition ""No"" plus punctuation, with no factual contradiction or mistake.",1.0,"The actual output correctly identifies the geological period as ""Cretáceo Superior,"" which is the only essential element in the expected output for the question about when intrusive and extrusive magmatic rocks were present in the Bacia de Campos. The added preposition ""No"" does not change the meaning, so coverage is complete and concise.",1.0,"The response matches the expected geological time interval exactly in meaning: it identifies the presence of rochas magmáticas intrusivas e extrusivas na Bacia de Campos as occurring in the Cretáceo Superior. It uses appropriate geological terminology and period naming, with only an inconsequential stylistic difference from the expected output ('No' before the period).",1.0,"The actual output matches the expected geological period semantically: both identify the occurrence of rochas magmáticas intrusivas e extrusivas na Bacia de Campos as happening in the Cretáceo Superior. The added preposition in ""No Cretáceo Superior."" does not change the meaning, and there is no confusion of geological concept, entity, class, or relation.",0.75,1.0,0.8571428571428571,0.6666666666666666,1.0,0.8,0.75,1.0,0.8571428571428571,0.0,0.8,
resultados/petrobras-5-mini-com-ontologia-embeddingfirst/batch_eaf69800-ceb2-448a-b8a7-c0f2507b03f7-completo.csv,rag,1750,Qual é a importância do topo da bio-zona N-470?,coincide com o topo da bio-zona N-470 e também constitui um excelente refletor,,"O topo da bio-zona N-470 coincide com o topo do Eoceno e constitui um excelente refletor sísmico, servindo como importante marco sismoestratigráfico.",1.0,"The score is 1.00 because the answer stayed fully focused on the importance of the topo da bio-zona N-470 and did not include irrelevant statements. It addressed the question directly and clearly, which supports the maximum relevancy score.",,Skipped: empty context.,,Skipped: empty context.,,Skipped: empty context.,0.8,"The actual output matches the core expected meaning: it says the topo da bio-zona N-470 is an ""excelente refletor sísmico,"" which aligns with ""também constitui um excelente refletor."" It also adds relevant domain detail from the input context, calling it an ""importante marco sismoestratigráfico."" However, it introduces extra information not present in the expected output—""coincide com o topo do Eoceno""—instead of reflecting the expected phrasing ""coincide com o topo da bio-zona N-470."" This is a potentially substantive mismatch, so alignment is good but not perfect.",0.8,"The actual output captures the key expected facts: it says the topo da bio-zona N-470 constitutes an ""excelente refletor sísmico,"" which aligns with ""também constitui um excelente refletor."" It also adds relevant context from the input about its importance as a marco sismoestratigráfico. However, it does not match the expected phrasing ""coincide com o topo da bio-zona N-470"" and instead states ""coincide com o topo do Eoceno,"" so there is a mismatch on one listed relation.",0.8,"The response uses appropriate geological terminology such as “bio-zona”, “topo do Eoceno”, “refletor sísmico” and “marco sismoestratigráfico”, which aligns well with the domain-focused criteria. It correctly identifies the importance of the topo da bio-zona N-470 as an excellent seismic reflector, matching the core relation in the expected output. A small mismatch remains because the expected phrasing is tautological (“coincide com o topo da bio-zona N-470”), while the actual output adds the interpretation that it coincides with the top of the Eocene; this is geologically plausible and coherent, but not directly stated in the expected output.",0.8,"The actual output preserves the core geological semantics from the expected output: it states that the topo da bio-zona N-470 'constitui um excelente refletor', which matches the key importance asked in the input. It also adds consistent domain detail ('coincide com o topo do Eoceno' and 'marco sismoestratigráfico') without introducing concept confusion or inverted relations. The main shortcoming is a mismatch with the expected phrasing 'coincide com o topo da bio-zona N-470', which is semantically odd in the reference and not reproduced literally, so alignment is strong but not exact.",0.5384615384615384,0.875,0.6666666666666667,0.44,0.7333333333333333,0.5499999999999999,0.46153846153846156,0.75,0.5714285714285714,0.0,0.6857142857142856,
resultados/petrobras-5-mini-com-ontologia-embeddingfirst/batch_eaf69800-ceb2-448a-b8a7-c0f2507b03f7-completo.csv,graphrag,1750,Qual é a importância do topo da bio-zona N-470?,coincide com o topo da bio-zona N-470 e também constitui um excelente refletor,,Serve como amarração paleontológica — seu topo coincide com o topo do Eoceno e constitui um forte refletor sísmico.,1.0,"The score is 1.00 because the response stayed fully focused on the importance of the topo da bio-zona N-470, with no irrelevant statements. It directly addressed the input clearly and appropriately—great job.",,Skipped: empty context.,,Skipped: empty context.,,Skipped: empty context.,0.3,"The actual output partially matches the expected meaning by stating that the topo da bio-zona N-470 is associated with a strong seismic reflector ('forte refletor sísmico' vs. 'excelente refletor'). However, it introduces unsupported details and a contradiction: it says 'seu topo coincide com o topo do Eoceno', while the expected output says it 'coincide com o topo da bio-zona N-470'. It also adds 'Serve como amarração paleontológica', which is not present in the expected output. Because the key coincidence statement is factually different, the alignment is weak despite the similar reflector idea.",0.6,"The actual output captures one key relation from the expected output by stating that it ""constitui um forte refletor sísmico,"" which aligns with ""constitui um excelente refletor."" However, it misses the expected identification that the reference point ""coincide com o topo da bio-zona N-470"" and instead adds different information about ""topo do Eoceno"" and ""amarração paleontológica,"" which is not in the expected output. Because the test case asks specifically about the importance tied to the topo da bio-zona N-470, this omission is significant.",0.7,"The response uses appropriate geological terminology such as ""amarração paleontológica"", ""topo do Eoceno"" and ""refletor sísmico"", which aligns well with the domain-specific requirement. It also preserves the key expected relation that the topo is a strong/excellent reflector. However, it diverges from the expected output by stating that the topo da bio-zona N-470 coincides with the topo do Eoceno, rather than simply matching the expected idea that it ""constitui um excelente refletor"" and referencing the topo da própria bio-zona. This added stratigraphic interpretation is plausible but not fully aligned with the expected answer.",0.8,"The actual output is semantically close to the expected geological meaning: it states that the topo da bio-zona N-470 serves as an important marker and is a strong seismic reflector, which aligns with the expected idea of constituting an excellent reflector. It also adds relevant domain context by linking this top to the topo do Eoceno. However, there is a role shift: the expected output centers on something that coincides with the topo da bio-zona N-470, while the actual output says the topo itself coincides with the topo do Eoceno, which slightly changes the relation expressed.",0.38095238095238093,0.5,0.4324324324324324,0.2,0.26666666666666666,0.2285714285714286,0.38095238095238093,0.5,0.4324324324324324,0.0,0.5161290322580646,
