arquivo_fonte,tipo_resposta,question_id,question,expected_question,context,llm_answer,answer_relevancy_score,answer_relevancy_reason,faithfulness_score,faithfulness_reason,contextual_relevancy_score,contextual_relevancy_reason,contextual_recall_score,contextual_recall_reason,correctness_score,correctness_reason,completeness_score,completeness_reason,geological_adequacy_score,geological_adequacy_reason,ontology_alignment_score,ontology_alignment_reason,rouge1_precision,rouge1_recall,rouge1_fmeasure,rouge2_precision,rouge2_recall,rouge2_fmeasure,rougeL_precision,rougeL_recall,rougeL_fmeasure,exact_match,token_f1,eval_error
resultados/petrobras-4-0-com-ontologia-embeddingfirst/batch_f4d1f3cd-3f2e-41ca-b5af-611ea21bcf46-completo.csv,rag,1292,O que representa a fácies sísmica interpretada?,sedimentos clásticos finos,,"A fácies sísmica interpretada, onde o verde aparece mais, representa sedimentos clásticos finos.",1.0,"The score is 1.00 because the response is fully relevant to ""O que representa a fácies sísmica interpretada?"" and there are no irrelevant statements; it stays at the maximum score since it directly addresses the question clearly and appropriately.",,Skipped: empty context.,,Skipped: empty context.,,Skipped: empty context.,1.0,"The actual output matches the expected meaning exactly: it identifies the fácies sísmica interpretada as ""sedimentos clásticos finos,"" which is the expected output. The added detail about ""onde o verde aparece mais"" is a harmless stylistic extension and does not introduce any factual contradiction or mistake relative to the test case input.",1.0,"The expected output contains a single essential element: the interpreted seismic facies represents ""sedimentos clásticos finos"". The actual output includes this exact core content and correctly answers the input question ""O que representa a fácies sísmica interpretada?"". The added phrase about ""onde o verde aparece mais"" is extra but does not contradict the expected relation, so coverage is complete.",0.9,"The response aligns strongly with the expected interpretation: it correctly identifies the interpreted seismic facies as ""sedimentos clásticos finos,"" using appropriate geological terminology such as ""fácies sísmica"" and ""sedimentos clásticos finos."" It is semantically coherent and matches the expected geological entity. A small shortcoming is the added phrase about ""onde o verde aparece mais,"" which is extra visual-context wording not present in the expected output, but it does not introduce a geological error.",1.0,"The actual output is semantically aligned with the expected output because it correctly identifies the interpreted seismic facies as ""sedimentos clásticos finos,"" which is the key geological concept required by the test case. The added phrase about ""onde o verde aparece mais"" is extra detail not present in the expected output, but it does not introduce concept confusion, wrong class assignment, or incorrect relations.",0.25,1.0,0.4,0.2,1.0,0.33333333333333337,0.25,1.0,0.4,0.0,0.375,
resultados/petrobras-4-0-com-ontologia-embeddingfirst/batch_f4d1f3cd-3f2e-41ca-b5af-611ea21bcf46-completo.csv,graphrag,1292,O que representa a fácies sísmica interpretada?,sedimentos clásticos finos,,"A fácies sísmica interpretada representa a tipologia do sedimento em uma região específica, indicando se são arenitos muito porosos, sedimentos clásticos finos, ou margas e calcilutitos, e guia a distribuição espacial dos volumes de litotipos no reservatório.",1.0,"The score is 1.00 because the response stays fully focused on explaining what the ""fácies sísmica interpretada"" represents, with no irrelevant statements. It directly addresses the input clearly and appropriately.",,Skipped: empty context.,,Skipped: empty context.,,Skipped: empty context.,0.2,"The expected output for the input ""O que representa a fácies sísmica interpretada?"" is specifically ""sedimentos clásticos finos"", but the actual output gives a broader explanation and lists multiple possibilities such as ""arenitos muito porosos"", ""sedimentos clásticos finos"" and ""margas e calcilutitos"". This weakly aligns because it includes the expected term, but it contradicts the expected single interpretation by presenting alternative lithologies and extra claims about reservatório distribution.",0.4,"The expected output contains one essential fact: the interpreted fácies sísmica represents ""sedimentos clásticos finos"". The actual output does mention ""sedimentos clásticos finos"", which is a strength, but it frames this as only one of several possibilities (alongside ""arenitos muito porosos"" and ""margas e calcilutitos"") instead of identifying it as the specific interpretation. This weakens alignment because the key relation from the test case is not stated directly and exclusively.",0.4,"The response uses some geological terms appropriately, such as “fácies sísmica”, “sedimentos clásticos finos”, “margas”, “calcilutitos”, and “reservatório”, which shows partial domain relevance. However, it does not align well with the expected interpretation for the input, which is specifically “sedimentos clásticos finos”. Instead, it broadens the meaning of the interpreted seismic facies into multiple possible lithologies and reservoir distribution claims, introducing unsupported alternatives like “arenitos muito porosos” and “margas e calcilutitos”. This weakens semantic precision and misrepresents the specific geological entity expected.",0.5,"The response partially aligns because it mentions “sedimentos clásticos finos,” which matches the expected output for the question “O que representa a fácies sísmica interpretada?”. However, it adds unsupported alternatives like “arenitos muito porosos” and “margas e calcilutitos,” and reframes the facies as a broader “tipologia do sedimento” and reservoir litotype distribution guide. This weakens semantic precision and introduces geological concepts and relations not present in the expected answer.",0.08888888888888889,1.0,0.163265306122449,0.06818181818181818,1.0,0.1276595744680851,0.08888888888888889,1.0,0.163265306122449,0.0,0.15,
resultados/petrobras-4-0-com-ontologia-embeddingfirst/batch_f4d1f3cd-3f2e-41ca-b5af-611ea21bcf46-completo.csv,rag,1304,O que guia a curva vertical de proporções na matriz de proporções para a unidade genética superior do reservatório de Namorado?,respectiva fácies sísmica,,"A curva vertical de proporções na matriz de proporções para a unidade genética superior do reservatório de Namorado é guiada pela fácies sísmica respectiva, interpretada como arenitos muito porosos.",1.0,"The score is 1.00 because the response is fully focused on what guides the vertical proportion curve in the proportion matrix for the upper genetic unit of the Namorado reservoir, with no irrelevant statements. Great job staying precise and completely on-topic.",,Skipped: empty context.,,Skipped: empty context.,,Skipped: empty context.,1.0,"The actual output matches the expected meaning for the input about what guides the curva vertical de proporções: it correctly identifies the ""respectiva fácies sísmica"". The added detail ""interpretada como arenitos muito porosos"" is extra but does not contradict the expected output, so it should not be penalized under the instruction to ignore harmless wording differences.",1.0,"The actual output correctly identifies the essential element from the expected output: that the curva vertical de proporções is guided by the respectiva fácies sísmica for the unidade genética superior do reservatório de Namorado. It fully covers the key relation asked in the input. The added detail about 'interpretada como arenitos muito porosos' is extra but does not conflict with the expected answer, so only a minimal penalty, if any, is warranted.",0.7,"The response correctly uses geological terms such as ""curva vertical de proporções"", ""matriz de proporções"", ""unidade genética"", and especially identifies the guiding element as the ""fácies sísmica respectiva"", which matches the expected output. However, it adds an interpretation — ""interpretada como arenitos muito porosos"" — that is not present in the expected answer and introduces an unsupported lithologic/reservoir characterization. This extra domain-specific claim reduces alignment because the expected relation is only that the vertical proportion curve is guided by the corresponding seismic facies.",1.0,"The response is semantically aligned with the expected output: it identifies that the curva vertical de proporções is guided by the ""respectiva fácies sísmica,"" which matches the key geological entity and relation in the test case. It adds extra detail (""interpretada como arenitos muito porosos""), but this does not invert or confuse the domain meaning; the main concept, class, and guiding relation remain correct.",0.14705882352941177,1.0,0.25641025641025644,0.09090909090909091,0.75,0.16216216216216214,0.11764705882352941,0.8,0.20512820512820512,0.0,0.1875,
resultados/petrobras-4-0-com-ontologia-embeddingfirst/batch_f4d1f3cd-3f2e-41ca-b5af-611ea21bcf46-completo.csv,graphrag,1304,O que guia a curva vertical de proporções na matriz de proporções para a unidade genética superior do reservatório de Namorado?,respectiva fácies sísmica,,A curva vertical de proporções na matriz de proporções para a unidade genética superior do reservatório de Namorado é guiada pelas respectivas fácies sísmicas.,1.0,"The score is 1.00 because the response stays fully focused on what guides the vertical proportion curve in the proportion matrix for the upper genetic unit of the Namorado reservoir, with no irrelevant statements. Great job keeping it precise and directly aligned with the question.",,Skipped: empty context.,,Skipped: empty context.,,Skipped: empty context.,0.9,"The actual output matches the expected meaning for the input about what guides the curva vertical de proporções in the matriz de proporções da unidade genética superior do reservatório de Namorado: both identify a 'fácies sísmica' as the guiding factor. The main difference is wording and number ('pelas respectivas fácies sísmicas' vs. 'respectiva fácies sísmica'), which is a minor stylistic/grammatical variation rather than a factual contradiction. There is no clear factual mistake, but the pluralized phrasing is slightly less exact than the expected singular form.",0.9,"The actual output correctly captures the essential element from the expected output: that the curva vertical de proporções é guiada pela respectiva fácies sísmica. It preserves the key relation for the unidade genética superior do reservatório de Namorado. The only minor issue is wording/number change ('pelas respectivas fácies sísmicas' instead of singular 'respectiva fácies sísmica'), but it does not omit the core fact.",0.9,"The response aligns strongly with the expected geological concept by identifying that the curva vertical de proporções is guided by the fácies sísmicas, which matches the expected 'respectiva fácies sísmica'. It uses appropriate domain terminology such as 'matriz de proporções', 'unidade genética superior', 'reservatório de Namorado' and 'fácies sísmicas'. A small deduction is warranted because the output changes the singular expected relation to plural and adds extra phrasing rather than giving the concise expected entity directly.",1.0,"The actual output is semantically aligned with the expected output: it correctly identifies that the curva vertical de proporções is guided by the respectiva fácies sísmica for the unidade genética superior do reservatório de Namorado. It preserves the key geological concept and relation from the test case, with only a minor wording variation ('pelas respectivas fácies sísmicas' instead of the singular expected phrase) that does not change the intended meaning.",0.1724137931034483,1.0,0.29411764705882354,0.14285714285714285,1.0,0.25,0.1724137931034483,1.0,0.29411764705882354,0.0,0.07407407407407407,
resultados/petrobras-4-0-com-ontologia-embeddingfirst/batch_f4d1f3cd-3f2e-41ca-b5af-611ea21bcf46-completo.csv,rag,1305,Qual fácies sísmica é interpretada como sedimentos clásticos finos na matriz de proporções?,verde,,A fácies sísmica interpretada como sedimentos clásticos finos na matriz de proporções é a onde o verde aparece mais.,1.0,"The score is 1.00 because the answer is fully relevant to the question and stays focused on identifying the fácies sísmica interpreted as sedimentos clásticos finos na matriz de proporções, with no irrelevant statements. Great job keeping the response precise and on-topic.",,Skipped: empty context.,,Skipped: empty context.,,Skipped: empty context.,0.8,"The actual output correctly identifies ""verde"" as the fácies sísmica associated with sedimentos clásticos finos, matching the expected output for the given input. The extra phrasing (""a onde o verde aparece mais"") is stylistic and does not change the meaning, so it should not be penalized heavily. However, it is less precise than the expected single-word answer and includes awkward wording beyond the exact expected output.",1.0,"The expected output contains a single essential element: ""verde"" as the fácies sísmica associated with sedimentos clásticos finos. The actual output correctly identifies ""verde"" and directly answers the question, covering the key fact from the test case. Although it adds extra wording (""é a onde o verde aparece mais""), this does not omit or contradict any required information.",0.8,"The response is broadly aligned with the expected interpretation because it identifies the facies associated with the color verde, matching the expected output. It uses appropriate geological wording such as ""fácies sísmica"" and ""sedimentos clásticos finos,"" which fits the input domain. However, it is imprecise and awkwardly phrased (""a onde o verde aparece mais"" and ""matriz de proporções""), adding unnecessary wording instead of directly giving ""verde,"" so it is correct but not maximally precise.",0.9,"The actual output is semantically aligned with the expected answer because it identifies the facies as the one associated with “verde,” matching the expected output. It preserves the key geological mapping from the matrix de proporções to sedimentos clásticos finos, though it is more verbose than necessary and slightly less precise by describing “onde o verde aparece mais” instead of simply stating “verde.”",0.045454545454545456,1.0,0.08695652173913045,0.0,0.0,0.0,0.045454545454545456,1.0,0.08695652173913045,0.0,0.1,
resultados/petrobras-4-0-com-ontologia-embeddingfirst/batch_f4d1f3cd-3f2e-41ca-b5af-611ea21bcf46-completo.csv,graphrag,1305,Qual fácies sísmica é interpretada como sedimentos clásticos finos na matriz de proporções?,verde,,A fácies sísmica interpretada como sedimentos clásticos finos na matriz de proporções é a correspondente onde o verde aparece mais.,1.0,"The score is 1.00 because the response is fully relevant to the question, directly addressing which fácies sísmica corresponds to sedimentos clásticos finos na matriz de proporções, with no irrelevant statements. Great job staying precisely on topic.",,Skipped: empty context.,,Skipped: empty context.,,Skipped: empty context.,1.0,"The actual output matches the expected meaning for the input asking which fácies sísmica corresponds to sedimentos clásticos finos: it correctly identifies ""verde"" as the relevant answer. The extra wording about ""onde o verde aparece mais"" is a harmless stylistic addition and does not introduce a factual contradiction relative to the expected output.",1.0,"The expected output contains a single essential element: the answer ""verde"" for the fácies sísmica associated with sedimentos clásticos finos na matriz de proporções. The actual output explicitly identifies this by saying ""onde o verde aparece mais,"" so it covers the key fact correctly. It is more verbose than necessary, but there are no important omissions or contradictions.",0.8,"The response is geologically appropriate because it correctly uses the term “fácies sísmica” and identifies the relevant entity as the one associated with “verde,” which matches the expected output. It remains semantically coherent with the input about “sedimentos clásticos finos na matriz de proporções.” However, it is less precise than expected because it gives a descriptive sentence (“onde o verde aparece mais”) instead of the direct label “verde,” adding unnecessary wording rather than the exact expected output.",0.9,"The response is semantically aligned with the expected output because it correctly identifies the fácies sísmica associated with sedimentos clásticos finos as the one represented by verde. It preserves the intended geological meaning from the input and does not introduce concept confusion or incorrect relations, though it is more verbose than the expected single-word answer.",0.043478260869565216,1.0,0.08333333333333333,0.0,0.0,0.0,0.043478260869565216,1.0,0.08333333333333333,0.0,0.09523809523809523,
resultados/petrobras-4-0-com-ontologia-embeddingfirst/batch_f4d1f3cd-3f2e-41ca-b5af-611ea21bcf46-completo.csv,rag,1306,O que é utilizado para distribuir no volume do reservatório as CPVs conhecidas somente nos poços?,conceito de fácies sísmicas,,"As fácies sísmicas são utilizadas para distribuir no volume do reservatório as CPVs conhecidas somente nos poços, guiando a repartição espacial e construindo a matriz de proporções.",0.6666666666666666,"The score is 0.67 because the answer is mostly on topic and appears to address how CPVs known only at the wells are distributed through the reservoir volume, but it is not higher because it introduces ""matriz de proporções,"" which is a different concept and does not directly answer what is used for that distribution.",,Skipped: empty context.,,Skipped: empty context.,,Skipped: empty context.,0.9,"The actual output aligns well with the expected output for the input question about what is used to distribute CPVs in the reservoir volume. It correctly identifies ""fácies sísmicas,"" which matches the expected ""conceito de fácies sísmicas."" The extra detail about guiding spatial distribution and constructing the proportion matrix is consistent with the concept and does not introduce a contradiction. There are no clear factual mistakes, only a harmless wording expansion beyond the shorter expected form.",1.0,"The expected output identifies the essential concept as ""conceito de fácies sísmicas"" in response to what is used to distribute CPVs in the reservoir volume. The actual output directly states that ""As fácies sísmicas"" are used for this distribution and correctly ties them to CPVs known only at the wells, preserving the key entity and relation from the test case. It adds extra detail about guiding spatial repartition and building the proportion matrix, but this does not conflict with the expected answer.",0.9,"The response aligns strongly with the expected concept, explicitly identifying ""fácies sísmicas"" as what is used to distribute CPVs known only at wells through the reservoir volume. It uses appropriate geological/reservoir terminology such as ""volume do reservatório"" and ""poços"" and remains semantically coherent. A small limitation is that it adds interpretive detail like ""guiando a repartição espacial"" and ""construindo a matriz de proporções,"" which goes beyond the expected concise output ""conceito de fácies sísmicas,"" but these additions do not introduce geological misuse.",1.0,"The actual output matches the expected concept exactly: it identifies “fácies sísmicas” as what is used to distribute CPVs from well data throughout the reservoir volume. It stays aligned with the geological semantics in the input about spatial distribution in the reservatório and does not introduce any concept confusion or inverted relation. The added details about guiding spatial repartition and building a proportion matrix are consistent elaborations, not semantic deviations.",0.14705882352941177,0.8333333333333334,0.25,0.09090909090909091,0.6,0.15789473684210525,0.11764705882352941,0.6666666666666666,0.2,0.0,0.19354838709677416,
resultados/petrobras-4-0-com-ontologia-embeddingfirst/batch_f4d1f3cd-3f2e-41ca-b5af-611ea21bcf46-completo.csv,graphrag,1306,O que é utilizado para distribuir no volume do reservatório as CPVs conhecidas somente nos poços?,conceito de fácies sísmicas,,O conceito de fácies sísmicas é utilizado para distribuir no volume do reservatório as CPVs conhecidas somente nos poços.,1.0,"The score is 1.00 because the answer stayed fully focused on what was asked about distributing the CPVs no volume do reservatório from values known only at the wells, with no irrelevant statements. Clear and fully relevant.",,Skipped: empty context.,,Skipped: empty context.,,Skipped: empty context.,1.0,"The actual output matches the expected content for the input asking what is used to distribute CPVs in the reservoir volume. It correctly identifies ""conceito de fácies sísmicas,"" which is exactly the expected answer. The extra surrounding sentence and wording are harmless stylistic differences and do not introduce any factual contradiction or mistake.",1.0,"The actual output fully includes the essential expected element, ""conceito de fácies sísmicas"", and correctly applies it to the input question about distributing CPVs in the reservoir volume known only at wells. The extra wording is relevant and does not omit any important fact, entity, or relation from the expected output.",1.0,"The actual output matches the expected concept exactly by identifying ""fácies sísmicas"" as what is used to distribute CPVs from well data into the reservoir volume. It uses appropriate geological terminology (reservatório, CPVs, poços, fácies sísmicas) and preserves the intended domain relation without introducing incorrect lithologic, stratigraphic, or reservoir interpretations. The only difference from the expected output is added explanatory phrasing, which remains semantically coherent and fully aligned.",1.0,"The actual output matches the expected geological concept, identifying ""conceito de fácies sísmicas"" as what is used to distribute CPVs known only at wells throughout the reservoir volume. It preserves the correct entity and role from the input, with no concept confusion, inverted relation, or misuse of domain meaning; the added sentence framing does not change the semantics.",0.2727272727272727,1.0,0.42857142857142855,0.23809523809523808,1.0,0.3846153846153846,0.2727272727272727,1.0,0.42857142857142855,0.0,0.34782608695652173,
resultados/petrobras-4-0-com-ontologia-embeddingfirst/batch_f4d1f3cd-3f2e-41ca-b5af-611ea21bcf46-completo.csv,rag,1309,O que é a matriz de proporções na construção de uma matriz de proporções de litotipos?,uma ferramenta muito importante para capturar o comportamento espacial dos litotipos,,"A matriz de proporções na construção de uma matriz de proporções de litotipos é uma ferramenta para capturar e representar o comportamento espacial dos diferentes litotipos em um reservatório, guiando a distribuição espacial das propriedades conhecidas (CPVs) a partir dos poços, usando fácies sísmicas como referência. Ela complementa os variogramas na análise estrutural na modelagem geoestatística.",1.0,"The score is 1.00 because the answer stays fully focused on explaining what the matriz de proporções is in the context of constructing a matriz de proporções de litotipos, with no irrelevant statements. It directly addresses the input clearly and appropriately.",,Skipped: empty context.,,Skipped: empty context.,,Skipped: empty context.,0.8,"The actual output matches the core expected meaning from the input, describing the matriz de proporções as a tool to capture and represent the comportamento espacial dos litotipos. This aligns well with the expected output's key idea. However, it adds extra claims not present in the expected answer, such as guiding the distribuição espacial das propriedades conhecidas (CPVs), using fácies sísmicas as referência, and complementing variogramas in modelagem geoestatística. These additions are not clear contradictions, but they go beyond the expected output and slightly reduce alignment.",0.9,"The actual output captures the essential expected content: it identifies the matriz de proporções as a ""ferramenta"" used to ""capturar e representar o comportamento espacial dos diferentes litotipos,"" which matches the expected idea of ""uma ferramenta muito importante para capturar o comportamento espacial dos litotipos."" It preserves the key entity (matriz de proporções) and relation (serves to capture spatial behavior of litotipos). Extra details about reservatório, CPVs, poços, fácies sísmicas, and variogramas are not required but do not conflict with the expected output. The only minor shortcoming is that it does not explicitly reflect the emphasis of ""muito importante.""",0.8,"The response aligns well with the expected idea by describing the matriz de proporções as a ferramenta to capture and represent the comportamento espacial dos litotipos, which matches the core geological concept in the expected output. It uses appropriate domain terms such as litotipos, reservatório, fácies sísmicas, variogramas, and modelagem geoestatística. However, it adds unsupported specifics from the test case context—such as distribuição de CPVs a partir dos poços, uso de fácies sísmicas como referência, and complementing variograms—that are not present in the expected output and may overextend the definition.",0.9,"The actual output is semantically well aligned with the expected meaning: it correctly identifies the matriz de proporções as a tool to capture and represent the spatial behavior of litotipos, which matches the core geological concept in the expected output. It preserves the intended semantics despite being more detailed. A small penalty is warranted because it adds extra domain-specific claims not present in the expected answer, such as guiding CPVs from wells, using fácies sísmicas as reference, and complementing variograms, which may go beyond the tested concept.",0.13636363636363635,0.8181818181818182,0.23376623376623376,0.07692307692307693,0.5,0.13333333333333336,0.13636363636363635,0.8181818181818182,0.23376623376623376,0.0,0.2686567164179105,
resultados/petrobras-4-0-com-ontologia-embeddingfirst/batch_f4d1f3cd-3f2e-41ca-b5af-611ea21bcf46-completo.csv,graphrag,1309,O que é a matriz de proporções na construção de uma matriz de proporções de litotipos?,uma ferramenta muito importante para capturar o comportamento espacial dos litotipos,,"A matriz de proporções é uma ferramenta na construção de uma matriz de proporções de litotipos que captura o comportamento espacial dos litotipos em um reservatório. Ela utiliza fácies sísmicas para guiar a distribuição espacial das variações proporcionais conhecidas somente nos poços, sendo essencial na modelagem geoestatística de reservatórios.",1.0,"The score is 1.00 because the answer stays fully focused on explaining o que é a matriz de proporções na construção de uma matriz de proporções de litotipos, without adding irrelevant statements. It directly addresses the input clearly and appropriately.",,Skipped: empty context.,,Skipped: empty context.,,Skipped: empty context.,0.9,"The actual output matches the expected meaning well: it identifies the matriz de proporções as a ferramenta importante para capturar o comportamento espacial dos litotipos, which is the core expected content for the input question. It adds extra details about reservatório, fácies sísmicas, poços, and modelagem geoestatística that are not in the expected output, but these do not directly contradict it. Because the main definition aligns and there are no clear factual contradictions relative to the expected output, the response shows strong alignment.",1.0,"The actual output fully covers the essential content from the expected output: it identifies the matriz de proporções as a ferramenta and explicitly says it captures the comportamento espacial dos litotipos. It also stays aligned with the input about construção de uma matriz de proporções de litotipos. The extra details about reservatório, fácies sísmicas, poços, and modelagem geoestatística are additional context, not omissions or contradictions.",0.8,"The response aligns well with the expected definition by identifying the matriz de proporções as a ferramenta that captures o comportamento espacial dos litotipos, which is the key expected concept. It also uses appropriate geological/reservoir terminology such as litotipos, reservatório, and modelagem geoestatística. However, it adds unsupported specifics like ""fácies sísmicas"" and distribuição das variações conhecidas somente nos poços, which are not present in the input or expected output and may introduce unnecessary domain assumptions.",0.9,"The actual output is semantically well aligned with the expected definition: it correctly identifies the matriz de proporções as a ferramenta used to capturar o comportamento espacial dos litotipos. It also preserves the geological context of litotipos and spatial behavior, which matches the expected concept. A minor weakness is that it adds extra details such as reservatório, fácies sísmicas, poços, and modelagem geoestatística that are not present in the expected output, but these do not invert or confuse the core meaning.",0.13559322033898305,0.7272727272727273,0.2285714285714286,0.08620689655172414,0.5,0.14705882352941177,0.11864406779661017,0.6363636363636364,0.2,0.0,0.26666666666666666,
resultados/petrobras-4-0-com-ontologia-embeddingfirst/batch_f4d1f3cd-3f2e-41ca-b5af-611ea21bcf46-completo.csv,rag,1320,Qual é a área da Bacia do Espírito Santo?,41.500 km2,,A área da Bacia do Espírito Santo é de aproximadamente 41.500 km².,1.0,"The score is 1.00 because the answer is fully relevant to the question and directly addresses ""Qual é a área da Bacia do Espírito Santo?"" with no irrelevant statements. Great job staying precise and on-topic.",,Skipped: empty context.,,Skipped: empty context.,,Skipped: empty context.,1.0,"The actual output matches the expected value for the input about the área da Bacia do Espírito Santo, giving approximately 41.500 km², which is consistent with the expected 41.500 km2. The added sentence framing and the use of ""km²"" instead of ""km2"" are harmless wording/formatting differences, and there are no factual contradictions.",1.0,"The actual output correctly includes the essential fact from the expected output: the area of the Bacia do Espírito Santo as 41.500 km². It matches the key entity and value requested in the input, with only a minor formatting difference ('km²' vs 'km2') and added natural-language framing, which should not be penalized because all essential content is present.",1.0,"The actual output matches the expected value for the test case, stating 'aproximadamente 41.500 km²' for the área da Bacia do Espírito Santo, which is semantically equivalent to '41.500 km2'. It uses the geological entity 'Bacia do Espírito Santo' correctly, contains no misuse of geological or stratigraphic terminology, and remains domain-appropriate and coherent.",1.0,"The actual output is semantically aligned with the expected answer: it identifies the correct geological entity, Bacia do Espírito Santo, and provides the same area value, 41.500 km²/km2. It remains concise while preserving the intended meaning. The only minor difference is added phrasing ('A área da Bacia do Espírito Santo é de aproximadamente'), but this does not change the geological concept or relation asked in the input.",0.15384615384615385,0.6666666666666666,0.25,0.08333333333333333,0.5,0.14285714285714285,0.15384615384615385,0.6666666666666666,0.25,0.0,0.2857142857142857,
resultados/petrobras-4-0-com-ontologia-embeddingfirst/batch_f4d1f3cd-3f2e-41ca-b5af-611ea21bcf46-completo.csv,graphrag,1320,Qual é a área da Bacia do Espírito Santo?,41.500 km2,,A área da Bacia do Espírito Santo é de aproximadamente 41.500 km².,1.0,"The score is 1.00 because the answer is fully relevant to the question, directly addressing the área da Bacia do Espírito Santo with no irrelevant information. Great job keeping the response focused and on-topic.",,Skipped: empty context.,,Skipped: empty context.,,Skipped: empty context.,1.0,"The actual output matches the expected value for the input about the área da Bacia do Espírito Santo, correctly giving aproximadamente 41.500 km², which is consistent with the expected 41.500 km2. There are no factual contradictions or mistakes; the only differences are harmless wording and unit formatting.",1.0,"The actual output fully covers the essential fact from the expected output: the área da Bacia do Espírito Santo is 41.500 km²/km2. It correctly identifies the entity and value asked in the input, with only minor wording differences ('aproximadamente' and full-sentence phrasing) that do not omit any important information.",1.0,"The actual output matches the expected value exactly in meaning, giving the Bacia do Espírito Santo area as approximately 41.500 km², which is geologically appropriate for the input. It uses correct basin terminology without introducing incorrect lithologies, facies, stratigraphic relations, or reservoir concepts. The only minor difference is added phrasing ('A área da Bacia do Espírito Santo é de aproximadamente'), which does not change the factual content.",1.0,"The actual output is semantically aligned with the expected answer: it correctly identifies the entity ""Bacia do Espírito Santo"" and gives the area as approximately 41.500 km², matching the expected 41.500 km2. It preserves the intended geological meaning and relation (basin-to-area) without concept confusion or inverted roles. The only minor difference is the added wording ""é de aproximadamente"", which does not change the meaning.",0.15384615384615385,0.6666666666666666,0.25,0.08333333333333333,0.5,0.14285714285714285,0.15384615384615385,0.6666666666666666,0.25,0.0,0.2857142857142857,
resultados/petrobras-4-0-com-ontologia-embeddingfirst/batch_f4d1f3cd-3f2e-41ca-b5af-611ea21bcf46-completo.csv,rag,1325,Qual é o limite leste da Bacia do Espírito Santo?,crosta continental/oceânica,,O limite leste da Bacia do Espírito Santo é coincidente com o limite entre a crosta continental e oceânica.,1.0,"The score is 1.00 because the answer is fully relevant to the question, directly addressing the limite leste da Bacia do Espírito Santo without any irrelevant information. Great job keeping it precise and on-topic.",,Skipped: empty context.,,Skipped: empty context.,,Skipped: empty context.,1.0,"The actual output matches the expected meaning for the input about the limite leste da Bacia do Espírito Santo: it states that the limit is coincident with the boundary between ""crosta continental e oceânica,"" which aligns with the expected ""crosta continental/oceânica."" There are no factual contradictions or mistakes; the only difference is harmless wording expansion.",1.0,"The actual output fully captures the essential expected element from the test case: it states that the limite leste da Bacia do Espírito Santo coincides with the boundary between “crosta continental e oceânica,” which matches the expected “crosta continental/oceânica.” It includes the key relation asked in the input and adds only minimal rephrasing without omitting any important information.",1.0,"The response aligns closely with the expected geological concept by identifying the eastern boundary of the Bacia do Espírito Santo as the limit between continental and oceanic crust, which matches the expected output ""crosta continental/oceânica"". It uses appropriate geological terminology (""crosta continental e oceânica"") and expresses the boundary relation correctly. The only minor shortcoming is that it is more verbose than the expected short form, but semantically it is precise and coherent.",1.0,"The actual output is semantically aligned with the expected output: it identifies the limite leste da Bacia do Espírito Santo as the boundary between crosta continental e oceânica, which matches the expected geological entity ""crosta continental/oceânica."" It preserves the correct concept and relation for the asked boundary, with no inversion or domain confusion; the only difference is that it is a fuller sentence rather than the concise expected phrase.",0.2,1.0,0.33333333333333337,0.10526315789473684,0.6666666666666666,0.18181818181818182,0.2,1.0,0.33333333333333337,0.0,0.09523809523809525,
resultados/petrobras-4-0-com-ontologia-embeddingfirst/batch_f4d1f3cd-3f2e-41ca-b5af-611ea21bcf46-completo.csv,graphrag,1325,Qual é o limite leste da Bacia do Espírito Santo?,crosta continental/oceânica,,"O limite leste da Bacia do Espírito Santo é coincidente com o limite entre a crosta continental e oceânica, com a existência do Banco de Abrolhos contribuindo para uma fisiografia particular.",1.0,"The score is 1.00 because the response fully addresses ""Qual é o limite leste da Bacia do Espírito Santo?"" with no irrelevant information, making it completely relevant and on point.",,Skipped: empty context.,,Skipped: empty context.,,Skipped: empty context.,0.9,"The actual output matches the expected meaning for the input 'Qual é o limite leste da Bacia do Espírito Santo?' by stating that the eastern limit is the boundary between 'crosta continental e oceânica', which aligns directly with the expected 'crosta continental/oceânica'. The added detail about 'Banco de Abrolhos' is extra but not contradictory, so it should not be penalized heavily.",1.0,"The actual output correctly includes the essential expected element for the question ""Qual é o limite leste da Bacia do Espírito Santo?"": it states that the eastern limit is the boundary between ""crosta continental e oceânica,"" which matches the expected output ""crosta continental/oceânica."" The extra detail about the Banco de Abrolhos is additional but does not detract from coverage of the key fact.",1.0,"The response uses correct geological terminology and matches the expected interpretation for the input about the limite leste da Bacia do Espírito Santo. It explicitly identifies the boundary as the transition between 'crosta continental e oceânica', which aligns directly with the expected output 'crosta continental/oceânica'. The added note about the Banco de Abrolhos is geologically coherent and does not introduce a contradiction or misuse of stratigraphic, lithologic, or reservoir concepts.",0.9,"The response is semantically aligned with the expected answer because it identifies the limite leste da Bacia do Espírito Santo as the boundary between the crosta continental e oceânica, which matches the expected geological concept. It preserves the correct entity and relation from the question. A small drawback is the extra detail about the Banco de Abrolhos and fisiografia particular, which is not required by the expected output, but it does not distort the core meaning.",0.12121212121212122,1.0,0.21621621621621626,0.0625,0.6666666666666666,0.11428571428571428,0.12121212121212122,1.0,0.21621621621621626,0.0,0.06060606060606061,
resultados/petrobras-4-0-com-ontologia-embeddingfirst/batch_f4d1f3cd-3f2e-41ca-b5af-611ea21bcf46-completo.csv,rag,1327,Qual é a largura da plataforma continental?,240 km na porção centro-norte,,A largura da plataforma continental varia de uma média de 40 km a sul até cerca de 240 km na porção centro-norte.,1.0,"The score is 1.00 because the answer appears fully relevant to the question about ""a largura da plataforma continental,"" with no irrelevant statements identified. Great job staying directly on topic.",,Skipped: empty context.,,Skipped: empty context.,,Skipped: empty context.,0.8,"The actual output contains the expected key fact, ""240 km na porção centro-norte"", which directly answers the question. It also adds extra context about a média de 40 km a sul that is not in the expected output, but this does not contradict the expected answer. Because the added detail is harmless and the main expected information is present, alignment is strong but not exact.",1.0,"The actual output includes the essential expected fact from the test case—""240 km na porção centro-norte""—and correctly answers the pergunta sobre a largura da plataforma continental. It also adds extra context about ""uma média de 40 km a sul,"" which is not required but does not conflict with the expected output, so coverage is strong and concise enough.",0.8,"The response uses correct geological terminology for the concept of ""plataforma continental"" and gives a semantically coherent width description. It includes the key expected detail, ""240 km na porção centro-norte"", matching the expected output. However, it adds extra information not present in the expected answer (""média de 40 km a sul""), so alignment is strong but not exact.",0.9,The actual output is semantically aligned with the expected answer because it correctly includes the key geological detail from the test case: “240 km na porção centro-norte.” It remains consistent with the concept of largura da plataforma continental and does not invert relations or misuse domain meaning. A small deduction is warranted because it adds extra information (“média de 40 km a sul”) beyond the expected concise output.,0.28,1.0,0.43750000000000006,0.25,1.0,0.4,0.28,1.0,0.43750000000000006,0.0,0.37037037037037035,
resultados/petrobras-4-0-com-ontologia-embeddingfirst/batch_f4d1f3cd-3f2e-41ca-b5af-611ea21bcf46-completo.csv,graphrag,1327,Qual é a largura da plataforma continental?,240 km na porção centro-norte,,A largura da plataforma continental na Bacia do Espírito Santo varia de uma média de 40 km a sul até cerca de 240 km na porção centro-norte.,1.0,"The score is 1.00 because the response directly addresses ""Qual é a largura da plataforma continental?"" with no irrelevant statements, staying fully focused on the question. Great job keeping it precise and on-topic.",,Skipped: empty context.,,Skipped: empty context.,,Skipped: empty context.,0.8,"The actual output includes the expected key fact from the test case, stating “cerca de 240 km na porção centro-norte,” which matches the expected output. However, it adds extra information about variation from “uma média de 40 km a sul,” which was not requested by the expected answer. This is not a factual contradiction, but the response is less precise than the expected minimal answer.",1.0,"The actual output includes the essential expected fact: the largura da plataforma continental is ""cerca de 240 km na porção centro-norte"". It also correctly grounds the answer in the Bacia do Espírito Santo and adds extra context about ""média de 40 km a sul,"" which is not required but does not conflict with the expected output. Since the key expected element is fully covered, it aligns strongly with the evaluation steps.",0.9,"The response uses correct geological terminology for the question, specifically 'plataforma continental' and the basin context 'Bacia do Espírito Santo'. It is semantically coherent and domain-appropriate, and it includes the expected key value '240 km na porção centro-norte'. It loses some alignment because the expected output asks only for that specific width, while the actual output adds extra detail about variation from '40 km a sul' to '240 km', which goes beyond the target answer.",0.9,"The response is semantically aligned with the expected geological content: it correctly identifies the plataforma continental width reaching 240 km na porção centro-norte, which matches the expected output. It adds extra context about variation from 40 km a sul, but this does not introduce concept confusion, wrong entities, or inverted relations. The answer preserves the intended geological semantics for the question about largura da plataforma continental in the Bacia do Espírito Santo.",0.22580645161290322,1.0,0.3684210526315789,0.2,1.0,0.33333333333333337,0.22580645161290322,1.0,0.3684210526315789,0.0,0.3125,
resultados/petrobras-4-0-com-ontologia-embeddingfirst/batch_f4d1f3cd-3f2e-41ca-b5af-611ea21bcf46-completo.csv,rag,1333,A que se refere a fronteira leste da Bacia do Espírito Santo?,crosta continental/oceânica,,A fronteira leste da Bacia do Espírito Santo refere-se ao limite entre a crosta continental e oceânica.,1.0,"The score is 1.00 because the answer is fully relevant to the question about a fronteira leste da Bacia do Espírito Santo, with no irrelevant statements. Clear and directly on topic.",,Skipped: empty context.,,Skipped: empty context.,,Skipped: empty context.,1.0,"The actual output matches the expected meaning for the input about the fronteira leste da Bacia do Espírito Santo: it identifies the boundary as the limit between the crosta continental and oceânica, which corresponds directly to the expected ""crosta continental/oceânica"". There are no factual contradictions, and the extra phrasing is only a harmless stylistic difference.",1.0,"The expected output is the key relation 'crosta continental/oceânica' for the fronteira leste da Bacia do Espírito Santo. The actual output fully covers this essential element by stating 'o limite entre a crosta continental e oceânica'. It includes the correct entities and relation with only slightly expanded wording, so there are no important omissions.",1.0,"The response matches the expected geological concept exactly: it identifies the fronteira leste da Bacia do Espírito Santo as the limite entre a crosta continental e oceânica, which is semantically equivalent to the expected output 'crosta continental/oceânica'. It uses appropriate geological terminology, preserves the correct basin context, and introduces no incorrect lithologic, stratigraphic, or reservoir-related concepts.",1.0,"The actual output is semantically aligned with the expected output: it identifies the 'fronteira leste da Bacia do Espírito Santo' as the boundary between 'crosta continental e oceânica', which directly matches 'crosta continental/oceânica'. It preserves the correct geological entities and relation for the given input, with no concept confusion or inverted meaning, and the added phrasing remains concise while keeping the intended geology intact.",0.2,1.0,0.33333333333333337,0.10526315789473684,0.6666666666666666,0.18181818181818182,0.2,1.0,0.33333333333333337,0.0,0.10526315789473684,
resultados/petrobras-4-0-com-ontologia-embeddingfirst/batch_f4d1f3cd-3f2e-41ca-b5af-611ea21bcf46-completo.csv,graphrag,1333,A que se refere a fronteira leste da Bacia do Espírito Santo?,crosta continental/oceânica,,A fronteira leste da Bacia do Espírito Santo refere-se ao limite entre a crosta continental e oceânica.,1.0,"The score is 1.00 because the answer is fully relevant to the question, directly addressing what ""a fronteira leste da Bacia do Espírito Santo"" refers to, with no irrelevant statements. Great focus and complete alignment with the input.",,Skipped: empty context.,,Skipped: empty context.,,Skipped: empty context.,1.0,"The actual output matches the expected meaning for the input about 'a fronteira leste da Bacia do Espírito Santo': it states 'o limite entre a crosta continental e oceânica,' which is equivalent to the expected 'crosta continental/oceânica.' There are no factual contradictions or mistakes, and the only difference is harmless wording expansion.",1.0,"The actual output correctly captures the essential relation from the expected output: it states that the fronteira leste da Bacia do Espírito Santo is the limite entre a crosta continental e oceânica, which matches the expected 'crosta continental/oceânica'. It includes the key entities and relation requested by the input, with only harmless added wording.",1.0,"The actual output matches the expected geological concept exactly: it identifies the fronteira leste da Bacia do Espírito Santo as the boundary between 'crosta continental e oceânica', which corresponds directly to the expected 'crosta continental/oceânica'. The terminology is domain-appropriate, semantically coherent, and contains no misuse of stratigraphic, lithologic, or reservoir concepts.",1.0,"The actual output is semantically aligned with the expected output: it identifies the fronteira leste da Bacia do Espírito Santo as the boundary between crosta continental e oceânica, which matches the expected concept ""crosta continental/oceânica"". It preserves the correct geological entities and relation for the given input, with no concept confusion, inverted roles, or domain misuse.",0.2,1.0,0.33333333333333337,0.10526315789473684,0.6666666666666666,0.18181818181818182,0.2,1.0,0.33333333333333337,0.0,0.10526315789473684,
resultados/petrobras-4-0-com-ontologia-embeddingfirst/batch_f4d1f3cd-3f2e-41ca-b5af-611ea21bcf46-completo.csv,rag,1338,Quantos quilômetros de área a Bacia do Espírito Santo tem a ver com a bacia terrestre?,3.000,,3.000 km² referem-se à bacia terrestre na Bacia do Espírito Santo.,1.0,"The score is 1.00 because the response appears fully relevant to the question, with no irrelevant statements listed. It stays focused on the topic asked in the input, so this is a strong result.",,Skipped: empty context.,,Skipped: empty context.,,Skipped: empty context.,0.8,"The actual output includes the expected value ""3.000"" and correctly ties it to ""a bacia terrestre na Bacia do Espírito Santo,"" which matches the input asking about the terrestrial basin area. However, it adds ""km²"" and extra wording not present in the expected output, so it is not an exact match. There is no clear factual contradiction, but the response is less aligned because the expected output is only the bare value.",1.0,"The expected output contains only the essential value ""3.000"". The actual output includes that key fact and correctly links it to ""a bacia terrestre na Bacia do Espírito Santo,"" which matches the input context about the terrestrial basin area. Although it adds extra wording and the unit ""km²,"" it does not omit any important information from the expected output.",0.7,"The actual output correctly preserves the key geological context from the input, identifying 'bacia terrestre' within the 'Bacia do Espírito Santo', and uses domain-appropriate terminology without obvious geological misuse. However, compared with the expected output, it adds explanatory text and the unit 'km²' instead of returning only the numeric value '3.000', so it is not fully aligned with the expected extraction-style answer.",0.9,"The actual output matches the expected value by identifying ""3.000 km²"" as the relevant quantity for the ""bacia terrestre"" within the Bacia do Espírito Santo, preserving the core geological relation asked in the input. It adds explanatory wording not present in the expected output, but this does not introduce major semantic confusion or invert roles; the main difference is that the expected output is only the numeric answer ""3.000"".",0.15384615384615385,1.0,0.2666666666666667,0.08333333333333333,1.0,0.15384615384615385,0.15384615384615385,1.0,0.2666666666666667,0.0,0.16666666666666669,
resultados/petrobras-4-0-com-ontologia-embeddingfirst/batch_f4d1f3cd-3f2e-41ca-b5af-611ea21bcf46-completo.csv,graphrag,1338,Quantos quilômetros de área a Bacia do Espírito Santo tem a ver com a bacia terrestre?,3.000,,"A Bacia do Espírito Santo tem uma área total explorável de aproximadamente 41.500 km², dos quais 3.000 km² referem-se à bacia terrestre.",1.0,"The score is 1.00 because the response appears fully relevant to the question about the relação entre a Bacia do Espírito Santo e a bacia terrestre, with no irrelevant statements identified. Great job staying focused and on topic.",,Skipped: empty context.,,Skipped: empty context.,,Skipped: empty context.,0.8,"The actual output includes the expected value ""3.000"" for the área da bacia terrestre, which matches the key detail requested by the input. However, it adds extra information about the área total explorável de 41.500 km² that is not part of the expected output, making it less precise than the target answer. There is no factual contradiction with the expected output, and the core answer remains correct.",1.0,"The expected output requires the key fact ""3.000"" as the área da bacia terrestre. The actual output includes this essential element explicitly by stating ""3.000 km² referem-se à bacia terrestre,"" which directly answers the question. Although it adds extra context about the total area explorável de 41.500 km², it does not omit any important expected information.",0.8,"The response is geologically appropriate, correctly using the basin term ""Bacia do Espírito Santo"" and distinguishing ""bacia terrestre"" from the total area. It matches the expected key value by stating that 3.000 km² refer to the terrestrial basin, which aligns with the requested quantity. However, it adds extra information about the total explorable area of 41.500 km² that was not requested, so it is less precise than the expected output and not strictly limited to the target answer.",0.8,"The actual output is semantically aligned with the expected answer because it identifies that the portion related to the bacia terrestre is 3.000 km², which matches the expected value. It also preserves the relevant geological entities and relation in the input, distinguishing the total area of the Bacia do Espírito Santo from the terrestrial basin area. However, it is less precise than expected because it adds extra information ('41.500 km²' total explorable area) instead of returning only the requested value.",0.07692307692307693,1.0,0.14285714285714288,0.04,1.0,0.07692307692307693,0.07692307692307693,1.0,0.14285714285714288,0.0,0.08695652173913045,
resultados/petrobras-4-0-com-ontologia-embeddingfirst/batch_f4d1f3cd-3f2e-41ca-b5af-611ea21bcf46-completo.csv,rag,1339,O que evidencia a fisiografia do Banco de Abrolhos?,alargamento da plataforma continental,,"O Banco de Abrolhos evidencia uma fisiografia particular na Bacia do Espírito Santo, caracterizada por um significativo alargamento da plataforma continental, que passa de uma média de 40 km de largura a sul para cerca de 240 km na porção centro-norte.",1.0,"The score is 1.00 because the response appears fully relevant to the question ""O que evidencia a fisiografia do Banco de Abrolhos?"", with no irrelevant statements identified. Great job staying focused and directly on topic.",,Skipped: empty context.,,Skipped: empty context.,,Skipped: empty context.,1.0,"The actual output matches the expected idea for the input about the fisiografia do Banco de Abrolhos: it correctly identifies the key evidence as the ""alargamento da plataforma continental"". It adds extra contextual details about the Bacia do Espírito Santo and width changes (40 km to 240 km), but these do not contradict the expected output and are harmless elaborations rather than factual mistakes.",1.0,"The actual output fully covers the essential expected element, explicitly stating that o Banco de Abrolhos é caracterizado por um ""significativo alargamento da plataforma continental"". It stays aligned with the input question about what the fisiografia evidences, and the extra details about the Bacia do Espírito Santo and the width change from 40 km to 240 km are additional but not conflicting. Since the key relation from the expected output is present, it deserves a very strong score.",1.0,"The response aligns strongly with the expected interpretation by identifying the key physiographic evidence as the ""alargamento da plataforma continental,"" which exactly matches the expected output. It uses appropriate geological terminology such as ""fisiografia,"" ""Bacia do Espírito Santo,"" and ""plataforma continental,"" and adds coherent quantitative detail about the width change. A minor shortcoming is the possible over-specification of the regional context relative to the minimal expected answer, but there is no misuse of geological concepts or relations.",1.0,"The response is semantically aligned with the expected output because it identifies that a key evidence of the fisiografia do Banco de Abrolhos is the ""alargamento da plataforma continental"". It also adds compatible geological detail from the test case, specifying the widening from about 40 km to 240 km, without introducing concept confusion, wrong entities, or inverted relations. Although more verbose than the expected concise phrase, it preserves the intended geological meaning.",0.08888888888888889,1.0,0.163265306122449,0.06818181818181818,1.0,0.1276595744680851,0.08888888888888889,1.0,0.163265306122449,0.0,0.17777777777777776,
resultados/petrobras-4-0-com-ontologia-embeddingfirst/batch_f4d1f3cd-3f2e-41ca-b5af-611ea21bcf46-completo.csv,graphrag,1339,O que evidencia a fisiografia do Banco de Abrolhos?,alargamento da plataforma continental,,"A fisiografia do Banco de Abrolhos é evidenciada por um alargamento da plataforma continental na Bacia do Espírito Santo, que passa de uma média de 40 km de largura a sul para cerca de 240 km na porção centro-norte.",1.0,"The score is 1.00 because the answer appears fully relevant to the question about o que evidencia a fisiografia do Banco de Abrolhos, with no irrelevant statements identified. Great job staying directly on topic.",,Skipped: empty context.,,Skipped: empty context.,,Skipped: empty context.,1.0,"The actual output matches the expected output's core meaning for the input 'O que evidencia a fisiografia do Banco de Abrolhos?'. It correctly identifies 'alargamento da plataforma continental' and adds consistent detail about the Bacia do Espírito Santo and the change from 40 km to 240 km, with no factual contradiction relative to the expected output. The extra wording is harmless elaboration rather than a mistake.",1.0,"The actual output fully includes the essential expected element, stating that a fisiografia do Banco de Abrolhos é evidenciada por ""um alargamento da plataforma continental"". It also adds accurate contextual detail from the input context, such as the location in the Bacia do Espírito Santo and the change from 40 km to 240 km, without omitting the core relation required by the expected output.",1.0,"The response aligns strongly with the expected geological interpretation by identifying the key feature as the ""alargamento da plataforma continental,"" which directly matches the expected output. It uses appropriate geological terminology such as ""fisiografia,"" ""plataforma continental,"" and ""Bacia do Espírito Santo,"" and adds coherent spatial detail about width variation without introducing incorrect lithologies, facies, stratigraphic terms, or reservoir concepts. The only minor limitation is that it adds contextual specificity not required by the expected output, but this does not conflict with it.",1.0,"The actual output is semantically aligned with the expected output because it directly identifies the key geological feature evidencing the fisiografia do Banco de Abrolhos: o ""alargamento da plataforma continental"". It stays within the correct domain concepts and relation, and the added detail about the Bacia do Espírito Santo and width variation is consistent elaboration rather than concept confusion or role inversion.",0.09523809523809523,1.0,0.17391304347826084,0.07317073170731707,1.0,0.13636363636363635,0.09523809523809523,1.0,0.17391304347826084,0.0,0.18604651162790695,
resultados/petrobras-4-0-com-ontologia-embeddingfirst/batch_f4d1f3cd-3f2e-41ca-b5af-611ea21bcf46-completo.csv,rag,1346,O que atribui à bacia uma fisiografia particular?,"A existência do Banco de Abrolhos,",,"A existência do Banco de Abrolhos, que causa um alargamento da plataforma continental, atribui à bacia uma fisiografia particular.",1.0,"The score is 1.00 because the answer appears fully focused on the question ""O que atribui à bacia uma fisiografia particular?"", with no irrelevant statements identified. It stays directly on topic and addresses the input cleanly and appropriately.",,Skipped: empty context.,,Skipped: empty context.,,Skipped: empty context.,1.0,"The actual output matches the expected core answer by correctly identifying ""A existência do Banco de Abrolhos"" as what gives the basin a particular physiography. The added detail about causing ""um alargamento da plataforma continental"" is consistent with the input question and does not contradict the expected output, so it should not be penalized as a harmless elaboration.",1.0,"The actual output fully covers the essential fact in the expected output: that the bacia’s fisiografia particular is attributed to the existência do Banco de Abrolhos. It preserves the key entity and relation from the input question, and the added detail about causing an alargamento da plataforma continental is relevant rather than contradictory, so there is no important omission.",1.0,"The actual output is fully aligned with the expected geological content: it correctly identifies 'a existência do Banco de Abrolhos' as the factor giving the basin a particular physiography, matching the expected output. It also uses appropriate domain terminology such as 'plataforma continental' and provides a coherent geological relation ('causa um alargamento') without introducing incorrect lithologic, stratigraphic, facies, or reservoir concepts.",1.0,"The actual output is semantically aligned with the expected output: both identify 'A existência do Banco de Abrolhos' as what gives the basin a particular physiography. It preserves the correct geological entity and causal role, and the added detail about 'causa um alargamento da plataforma continental' is consistent with the concept rather than a semantic deviation. There is no concept confusion, inverted relation, or misuse of geological meaning.",0.3684210526315789,1.0,0.5384615384615384,0.3333333333333333,1.0,0.5,0.3684210526315789,1.0,0.5384615384615384,0.0,0.4799999999999999,
resultados/petrobras-4-0-com-ontologia-embeddingfirst/batch_f4d1f3cd-3f2e-41ca-b5af-611ea21bcf46-completo.csv,graphrag,1346,O que atribui à bacia uma fisiografia particular?,"A existência do Banco de Abrolhos,",,"A existência do Banco de Abrolhos, a leste da Bacia do Espírito Santo, atribui à bacia uma fisiografia particular, evidenciada por um alargamento da plataforma continental.",1.0,"The score is 1.00 because the response appears fully relevant to the question ""O que atribui à bacia uma fisiografia particular?"" and there are no irrelevant statements listed. Great job staying directly on topic.",,Skipped: empty context.,,Skipped: empty context.,,Skipped: empty context.,0.9,"The actual output matches the expected core answer by identifying 'A existência do Banco de Abrolhos' as what gives the basin a particular physiography for the input question. It adds extra context ('a leste da Bacia do Espírito Santo' and 'evidenciada por um alargamento da plataforma continental'), but these details are consistent and do not contradict the expected output. Because the meaning stays correct and there are no factual contradictions, only a small deduction is warranted for going beyond the minimal expected text.",1.0,"The actual output fully covers the essential expected fact from the test case: that ""A existência do Banco de Abrolhos"" is what gives the basin a particular physiography. It also stays aligned with the input question and adds compatible detail about its location ""a leste da Bacia do Espírito Santo"" and the ""alargamento da plataforma continental,"" without contradicting the expected output. Since the key entity and relation are present and no important expected information is omitted, the response aligns strongly.",0.9,"The response aligns well with the expected geological content by correctly identifying o Banco de Abrolhos as the feature that gives the basin a particular physiography. It uses appropriate domain language such as ""Bacia do Espírito Santo"" and ""plataforma continental,"" and the added interpretation about ""um alargamento da plataforma continental"" is geologically coherent rather than a misuse of concepts. The main shortcoming is that it goes slightly beyond the expected output, which only states ""A existência do Banco de Abrolhos,"" but the extension remains semantically consistent with the input question.",1.0,"The actual output is semantically aligned with the expected output because it correctly identifies 'A existência do Banco de Abrolhos' as the factor that gives the basin a particular physiography. It stays consistent with the geological entities and relations in the test case, adding compatible context ('a leste da Bacia do Espírito Santo' and 'alargamento da plataforma continental') without changing the meaning or introducing concept confusion.",0.25925925925925924,1.0,0.4117647058823529,0.23076923076923078,1.0,0.375,0.25925925925925924,1.0,0.4117647058823529,0.0,0.375,
resultados/petrobras-4-0-com-ontologia-embeddingfirst/batch_f4d1f3cd-3f2e-41ca-b5af-611ea21bcf46-completo.csv,rag,1349,O que este trabalho enfatiza em relação à Bacia do Espírito Santo?,a cronoestratigrafia,,Este trabalho enfatiza a cronoestratigrafia em relação à Bacia do Espírito Santo.,1.0,"The score is 1.00 because the answer appears fully relevant to the question, with no irrelevant statements identified. It stays focused on what the trabalho emphasizes about the Bacia do Espírito Santo, which is excellent.",,Skipped: empty context.,,Skipped: empty context.,,Skipped: empty context.,1.0,"The actual output matches the expected content for the input about what the work emphasizes regarding the Bacia do Espírito Santo: it correctly identifies ""a cronoestratigrafia."" The added phrase ""Este trabalho enfatiza ... em relação à Bacia do Espírito Santo"" is only stylistic/contextual and does not introduce any factual contradiction or mistake.",1.0,"The actual output correctly includes the essential expected element, ""a cronoestratigrafia,"" in response to the question about what the work emphasizes regarding the Bacia do Espírito Santo. The extra wording (""Este trabalho enfatiza... em relação à Bacia do Espírito Santo"") does not omit or alter the key content, so it aligns strongly with the expected output.",1.0,"The response matches the expected geological concept exactly by identifying ""a cronoestratigrafia"" and uses appropriate domain terminology for the question about the Bacia do Espírito Santo. It is semantically coherent and does not introduce incorrect geological entities, relations, or stratigraphic misuse; the only minor difference is added phrasing (""Este trabalho enfatiza... em relação à Bacia do Espírito Santo"") beyond the minimal expected output.",1.0,"The actual output is semantically aligned with the expected answer: it correctly identifies that the work emphasizes ""a cronoestratigrafia"" regarding the ""Bacia do Espírito Santo."" Although it adds extra wording (""Este trabalho enfatiza... em relação à...""), this preserves the intended geological concept and relation without introducing confusion, inversion, or domain misuse.",0.15384615384615385,1.0,0.2666666666666667,0.08333333333333333,1.0,0.15384615384615385,0.15384615384615385,1.0,0.2666666666666667,0.0,0.2857142857142857,
resultados/petrobras-4-0-com-ontologia-embeddingfirst/batch_f4d1f3cd-3f2e-41ca-b5af-611ea21bcf46-completo.csv,graphrag,1349,O que este trabalho enfatiza em relação à Bacia do Espírito Santo?,a cronoestratigrafia,,"O trabalho enfatiza a cronoestratigrafia da Bacia do Espírito Santo, resumindo o conhecimento adquirido desde a última publicação.",1.0,"The score is 1.00 because the answer is fully relevant to the question, directly addressing what the work emphasizes about the Bacia do Espírito Santo with no irrelevant statements. Great job keeping the response focused and on-topic.",,Skipped: empty context.,,Skipped: empty context.,,Skipped: empty context.,1.0,"The actual output correctly identifies the key expected content from the input about what the work emphasizes regarding the Bacia do Espírito Santo: ""a cronoestratigrafia."" It adds extra detail (""resumindo o conhecimento adquirido desde a última publicação"") that is not contradicted by the expected output, so this is a harmless wording expansion rather than a factual mistake.",1.0,"The expected output requires the key element ""a cronoestratigrafia"" in relation to the Bacia do Espírito Santo. The actual output includes this essential fact explicitly and correctly ties it to the Bacia do Espírito Santo. The added detail about ""resumindo o conhecimento adquirido desde a última publicação"" is extra but does not conflict with the expected content, so coverage is strong and concise enough.",0.9,"The response correctly identifies the key geological concept from the expected output—""a cronoestratigrafia""—and uses appropriate domain terminology for the question about the Bacia do Espírito Santo. It stays semantically coherent and adds context (""resumindo o conhecimento adquirido desde a última publicação"") without introducing incorrect geological entities, relations, or misuse of stratigraphic concepts. The only minor issue is that it is slightly more verbose than the expected minimal answer.",1.0,"The actual output is semantically aligned with the expected output because it correctly identifies that the work emphasizes ""a cronoestratigrafia"" in relation to the ""Bacia do Espírito Santo."" It preserves the key geological concept and entity from the test case. The added detail about summarizing knowledge since the last publication is extra but does not introduce concept confusion, wrong relations, or misuse of domain-specific meaning.",0.1,1.0,0.18181818181818182,0.05263157894736842,1.0,0.1,0.1,1.0,0.18181818181818182,0.0,0.19999999999999998,
resultados/petrobras-4-0-com-ontologia-embeddingfirst/batch_f4d1f3cd-3f2e-41ca-b5af-611ea21bcf46-completo.csv,rag,1352,Onde a Bacia do Espírito Santo está situada?,no Estado do Espírito Santo,,A Bacia do Espírito Santo está situada no Estado do Espírito Santo.,1.0,"The score is 1.00 because the answer is fully relevant to the question, directly addressing where the Bacia do Espírito Santo is located without adding irrelevant information. Great job staying focused and precise.",,Skipped: empty context.,,Skipped: empty context.,,Skipped: empty context.,1.0,"The actual output matches the expected meaning exactly for the input asking where the Bacia do Espírito Santo is located. It correctly states ""no Estado do Espírito Santo"" with only a harmless wording difference by repeating the subject, and there are no factual contradictions or mistakes relative to the expected output.",1.0,"The actual output fully covers the essential fact from the expected output: the location is ""no Estado do Espírito Santo"" in response to ""Onde a Bacia do Espírito Santo está situada?"" It preserves the key entity and relation, and the extra wording (""A Bacia do Espírito Santo está situada"") is concise and does not omit or alter any required information.",1.0,"The response correctly identifies the location as no Estado do Espírito Santo, matching the expected geological entity and relation for the question about where the Bacia do Espírito Santo is situated. It uses appropriate domain wording with the basin name and does not introduce any geological misuse or incorrect stratigraphic/reservoir concepts. The only minor difference is added sentence framing beyond the expected short phrase.",1.0,"The actual output is semantically aligned with the expected output: it correctly states that a geological entity, a Bacia do Espírito Santo, is located ""no Estado do Espírito Santo,"" matching the location relation asked in the input ""Onde a Bacia do Espírito Santo está situada?"" It preserves the correct geological entity and relation, adds only a harmless restatement of the subject, and introduces no concept confusion or inverted meaning.",0.42857142857142855,1.0,0.6,0.38461538461538464,1.0,0.5555555555555556,0.42857142857142855,1.0,0.6,0.0,0.5882352941176471,
resultados/petrobras-4-0-com-ontologia-embeddingfirst/batch_f4d1f3cd-3f2e-41ca-b5af-611ea21bcf46-completo.csv,graphrag,1352,Onde a Bacia do Espírito Santo está situada?,no Estado do Espírito Santo,,"A Bacia do Espírito Santo está situada no estado do Espírito Santo, Brasil.",1.0,"The score is 1.00 because the answer is fully relevant to the question, directly addressing where the Bacia do Espírito Santo is situated with no irrelevant information. Great job keeping it precise and on-topic.",,Skipped: empty context.,,Skipped: empty context.,,Skipped: empty context.,1.0,"The actual output matches the expected meaning for the input about the location of the Bacia do Espírito Santo: it correctly states that it is situated in the estado do Espírito Santo. The added word ""Brasil"" is a harmless extension and does not introduce any factual contradiction. There are no clear factual mistakes relative to the expected output.",1.0,"The actual output fully covers the essential fact from the expected output: the location is ""no Estado do Espírito Santo"". It correctly identifies that the Bacia do Espírito Santo is situated in the state of Espírito Santo and only adds ""Brasil,"" which does not conflict with the expected answer. There are no important omissions for the question ""Onde a Bacia do Espírito Santo está situada?"".",1.0,"The actual output correctly identifies the location of the Bacia do Espírito Santo as being in the estado do Espírito Santo, Brasil, which matches the expected output 'no Estado do Espírito Santo'. It uses appropriate geological entity naming ('Bacia do Espírito Santo') without introducing incorrect lithological, stratigraphic, or reservoir concepts, and the added 'Brasil' remains semantically coherent and accurate.",1.0,"The actual output is semantically aligned with the expected output: it correctly states that a Bacia do Espírito Santo está situada no estado do Espírito Santo. It preserves the key geological entity and location relation from the test case, with only the added detail ""Brasil,"" which does not change or confuse the intended meaning.",0.4,1.0,0.5714285714285715,0.35714285714285715,1.0,0.5263157894736842,0.4,1.0,0.5714285714285715,0.0,0.5555555555555556,
resultados/petrobras-4-0-com-ontologia-embeddingfirst/batch_f4d1f3cd-3f2e-41ca-b5af-611ea21bcf46-completo.csv,rag,1353,Quais são os limites da Bacia do Espírito Santo?,"a sul com a Bacia de Campos, através do Alto de Vitória, e a norte com a Bacia de Mucuri",,"A Bacia do Espírito Santo é delimitada a sul pela Bacia de Campos, através do Alto de Vitória, e a norte pela Bacia de Mucuri.",1.0,The score is 1.00 because the response fully addresses the question about the limits of the Bacia do Espírito Santo with no irrelevant statements. It is completely on-topic and highly relevant.,,Skipped: empty context.,,Skipped: empty context.,,Skipped: empty context.,1.0,"The actual output matches the expected meaning for the input about os limites da Bacia do Espírito Santo: it states 'a sul pela Bacia de Campos, através do Alto de Vitória, e a norte pela Bacia de Mucuri,' which aligns exactly with the expected boundaries. There are no factual contradictions or mistakes; differences like adding 'A Bacia do Espírito Santo é delimitada' and using 'pela' instead of 'com' are harmless wording variations.",1.0,"The actual output fully covers the essential limits asked in the input: it states that the Bacia do Espírito Santo is bounded a sul pela Bacia de Campos, através do Alto de Vitória, and a norte pela Bacia de Mucuri, matching all key entities and relations from the expected output. The added introductory phrasing is concise and does not omit any important information.",1.0,"The response matches the expected geological entities and relations exactly: it places the Bacia do Espírito Santo to the south against the Bacia de Campos via the Alto de Vitória and to the north against the Bacia de Mucuri. It uses appropriate basin-boundary terminology ('delimitada', 'a sul', 'a norte') with correct domain-specific names and no misuse of stratigraphic or geological concepts. The only difference is minor phrasing ('é delimitada' and repeating 'pela Bacia'), which does not affect semantic alignment.",1.0,"The actual output is semantically fully aligned with the expected output: it identifies the same geological limits of the Bacia do Espírito Santo, namely a sul com a Bacia de Campos, através do Alto de Vitória, e a norte com a Bacia de Mucuri. It preserves the correct entities, directions, and relation of delimitation, with no concept confusion or inverted roles. The added phrasing ('é delimitada') is appropriate and does not change the intended geological meaning.",0.7037037037037037,0.8636363636363636,0.7755102040816326,0.6153846153846154,0.7619047619047619,0.6808510638297872,0.6666666666666666,0.8181818181818182,0.7346938775510203,0.0,0.7555555555555556,
resultados/petrobras-4-0-com-ontologia-embeddingfirst/batch_f4d1f3cd-3f2e-41ca-b5af-611ea21bcf46-completo.csv,graphrag,1353,Quais são os limites da Bacia do Espírito Santo?,"a sul com a Bacia de Campos, através do Alto de Vitória, e a norte com a Bacia de Mucuri",,"A Bacia do Espírito Santo é delimitada ao sul pela Bacia de Campos através do Alto de Vitória e ao norte pela Bacia de Mucuri. A leste, tem a influência do Banco de Abrolhos.",1.0,"The score is 1.00 because the response stayed fully focused on answering ""Quais são os limites da Bacia do Espírito Santo?"" with no irrelevant statements, so it is completely relevant and deserves the highest score.",,Skipped: empty context.,,Skipped: empty context.,,Skipped: empty context.,1.0,"The actual output matches the expected limits on the key test-case details: it states that the Bacia do Espírito Santo is bordered to the south by the Bacia de Campos via the Alto de Vitória and to the north by the Bacia de Mucuri. There is no factual contradiction relative to the expected output. The added note about the Banco de Abrolhos to the east is extra information not present in the expected output, but it does not conflict with it, so it should not be penalized heavily.",1.0,"The actual output captures all essential limits from the expected output: south with the Bacia de Campos via the Alto de Vitória, and north with the Bacia de Mucuri. These are the key entities and relations required by the test case. It adds extra information about the east and Banco de Abrolhos, which is not in the expected output, but this does not omit or contradict any required element.",0.9,"The response aligns well with the expected geological limits, correctly naming the southern boundary with the Bacia de Campos via the Alto de Vitória and the northern boundary with the Bacia de Mucuri, using appropriate basin and structural terminology. It is semantically coherent and domain-appropriate. A small deduction is warranted because it adds 'A leste, tem a influência do Banco de Abrolhos', which is not part of the expected output and is framed less precisely as 'influência' rather than a clear boundary limit.",0.9,"The actual output is semantically well aligned with the expected answer: it correctly identifies the southern limit as the Bacia de Campos via the Alto de Vitória and the northern limit as the Bacia de Mucuri, preserving the key geological entities and relations requested in the input. It is slightly less precise than the expected output because it adds an extra eastern reference to the Banco de Abrolhos, which is not part of the expected limits, but this does not invert or confuse the main geological boundaries.",0.5135135135135135,0.8636363636363636,0.6440677966101694,0.3611111111111111,0.6190476190476191,0.45614035087719296,0.4594594594594595,0.7727272727272727,0.576271186440678,0.0,0.6296296296296295,
resultados/petrobras-4-0-com-ontologia-embeddingfirst/batch_f4d1f3cd-3f2e-41ca-b5af-611ea21bcf46-completo.csv,rag,1390,O que poderia ser considerado compatível com a cinemática definida pelos outros elementos estruturais?,a condição de obliqüidade constante,,"A hipótese c, considerando-se a condição de obliqüidade constante em toda a área, seria compatível com a cinemática definida pelos outros elementos estruturais.",1.0,"The score is 1.00 because the response appears fully focused on what the input asks, without irrelevant statements, so it is appropriately at the maximum score—great alignment with the question.",,Skipped: empty context.,,Skipped: empty context.,,Skipped: empty context.,0.9,"The actual output matches the expected meaning for the input question by identifying ""a condição de obliqüidade constante"" as what is compatible with the cinemática defined by the other structural elements. The extra wording about ""A hipótese c"" and ""em toda a área"" is stylistic elaboration and does not contradict the expected output. There are no factual contradictions or clear mistakes relative to the expected answer.",1.0,"The actual output fully includes the essential expected element, namely ""a condição de obliqüidade constante"", and correctly states it as the criterion compatible with the cinemática definida pelos outros elementos estruturais. The added detail about ""A hipótese c"" and ""em toda a área"" does not conflict with the expected output, so all key content from the test case is covered.",0.9,"The response aligns closely with the expected geological interpretation by correctly identifying ""a condição de obliqüidade constante"" as the compatible element, and it uses appropriate structural-geology terminology such as ""cinemática"" and ""elementos estruturais."" It adds ""A hipótese c"" and ""em toda a área,"" which are not in the expected output but do not introduce geological misuse or semantic inconsistency. The answer is domain-appropriate and coherent, with only minor deviation from the expected concise form.",0.9,"The actual output is semantically well aligned with the expected output because it correctly identifies ""a condição de obliqüidade constante"" as the element compatible with the cinemática definida pelos outros elementos estruturais. It adds ""A hipótese c"" and ""em toda a área"", which are extra details not present in the expected output, but they do not change the core geological meaning or invert any relation. The response preserves the intended structural-geology semantics despite being more specific than necessary.",0.2413793103448276,1.0,0.3888888888888889,0.21428571428571427,1.0,0.35294117647058826,0.2413793103448276,1.0,0.3888888888888889,0.0,0.3571428571428571,
resultados/petrobras-4-0-com-ontologia-embeddingfirst/batch_f4d1f3cd-3f2e-41ca-b5af-611ea21bcf46-completo.csv,graphrag,1390,O que poderia ser considerado compatível com a cinemática definida pelos outros elementos estruturais?,a condição de obliqüidade constante,,"A hipótese c, que considera uma condição de obliquidade constante, pode ser considerada compatível com a cinemática definida pelos outros elementos estruturais.",1.0,"The score is 1.00 because the response appears fully focused on what the input asks, without irrelevant statements; it stays aligned with the question about what could be considered compatible with the kinematics defined by the other structural elements. Great job keeping it directly on point.",,Skipped: empty context.,,Skipped: empty context.,,Skipped: empty context.,1.0,"The actual output matches the expected meaning for the input by identifying ""a condição de obliqüidade constante"" as the compatible option, adding only harmless wording such as ""A hipótese c"" and a full sentence. There are no factual contradictions or clear mistakes relative to the expected output.",1.0,"The actual output correctly identifies the essential expected element, namely ""a condição de obliqüidade constante,"" by stating ""A hipótese c, que considera uma condição de obliquidade constante"" as compatible with the cinemática definida pelos outros elementos estruturais. It covers the key fact from the expected output with only minor added wording, which should not be penalized.",0.9,"The response aligns strongly with the expected geological interpretation by identifying ""a hipótese c"" as ""uma condição de obliquidade constante,"" which matches the expected output exactly in substance. It uses appropriate structural-geology terminology such as ""cinemática"" and ""elementos estruturais"" consistent with the input. There is no misuse of geological concepts or relations; the only minor shortcoming is added wording beyond the minimal expected phrase.",1.0,"The actual output is semantically aligned with the expected answer because it identifies “a hipótese c” specifically as the option that corresponds to “a condição de obliquidade constante,” which is exactly the geological concept requested by the input. It preserves the intended relation of compatibility with the cinemática definida pelos outros elementos estruturais, adds only harmless contextual wording, and does not introduce concept confusion, inverted roles, or misuse of structural geology terms.",0.19230769230769232,0.7142857142857143,0.30303030303030304,0.08,0.3333333333333333,0.12903225806451613,0.19230769230769232,0.7142857142857143,0.30303030303030304,0.0,0.2962962962962963,
resultados/petrobras-4-0-com-ontologia-embeddingfirst/batch_f4d1f3cd-3f2e-41ca-b5af-611ea21bcf46-completo.csv,rag,1391,O que sugere que a evolução direcional posterior à nucleação frontal da zona de falha desenvolva uma evolução direcional posterior à nucleação frontal?,secciona-mento da zona de falha de Perimbó,,"A evolução direcional posterior à nucleação frontal da zona de falha sugere-se devido ao seccionamento da zona de falha de Perimbó por falhas trans-correntes, principalmente dextrais, situação que contraria o que aconteceria em um regime transpressivo.",1.0,"The score is 1.00 because the response appears fully relevant to the input, with no irrelevant statements identified. Great job staying focused on the question.",,Skipped: empty context.,,Skipped: empty context.,,Skipped: empty context.,0.8,"The actual output matches the expected core idea by identifying ""seccionamento da zona de falha de Perimbó"" as the suggested cause, which is the key expected content for this input. It adds extra detail about falhas trans-correntes, mainly dextrais, and regime transpressivo; these are not required by the expected output but do not directly contradict it. There is a minor mismatch because the response is more expansive than necessary and introduces additional claims not present in the expected answer.",1.0,"The expected output contains one essential element: ""secciona-mento da zona de falha de Perimbó"". The actual output explicitly includes ""seccionamento da zona de falha de Perimbó"", correctly identifying the key fact asked in the input. Extra details about falhas trans-correntes, mainly dextrais, and regime transpressivo are additional but do not omit or contradict the required content.",0.9,"The actual output aligns closely with the expected relation by identifying the key geological interpretation: ""seccionamento da zona de falha de Perimbó"" as the reason for the posterior directional evolution after frontal nucleation. It uses appropriate structural geology terminology such as ""zona de falha"", ""falhas trans-correntes"" and ""dextrais"", showing good domain coherence. A small deduction is warranted because it adds extra interpretation about a ""regime transpressivo"" that is not present in the expected output, though this does not introduce a clear misuse of concepts.",0.9,"The actual output is semantically well aligned with the expected output because it identifies the key geological cause as the ""seccionamento da zona de falha de Perimbó,"" which matches the expected concept. It also preserves the correct entity and relation by linking that seccionamento to the posterior directional evolution after frontal nucleation of the fault zone. A small penalty is warranted because it adds extra interpretation about falhas trans-correntes, mainly dextrais, and a transpressive regime, which goes beyond the expected concise answer, though it does not invert or confuse the core geology.",0.15,0.75,0.24999999999999997,0.1282051282051282,0.7142857142857143,0.21739130434782608,0.15,0.75,0.24999999999999997,0.0,0.32558139534883723,
resultados/petrobras-4-0-com-ontologia-embeddingfirst/batch_f4d1f3cd-3f2e-41ca-b5af-611ea21bcf46-completo.csv,graphrag,1391,O que sugere que a evolução direcional posterior à nucleação frontal da zona de falha desenvolva uma evolução direcional posterior à nucleação frontal?,secciona-mento da zona de falha de Perimbó,,The suggestion that the directional evolution after the frontal nucleation of the fault zone involves a subsequent directional evolution is due to the sectioning of the Perimbó fault zone by dextral transcurrent faults. This indicates a directional evolution contrary to what would occur under a transpressive regime.,1.0,"The score is 1.00 because the response appears fully relevant to the input, with no irrelevant statements identified—great job staying focused on the question.",,Skipped: empty context.,,Skipped: empty context.,,Skipped: empty context.,0.3,"The actual output includes the key expected idea, namely the ""sectioning of the Perimbó fault zone"" (matching ""secciona-mento da zona de falha de Perimbó""), so it partially aligns with the expected output for the given input. However, it adds unsupported details such as ""by dextral transcurrent faults"" and a claim about being ""contrary to what would occur under a transpressive regime,"" which are not present in the expected output and introduce likely factual overreach. Because the core answer is present but expanded with potentially contradictory or extraneous information, alignment is limited.",0.8,"The expected output contains one essential element: ""secciona-mento da zona de falha de Perimbó"". The actual output correctly includes this core fact by stating that the Perimbó fault zone is sectioned (""sectioning of the Perimbó fault zone""), which aligns well with the expected answer. However, it adds extra interpretation about ""dextral transcurrent faults"" and a ""transpressive regime"" that is not present in the expected output, and it does not preserve the concise form of the expected phrasing exactly.",0.6,"The response uses appropriate geological terminology such as ""zona de falha"", ""falhas transcorrentes dextrais"" and ""regime transpressivo"", which aligns with the domain-focused criteria. It also captures the core expected relation that the answer is the ""secciona-mento da zona de falha de Perimbó"". However, it adds an unsupported interpretation about evolution being ""contrary"" to a transpressive regime, which is not present in the expected output and introduces extra geological inference beyond the required entity/relation.",0.7,"The actual output captures the key geological concept from the expected output by identifying the ""sectioning of the Perimbó fault zone"" as the element that suggests the later directional evolution, which aligns semantically with ""secciona-mento da zona de falha de Perimbó."" However, it adds unsupported details such as ""by dextral transcurrent faults"" and a contrast with a ""transpressive regime,"" which are not present in the expected output and introduce extra geological relations beyond the target answer. This keeps partial semantic alignment but reduces precision.",0.02127659574468085,0.125,0.03636363636363636,0.0,0.0,0.0,0.02127659574468085,0.125,0.03636363636363636,0.0,0.037037037037037035,
resultados/petrobras-4-0-com-ontologia-embeddingfirst/batch_f4d1f3cd-3f2e-41ca-b5af-611ea21bcf46-completo.csv,rag,1398,Quais regimes produziriam uma rotação progressiva dos indicadores cinemáticos?,oblíquo ou transpressivo,,Os regimes georegis oblíquo ou transpressivo produziriam uma rotação progressiva dos indicadores cinemáticos.,1.0,"The score is 1.00 because the answer stayed fully focused on identifying which regimes would produce a rotação progressiva dos indicadores cinemáticos, with no irrelevant statements. Great job keeping it precise and directly aligned with the question.",,Skipped: empty context.,,Skipped: empty context.,,Skipped: empty context.,0.8,"The actual output matches the expected meaning for the input about which regimes produce progressive rotation of kinematic indicators: it correctly includes ""oblíquo ou transpressivo."" The added phrasing (""Os regimes... produziriam..."") is a harmless wording difference, but there is a noticeable factual/textual error in ""georegis,"" which appears malformed and reduces accuracy even though it does not overturn the core answer.",1.0,"The actual output fully captures the essential expected content by identifying the regimes as ""oblíquo ou transpressivo,"" which are exactly the key entities required by the expected output. The added wording (""Os regimes georegis... produziriam uma rotação progressiva dos indicadores cinemáticos"") remains aligned with the input question and does not omit any important information, so concise completeness is satisfied.",0.8,"The response aligns well with the expected geological interpretation by identifying regimes ""oblíquo"" and ""transpressivo"" as those that produce rotação progressiva dos indicadores cinemáticos, which matches the expected output. It uses appropriate structural geology terminology such as ""indicadores cinemáticos"" and ""transpressivo."" However, there is a noticeable wording error in ""georegis oblíquo,"" which is not a valid geological term and slightly reduces precision and domain coherence.",1.0,"The actual output is semantically aligned with the expected answer: it identifies the relevant regimes as ""oblíquo"" and ""transpressivo,"" which directly matches the expected geological concepts for regimes that produce progressive rotation of kinematic indicators. Although it adds extra wording (""Os regimes ... produziriam uma rotação progressiva dos indicadores cinemáticos"") and contains a minor typo (""georegis""), there is no concept confusion, inverted relation, or misuse of geological meaning.",0.25,1.0,0.4,0.2,1.0,0.33333333333333337,0.25,1.0,0.4,0.0,0.375,
resultados/petrobras-4-0-com-ontologia-embeddingfirst/batch_f4d1f3cd-3f2e-41ca-b5af-611ea21bcf46-completo.csv,graphrag,1398,Quais regimes produziriam uma rotação progressiva dos indicadores cinemáticos?,oblíquo ou transpressivo,,Os regimes oblíquo ou transpressivo produziriam uma rotação progressiva dos indicadores cinemáticos.,1.0,"The score is 1.00 because the response stayed fully focused on identifying which regimes produziriam uma rotação progressiva dos indicadores cinemáticos, with no irrelevant statements. Clear and directly relevant.",,Skipped: empty context.,,Skipped: empty context.,,Skipped: empty context.,1.0,"The actual output matches the expected meaning exactly for the input asking which regimes cause progressive rotation of kinematic indicators: it identifies ""oblíquo ou transpressivo,"" which is precisely the expected answer. The added phrasing (""Os regimes"" and ""produziriam uma rotação progressiva dos indicadores cinemáticos"") is harmless stylistic expansion and does not introduce any factual contradiction or mistake.",1.0,"The expected output requires identifying the regimes ""oblíquo ou transpressivo"" for the input asking which regimes would produce progressive rotation of kinematic indicators. The actual output includes both essential regimes exactly and correctly states their relation to ""rotação progressiva dos indicadores cinemáticos."" It is slightly more verbose than expected, but all key content is present, so the response aligns strongly with the evaluation steps.",1.0,"The response aligns exactly with the expected geological interpretation for the input: it identifies the regimes as ""oblíquo"" and ""transpressivo,"" which are appropriate tectonic terms for progressive rotation of kinematic indicators. It uses domain-appropriate geological language, preserves the correct entities and relation from the expected output, and adds only a minimal grammatical wrapper without introducing any incorrect lithologic, stratigraphic, facies, or reservoir concepts.",1.0,"The actual output matches the expected geological semantics exactly: it identifies the regimes as ""oblíquo ou transpressivo,"" which are the same entities expected for regimes that produce rotação progressiva dos indicadores cinemáticos. The added phrasing is concise and preserves the correct relation without introducing concept confusion, inverted roles, or domain misuse.",0.26666666666666666,1.0,0.4210526315789474,0.21428571428571427,1.0,0.35294117647058826,0.26666666666666666,1.0,0.4210526315789474,0.0,0.4,
resultados/petrobras-4-0-com-ontologia-embeddingfirst/batch_f4d1f3cd-3f2e-41ca-b5af-611ea21bcf46-completo.csv,rag,1401,Qual é a base para quantificar o encurtamento?,"um marcador linear, paralelo à direção de compressão máxima",,"A base para quantificar o encurtamento é um marcador linear, paralelo à direção de compressão máxima.",1.0,"The score is 1.00 because the response appears fully relevant to the question ""Qual é a base para quantificar o encurtamento?"" with no irrelevant statements noted. Great job staying focused and directly on topic.",,Skipped: empty context.,,Skipped: empty context.,,Skipped: empty context.,1.0,"The actual output matches the expected content for the input 'Qual é a base para quantificar o encurtamento?' by correctly identifying 'um marcador linear, paralelo à direção de compressão máxima'. The added phrase 'A base para quantificar o encurtamento é' is a harmless wording difference and does not introduce any factual contradiction or mistake relative to the expected output.",1.0,"The actual output fully covers the essential content from the expected output: it identifies the base for quantifying encurtamento as ""um marcador linear, paralelo à direção de compressão máxima."" It adds only a minimal framing phrase (""A base para quantificar o encurtamento é"") without changing meaning, so it aligns strongly with the required facts and relation from the input.",1.0,"The actual output matches the expected geological concept exactly: it identifies the base for quantifying shortening as ""um marcador linear, paralelo à direção de compressão máxima,"" which is domain-appropriate structural geology terminology for encurtamento. It preserves the correct entity and relation without introducing misuse of lithologies, facies, stratigraphic, or reservoir concepts; the only difference is a harmless rephrasing with ""A base para quantificar o encurtamento é"".",1.0,"The actual output matches the expected geological content exactly: it identifies the base para quantificar o encurtamento as ""um marcador linear, paralelo à direção de compressão máxima."" It preserves the correct entity and relation from the test case, with no concept confusion, inversion, or misuse of geological meaning. The extra framing phrase (""A base para quantificar o encurtamento é"") does not change the semantics.",0.6470588235294118,1.0,0.7857142857142858,0.625,1.0,0.7692307692307693,0.6470588235294118,1.0,0.7857142857142858,0.0,0.72,
resultados/petrobras-4-0-com-ontologia-embeddingfirst/batch_f4d1f3cd-3f2e-41ca-b5af-611ea21bcf46-completo.csv,graphrag,1401,Qual é a base para quantificar o encurtamento?,"um marcador linear, paralelo à direção de compressão máxima",,"A base para quantificar o encurtamento é um marcador linear, paralelo à direção de compressão máxima.",1.0,"The score is 1.00 because the response stayed fully focused on answering ""Qual é a base para quantificar o encurtamento?"" with no irrelevant statements, so it is completely relevant and deserves the highest score.",,Skipped: empty context.,,Skipped: empty context.,,Skipped: empty context.,1.0,"The actual output matches the expected content for the input asking 'Qual é a base para quantificar o encurtamento?'. It correctly identifies 'um marcador linear, paralelo à direção de compressão máxima', with only harmless added framing ('A base para quantificar o encurtamento é') and punctuation. There are no factual contradictions or mistakes relative to the expected output.",1.0,"The actual output fully covers the essential content from the expected output: it identifies the base for quantifying encurtamento as ""um marcador linear, paralelo à direção de compressão máxima."" It adds only a harmless lead-in (""A base para quantificar o encurtamento é""), with no missing facts or contradictions relative to the input question.",1.0,"The actual output matches the expected geological content closely: it identifies the basis for quantifying shortening as ""um marcador linear, paralelo à direção de compressão máxima,"" which is domain-appropriate structural geology terminology for encurtamento. It preserves the key entity and relation from the expected output without introducing incorrect lithologies, facies, stratigraphic terms, or reservoir concepts. The only difference is added framing text (""A base para quantificar o encurtamento é""), which does not harm semantic correctness.",1.0,"The actual output matches the expected geological content exactly: it identifies the base para quantificar o encurtamento as ""um marcador linear, paralelo à direção de compressão máxima"". It preserves the correct entity and relation from the test case, adds only a harmless lead-in (""A base para quantificar o encurtamento é""), and introduces no concept confusion, inversion, or misuse of geological meaning.",0.6470588235294118,1.0,0.7857142857142858,0.625,1.0,0.7692307692307693,0.6470588235294118,1.0,0.7857142857142858,0.0,0.72,
resultados/petrobras-4-0-com-ontologia-embeddingfirst/batch_f4d1f3cd-3f2e-41ca-b5af-611ea21bcf46-completo.csv,rag,1402,Quais são os dois regimes que produziriam uma rotação progressiva dos indicadores cinemáticos?,oblíquo ou transpressivo,,Os dois regimes que produziriam uma rotação progressiva dos indicadores cinemáticos são o regime oblíquo e o regime transpressivo.,1.0,"The score is 1.00 because the response stays fully focused on identifying os dois regimes que produziriam uma rotação progressiva dos indicadores cinemáticos, without adding irrelevant information. Great job keeping it precise and directly aligned with the question.",,Skipped: empty context.,,Skipped: empty context.,,Skipped: empty context.,1.0,"The actual output matches the expected meaning exactly for the input asking for the two regimes: it identifies ""oblíquo"" and ""transpressivo"", which corresponds to the expected ""oblíquo ou transpressivo"". The added phrasing (""Os dois regimes que produziriam..."") is only stylistic and does not introduce any factual contradiction or mistake.",1.0,"The actual output correctly identifies both essential regimes from the expected output: ""oblíquo"" and ""transpressivo"". It fully covers the key entities asked in the input (the two regimes that would produce a progressive rotation of kinematic indicators) with no important omissions. The added phrasing is acceptable because it preserves all required content concisely.",1.0,"The response matches the expected geological interpretation exactly by identifying the two regimes as ""oblíquo"" and ""transpressivo"". It uses appropriate structural geology terminology for ""rotação progressiva dos indicadores cinemáticos"" and preserves the correct domain relation without introducing incorrect lithologies, facies, stratigraphic terms, or reservoir concepts. The only difference is phrasing (""regime oblíquo e o regime transpressivo"" versus ""oblíquo ou transpressivo""), which does not affect semantic accuracy.",1.0,"The actual output matches the expected geological semantics exactly: it identifies the two regimes as ""oblíquo"" and ""transpressivo,"" which are the required entities for the input question about rotação progressiva dos indicadores cinemáticos. It preserves the correct domain concepts and relations without inversion, confusion, or misuse, and the added phrasing does not change the meaning.",0.13043478260869565,0.75,0.22222222222222218,0.045454545454545456,0.3333333333333333,0.08,0.13043478260869565,0.75,0.22222222222222218,0.0,0.18181818181818182,
resultados/petrobras-4-0-com-ontologia-embeddingfirst/batch_f4d1f3cd-3f2e-41ca-b5af-611ea21bcf46-completo.csv,graphrag,1402,Quais são os dois regimes que produziriam uma rotação progressiva dos indicadores cinemáticos?,oblíquo ou transpressivo,,Os dois regimes que produziriam uma rotação progressiva dos indicadores cinemáticos são o regime oblíquo e o regime transpressivo.,1.0,"The score is 1.00 because the answer appears fully focused on identifying os dois regimes que produziriam uma rotação progressiva dos indicadores cinemáticos, with no irrelevant statements. It directly addresses the question, so this is an excellent relevance score.",,Skipped: empty context.,,Skipped: empty context.,,Skipped: empty context.,1.0,"The actual output correctly identifies the two regimes asked in the input as ""oblíquo"" and ""transpressivo"", which matches the expected output ""oblíquo ou transpressivo"" in meaning. There are no factual contradictions or mistakes; the only differences are harmless wording and added sentence structure.",1.0,"The actual output fully captures the essential content from the expected output for the input asking 'Quais são os dois regimes...': it correctly identifies both required regimes, 'oblíquo' and 'transpressivo'. The wording is more verbose than the expected 'oblíquo ou transpressivo', but it adds no conflicting information and preserves the key entities and relation that these are the two regimes producing rotação progressiva dos indicadores cinemáticos.",1.0,"The response matches the expected geological interpretation exactly by identifying the two relevant regimes as ""oblíquo"" and ""transpressivo."" It uses appropriate structural geology terminology, preserves the domain meaning of ""rotação progressiva dos indicadores cinemáticos,"" and adds no incorrect lithologic, stratigraphic, or reservoir-related concepts. The only difference is minor phrasing (""regime oblíquo e o regime transpressivo"" versus ""oblíquo ou transpressivo""), which does not alter the geological content.",1.0,"The actual output matches the expected geological semantics exactly: it identifies the two regimes as ""oblíquo"" and ""transpressivo,"" which are the required entities in response to the question about rotação progressiva dos indicadores cinemáticos. There is no concept confusion, inversion, or misuse of domain-specific meaning; the added sentence framing is concise and preserves the intended relation.",0.13043478260869565,0.75,0.22222222222222218,0.045454545454545456,0.3333333333333333,0.08,0.13043478260869565,0.75,0.22222222222222218,0.0,0.18181818181818182,
resultados/petrobras-4-0-com-ontologia-embeddingfirst/batch_f4d1f3cd-3f2e-41ca-b5af-611ea21bcf46-completo.csv,rag,1406,Qual é a direção do vetor tectônico na primeira fase de deformação?,de SE para NW,,O vetor tectônico na primeira fase de deformação está direcionado de SE para NW.,1.0,"The score is 1.00 because the answer appears fully relevant to the question about ""a direção do vetor tectônico na primeira fase de deformação"", with no irrelevant statements identified. Great job staying focused and directly on topic.",,Skipped: empty context.,,Skipped: empty context.,,Skipped: empty context.,1.0,"The actual output matches the expected meaning exactly for the input asking the direção do vetor tectônico na primeira fase de deformação: both state ""de SE para NW"". The only difference is added harmless wording (""O vetor tectônico... está direcionado""), with no factual contradiction or mistake.",1.0,"The actual output fully captures the essential expected content: the direção do vetor tectônico na primeira fase de deformação is correctly given as ""de SE para NW"". It includes the key relation requested by the input, with only added framing words that do not change meaning, so it aligns strongly with the evaluation steps.",1.0,"The response aligns strongly with the expected geological content: it correctly identifies the direção do vetor tectônico na primeira fase de deformação as “de SE para NW,” matching the expected output exactly in meaning. It uses appropriate domain terminology such as “vetor tectônico” and “fase de deformação,” with no misuse of geological concepts, stratigraphic terms, lithologies, or relations. The only minor difference is that the actual output is a full sentence rather than the shorter expected phrase.",1.0,"The actual output matches the expected geological content exactly: it identifies the direção do vetor tectônico na primeira fase de deformação as ""de SE para NW,"" preserving the same entities, phase, and directional relation from the test case. The added phrasing is only explanatory and does not change the semantics or introduce any geological confusion.",0.25,1.0,0.4,0.2,1.0,0.33333333333333337,0.25,1.0,0.4,0.0,0.4444444444444445,
resultados/petrobras-4-0-com-ontologia-embeddingfirst/batch_f4d1f3cd-3f2e-41ca-b5af-611ea21bcf46-completo.csv,graphrag,1406,Qual é a direção do vetor tectônico na primeira fase de deformação?,de SE para NW,,A direção do vetor tectônico na primeira fase de deformação é de SE para NW.,1.0,"The score is 1.00 because the answer is fully relevant to the question and stays focused on identifying the direção do vetor tectônico na primeira fase de deformação, with no irrelevant statements. Great job keeping it precise and on topic.",,Skipped: empty context.,,Skipped: empty context.,,Skipped: empty context.,1.0,"The actual output matches the expected content exactly in meaning for the input asking the direção do vetor tectônico na primeira fase de deformação: it states ""de SE para NW,"" which is the expected direction. The only difference is harmless added phrasing (""A direção do vetor tectônico na primeira fase de deformação é...""), with no factual contradiction or mistake.",1.0,"The actual output fully captures the essential content from the expected output: the direction ""de SE para NW"" for the vetor tectônico na primeira fase de deformação. It adds only minimal framing from the question and does not omit any important fact, entity, or relation, so the response aligns strongly with the evaluation steps.",1.0,"The actual output matches the expected geological relation exactly, stating the vetor tectônico direction in the primeira fase de deformação as ""de SE para NW"". It uses appropriate structural geology terminology (""vetor tectônico"", ""fase de deformação"") and is semantically coherent, with no misuse of lithologic, stratigraphic, facies, or reservoir concepts. The only difference is added sentence framing, which does not affect correctness.",1.0,"The actual output matches the expected geological content exactly: it identifies the direção do vetor tectônico na primeira fase de deformação as ""de SE para NW,"" which is the same relation and orientation required by the expected output. It stays semantically aligned, uses the correct domain concept, and adds only a harmless full-sentence wrapper without changing meaning.",0.23529411764705882,1.0,0.38095238095238093,0.1875,1.0,0.3157894736842105,0.23529411764705882,1.0,0.38095238095238093,0.0,0.4210526315789474,
resultados/petrobras-4-0-com-ontologia-embeddingfirst/batch_f4d1f3cd-3f2e-41ca-b5af-611ea21bcf46-completo.csv,rag,1407,O que sugere o seccionamento da zona de falha de Perimbó pelas falhas transcorrentes?,uma evolução direcional posterior à nucleação frontal da referida zona de falha,,"O seccionamento da zona de falha de Perimbó pelas falhas transcorrentes, especialmente pelas falhas dextrais, sugere uma evolução direcional posterior à nucleação frontal da zona de falha, contrariando o que ocorreria se o regime fosse transpressivo.",1.0,"The score is 1.00 because the response stayed fully focused on what the input asks about the seccionamento da zona de falha de Perimbó pelas falhas transcorrentes, with no irrelevant statements. Great job keeping it directly relevant and precise.",,Skipped: empty context.,,Skipped: empty context.,,Skipped: empty context.,0.9,"The actual output matches the expected meaning closely: it states that the seccionamento sugere ""uma evolução direcional posterior à nucleação frontal"" da zona de falha de Perimbó, which aligns directly with the expected output. It adds extra detail about falhas transcorrentes dextrais and contrast with a regime transpressivo, but these do not contradict the expected answer. Because the core conclusion for the given input is correct and there are no clear factual contradictions, only a small deduction is warranted for added information beyond the expected minimal response.",1.0,"The actual output fully captures the essential expected content: it states that the seccionamento da zona de falha de Perimbó pelas falhas transcorrentes sugere ""uma evolução direcional posterior à nucleação frontal"" da zona de falha. It preserves the key relation asked in the input and expected output. The added detail about falhas dextrais and contraste com regime transpressivo is extra, but it does not conflict with the expected answer.",1.0,"The actual output matches the expected interpretation closely: it states that the seccionamento da zona de falha de Perimbó pelas falhas transcorrentes sugere ""uma evolução direcional posterior à nucleação frontal"" da zona de falha, which is exactly the key geological relation expected. It uses appropriate structural-geology terminology such as ""zona de falha"", ""falhas transcorrentes"", ""falhas dextrais"", ""evolução direcional"" and ""nucleação frontal"" coherently. The added contrast with a ""regime transpressivo"" is domain-appropriate and does not introduce a geological misuse or contradict the expected output.",1.0,"The actual output is semantically aligned with the expected output: it states that the seccionamento da zona de falha de Perimbó pelas falhas transcorrentes sugere ""uma evolução direcional posterior à nucleação frontal"" da zona de falha, which matches the expected geological relation and timing. It preserves the key entities and concepts from the test case (zona de falha de Perimbó, falhas transcorrentes, nucleação frontal) without inverting roles or misusing domain meanings. The added detail about falhas dextrais and the contrast with a regime transpressivo does not conflict with the expected meaning.",0.32432432432432434,0.9230769230769231,0.48,0.2777777777777778,0.8333333333333334,0.4166666666666667,0.32432432432432434,0.9230769230769231,0.48,0.0,0.4583333333333333,
resultados/petrobras-4-0-com-ontologia-embeddingfirst/batch_f4d1f3cd-3f2e-41ca-b5af-611ea21bcf46-completo.csv,graphrag,1407,O que sugere o seccionamento da zona de falha de Perimbó pelas falhas transcorrentes?,uma evolução direcional posterior à nucleação frontal da referida zona de falha,,"O seccionamento da zona de falha de Perimbó pelas falhas transcorrentes, especialmente pelas falhas dextrais, sugere uma evolução direcional posterior à nucleação frontal da zona de falha, indicando um movimento tectônico de SE para NW e uma deformação inicial predominantemente frontal, seguida pelo predomínio das falhas transcorrentes dextrais.",1.0,"The score is 1.00 because the response appears fully relevant to the question about o seccionamento da zona de falha de Perimbó pelas falhas transcorrentes, with no irrelevant statements identified. Great job staying focused and directly on topic.",,Skipped: empty context.,,Skipped: empty context.,,Skipped: empty context.,0.9,"The actual output matches the expected core meaning: it explicitly states ""uma evolução direcional posterior à nucleação frontal"" da zona de falha de Perimbó, which is the key expected answer for the input about the seccionamento pelas falhas transcorrentes. It adds extra details such as movimento tectônico de SE para NW and predomínio de falhas dextrais that are not present in the expected output, but these do not directly contradict the expected statement. Because the main conclusion is correct and there is no clear factual contradiction relative to the expected output, the response aligns strongly, with only a small penalty for unnecessary elaboration beyond the expected answer.",1.0,"The actual output fully includes the essential expected content: it states that the seccionamento da zona de falha de Perimbó pelas falhas transcorrentes sugere ""uma evolução direcional posterior à nucleação frontal"" da zona de falha. It preserves the key entities and relation from the test case (zona de falha de Perimbó, falhas transcorrentes, evolução direcional posterior à nucleação frontal). The added details about falhas dextrais, movimento tectônico de SE para NW, and deformação inicial are extra but do not conflict with the expected answer, so they should not be penalized.",1.0,"The actual output uses appropriate geological terminology such as ""zona de falha"", ""falhas transcorrentes"", ""falhas dextrais"", ""evolução direcional"" and ""nucleação frontal"" correctly. It matches the expected interpretation that the seccionamento sugere ""uma evolução direcional posterior à nucleação frontal"" da zona de falha de Perimbó. Although it adds details like movimento tectônico de SE para NW and deformação inicial frontal seguida por predomínio transcorrente, these remain semantically coherent and do not misuse stratigraphic, lithologic, or structural geology concepts.",1.0,"The actual output is semantically aligned with the expected output for the input about what the seccionamento da zona de falha de Perimbó pelas falhas transcorrentes suggests. It correctly preserves the core geological meaning: 'uma evolução direcional posterior à nucleação frontal' da zona de falha. The added details about falhas dextrais, movimento tectônico de SE para NW, and deformação inicial frontal are extra but remain consistent with the expected concept and do not invert relations or misuse geological roles.",0.23076923076923078,0.9230769230769231,0.36923076923076925,0.19607843137254902,0.8333333333333334,0.31746031746031744,0.23076923076923078,0.9230769230769231,0.36923076923076925,0.0,0.36666666666666664,
resultados/petrobras-4-0-com-ontologia-embeddingfirst/batch_f4d1f3cd-3f2e-41ca-b5af-611ea21bcf46-completo.csv,rag,1412,O que a hipótese b sugere que deveria ocorrer também?,uma dispersão dos valores de acamamento,,A hipótese b sugere que deveria ocorrer também uma dispersão dos valores de acamamento que amostrem uma suposta deformação tardia.,1.0,"The score is 1.00 because the response stayed fully focused on what the input asks about ""a hipótese b"" and did not include any irrelevant statements. Great job keeping it directly on topic.",,Skipped: empty context.,,Skipped: empty context.,,Skipped: empty context.,0.9,"The actual output matches the expected core content for the input 'O que a hipótese b sugere que deveria ocorrer também?' by stating 'uma dispersão dos valores de acamamento'. The added phrase about 'amostrem uma suposta deformação tardia' goes beyond the expected output but does not contradict it. Since the main meaning is correct and there are no clear factual contradictions, only a small deduction is warranted for unnecessary extra detail.",1.0,"The actual output fully includes the essential expected content for the input ""O que a hipótese b sugere que deveria ocorrer também?"": it explicitly states ""uma dispersão dos valores de acamamento,"" which matches the expected output. The added detail about ""amostrem uma suposta deformação tardia"" is extra but does not conflict with or omit any required element, so concise coverage of the key relation is preserved.",0.9,"The response matches the expected geological content by correctly identifying ""uma dispersão dos valores de acamamento,"" using appropriate domain terminology such as ""acamamento"" and ""deformação tardia."" It is semantically coherent and geologically plausible, though it adds interpretation beyond the expected output with ""que amostrem uma suposta deformação tardia,"" which is not required by the test case. This extra detail does not misuse concepts, but it slightly reduces exact alignment.",0.9,"The actual output is semantically aligned with the expected output because it correctly identifies 'uma dispersão dos valores de acamamento' as what hipótese b suggests should also occur. It preserves the key geological concept and relation from the input. The added phrase about 'amostrem uma suposta deformação tardia' introduces extra detail not present in the expected output, but it does not invert or confuse the core meaning.",0.2916666666666667,1.0,0.45161290322580644,0.2608695652173913,1.0,0.41379310344827586,0.2916666666666667,1.0,0.45161290322580644,0.0,0.4615384615384615,
resultados/petrobras-4-0-com-ontologia-embeddingfirst/batch_f4d1f3cd-3f2e-41ca-b5af-611ea21bcf46-completo.csv,graphrag,1412,O que a hipótese b sugere que deveria ocorrer também?,uma dispersão dos valores de acamamento,,A hipótese b sugere que deveria ocorrer também uma dispersão dos valores de acamamento que amostrassem uma suposta deformação tardia.,1.0,"The score is 1.00 because the response is fully relevant to the question, directly addressing what ""a hipótese b"" sugere without introducing any irrelevant information. Nice job keeping it focused and on-topic.",,Skipped: empty context.,,Skipped: empty context.,,Skipped: empty context.,0.8,"The actual output matches the core expected content by stating ""uma dispersão dos valores de acamamento"" in response to the input about what hipótese b suggests should also occur. It adds extra detail — ""que amostrassem uma suposta deformação tardia"" — which is not present in the expected output, but this is not a direct contradiction. Because the main meaning aligns and there is no clear factual conflict, only a small penalty is warranted for unnecessary elaboration.",1.0,"The actual output fully includes the essential expected content for the input ""O que a hipótese b sugere que deveria ocorrer também?"": it explicitly states ""uma dispersão dos valores de acamamento,"" which is the key fact required. The added detail about ""amostrassem uma suposta deformação tardia"" does not contradict or omit any important element, so concise coverage criteria are satisfied.",0.8,"The actual output correctly uses geological terminology such as ""acamamento"" and ""deformação tardia"" in a coherent way, matching the domain of the question. It includes the expected core relation, ""uma dispersão dos valores de acamamento,"" so it aligns well with the expected output. However, it adds an interpretive extension (""que amostrassem uma suposta deformação tardia"") that is not present in the expected answer, which slightly reduces exact semantic alignment.",1.0,"The actual output matches the expected geological content: it states that hipótese b sugere ""uma dispersão dos valores de acamamento,"" which is exactly the core expected answer. The added phrase about ""amostrassem uma suposta deformação tardia"" remains consistent with the domain context and does not invert relations or introduce concept confusion, so the semantic alignment is strong.",0.2916666666666667,1.0,0.45161290322580644,0.2608695652173913,1.0,0.41379310344827586,0.2916666666666667,1.0,0.45161290322580644,0.0,0.4615384615384615,
resultados/petrobras-4-0-com-ontologia-embeddingfirst/batch_f4d1f3cd-3f2e-41ca-b5af-611ea21bcf46-completo.csv,rag,1413,Qual é a condição que a hipótese c considera constante em toda a área?,a condição de obliqüidade,,A condição que a hipótese c considera constante em toda a área é a obliqüidade.,1.0,"The score is 1.00 because the answer appears fully relevant to the question, directly addressing what a hipótese c considera constante em toda a área with no irrelevant content. Great job staying focused and on point.",,Skipped: empty context.,,Skipped: empty context.,,Skipped: empty context.,1.0,"The actual output matches the expected meaning exactly for the input asking which condition hipótese c keeps constant across the whole area: both identify ""obliqüidade""/""condição de obliqüidade"". There are no factual contradictions or mistakes; the only difference is harmless wording, since the actual output restates the answer in a full sentence.",1.0,The actual output correctly identifies the essential fact from the expected output: that hipótese c considera constante em toda a área a condição de obliqüidade. It covers the key entity and relation from the Input and Expected Output without omission; the added phrasing is acceptable because it preserves the same meaning concisely.,1.0,"The response matches the expected geological term exactly in meaning: it identifies ""obliqüidade"" as the condition kept constant across the whole area, which aligns with ""a condição de obliqüidade"". It uses appropriate domain language and does not introduce incorrect geological entities, relations, or interpretations. The only minor difference is phrasing, not content.",1.0,"The actual output semantically matches the expected output by correctly identifying ""a condição de obliqüidade"" as what hipótese c considers constant em toda a área. It stays aligned with the geological concept and relation asked in the input, with no concept confusion or inverted meaning. The wording is slightly more verbose than the expected output, but it preserves the intended semantics exactly.",0.29411764705882354,0.8333333333333334,0.4347826086956522,0.1875,0.6,0.2857142857142857,0.29411764705882354,0.8333333333333334,0.4347826086956522,0.0,0.31578947368421056,
resultados/petrobras-4-0-com-ontologia-embeddingfirst/batch_f4d1f3cd-3f2e-41ca-b5af-611ea21bcf46-completo.csv,graphrag,1413,Qual é a condição que a hipótese c considera constante em toda a área?,a condição de obliqüidade,,A condição que a hipótese c considera constante em toda a área é a obliqüidade.,1.0,"The score is 1.00 because the answer stays fully focused on identifying the condition that the hipótese c assumes to be constant across the entire area, with no irrelevant statements. Great job keeping it directly relevant and precise.",,Skipped: empty context.,,Skipped: empty context.,,Skipped: empty context.,1.0,"The actual output matches the expected content for the input asking which condition hipótese c keeps constant across the area: both identify ""obliqüidade""/""condição de obliqüidade"". There is no factual contradiction or mistake; the only differences are harmless phrasing and capitalization, which should not be penalized.",1.0,"The actual output correctly identifies the essential element from the expected output: ""a condição de obliqüidade"". It preserves the key fact asked in the input—what hipótese c considers constant over the whole area—and adds only minimal rephrasing (""é a obliqüidade"") without changing meaning. There are no important omissions or contradictions.",1.0,"The actual output matches the expected geological concept exactly: it identifies ""obliqüidade"" as the condition kept constant across the area, which aligns with ""a condição de obliqüidade"". The terminology is appropriate and semantically coherent for the input, with no misuse of geological, stratigraphic, facies, or reservoir-related concepts.",1.0,"The actual output matches the expected geological concept directly: it identifies the condição considerada constante em toda a área as ""obliqüidade,"" which is semantically equivalent to ""a condição de obliqüidade."" It preserves the correct entity and relation from the input without introducing concept confusion, inverted roles, or domain misuse. The added phrasing is concise and does not alter the intended meaning.",0.29411764705882354,0.8333333333333334,0.4347826086956522,0.1875,0.6,0.2857142857142857,0.29411764705882354,0.8333333333333334,0.4347826086956522,0.0,0.31578947368421056,
resultados/petrobras-4-0-com-ontologia-embeddingfirst/batch_f4d1f3cd-3f2e-41ca-b5af-611ea21bcf46-completo.csv,rag,1414,Qual é o nome da descontinuidade crustal?,"Arco de São Mateus,",,"O nome da descontinuidade crustal é ""Arco de São Mateus"".",1.0,"The score is 1.00 because the response is fully relevant to the question, directly addressing 'Qual é o nome da descontinuidade crustal?' with no irrelevant content. Great job keeping the answer focused and on-topic.",,Skipped: empty context.,,Skipped: empty context.,,Skipped: empty context.,1.0,"The actual output matches the expected content for the input asking ""Qual é o nome da descontinuidade crustal?"": both identify ""Arco de São Mateus"". There are no factual contradictions or mistakes relative to the expected output. The only differences are harmless wording and formatting (a full sentence and quotation marks versus the expected phrase with a trailing comma), which should not be penalized.",1.0,"The expected output contains a single essential element: the name ""Arco de São Mateus"" for the descontinuidade crustal. The actual output includes exactly that entity and relation, adding only a harmless explanatory phrase (""O nome da descontinuidade crustal é""). There are no omissions of important information from the expected output.",1.0,"The actual output matches the expected geological entity, identifying ""Arco de São Mateus"" as the descontinuidade crustal named in the test case. It uses appropriate domain wording for the input, with no misuse of geological terminology, stratigraphic concepts, or reservoir notions. The only minor difference is added sentence framing and quotation marks compared with the expected short form.",1.0,"The actual output is semantically aligned with the expected output: both identify the descontinuidade crustal as ""Arco de São Mateus"" for the given question ""Qual é o nome da descontinuidade crustal?"". It preserves the correct geological entity and role, with no concept confusion, inverted relation, or domain misuse. The only difference is added framing text (""O nome da descontinuidade crustal é""), which does not change the meaning.",0.5,1.0,0.6666666666666666,0.4444444444444444,1.0,0.6153846153846153,0.5,1.0,0.6666666666666666,0.0,0.5714285714285715,
resultados/petrobras-4-0-com-ontologia-embeddingfirst/batch_f4d1f3cd-3f2e-41ca-b5af-611ea21bcf46-completo.csv,graphrag,1414,Qual é o nome da descontinuidade crustal?,"Arco de São Mateus,",,Arco de São Mateus.,0.0,"The score is 0.00 because the answer does not identify the requested crustal discontinuity and instead gives ""Arco de São Mateus,"" which is irrelevant to the question. Since it fails to address the core request, the score cannot be higher.",,Skipped: empty context.,,Skipped: empty context.,,Skipped: empty context.,1.0,"The actual output matches the expected content exactly in meaning and factual substance for the input asking ""Qual é o nome da descontinuidade crustal?"" It correctly gives ""Arco de São Mateus""; the only difference is punctuation, since the expected output ends with a comma and the actual output ends with a period. This is a harmless formatting difference, not a factual contradiction or mistake.",1.0,"The essential entity in the expected output is the crustal discontinuity name, ""Arco de São Mateus"". The actual output provides the same name exactly, differing only by terminal punctuation from the expected output. Since all key content from the test case is present and concise wording should not be penalized, the response aligns fully.",1.0,"The actual output matches the expected geological entity exactly in substance: both identify the crustal discontinuity as ""Arco de São Mateus"". It uses appropriate geological terminology for the input and preserves the correct named feature. The only minor difference is punctuation, since the expected output includes a trailing comma, which does not affect the geological meaning or relation.",1.0,"The actual output matches the expected geological entity exactly in semantic content: both identify the descontinuidade crustal as ""Arco de São Mateus"". The only difference is missing trailing punctuation, which does not affect meaning, geological concept alignment, or entity identification. The response is concise but fully preserves the intended semantics for the given input.",1.0,1.0,1.0,1.0,1.0,1.0,1.0,1.0,1.0,1.0,1.0,
resultados/petrobras-4-0-com-ontologia-embeddingfirst/batch_f4d1f3cd-3f2e-41ca-b5af-611ea21bcf46-completo.csv,rag,1415,Qual é a idade do fragmento máfico?,"69,4 ± 1,3 Ma, geocro-nologicamente compatível",,"A idade do fragmento máfico é 69,4 ± 1,3 Ma.",1.0,"The score is 1.00 because the answer is fully relevant to the question about a idade do fragmento máfico, with no irrelevant statements. Great job staying completely on topic.",,Skipped: empty context.,,Skipped: empty context.,,Skipped: empty context.,0.8,"The actual output correctly gives the key age value from the expected output, ""69,4 ± 1,3 Ma"", and answers the input question directly. However, it omits the additional expected detail ""geocro-nologicamente compatível"", so it is not a full match to the expected output. There are no factual contradictions or clear factual mistakes relative to the test case.",0.7,"The actual output correctly includes the central fact requested in the input: the age of the fragmento máfico as 69,4 ± 1,3 Ma. However, it omits the important qualifier from the expected output, ""geocro-nologicamente compatível,"" which is an essential additional relation tied to that age. The response is concise and accurate on the numeric value, but it does not fully cover all essential expected content.",0.9,"The actual output correctly identifies the key geological result, giving the same age value as the expected output: 69,4 ± 1,3 Ma. It uses appropriate domain language for the question about the 'fragmento máfico' and is semantically coherent. However, it omits the expected interpretive qualifier 'geocro-nologicamente compatível', so it is slightly less complete than the expected geological characterization.",0.9,"The actual output correctly provides the key geological age value from the expected output, ""69,4 ± 1,3 Ma"", and answers the question directly about the fragmento máfico. It preserves the main geochronological meaning despite being concise. However, it omits the qualifier ""geocro-nologicamente compatível"", so it does not fully capture all expected semantic detail.",0.45454545454545453,0.5555555555555556,0.5,0.4,0.5,0.4444444444444445,0.45454545454545453,0.5555555555555556,0.5,0.0,0.5,
resultados/petrobras-4-0-com-ontologia-embeddingfirst/batch_f4d1f3cd-3f2e-41ca-b5af-611ea21bcf46-completo.csv,graphrag,1415,Qual é a idade do fragmento máfico?,"69,4 ± 1,3 Ma, geocro-nologicamente compatível",,"A idade do fragmento máfico é de 69,4 ± 1,3 milhões de anos.",1.0,The score is 1.00 because the response is fully relevant to the question about a idade do fragmento máfico and includes no irrelevant statements—great job staying completely on topic.,,Skipped: empty context.,,Skipped: empty context.,,Skipped: empty context.,0.8,"The actual output correctly gives the key age value from the expected output: 69,4 ± 1,3 milhões de anos, which matches 69,4 ± 1,3 Ma in meaning for the question 'Qual é a idade do fragmento máfico?'. However, it omits the expected detail 'geocro-nologicamente compatível', so it is not a complete match. There are no factual contradictions or clear mistakes; the difference is mainly missing information rather than incorrect content.",0.8,"The actual output correctly includes the key fact from the expected output: the idade do fragmento máfico is 69,4 ± 1,3 Ma (rendered as 'milhões de anos'). However, it omits the important qualifier 'geocro-nologicamente compatível' from the expected output. Since the evaluation emphasizes covering all essential elements and penalizing omissions, this missing relation prevents a top score, even though the main age value is accurate and clearly stated.",1.0,"The response correctly uses geological/geochronological language for the question about the idade do fragmento máfico and preserves the key numerical result from the expected output: 69,4 ± 1,3 Ma, expressed equivalently as milhões de anos. It is semantically coherent and domain-appropriate, with no misuse of lithologic or stratigraphic concepts. The only omission is that it does not include the qualifier ""geocro-nologicamente compatível"" present in the expected output, but this is minor relative to the accurate age interpretation.",0.9,"The actual output correctly preserves the core geological semantics from the expected output by giving the age of the fragmento máfico as 69,4 ± 1,3 milhões de anos, which is semantically equivalent to 69,4 ± 1,3 Ma. It stays aligned with the entity and numerical value asked in the input. A small shortcoming is that it omits the qualifier ""geocro-nologicamente compatível,"" so it does not fully capture all expected contextual meaning.",0.26666666666666666,0.4444444444444444,0.33333333333333337,0.21428571428571427,0.375,0.2727272727272727,0.26666666666666666,0.4444444444444444,0.33333333333333337,0.0,0.3157894736842105,
resultados/petrobras-4-0-com-ontologia-embeddingfirst/batch_f4d1f3cd-3f2e-41ca-b5af-611ea21bcf46-completo.csv,rag,1416,Qual é a sequência vulcanoclástica da Fm. Rio Doce?,Abrolhos,,"A sequência vulcanoclástica da Fm. Rio Doce está inter-relacionada com a Fm. Abrolhos e composta por arenitos meio a muito grossos, quartzozos, feldspáticos e silicificados.",0.5,"The score is 0.50 because the answer appears to address the Fm. Rio Doce, but it includes an irrelevant lithologic description of sandstone ('arenitos meio a muito grossos, quartzozos, feldspáticos e silicificados') instead of focusing on the 'sequência vulcanoclástica' asked in the input. So it is not higher due to this mismatch, but it is still at 0.50 because it remains at least partially related to the formation mentioned.",,Skipped: empty context.,,Skipped: empty context.,,Skipped: empty context.,0.2,"The expected output for the question ""Qual é a sequência vulcanoclástica da Fm. Rio Doce?"" is ""Abrolhos"", but the actual output gives a longer lithologic description and only says it is ""inter-relacionada com a Fm. Abrolhos"". This does not directly identify the sequência vulcanoclástica as Abrolhos and adds unsupported details about arenitos, making it misaligned with the expected answer and factually inconsistent in focus.",0.1,"The expected output for the question ""Qual é a sequência vulcanoclástica da Fm. Rio Doce?"" is the entity ""Abrolhos"". The actual output does mention ""Fm. Abrolhos"", which captures the key relation, but it adds unsupported lithologic details about arenitos, quartzozos, feldspáticos e silicificados that are not part of the expected answer. Because the response does not directly and cleanly identify the sequence as ""Abrolhos"" and instead reframes it with extra content, alignment is weak but not absent.",0.3,"The response uses some geological vocabulary appropriately (e.g., formação, arenitos, quartzozos, feldspáticos), but it does not align with the expected answer for the test case. The question asks which vulcanoclastic sequence corresponds to the Fm. Rio Doce, and the expected output is simply 'Abrolhos'. Instead, the output gives an unsupported lithologic description of the Fm. Rio Doce and only says it is 'inter-relacionada com a Fm. Abrolhos', which weakens the required stratigraphic relation. This mismatch in geological entity and interpretation significantly reduces alignment.",0.5,"The expected answer is the unit ""Abrolhos"", indicating the vulcanoclastic sequence of the Fm. Rio Doce. The actual output partially aligns by mentioning that the sequência vulcanoclástica da Fm. Rio Doce is inter-related with the Fm. Abrolhos, but it does not directly identify Abrolhos as the sequence and adds unrelated lithologic details about arenitos. This introduces geological role ambiguity and weakens semantic alignment with the concise expected output.",0.034482758620689655,1.0,0.06666666666666667,0.0,0.0,0.0,0.034482758620689655,1.0,0.06666666666666667,0.0,0.07692307692307693,
resultados/petrobras-4-0-com-ontologia-embeddingfirst/batch_f4d1f3cd-3f2e-41ca-b5af-611ea21bcf46-completo.csv,graphrag,1416,Qual é a sequência vulcanoclástica da Fm. Rio Doce?,Abrolhos,,"A sequência vulcanoclástica da Fm. Rio Doce é composta por sedimentos terciários que, próximos às vulcânicas, encontram-se totalmente silicificados. Além disso, Raposo et al. descrevem rochas piroclásticas ácidas na região, relacionadas à ruptura do Atlântico Sul.",0.75,"The score is 0.75 because the answer appears to address the question about the sequência vulcanoclástica da Fm. Rio Doce, but it is not higher since it includes the irrelevant statement that the sequence is composed of ""sedimentos terciários,"" which shifts to a different sedimentary characterization instead of directly answering the vulcanoclastic sequence asked in the input.",,Skipped: empty context.,,Skipped: empty context.,,Skipped: empty context.,0.0,"The actual output does not match the expected output for the question about the sequência vulcanoclástica da Fm. Rio Doce. The expected answer is the specific term ""Abrolhos"", but the response gives a descriptive statement about ""sedimentos terciários"", ""silicificados"" rocks, and ""rochas piroclásticas ácidas"", which does not provide the required sequence name. This is a clear factual mismatch rather than a harmless wording difference.",0.0,"The expected output contains a single essential fact: the sequência vulcanoclástica da Fm. Rio Doce is ""Abrolhos"". The actual output does not mention Abrolhos at all and instead gives different geological details about sedimentos terciários, silicificação, and rochas piroclásticas ácidas. This misses the key entity required by the test case, so the response fails to cover the essential expected content.",0.2,"The response uses some geological terms appropriately, such as “silicificados”, “rochas piroclásticas ácidas” and the relation to volcanics, but it does not match the expected entity for the question. The expected output is the sequence name “Abrolhos”, while the actual output gives a descriptive statement about “sedimentos terciários” and regional volcanism in the Fm. Rio Doce. This introduces different geological relations and interpretations instead of identifying the correct vulcanoclastic sequence, so semantic alignment with the test case is very weak despite domain-like language.",0.0,"The expected answer is the specific sequence name ""Abrolhos"", but the actual output does not provide that entity. Instead, it describes silicified tertiary sediments and acidic pyroclastic rocks near the Fm. Rio Doce, introducing related geological context rather than identifying the requested vulcanoclastic sequence. This fails semantic alignment on the key geological entity for the input question.",0.0,0.0,0.0,0.0,0.0,0.0,0.0,0.0,0.0,0.0,0.0,
resultados/petrobras-4-0-com-ontologia-embeddingfirst/batch_f4d1f3cd-3f2e-41ca-b5af-611ea21bcf46-completo.csv,rag,1426,Qual foi a data de um fragmento mafico de uma rocha?,"69,4 ± 1,3 Ma",,"A datação Ar-Ar de um fragmento máfico indicou uma idade de 69,4 ± 1,3 Ma.",1.0,"The score is 1.00 because the response appears fully relevant to the question asked, with no irrelevant statements identified. Great job staying focused on the input.",,Skipped: empty context.,,Skipped: empty context.,,Skipped: empty context.,0.9,"The actual output matches the expected value exactly in content, giving the same age of 69,4 ± 1,3 Ma for the fragmento máfico. The only difference is extra wording ('A datação Ar-Ar... indicou uma idade de'), which is a harmless stylistic addition and does not introduce any factual contradiction for the given input.",1.0,"The actual output includes the essential expected content exactly: the age value and uncertainty, ""69,4 ± 1,3 Ma"", which directly answers the question about the date of the mafic fragment. The added context about ""datação Ar-Ar"" and ""indicou uma idade"" is extra but does not omit or alter any required element from the expected output.",0.9,"The response correctly uses geological terminology and concepts for the input, including a domain-appropriate dating method ('datação Ar-Ar') and the lithologic descriptor 'fragmento máfico'. It matches the expected geological interpretation by giving the same age value, 69,4 ± 1,3 Ma, with correct units and uncertainty. The main shortcoming is that it adds explanatory wording instead of returning only the expected value, but there is no misuse of geological concepts or relations.",1.0,"The actual output is semantically fully aligned with the expected output: it preserves the key geological result, the age '69,4 ± 1,3 Ma', for 'um fragmento máfico'. The added wording about 'datação Ar-Ar' and 'indicou uma idade' does not introduce any contradiction or role inversion, and it remains consistent with the geological meaning requested in the input.",0.2631578947368421,1.0,0.4166666666666667,0.2222222222222222,1.0,0.3636363636363636,0.2631578947368421,1.0,0.4166666666666667,0.0,0.4210526315789474,
resultados/petrobras-4-0-com-ontologia-embeddingfirst/batch_f4d1f3cd-3f2e-41ca-b5af-611ea21bcf46-completo.csv,graphrag,1426,Qual foi a data de um fragmento mafico de uma rocha?,"69,4 ± 1,3 Ma",,"A datação Ar-Ar de um fragmento máfico indicou uma idade de 69,4 ± 1,3 Ma.",1.0,"The score is 1.00 because the response stayed fully focused on identifying the date of a mafic fragment of a rock, with no irrelevant statements. It directly addressed the input clearly and appropriately.",,Skipped: empty context.,,Skipped: empty context.,,Skipped: empty context.,1.0,"The actual output matches the expected result for the input asking for the date of a mafic fragment: it gives '69,4 ± 1,3 Ma', which is exactly the expected value. The added phrasing about 'datação Ar-Ar' and 'indicou uma idade' is a harmless wording difference and does not introduce any factual contradiction or mistake.",1.0,"The actual output includes the essential fact from the expected output: the age/date value ""69,4 ± 1,3 Ma"" for the ""fragmento máfico"" asked in the input. It preserves the key entity and measurement exactly, with only extra concise context (""A datação Ar-Ar... indicou uma idade de"") that does not omit or distort any required information.",0.9,"The response correctly uses domain-appropriate geological terminology for the question, including “datação Ar-Ar”, “fragmento máfico” and an age expressed in “Ma”, which aligns with the expected geological concept. It preserves the key expected entity and value, “69,4 ± 1,3 Ma”, without introducing incorrect lithologies, facies, stratigraphic terms, or reservoir concepts. The only shortcoming is that it adds explanatory wording instead of returning just the bare expected value.",1.0,"The actual output semantically matches the expected output by providing the same geological age, 69,4 ± 1,3 Ma, for the fragmento máfico da rocha. It stays aligned with the domain concept of datação and does not introduce any conflicting entity, class, or relation; adding ""A datação Ar-Ar ... indicou uma idade de"" is extra context but preserves the intended geological meaning.",0.2631578947368421,1.0,0.4166666666666667,0.2222222222222222,1.0,0.3636363636363636,0.2631578947368421,1.0,0.4166666666666667,0.0,0.4210526315789474,
resultados/petrobras-4-0-com-ontologia-embeddingfirst/batch_f4d1f3cd-3f2e-41ca-b5af-611ea21bcf46-completo.csv,rag,1429,Como é chamada a descontinuidade crustal?,Arco de São Mateus,,A descontinuidade crustal é chamada de Arco de São Mateus.,0.0,"The score is 0.00 because the answer does not correctly identify the crustal discontinuity asked in the input and instead mentions ""Arco de São Mateus,"" which is irrelevant to the question. Since it fails to provide the expected term, such as the Moho/Mohorovičić discontinuity, it is not relevant enough to receive a higher score.",,Skipped: empty context.,,Skipped: empty context.,,Skipped: empty context.,1.0,"The actual output matches the expected output in meaning for the input ""Como é chamada a descontinuidade crustal?"", because it correctly identifies it as ""Arco de São Mateus"". The only difference is added framing (""A descontinuidade crustal é chamada de ...""), which is a harmless wording variation and not a factual contradiction.",1.0,"The expected output contains a single essential element: the name ""Arco de São Mateus"" as the descontinuidade crustal. The actual output fully includes that exact entity and preserves the correct relation by stating that the descontinuidade crustal is called ""Arco de São Mateus"". It adds no conflicting information, so despite being more verbose than the expected output, it covers all required content.",1.0,"The actual output matches the expected geological entity exactly by identifying the descontinuidade crustal as ""Arco de São Mateus"". It uses domain-appropriate geological wording (""descontinuidade crustal"") and introduces no incorrect lithologic, stratigraphic, facies, or reservoir concepts. The only minor difference is added sentence framing beyond the expected short label.",1.0,"The actual output semantically matches the expected output for the input 'Como é chamada a descontinuidade crustal?'. It correctly identifies the geological entity as 'Arco de São Mateus', preserving the intended concept and relation despite adding extra wording ('A descontinuidade crustal é chamada de ...'). There is no concept confusion, inversion, or domain misuse.",0.5,1.0,0.6666666666666666,0.4444444444444444,1.0,0.6153846153846153,0.5,1.0,0.6666666666666666,0.0,0.5714285714285715,
resultados/petrobras-4-0-com-ontologia-embeddingfirst/batch_f4d1f3cd-3f2e-41ca-b5af-611ea21bcf46-completo.csv,graphrag,1429,Como é chamada a descontinuidade crustal?,Arco de São Mateus,,"A descontinuidade crustal é chamada de ""Arco de São Mateus"".",1.0,"The score is 1.00 because the response directly answers ""Como é chamada a descontinuidade crustal?"" with no irrelevant information—clear, focused, and fully relevant.",,Skipped: empty context.,,Skipped: empty context.,,Skipped: empty context.,1.0,"The actual output matches the expected output in meaning and includes the key detail from the test case: the descontinuidade crustal is identified as ""Arco de São Mateus."" The extra phrasing (""A descontinuidade crustal é chamada de"") is only stylistic and does not introduce any factual contradiction or mistake relative to the expected output.",1.0,"The expected output contains a single essential element: the name of the descontinuidade crustal, ""Arco de São Mateus"". The actual output correctly provides that exact entity and relation in response to the input ""Como é chamada a descontinuidade crustal?"". Although phrased as a full sentence rather than just the name, it fully preserves the required content, so no important information is missing.",1.0,"The actual output exactly matches the expected geological entity, identifying the descontinuidade crustal as ""Arco de São Mateus"". It uses the domain term appropriately and is semantically coherent with the input, though it adds a full-sentence wrapper rather than just the entity name requested in the expected output.",1.0,"The actual output is semantically aligned with the expected output because it identifies the descontinuidade crustal as ""Arco de São Mateus,"" matching the expected geological entity exactly. It preserves the intended concept and relation from the input question, with only minor extra wording beyond the concise expected form.",0.5,1.0,0.6666666666666666,0.4444444444444444,1.0,0.6153846153846153,0.5,1.0,0.6666666666666666,0.0,0.5714285714285715,
resultados/petrobras-4-0-com-ontologia-embeddingfirst/batch_f4d1f3cd-3f2e-41ca-b5af-611ea21bcf46-completo.csv,rag,1430,Qual é a área das rochas piroclásticas ácidas encontradas na região nordeste de Minas Gerais?,75km de comprimento por 25km de largura,,A área das rochas piroclásticas ácidas na região nordeste de Minas Gerais é de 75 km de comprimento por 25 km de largura.,1.0,"The score is 1.00 because the answer is fully relevant to the question and stays focused on the área das rochas piroclásticas ácidas na região nordeste de Minas Gerais, with no irrelevant statements. Great job keeping the response precise and on topic.",,Skipped: empty context.,,Skipped: empty context.,,Skipped: empty context.,1.0,"The actual output matches the expected content for the question about the área das rochas piroclásticas ácidas no nordeste de Minas Gerais, correctly giving 75 km de comprimento por 25 km de largura. The only differences are harmless wording and spacing ('A área ... é de' and spaces before 'km'), with no factual contradiction or mistake relative to the expected output.",1.0,"The response fully matches the essential expected content: it states the dimensions of the rochas piroclásticas ácidas in the região nordeste de Minas Gerais as 75 km de comprimento por 25 km de largura, which is exactly the key fact required by the expected output. The added framing sentence does not omit or alter any important information.",1.0,"The response aligns exactly with the expected dimensions for the rochas piroclásticas ácidas in the região nordeste de Minas Gerais, giving 75 km de comprimento por 25 km de largura. It uses appropriate geological terminology from the input without introducing incorrect lithologies, facies, stratigraphic terms, or reservoir concepts, and remains semantically coherent and domain-appropriate.",1.0,"The actual output matches the expected result semantically and preserves the key geological content from the input: it identifies the área das rochas piroclásticas ácidas na região nordeste de Minas Gerais as 75 km de comprimento por 25 km de largura. It stays aligned with the expected entities and measurement relation, adds only minimal framing text, and introduces no concept confusion, inverted roles, or domain misuse.",0.20833333333333334,0.7142857142857143,0.3225806451612903,0.13043478260869565,0.5,0.20689655172413793,0.20833333333333334,0.7142857142857143,0.3225806451612903,0.0,0.3333333333333333,
resultados/petrobras-4-0-com-ontologia-embeddingfirst/batch_f4d1f3cd-3f2e-41ca-b5af-611ea21bcf46-completo.csv,graphrag,1430,Qual é a área das rochas piroclásticas ácidas encontradas na região nordeste de Minas Gerais?,75km de comprimento por 25km de largura,,A área das rochas piroclásticas ácidas encontradas na região nordeste de Minas Gerais é de 75 km de comprimento por 25 km de largura.,1.0,"The score is 1.00 because the answer is fully relevant to the question and stays focused on the área das rochas piroclásticas ácidas na região nordeste de Minas Gerais, with no irrelevant statements. Great job keeping it precise and on-topic.",,Skipped: empty context.,,Skipped: empty context.,,Skipped: empty context.,1.0,"The actual output matches the expected content exactly in meaning: it gives the área as 75 km de comprimento por 25 km de largura for the rochas piroclásticas ácidas na região nordeste de Minas Gerais. There are no factual contradictions or mistakes relative to the expected output. The only differences are harmless wording and formatting, such as adding a full sentence and spaces in '75 km' and '25 km'.",1.0,"The actual output fully matches the essential content of the expected output: it identifies the área das rochas piroclásticas ácidas na região nordeste de Minas Gerais as 75 km de comprimento por 25 km de largura. It preserves the key facts, entities, and dimensions from the test case, with only harmless added phrasing.",0.9,"The response aligns very well with the expected geological content: it correctly identifies the dimensions of the área das rochas piroclásticas ácidas na região nordeste de Minas Gerais as 75 km por 25 km, matching the expected output. It uses the geological term ""rochas piroclásticas ácidas"" appropriately and does not introduce incorrect lithologic, stratigraphic, or reservoir interpretations. A minor shortcoming is that it restates the answer in a full sentence and says ""área"" while providing comprimento e largura rather than an explicit area value, but this remains semantically coherent with the expected answer.",1.0,"The actual output matches the expected output semantically: it gives the same dimensions, 75 km de comprimento por 25 km de largura, for the área das rochas piroclásticas ácidas na região nordeste de Minas Gerais. It stays aligned with the geological entities and location in the input, adds only a harmless full-sentence framing, and introduces no concept confusion, relation inversion, or domain misuse.",0.2,0.7142857142857143,0.3125,0.125,0.5,0.2,0.2,0.7142857142857143,0.3125,0.0,0.3225806451612903,
resultados/petrobras-4-0-com-ontologia-embeddingfirst/batch_f4d1f3cd-3f2e-41ca-b5af-611ea21bcf46-completo.csv,rag,1436,Qual a idade geocronológica indicada pela datação Ar-Ar de um fragmento máfico?,"69,4 ± 1,3 Ma",,"A idade geocronológica indicada pela datação Ar-Ar de um fragmento máfico é de 69,4 ± 1,3 Ma.",1.0,"The score is 1.00 because the answer is fully relevant to the question about the idade geocronológica indicada pela datação Ar-Ar de um fragmento máfico, with no irrelevant statements; great job staying precise and on topic.",,Skipped: empty context.,,Skipped: empty context.,,Skipped: empty context.,1.0,"The actual output matches the expected geochronological age exactly on the key fact: ""69,4 ± 1,3 Ma"" for the fragmento máfico. There are no factual contradictions or mistakes relative to the expected output. The only difference is extra wording (""A idade geocronológica indicada pela datação Ar-Ar de um fragmento máfico é de""), which is a harmless stylistic addition and does not change the meaning.",1.0,"The actual output includes the essential expected fact exactly: the geochronological age from Ar-Ar dating of the mafic fragment, given as 69,4 ± 1,3 Ma. It preserves the key value, uncertainty, and unit from the expected output, and the added sentence framing does not omit or alter any required information.",1.0,"The actual output matches the expected geochronological result exactly in content, stating the Ar-Ar age as 69,4 ± 1,3 Ma for a fragmento máfico. It uses appropriate geological terminology ('idade geocronológica', 'datação Ar-Ar', 'fragmento máfico') and preserves the correct unit and uncertainty, with no misuse of lithologic, stratigraphic, or reservoir concepts. The only difference is added sentence framing, which does not affect semantic alignment.",1.0,"The actual output matches the expected geological content exactly: it identifies the Ar-Ar geochronological age of the 'fragmento máfico' as 69,4 ± 1,3 Ma. It preserves the correct entity, method, and value with uncertainty, adding only a harmless full-sentence wrapper without changing the semantics.",0.23809523809523808,1.0,0.3846153846153846,0.2,1.0,0.33333333333333337,0.23809523809523808,1.0,0.3846153846153846,0.0,0.38095238095238093,
resultados/petrobras-4-0-com-ontologia-embeddingfirst/batch_f4d1f3cd-3f2e-41ca-b5af-611ea21bcf46-completo.csv,graphrag,1436,Qual a idade geocronológica indicada pela datação Ar-Ar de um fragmento máfico?,"69,4 ± 1,3 Ma",,"A idade geocronológica indicada pela datação Ar-Ar de um fragmento máfico é de 69,4 ± 1,3 milhões de anos.",1.0,"The score is 1.00 because the answer is fully relevant to the question about the idade geocronológica indicada pela datação Ar-Ar de um fragmento máfico, with no irrelevant statements. Great job staying precise and on-topic.",,Skipped: empty context.,,Skipped: empty context.,,Skipped: empty context.,1.0,"The actual output matches the expected value for the input asking the idade geocronológica from datação Ar-Ar of a fragmento máfico: it gives 69,4 ± 1,3 milhões de anos, which is semantically equivalent to 69,4 ± 1,3 Ma. There are no factual contradictions or numerical errors; the only difference is wording and unit expansion, which is a harmless stylistic variation.",1.0,"The actual output correctly includes the essential geochronological age from the expected output: 69,4 ± 1,3 Ma, expressed equivalently as “69,4 ± 1,3 milhões de anos” for the fragmento máfico. It preserves the key numeric value and uncertainty requested by the input, with only added wording and unit expansion, so no important information is missing.",1.0,"The response matches the expected geochronological value exactly in substance: it gives 69,4 ± 1,3 milhões de anos, which is equivalent to 69,4 ± 1,3 Ma for the Ar-Ar dating of a máfico fragmento. It uses appropriate geological terminology such as “idade geocronológica” and “datação Ar-Ar,” with no misuse of lithologic, stratigraphic, facies, or reservoir concepts. The only minor difference is formatting/unit style versus the expected abbreviated form.",1.0,"The actual output matches the expected value semantically and preserves the key geological meaning: it states the geochronological age from Ar-Ar dating of a fragmento máfico as 69,4 ± 1,3 milhões de anos, which is equivalent to 69,4 ± 1,3 Ma. It stays aligned with the entities and relation in the input, with no concept confusion, inverted roles, or domain misuse; the only difference is wording expansion.",0.16666666666666666,0.8,0.27586206896551724,0.13043478260869565,0.75,0.22222222222222218,0.16666666666666666,0.8,0.27586206896551724,0.0,0.2608695652173913,
resultados/petrobras-4-0-com-ontologia-embeddingfirst/batch_f4d1f3cd-3f2e-41ca-b5af-611ea21bcf46-completo.csv,rag,1439,"O que controlaria os fenômenos neotectônicos, o padrão de drenagem e a circulação de fluidos na região?","a uma descontinuidade crustal denominada Arco de São Mateus,",,"Os fenômenos neotectônicos, o padrão de drenagem e a circulação de fluidos na região seriam controlados pelas reativações da descontinuidade crustal conhecida como Arco de São Mateus, que constitui uma zona de profundas fissuras na crosta.",1.0,"The score is 1.00 because the response appears fully relevant to the question, directly addressing what controlaria os fenômenos neotectônicos, o padrão de drenagem e a circulação de fluidos na região, with no irrelevant statements. Great job staying focused and on-topic.",,Skipped: empty context.,,Skipped: empty context.,,Skipped: empty context.,0.9,"The actual output matches the expected content by identifying that the controlling factor is the descontinuidade crustal denominada Arco de São Mateus. It stays aligned with the input question about fenômenos neotectônicos, padrão de drenagem e circulação de fluidos. The extra detail about 'reativações' and 'zona de profundas fissuras na crosta' goes beyond the expected output, but it does not contradict it. There is a minor wording difference because the expected output is just the core phrase 'a uma descontinuidade crustal denominada Arco de São Mateus'.",1.0,"The actual output fully captures the essential expected element from the test case: it identifies the controlling factor as the descontinuidade crustal denominada Arco de São Mateus. It also correctly relates this structure to the fenómenos neotectônicos, padrão de drenagem e circulação de fluidos asked about in the input. The extra detail about reativações and fissuras goes beyond the expected output but does not conflict with it.",0.9,"The actual output aligns closely with the expected output by identifying the controlling factor as the descontinuidade crustal Arco de São Mateus, which directly matches the expected geological entity. It uses appropriate geological language such as 'reativações', 'descontinuidade crustal', and links this structure to neotectônicos, drenagem, and circulação de fluidos coherently. A small penalty is warranted because it adds an unsupported interpretation — 'zona de profundas fissuras na crosta' — that is not present in the expected output and could over-specify the geology.",1.0,"The actual output is semantically well aligned with the expected output: it correctly identifies that the fenômenos neotectônicos, padrão de drenagem, and circulação de fluidos are controlled by the descontinuidade crustal denominada Arco de São Mateus. It preserves the key geological entity and control relation from the test case. The added detail about 'reativações' and 'zona de profundas fissuras na crosta' is not contradictory and remains consistent with the intended geological meaning.",0.20930232558139536,0.9,0.339622641509434,0.11904761904761904,0.5555555555555556,0.196078431372549,0.18604651162790697,0.8,0.3018867924528302,0.0,0.3555555555555555,
resultados/petrobras-4-0-com-ontologia-embeddingfirst/batch_f4d1f3cd-3f2e-41ca-b5af-611ea21bcf46-completo.csv,graphrag,1439,"O que controlaria os fenômenos neotectônicos, o padrão de drenagem e a circulação de fluidos na região?","a uma descontinuidade crustal denominada Arco de São Mateus,",,"Os fenômenos neotectônicos, o padrão de drenagem e a circulação de fluidos na região são controlados pelas reativações da descontinuidade crustal denominada Arco de São Mateus.",1.0,"The score is 1.00 because the response stayed fully focused on what controls the neotectonic phenomena, drainage pattern, and fluid circulation in the region, with no irrelevant statements. Great job keeping it precise and directly aligned with the question.",,Skipped: empty context.,,Skipped: empty context.,,Skipped: empty context.,0.9,"The actual output matches the expected meaning for the input by identifying that the controlling factor is the descontinuidade crustal denominada Arco de São Mateus. It adds detail about 'reativações' and reframes the sentence, but this does not contradict the expected output. There are no clear factual mistakes relative to the expected answer, only a harmless wording expansion.",1.0,"The actual output fully captures the essential fact from the expected output: that the controlling factor is the descontinuidade crustal denominada Arco de São Mateus. It correctly links this structure to the phenomena named in the input—fenômenos neotectônicos, padrão de drenagem e circulação de fluidos—and adds only a minor paraphrase ('reativações') without omitting any key element.",0.9,"The response aligns strongly with the expected geological interpretation by identifying the controlling feature as the descontinuidade crustal Arco de São Mateus, which matches the expected output. It uses appropriate geological terminology for neotectônicos, padrão de drenagem, circulação de fluidos, and reativações crustais, and the relation is semantically coherent with the input question asking what controls these phenomena. A minor shortcoming is that it adds 'reativações' rather than stating only attribution 'a uma descontinuidade crustal', but this remains domain-appropriate rather than a misuse.",1.0,"The actual output is semantically aligned with the expected output: it identifies the controlling factor as the descontinuidade crustal denominada Arco de São Mateus, matching the key geological entity in the test case. It also preserves the intended relation for the input question about what controls fenômenos neotectônicos, padrão de drenagem, and circulação de fluidos. The added detail about reativações remains geologically consistent and does not invert or confuse the expected concept.",0.2647058823529412,0.9,0.40909090909090906,0.21212121212121213,0.7777777777777778,0.3333333333333333,0.2647058823529412,0.9,0.40909090909090906,0.0,0.4571428571428572,
resultados/petrobras-4-0-com-ontologia-embeddingfirst/batch_f4d1f3cd-3f2e-41ca-b5af-611ea21bcf46-completo.csv,rag,1440,Qual é a idade do fragmento máfico mencionado no texto?,"69,4 ± 1,3 Ma",,"A idade do fragmento máfico mencionada no texto é 69,4 ± 1,3 Ma.",1.0,"The score is 1.00 because the answer directly addresses the question about the idade do fragmento máfico mentioned in the text, with no irrelevant information. Great job staying fully on topic.",,Skipped: empty context.,,Skipped: empty context.,,Skipped: empty context.,1.0,"The actual output matches the expected content exactly on the key fact requested in the input, giving the idade do fragmento máfico as 69,4 ± 1,3 Ma. There are no factual contradictions or mistakes; the only difference is added explanatory wording ('A idade do fragmento máfico mencionada no texto é'), which is a harmless stylistic variation under the evaluation steps.",1.0,"The actual output fully captures the essential expected information: the idade do fragmento máfico is given exactly as 69,4 ± 1,3 Ma. It adds minimal framing text, but no important detail is missing or altered, so it aligns strongly with the expected output.",1.0,"The response matches the expected geological datum exactly: it identifies the fragmento máfico age as 69,4 ± 1,3 Ma, using the correct geochronological unit and appropriate geological terminology from the input. It is semantically coherent and adds only a minimal wrapper sentence, with no misuse of lithologic, stratigraphic, or reservoir concepts.",1.0,"The actual output matches the expected age exactly in geological meaning, correctly identifying the fragmento máfico age as 69,4 ± 1,3 Ma for the given input. The added sentence framing does not change the semantics, and there is no concept confusion, role inversion, or misuse of geological terms.",0.35714285714285715,1.0,0.5263157894736842,0.3076923076923077,1.0,0.47058823529411764,0.35714285714285715,1.0,0.5263157894736842,0.0,0.47058823529411764,
resultados/petrobras-4-0-com-ontologia-embeddingfirst/batch_f4d1f3cd-3f2e-41ca-b5af-611ea21bcf46-completo.csv,graphrag,1440,Qual é a idade do fragmento máfico mencionado no texto?,"69,4 ± 1,3 Ma",,"A idade do fragmento máfico é 69,4 ± 1,3 Ma.",1.0,"The score is 1.00 because the answer is fully relevant to the question, directly addressing the idade do fragmento máfico sem incluir conteúdo irrelevante. Great job keeping the response focused and precise.",,Skipped: empty context.,,Skipped: empty context.,,Skipped: empty context.,1.0,"The actual output matches the expected value exactly in meaning for the input asking the age of the fragmento máfico: it gives ""69,4 ± 1,3 Ma"" with only an added introductory phrase. There are no factual contradictions or mistakes, and the wording difference is harmless stylistic variation under the evaluation steps.",1.0,"The actual output fully preserves the essential fact from the expected output: the age value ""69,4 ± 1,3 Ma"" for the ""fragmento máfico"" mentioned in the input question. It adds a brief introductory phrase (""A idade do fragmento máfico é""), but this does not change or omit any required information, so coverage is complete and concise.",1.0,"The response matches the expected geological information exactly: it identifies the idade do fragmento máfico as 69,4 ± 1,3 Ma, using the correct geochronological unit and appropriate domain terminology. It is semantically coherent and adds only a minimal wrapper phrase without altering the geological meaning or introducing any misuse of concepts, lithologies, facies, stratigraphic terms, or relations.",1.0,"The actual output matches the expected output semantically and preserves the key geological information requested in the input: the idade do fragmento máfico is correctly given as 69,4 ± 1,3 Ma. It stays aligned with the relevant entity and value, with no concept confusion or relation errors. The only difference is added phrasing ('A idade do fragmento máfico é'), which does not alter meaning.",0.45454545454545453,1.0,0.625,0.4,1.0,0.5714285714285715,0.45454545454545453,1.0,0.625,0.0,0.5714285714285715,
resultados/petrobras-4-0-com-ontologia-embeddingfirst/batch_f4d1f3cd-3f2e-41ca-b5af-611ea21bcf46-completo.csv,rag,1441,O que é a Fm. Rio Doce?,"arenitos médios a muito grossos, quartzozos, feldspáticos, com cores cinza-esverdeadas, maciços ou com estratificações cruzadas",,"A Fm. Rio Doce corresponde a arenitos médios a muito grossos, quartzozos, feldspáticos, com cores cinza-esverdeadas, maciços ou com estratificações cruzadas, silicificados ""cozidos"" próximos ao contato com as vulcânicas.",1.0,"The score is 1.00 because the response is fully relevant to the question ""O que é a Fm. Rio Doce?"" and includes no irrelevant statements. It stays focused on answering the input clearly and directly—great job.",,Skipped: empty context.,,Skipped: empty context.,,Skipped: empty context.,0.9,"The actual output matches the expected description for 'Fm. Rio Doce' on all key geological attributes: 'arenitos médios a muito grossos, quartzozos, feldspáticos, com cores cinza-esverdeadas, maciços ou com estratificações cruzadas'. It adds extra detail ('silicificados ""cozidos"" próximos ao contato com as vulcânicas' and 'A Fm. Rio Doce corresponde a') that is not present in the expected output, but this does not contradict it. There are no factual contradictions, only harmless additional wording, so alignment is very strong.",1.0,"The actual output fully includes all essential elements from the expected output: ""arenitos médios a muito grossos, quartzozos, feldspáticos, com cores cinza-esverdeadas, maciços ou com estratificações cruzadas"" in response to ""O que é a Fm. Rio Doce?"" It also adds extra detail about silicificação and proximity to vulcânicas, which does not conflict with the expected content. No important information is omitted.",0.9,"The actual output uses appropriate geological terminology for the question, including lithology, grain size, composition, color, and sedimentary structures: ""arenitos médios a muito grossos, quartzozos, feldspáticos"", ""cores cinza-esverdeadas"" and ""maciços ou com estratificações cruzadas"", which closely matches the expected description. It is semantically coherent and domain-appropriate. The only shortcoming is the added interpretation/detail ""silicificados 'cozidos' próximos ao contato com as vulcânicas"", which is not present in the expected output and introduces extra geological context that may be valid but goes beyond the target answer.",0.8,"The actual output is strongly aligned with the expected description of the Fm. Rio Doce, preserving the key geological semantics: it identifies the unit as composed of ""arenitos médios a muito grossos, quartzozos, feldspáticos"", with ""cores cinza-esverdeadas"" and textures ""maciços ou com estratificações cruzadas"". This matches the expected lithologic attributes and depositional description. The main shortcoming is the added detail ""silicificados 'cozidos' próximos ao contato com as vulcânicas"", which goes beyond the expected output and introduces extra geological information not requested, but it does not invert or confuse the core concepts.",0.5555555555555556,1.0,0.7142857142857143,0.5428571428571428,1.0,0.7037037037037037,0.5555555555555556,1.0,0.7142857142857143,0.0,0.6818181818181819,
resultados/petrobras-4-0-com-ontologia-embeddingfirst/batch_f4d1f3cd-3f2e-41ca-b5af-611ea21bcf46-completo.csv,graphrag,1441,O que é a Fm. Rio Doce?,"arenitos médios a muito grossos, quartzozos, feldspáticos, com cores cinza-esverdeadas, maciços ou com estratificações cruzadas",,"A Fm. Rio Doce é composta por arenitos médios a muito grossos, silicificados, interrelacionando-se com sedimentos terciários da Fm. Abrolhos.",1.0,"The score is 1.00 because the answer appears fully relevant to the question about ""Fm. Rio Doce,"" with no irrelevant statements identified. Great job staying focused and directly on topic.",,Skipped: empty context.,,Skipped: empty context.,,Skipped: empty context.,0.4,"The actual output partially matches the expected description by identifying the Fm. Rio Doce as consisting of ""arenitos médios a muito grossos,"" which aligns with the main lithology and grain size. However, it omits key expected details from the test case, including ""quartzozos, feldspáticos,"" the ""cores cinza-esverdeadas,"" and the structures ""maciços ou com estratificações cruzadas."" It also adds unsupported information about silicification and interrelation with sedimentos terciários da Fm. Abrolhos, which is not present in the expected output and introduces factual divergence.",0.3,"The actual output correctly identifies the entity as the Fm. Rio Doce and includes one key expected element: ""arenitos médios a muito grossos"". However, it omits most essential descriptive facts from the expected output, including ""quartzozos"", ""feldspáticos"", the ""cores cinza-esverdeadas"", and the textural/structural details ""maciços ou com estratificações cruzadas"". It also adds unsupported information about silicification and relation to sedimentos terciários da Fm. Abrolhos, which does not cover the missing expected attributes.",0.3,"The response uses some appropriate geological language, such as 'arenitos médios a muito grossos' and a formational reference, but it diverges notably from the expected lithologic description. It replaces key expected attributes like 'quartzozos, feldspáticos', color ('cinza-esverdeadas'), and structures ('maciços ou com estratificações cruzadas') with unsupported terms like 'silicificados' and an interrelation with 'sedimentos terciários da Fm. Abrolhos'. This adds a stratigraphic relation not present in the expected output and omits several core descriptive geological features.",0.6,"The actual output is partially aligned because it correctly identifies the Fm. Rio Doce as a sandstone unit with grain size matching the expected 'arenitos médios a muito grossos'. However, it omits several key expected lithologic properties from the test case, including 'quartzozos, feldspáticos', color ('cinza-esverdeadas'), and structures ('maciços ou com estratificações cruzadas'). It also introduces extra information about silicification and relation to sedimentos terciários da Fm. Abrolhos, which is not supported by the expected output and shifts the focus away from the intended geological description.",0.3181818181818182,0.35,0.3333333333333333,0.23809523809523808,0.2631578947368421,0.25,0.3181818181818182,0.35,0.3333333333333333,0.0,0.34285714285714286,
resultados/petrobras-4-0-com-ontologia-embeddingfirst/batch_f4d1f3cd-3f2e-41ca-b5af-611ea21bcf46-completo.csv,rag,1442,Como são os sedimentos da Fm. Rio Doce?,"mal selecionados, pouco lamosos e extremamente litificados, com os grãos cimentados por sílica criptocristalina",,"Os sedimentos da Fm. Rio Doce são arenitos médios a muito grossos, quartzozos e feldspáticos, com cores cinza-esverdeadas. Eles apresentam características maciças ou estratificações cruzadas, são mal selecionados, pouco lamosos e extremamente litificados, com grãos cimentados por sílica criptocristalina.",1.0,The score is 1.00 because the response stayed fully focused on describing os sedimentos da Fm. Rio Doce and included no irrelevant statements. It directly addressed the input clearly and appropriately.,,Skipped: empty context.,,Skipped: empty context.,,Skipped: empty context.,0.9,"The actual output includes the full expected description: ""mal selecionados, pouco lamosos e extremamente litificados, com grãos cimentados por sílica criptocristalina,"" which matches the key sediment characteristics requested for a resposta sobre os sedimentos da Fm. Rio Doce. It also adds extra details like ""arenitos médios a muito grossos,"" composição quartzoza e feldspática, cor e estruturas sedimentares; these are not contradictory to the expected output, just more specific. There are no clear factual contradictions relative to the expected text, so alignment is strong with only a minor deduction for going beyond the minimal expected answer.",1.0,"The actual output fully includes all essential elements from the expected output: it states that the sedimentos da Fm. Rio Doce are 'mal selecionados, pouco lamosos e extremamente litificados' and that the grãos are 'cimentados por sílica criptocristalina'. It also stays aligned with the input question about sediment characteristics. Extra details like grain size, composition, color, and stratification do not conflict with the expected content.",0.9,"The actual output uses appropriate geological terminology such as 'arenitos médios a muito grossos', 'quartzozos e feldspáticos', 'mal selecionados', and 'cimentados por sílica criptocristalina', which is domain-consistent for describing sediments of the Fm. Rio Doce. It fully includes the key expected attributes: 'mal selecionados, pouco lamosos e extremamente litificados, com os grãos cimentados por sílica criptocristalina'. The only shortcoming is that it adds extra lithologic and sedimentary details ('cores cinza-esverdeadas', 'maciças ou estratificações cruzadas') not present in the expected output, but these remain geologically coherent and do not misuse concepts.",0.9,"The actual output is semantically aligned with the expected description of the sedimentos da Fm. Rio Doce: it correctly includes the key expected properties 'mal selecionados, pouco lamosos e extremamente litificados' and 'grãos cimentados por sílica criptocristalina'. It also stays within the correct geological domain and entity. The only shortcoming is that it adds extra lithologic details like 'arenitos médios a muito grossos, quartzozos e feldspáticos' and 'cores cinza-esverdeadas' that are not present in the expected output, but these do not conflict with the intended geological semantics.",0.32653061224489793,1.0,0.4923076923076923,0.2708333333333333,0.8666666666666667,0.41269841269841273,0.30612244897959184,0.9375,0.46153846153846156,0.0,0.5283018867924528,
resultados/petrobras-4-0-com-ontologia-embeddingfirst/batch_f4d1f3cd-3f2e-41ca-b5af-611ea21bcf46-completo.csv,graphrag,1442,Como são os sedimentos da Fm. Rio Doce?,"mal selecionados, pouco lamosos e extremamente litificados, com os grãos cimentados por sílica criptocristalina",,"Os sedimentos da Fm. Rio Doce são arenitos médios a muito grossos, quartzozos, feldspáticos, mal selecionados, pouco lamosos e extremamente litificados. Eles apresentam cores cinza-esverdeadas, podendo ser maciços ou com estratificações cruzadas, com grãos cimentados por sílica criptocristalina. Próximo ao contato com rochas vulcânicas, os sedimentos são completamente silicificados (""cozidos"").",1.0,The score is 1.00 because the answer stays fully focused on describing os sedimentos da Fm. Rio Doce and includes no irrelevant statements. It directly addresses the input clearly and appropriately.,,Skipped: empty context.,,Skipped: empty context.,,Skipped: empty context.,0.9,"The actual output matches the expected core description for the sedimentos da Fm. Rio Doce: it includes ""mal selecionados, pouco lamosos e extremamente litificados"" and states that the grãos are ""cimentados por sílica criptocristalina."" It adds extra details such as arenitos quartzozos, feldspáticos, colors, estruturas, and silicificação near volcanic rocks, but these do not contradict the expected output. The only shortcoming is that it is more expansive than necessary, yet the key expected facts are present and consistent.",1.0,"The actual output fully covers all essential elements from the expected output: it explicitly states that the sedimentos da Fm. Rio Doce are ""mal selecionados, pouco lamosos e extremamente litificados"" and that the grãos are ""cimentados por sílica criptocristalina."" It also correctly ties these properties to the input asking how the sediments are. Extra details like grain size, composition, color, stratification, and silicification near volcanic contacts do not conflict with the expected content.",0.9,"The actual output uses appropriate geological terminology throughout, including lithology and textural/diagenetic descriptors such as 'arenitos', 'mal selecionados', 'pouco lamosos', 'extremamente litificados' and 'grãos cimentados por sílica criptocristalina', which align directly with the expected description of the sedimentos da Fm. Rio Doce. It also remains semantically coherent when adding plausible extra details like grain size, composition, color, stratification, and silicification near volcanic rocks. A small penalty applies because several additions ('arenitos médios a muito grossos', 'quartzozos, feldspáticos', 'cores cinza-esverdeadas', 'maciços ou com estratificações cruzadas', 'completamente silicificados') are not present in the expected output, so the match is not fully constrained to the reference.",0.9,"The actual output is semantically aligned with the expected description of the sedimentos da Fm. Rio Doce: it correctly includes the key expected attributes ""mal selecionados, pouco lamosos e extremamente litificados"" and ""grãos cimentados por sílica criptocristalina"". It stays consistent with the geological concepts and material properties requested in the input. A small penalty is appropriate because it adds several extra details such as grain size, composition, color, structures, and silicificação perto do contato com rochas vulcânicas that are not required by the expected output, though they do not contradict it.",0.26229508196721313,1.0,0.41558441558441556,0.2,0.8,0.32000000000000006,0.2459016393442623,0.9375,0.3896103896103896,0.0,0.43750000000000006,
resultados/petrobras-4-0-com-ontologia-embeddingfirst/batch_f4d1f3cd-3f2e-41ca-b5af-611ea21bcf46-completo.csv,rag,1443,Qual é a direção das rochas piroclásticas ácidas mencionadas por Raposo et al.?,NE-SW,,A direção das rochas piroclásticas ácidas é NE-SW.,1.0,"The score is 1.00 because the answer is fully relevant to the question and stays focused on the direção das rochas piroclásticas ácidas mencionadas por Raposo et al., with no irrelevant statements. Great job keeping it precise and on topic.",,Skipped: empty context.,,Skipped: empty context.,,Skipped: empty context.,1.0,"The actual output matches the expected answer for the input asking the direção das rochas piroclásticas ácidas mencionadas por Raposo et al.: it correctly gives ""NE-SW"". The added phrasing (""A direção das rochas piroclásticas ácidas é ..."") is only stylistic and does not change the meaning, and there are no factual contradictions or mistakes.",1.0,"The actual output correctly includes the essential expected content, identifying the direction as ""NE-SW"" for the ""rochas piroclásticas ácidas"" mentioned in the input. It adds a short sentence around the answer, but this does not omit or alter any important information, so it aligns strongly with the expected output.",1.0,"The actual output correctly identifies the geological orientation as NE-SW, matching the expected output exactly in content. It uses appropriate domain language for the input, referring to 'rochas piroclásticas ácidas' and their 'direção' without introducing any incorrect lithologic, stratigraphic, or reservoir concepts. The only minor difference is that it is phrased as a full sentence rather than just the expected value.",1.0,"The actual output matches the expected direction ""NE-SW"" exactly in geological meaning for the input about the direção das rochas piroclásticas ácidas mencionadas por Raposo et al. It preserves the correct entity, attribute, and relation, adds only a minimal paraphrase, and introduces no concept confusion or domain misuse.",0.2,1.0,0.33333333333333337,0.1111111111111111,1.0,0.19999999999999998,0.2,1.0,0.33333333333333337,0.0,0.2222222222222222,
resultados/petrobras-4-0-com-ontologia-embeddingfirst/batch_f4d1f3cd-3f2e-41ca-b5af-611ea21bcf46-completo.csv,graphrag,1443,Qual é a direção das rochas piroclásticas ácidas mencionadas por Raposo et al.?,NE-SW,,A direção das rochas piroclásticas ácidas mencionadas por Raposo et al. é NE-SW.,1.0,"The score is 1.00 because the answer is fully relevant to the question and directly addresses the direção das rochas piroclásticas ácidas mencionadas por Raposo et al., with no irrelevant statements. Great job keeping the response focused and on-topic.",,Skipped: empty context.,,Skipped: empty context.,,Skipped: empty context.,1.0,"The actual output matches the expected output on the key fact from the input: the direção das rochas piroclásticas ácidas is correctly given as NE-SW. There are no factual contradictions or mistakes. The only difference is added sentence framing in Portuguese, which is a harmless wording variation and should not be penalized.",1.0,"The actual output correctly identifies the essential expected fact from the test case: the direction of the rochas piroclásticas ácidas mentioned by Raposo et al. is NE-SW. It includes the key entity and relation asked in the input, and although phrased as a full sentence rather than just 'NE-SW', it fully matches the expected content with no important omissions.",1.0,"The actual output matches the expected geological content exactly by identifying the direção as NE-SW, which is the key relation requested in the input. It uses appropriate domain wording for the cited entity ""rochas piroclásticas ácidas"" and introduces no misuse of lithologic, stratigraphic, or reservoir concepts. The only minor difference is added sentence framing beyond the expected short form.",1.0,"The actual output is semantically identical to the expected output, correctly identifying the direção das rochas piroclásticas ácidas mencionadas por Raposo et al. as NE-SW. It preserves the key geological entity and relation without introducing concept confusion, role inversion, or domain misuse; the added sentence framing does not change the meaning.",0.13333333333333333,1.0,0.23529411764705882,0.07142857142857142,1.0,0.13333333333333333,0.13333333333333333,1.0,0.23529411764705882,0.0,0.14285714285714288,
resultados/petrobras-4-0-com-ontologia-embeddingfirst/batch_f4d1f3cd-3f2e-41ca-b5af-611ea21bcf46-completo.csv,rag,1445,Qual é a coluna de hidrocarbonetos constatada?,"255 m,",,A coluna de hidrocarbonetos constatada foi de 255 m.,1.0,"The score is 1.00 because the answer is fully relevant to the question and directly addresses ""Qual é a coluna de hidrocarbonetos constatada?"" with no irrelevant statements. Great job keeping it precise and on topic.",,Skipped: empty context.,,Skipped: empty context.,,Skipped: empty context.,1.0,"The actual output matches the expected value from the test case: it correctly states that the coluna de hidrocarbonetos constatada was 255 m. The only difference is added phrasing ('A coluna de hidrocarbonetos constatada foi de') and omission of the trailing comma from '255 m,', which is a harmless formatting/style difference and not a factual contradiction.",1.0,"The essential fact in the expected output is the measured value of the coluna de hidrocarbonetos: 255 m. The actual output correctly includes this exact value and directly answers the question. Although it adds surrounding wording and omits the trailing comma from the expected output, no important information is missing, so it aligns strongly with the evaluation steps.",1.0,"The response correctly identifies the hydrocarbon column as 255 m, matching the expected output exactly in geological content. It uses the domain-appropriate term ""coluna de hidrocarbonetos"" consistently with the input and does not introduce any incorrect lithologic, stratigraphic, facies, or reservoir concepts. The only minor difference is formatting and added sentence structure versus the expected terse value.",1.0,"The actual output semantically matches the expected output by stating that the coluna de hidrocarbonetos constatada foi de 255 m, which directly corresponds to the expected value ""255 m"" for the input question. It preserves the correct geological concept and measurement without introducing confusion, wrong relations, or domain misuse. Although more verbose than the expected output, it remains fully aligned with the intended meaning.",0.2222222222222222,1.0,0.3636363636363636,0.125,1.0,0.2222222222222222,0.2222222222222222,1.0,0.3636363636363636,0.0,0.3636363636363636,
resultados/petrobras-4-0-com-ontologia-embeddingfirst/batch_f4d1f3cd-3f2e-41ca-b5af-611ea21bcf46-completo.csv,graphrag,1445,Qual é a coluna de hidrocarbonetos constatada?,"255 m,",,A coluna de hidrocarbonetos constatada foi de 255 m.,1.0,The score is 1.00 because the answer is fully relevant to the input and directly addresses “Qual é a coluna de hidrocarbonetos constatada?” with no irrelevant statements. Great job staying precise and on topic.,,Skipped: empty context.,,Skipped: empty context.,,Skipped: empty context.,1.0,"The actual output matches the expected content for the input asking about the hydrocarbon column: both state that the coluna de hidrocarbonetos constatada was 255 m. There are no factual contradictions or mistakes; the difference is only stylistic and phrased as a full sentence instead of the shorter expected form ""255 m,"" which should not be penalized under the evaluation steps.",1.0,"The essential fact in the expected output is the hydrocarbon column value, ""255 m"". The actual output correctly includes this exact value in response to ""Qual é a coluna de hidrocarbonetos constatada?"" Although it adds surrounding words, it preserves the key information completely, so there are no important omissions.",1.0,"The actual output correctly identifies the hydrocarbon column as 255 m, matching the expected value exactly and using appropriate geological terminology from the input ('coluna de hidrocarbonetos constatada'). It is semantically coherent and domain-appropriate, with no misuse of lithologic, stratigraphic, facies, or reservoir concepts. The only minor difference is added sentence framing versus the expected concise format '255 m,'.",1.0,"The actual output is semantically identical to the expected output for the question 'Qual é a coluna de hidrocarbonetos constatada?'. It preserves the correct geological entity and value by stating 'A coluna de hidrocarbonetos constatada foi de 255 m', which matches the expected '255 m' exactly in meaning. There is no concept confusion, relation inversion, or misuse of domain-specific terminology; the added wording is merely explanatory and remains fully aligned.",0.2222222222222222,1.0,0.3636363636363636,0.125,1.0,0.2222222222222222,0.2222222222222222,1.0,0.3636363636363636,0.0,0.3636363636363636,
resultados/petrobras-4-0-com-ontologia-embeddingfirst/batch_f4d1f3cd-3f2e-41ca-b5af-611ea21bcf46-completo.csv,rag,1446,O que foi adotado para identificar a constância dos reservatórios?,a subdivisão em zonas produtoras diferenciadas,,Foi adotada a subdivisão em zonas produtoras diferenciadas proposta por Andrade e Saito para identificar a constância dos reservatórios.,1.0,"The score is 1.00 because the response appears fully focused on answering ""O que foi adotado para identificar a constância dos reservatórios?"" with no irrelevant statements, so it is as relevant as possible. Great job keeping it directly on topic.",,Skipped: empty context.,,Skipped: empty context.,,Skipped: empty context.,0.9,"The actual output matches the expected meaning for the input about what was adopted to identify the constancy of the reservoirs: it correctly includes ""a subdivisão em zonas produtoras diferenciadas."" It adds extra detail (""proposta por Andrade e Saito"" and the purpose clause), but this does not contradict the expected output and is a harmless wording expansion rather than a factual mistake.",1.0,"The actual output fully includes the essential expected element, namely ""a subdivisão em zonas produtoras diferenciadas"", which directly answers what was adopted to identify the constância dos reservatórios. The added detail ""proposta por Andrade e Saito"" is extra but does not conflict with the expected output, so coverage is complete and concise enough.",1.0,"The response aligns very well with the expected geological content: it correctly identifies ""a subdivisão em zonas produtoras diferenciadas"" as what was adopted to determine reservoir constancy, using appropriate reservoir terminology such as ""zonas produtoras"" and ""reservatórios"". It preserves the key geological relation from the expected output and adds a source attribution (""proposta por Andrade e Saito"") without introducing incorrect lithologic, facies, stratigraphic, or reservoir concepts. The only minor issue is that it is slightly more specific than the expected output, but it remains semantically coherent and domain-appropriate.",0.9,"The actual output is semantically aligned with the expected answer: it correctly identifies that what was adopted to determine the constancy of the reservoirs was ""a subdivisão em zonas produtoras diferenciadas."" It preserves the key geological concept and relation asked in the input. The added attribution to ""Andrade e Saito"" is extra information not present in the expected output, but it does not introduce semantic confusion or alter the intended meaning.",0.3181818181818182,1.0,0.4827586206896552,0.2857142857142857,1.0,0.4444444444444445,0.3181818181818182,1.0,0.4827586206896552,0.0,0.4799999999999999,
resultados/petrobras-4-0-com-ontologia-embeddingfirst/batch_f4d1f3cd-3f2e-41ca-b5af-611ea21bcf46-completo.csv,graphrag,1446,O que foi adotado para identificar a constância dos reservatórios?,a subdivisão em zonas produtoras diferenciadas,,"Foi adotada a subdivisão em zonas produtoras diferenciadas, proposta por Andrade e Saito, para identificar a constância dos reservatórios.",0.6666666666666666,"The score is 0.67 because the answer appears to address the question by mentioning what was adopted to identify the constancy of the reservoirs, but it also includes an irrelevant detail about who proposed the subdivision ('Andrade e Saito'), which does not directly answer the question. So it is reasonably relevant, but not fully focused.",,Skipped: empty context.,,Skipped: empty context.,,Skipped: empty context.,1.0,"The actual output matches the expected content for the input asking what was adopted to identify the constância dos reservatórios: it correctly includes ""a subdivisão em zonas produtoras diferenciadas"". The added detail ""proposta por Andrade e Saito"" is not contradicted by the expected output and does not change the meaning, so it should not be penalized as a stylistic expansion.",1.0,"The actual output fully contains the essential expected content: ""a subdivisão em zonas produtoras diferenciadas"" as what was adopted to identify the constância dos reservatórios. It correctly matches the relation asked in the input, and the added detail ""proposta por Andrade e Saito"" does not conflict with the expected answer.",1.0,"The actual output aligns very well with the expected geological content: it correctly identifies “a subdivisão em zonas produtoras diferenciadas” as what was adopted to determine the constância dos reservatórios. It uses appropriate domain terminology such as “zonas produtoras” and “reservatórios,” and the added attribution to “Andrade e Saito” does not introduce any geological inconsistency or misuse of stratigraphic or reservoir concepts.",0.9,"The actual output is semantically aligned with the expected answer: it correctly identifies that what was adopted to determine the constância dos reservatórios was ""a subdivisão em zonas produtoras diferenciadas."" It preserves the key geological concept and relation requested by the input. The added detail ""proposta por Andrade e Saito"" is not present in the expected output, but it does not introduce a contradiction or domain misuse.",0.3181818181818182,1.0,0.4827586206896552,0.2857142857142857,1.0,0.4444444444444445,0.3181818181818182,1.0,0.4827586206896552,0.0,0.4799999999999999,
resultados/petrobras-4-0-com-ontologia-embeddingfirst/batch_f4d1f3cd-3f2e-41ca-b5af-611ea21bcf46-completo.csv,rag,1449,Qual é o tamanho da coluna de hidrocarbonetos constatada?,255 m,,O tamanho da coluna de hidrocarbonetos constatada foi de 255 m.,1.0,"The score is 1.00 because the response is fully relevant to the question about ""o tamanho da coluna de hidrocarbonetos constatada"" and contains no irrelevant statements. Great job staying directly on topic.",,Skipped: empty context.,,Skipped: empty context.,,Skipped: empty context.,1.0,"The actual output matches the expected value exactly on the key factual detail from the test case: the tamanho da coluna de hidrocarbonetos constatada is given as 255 m. It adds surrounding wording ('foi de') but does not introduce any contradiction or factual mistake, so the meaning remains fully correct.",1.0,"The expected output contains a single essential fact: the measured tamanho da coluna de hidrocarbonetos is 255 m. The actual output fully preserves that value and relation, stating clearly that the coluna constatada foi de 255 m. Although it is more verbose than the expected output, it includes all required information with no omission or contradiction.",0.9,"The response matches the expected geological fact from the test case by stating the hydrocarbon column size as 255 m, which is the correct domain-specific value. It uses appropriate petroleum geology terminology ('coluna de hidrocarbonetos') and is semantically coherent. The only minor shortcoming is that it is more verbose than the expected output, which is just '255 m'.",1.0,"The actual output semantically matches the expected output for the input about the tamanho da coluna de hidrocarbonetos constatada. It preserves the correct geological quantity and value, stating '255 m' with only minor added wording ('foi de') that does not change the meaning. There is no concept confusion, relation inversion, or misuse of domain-specific terms.",0.18181818181818182,1.0,0.3076923076923077,0.1,1.0,0.18181818181818182,0.18181818181818182,1.0,0.3076923076923077,0.0,0.3076923076923077,
resultados/petrobras-4-0-com-ontologia-embeddingfirst/batch_f4d1f3cd-3f2e-41ca-b5af-611ea21bcf46-completo.csv,graphrag,1449,Qual é o tamanho da coluna de hidrocarbonetos constatada?,255 m,,O tamanho da coluna de hidrocarbonetos constatada foi de 255 m.,1.0,"The score is 1.00 because the response appears fully relevant to the question about ""o tamanho da coluna de hidrocarbonetos constatada"", with no irrelevant statements noted. Great job staying directly on topic.",,Skipped: empty context.,,Skipped: empty context.,,Skipped: empty context.,1.0,"The actual output matches the expected value from the test case exactly in meaning: it states that the coluna de hidrocarbonetos constatada was 255 m, which is the same factual content as the expected output ""255 m"". There are no contradictions or factual mistakes; the only difference is harmless extra wording.",1.0,"The expected output contains a single essential fact: the tamanho da coluna de hidrocarbonetos constatada is 255 m. The actual output fully preserves that key value and relation, stating 'foi de 255 m'. It adds minor wording from the question context, but there are no omissions or contradictions, so it aligns strongly with the expected output.",1.0,"The response correctly identifies the hydrocarbon column size as 255 m, matching the expected output exactly in geological content and using appropriate domain terminology ('coluna de hidrocarbonetos'). It is semantically coherent and does not misuse geological, stratigraphic, or reservoir concepts. The only minor difference is added sentence framing instead of returning just the bare value.",1.0,"The actual output is semantically identical to the expected output for the input asking the size of the confirmed hydrocarbon column. It correctly preserves the key geological quantity and unit, stating '255 m' with no concept confusion, role inversion, or domain misuse; the added sentence framing does not change the intended meaning.",0.18181818181818182,1.0,0.3076923076923077,0.1,1.0,0.18181818181818182,0.18181818181818182,1.0,0.3076923076923077,0.0,0.3076923076923077,
resultados/petrobras-4-0-com-ontologia-embeddingfirst/batch_f4d1f3cd-3f2e-41ca-b5af-611ea21bcf46-completo.csv,rag,1451,Qual foi o valor preditivo de porosidade previsto?,7%,,O valor preditivo de porosidade previsto era de aproximadamente 7%.,1.0,"The score is 1.00 because the response directly addressed ""Qual foi o valor preditivo de porosidade previsto?"" with no irrelevant content, so it is fully relevant and on target.",,Skipped: empty context.,,Skipped: empty context.,,Skipped: empty context.,1.0,"The actual output matches the expected value from the test case input asking for the predicted porosity: it correctly states approximately 7%, which aligns with the expected output of 7%. There are no factual contradictions or mistakes; the extra wording is harmless stylistic variation and should not be penalized.",0.9,"The essential expected content is the predicted porosity value of 7%. The actual output correctly includes this key fact, stating ""aproximadamente 7%"", which preserves the required value from the test case. The extra wording is acceptable under the evaluation steps because all important information is covered, though ""aproximadamente"" adds slight imprecision compared with the exact expected output.",1.0,"The actual output matches the expected porosity value exactly in meaning, stating 'aproximadamente 7%' for the requested 'valor preditivo de porosidade previsto', which is consistent with the expected '7%'. It uses appropriate geological terminology ('porosidade') without introducing any incorrect lithology, facies, stratigraphic, or reservoir concepts, and remains semantically coherent and domain-appropriate.",1.0,"The actual output is semantically identical to the expected output: it correctly states the predicted porosity value as approximately 7%, matching the expected 7%. It stays aligned with the geological concept of porosidade and does not introduce any entity, class, or relation errors. Although more verbose than the expected output, the added phrasing preserves the intended meaning for the given input.",0.1,1.0,0.18181818181818182,0.0,0.0,0.0,0.1,1.0,0.18181818181818182,0.0,0.18181818181818182,
resultados/petrobras-4-0-com-ontologia-embeddingfirst/batch_f4d1f3cd-3f2e-41ca-b5af-611ea21bcf46-completo.csv,graphrag,1451,Qual foi o valor preditivo de porosidade previsto?,7%,,"Os valores preditivos de porosidade, devido ao rearranjo e obliteração do espaço poroso impostos pelo soterramento, deveriam situar-se em torno de 7%.",0.5,"The score is 0.50 because the response appears to stay on the topic of porosity, but it does not provide the specific predicted porosity value requested in the input. Instead, it includes an irrelevant geological explanation about pore space, so it is only partially relevant rather than fully answering the question.",,Skipped: empty context.,,Skipped: empty context.,,Skipped: empty context.,1.0,"The actual output matches the expected value from the test case: it states that the predicted porosity should be around 7%, which aligns with the expected output of 7%. There are no factual contradictions or mistakes; the extra context about soterramento and espaço poroso is stylistic and does not change the meaning.",1.0,"The actual output correctly includes the essential expected fact: the predicted porosity value is 7%, which directly answers the input question. Although it adds extra context about rearrangement, obliteration of pore space, and burial, there is no omission or contradiction relative to the expected output, so it aligns strongly with the required content.",1.0,"The response correctly provides the expected porosity prediction of 7% and uses appropriate geological language such as ""espaço poroso"" and ""soterramento"" consistently with the question context. It remains semantically coherent, does not misuse lithologic, facies, stratigraphic, or reservoir concepts, and its added interpretation about rearrangement and obliteration of porosity is domain-appropriate rather than contradictory.",1.0,"The actual output semantically matches the expected value of porosity prediction for the input question, explicitly stating that the predicted porosity should be around 7%. It preserves the correct geological concept ('porosidade') and does not introduce any conflicting entities, roles, or relations. Although more verbose than the expected output, the added context about burial-driven rearrangement and pore-space obliteration remains geologically consistent and does not alter the intended meaning.",0.04,1.0,0.07692307692307693,0.0,0.0,0.0,0.04,1.0,0.07692307692307693,0.0,0.08695652173913045,
resultados/petrobras-4-0-com-ontologia-embeddingfirst/batch_f4d1f3cd-3f2e-41ca-b5af-611ea21bcf46-completo.csv,rag,1454,O que a PETROBRÁS descobriu com o poço pioneiro 1 - PRS - 4?,a acumulação de hidrocarbonetos do Campo de Tubarão,,"A PETROBRÁS descobriu, com o poço pioneiro 1-PRS-4, a acumulação de hidrocarbonetos do Campo de Tubarão, incluindo uma coluna de hidrocarbonetos de 255 m e rochas-reservatório com porosidades variando de 12% a 24% e permeabilidades de até 1.400 md.",1.0,"The score is 1.00 because the answer directly addresses what a PETROBRÁS descobriu com o poço pioneiro 1 - PRS - 4, with no irrelevant statements. Great job staying fully on topic and answering the question clearly.",,Skipped: empty context.,,Skipped: empty context.,,Skipped: empty context.,1.0,"The actual output matches the expected answer for the input about o poço pioneiro 1-PRS-4: it correctly states ""a acumulação de hidrocarbonetos do Campo de Tubarão"". The added details about the hydrocarbon column, porosity, and permeability do not contradict the expected output and are harmless elaborations rather than factual mistakes.",1.0,"The actual output fully includes the essential expected content: it states that PETROBRÁS discovered ""a acumulação de hidrocarbonetos do Campo de Tubarão"" with the poço pioneiro 1-PRS-4, matching the key fact, entity, and relation from the expected output. The extra details about coluna de hidrocarbonetos, porosidade, and permeabilidade are additional but do not conflict with the expected answer, so concise coverage requirements are satisfied.",0.9,"The actual output aligns strongly with the expected geological content by correctly identifying 'a acumulação de hidrocarbonetos do Campo de Tubarão' as the discovery made by the poço pioneiro 1-PRS-4. It uses appropriate domain terminology such as 'coluna de hidrocarbonetos', 'rochas-reservatório', 'porosidades' and 'permeabilidades', which is semantically coherent and geologically precise. A minor shortcoming is that it adds quantitative reservoir details (255 m, 12% a 24%, até 1.400 md) that are not present in the expected output, but these do not contradict it.",1.0,"The actual output is semantically aligned with the expected answer for the question about what a PETROBRÁS descobriu com o poço pioneiro 1-PRS-4: it correctly identifies ""a acumulação de hidrocarbonetos do Campo de Tubarão"". It preserves the correct geological entity and discovery relation, with no concept confusion or inverted roles. The extra details about coluna de hidrocarbonetos, porosidade, and permeabilidade are accurate elaborations rather than semantic errors, so alignment remains very strong.",0.20833333333333334,1.0,0.3448275862068966,0.19148936170212766,1.0,0.32142857142857145,0.20833333333333334,1.0,0.3448275862068966,0.0,0.3404255319148936,
resultados/petrobras-4-0-com-ontologia-embeddingfirst/batch_f4d1f3cd-3f2e-41ca-b5af-611ea21bcf46-completo.csv,graphrag,1454,O que a PETROBRÁS descobriu com o poço pioneiro 1 - PRS - 4?,a acumulação de hidrocarbonetos do Campo de Tubarão,,"A PETROBRÁS descobriu, com o poço pioneiro 1-PRS-4, a acumulação de hidrocarbonetos do Campo de Tubarão.",1.0,"The score is 1.00 because the answer stayed fully focused on what a PETROBRÁS descobriu com o poço pioneiro 1 - PRS - 4, with no irrelevant statements. Clear and directly relevant.",,Skipped: empty context.,,Skipped: empty context.,,Skipped: empty context.,1.0,"The actual output matches the expected content for the input about o poço pioneiro 1-PRS-4: it correctly identifies ""a acumulação de hidrocarbonetos do Campo de Tubarão"" as the discovery. The extra phrasing about PETROBRÁS and the poço is harmless wording expansion, not a factual contradiction, and there are no mistakes relative to the expected output.",1.0,"The actual output fully covers the essential expected content: it identifies that the discovery was ""a acumulação de hidrocarbonetos do Campo de Tubarão,"" which exactly matches the key fact requested by the input about the poço pioneiro 1-PRS-4. The added context about PETROBRÁS and the poço is consistent with the question and does not omit any important element.",1.0,"The response matches the expected geological discovery exactly: it identifies ""a acumulação de hidrocarbonetos do Campo de Tubarão,"" which is the key entity and relation requested for the poço pioneiro 1-PRS-4. It uses appropriate petroleum geology terminology such as ""acumulação de hidrocarbonetos"" and ""Campo,"" with no misuse of lithologic, stratigraphic, facies, or reservoir concepts. The only difference is added framing (""A PETROBRÁS descobriu, com o poço pioneiro 1-PRS-4""), which remains semantically coherent and faithful to the input.",1.0,"The actual output semantically matches the expected answer for the question about what a PETROBRÁS discovered with the poço pioneiro 1-PRS-4. It correctly identifies ""a acumulação de hidrocarbonetos do Campo de Tubarão,"" preserving the key geological entity and discovery relation. The added framing ""A PETROBRÁS descobriu, com o poço pioneiro 1-PRS-4"" is consistent with the input and does not introduce concept confusion or wrong relations.",0.45454545454545453,1.0,0.625,0.42857142857142855,1.0,0.6,0.45454545454545453,1.0,0.625,0.0,0.6666666666666666,
resultados/petrobras-4-0-com-ontologia-embeddingfirst/batch_f4d1f3cd-3f2e-41ca-b5af-611ea21bcf46-completo.csv,rag,1456,Onde as rochas do reservatório de Tubarão se encontram?,Guarujá Inferior,,"As rochas do reservatório de Tubarão encontram-se no topo da sequência carbonática Guarujá Inferior, identificada a partir de -4 540 m.",1.0,"The score is 1.00 because the answer appears fully relevant to the question, with no irrelevant statements identified. It stays at the maximum score since it directly addresses ""Onde as rochas do reservatório de Tubarão se encontram?"" clearly and appropriately—great job.",,Skipped: empty context.,,Skipped: empty context.,,Skipped: empty context.,1.0,"The expected output is simply ""Guarujá Inferior"", and the actual output correctly identifies that the rochas do reservatório de Tubarão are in the sequência carbonática Guarujá Inferior. This matches the key location asked in the input. The added details about ""no topo"" and ""a partir de -4 540 m"" are extra but not contradictory, so they should not be penalized.",1.0,"The expected output identifies the key entity as ""Guarujá Inferior."" The actual output fully includes this essential location relation, stating that the rochas do reservatório de Tubarão are in the topo da sequência carbonática Guarujá Inferior. Although it adds extra detail (""identificada a partir de -4 540 m""), it does not omit any required information from the expected output.",0.8,"The response uses appropriate geological language such as “rochas do reservatório,” “sequência carbonática,” and “Guarujá Inferior,” which aligns well with the domain. It correctly identifies the key expected stratigraphic entity, Guarujá Inferior, and adds a plausible positional relation (“no topo”) plus a depth marker (“-4 540 m”). However, the question asks where the reservoir rocks of Tubarão are found, and the expected output is only “Guarujá Inferior,” so the added details are unsupported by the reference and may reduce alignment. Overall, it is semantically coherent and geologically appropriate, with minor deviation from the expected concise answer.",1.0,"The actual output is semantically aligned with the expected output because it correctly identifies the location as ""Guarujá Inferior"" and adds compatible geological detail: ""no topo da sequência carbonática Guarujá Inferior, identificada a partir de -4 540 m."" It preserves the intended entity and relation from the question about where the reservoir rocks of Tubarão are found, without introducing concept confusion, inverted roles, or misuse of geological terms.",0.07692307692307693,1.0,0.14285714285714288,0.04,1.0,0.07692307692307693,0.07692307692307693,1.0,0.14285714285714288,0.0,0.17391304347826084,
resultados/petrobras-4-0-com-ontologia-embeddingfirst/batch_f4d1f3cd-3f2e-41ca-b5af-611ea21bcf46-completo.csv,graphrag,1456,Onde as rochas do reservatório de Tubarão se encontram?,Guarujá Inferior,,"As rochas do reservatório de Tubarão encontram-se no topo da sequência carbonática Guarujá Inferior, identificada a partir de -4 540 m.",1.0,"The score is 1.00 because the answer is fully relevant to the question and stays focused on where the rochas do reservatório de Tubarão are found, with no irrelevant statements. Great job keeping it precise and on-topic.",,Skipped: empty context.,,Skipped: empty context.,,Skipped: empty context.,0.8,"The actual output correctly identifies ""Guarujá Inferior,"" which matches the expected output for where the rochas do reservatório de Tubarão se encontram. However, it adds unsupported details like ""no topo da sequência carbonática"" and ""identificada a partir de -4 540 m,"" which are not present in the expected output, so alignment is strong but not exact.",1.0,"The expected output only requires identifying the reservoir rocks as being in ""Guarujá Inferior"". The actual output includes that essential entity correctly and even adds location detail (""no topo da sequência carbonática"" and ""a partir de -4 540 m"") without contradicting the expected answer. It fully covers the key fact asked in the input about where the rochas do reservatório de Tubarão se encontram.",0.8,"The response uses appropriate geological language, including 'rochas do reservatório', 'sequência carbonática' and the stratigraphic unit 'Guarujá Inferior', which matches the expected output. It correctly locates the Tubarão reservoir rocks within Guarujá Inferior, showing domain coherence. However, it adds unsupported specificity ('no topo' and 'a partir de -4 540 m') that is not present in the expected output, so alignment is good but not exact.",0.8,"The actual output is semantically aligned with the expected output because it identifies the location as the sequência carbonática ""Guarujá Inferior"", which matches the expected geological entity. It also preserves the relation asked by ""Onde"" by stating where the reservoir rocks are found. However, it adds extra details not present in the expected output (""no topo"" and ""a partir de -4 540 m""), which may go beyond the target concise answer and introduce specificity that was not required.",0.07692307692307693,1.0,0.14285714285714288,0.04,1.0,0.07692307692307693,0.07692307692307693,1.0,0.14285714285714288,0.0,0.17391304347826084,
resultados/petrobras-4-0-com-ontologia-embeddingfirst/batch_f4d1f3cd-3f2e-41ca-b5af-611ea21bcf46-completo.csv,rag,1458,Qual foi o valor preditivo de porosidade?,7%,,O valor preditivo de porosidade era de aproximadamente 7%.,1.0,"The score is 1.00 because the response stayed fully focused on answering ""Qual foi o valor preditivo de porosidade?"" with no irrelevant statements, so it is completely relevant and deserves the top score.",,Skipped: empty context.,,Skipped: empty context.,,Skipped: empty context.,1.0,"The actual output matches the expected value for the input about porosidade: it states approximately 7%, which is consistent with the expected output of 7%. There are no factual contradictions or mistakes; the only difference is extra wording ('O valor preditivo... era de aproximadamente'), which is a harmless stylistic variation.",1.0,"The essential fact in the expected output is the porosidade predictive value, 7%. The actual output correctly includes this value and directly answers the question, despite adding extra wording like ""aproximadamente"" and a full sentence. Since all key content from the expected output is present, the alignment is very strong.",1.0,"The actual output matches the expected porosity value exactly in geological meaning, stating 'aproximadamente 7%' for the input asking 'Qual foi o valor preditivo de porosidade?'. It uses the domain term 'porosidade' appropriately, introduces no incorrect lithologic, facies, stratigraphic, or reservoir concepts, and remains semantically coherent despite adding minor wording beyond the expected '7%'.",0.9,"The actual output is semantically aligned with the expected output: it correctly identifies the porosity predictive value as 7%, matching the geological quantity asked in the input. The added phrasing ('era de aproximadamente') is acceptable because it preserves the intended meaning and does not introduce concept confusion, wrong entities, or inverted relations. It is slightly less exact than the expected concise form '7%', but still fully consistent with the test case parameters.",0.1111111111111111,1.0,0.19999999999999998,0.0,0.0,0.0,0.1111111111111111,1.0,0.19999999999999998,0.0,0.19999999999999998,
resultados/petrobras-4-0-com-ontologia-embeddingfirst/batch_f4d1f3cd-3f2e-41ca-b5af-611ea21bcf46-completo.csv,graphrag,1458,Qual foi o valor preditivo de porosidade?,7%,,O valor preditivo de porosidade deveria situar-se em torno de 7%.,1.0,"The score is 1.00 because the response directly addressed ""Qual foi o valor preditivo de porosidade?"" with no irrelevant statements. It stayed fully focused on the requested information—great job.",,Skipped: empty context.,,Skipped: empty context.,,Skipped: empty context.,1.0,"The actual output matches the expected value from the test case: it identifies the porosity predictive value as approximately 7%, which preserves the correct meaning of the expected output ""7%"". There are no factual contradictions, and the extra phrasing (""deveria situar-se em torno de"") is a harmless wording difference rather than a mistake.",1.0,"The expected output contains a single essential fact: the predictive porosity value is 7%. The actual output fully preserves that key information by stating it should be around 7%, with no important omission. Although it adds extra wording, the evaluation steps say concise wording is not required as long as all essential content is covered.",1.0,"The actual output correctly identifies the requested geological property, porosity (porosidade), and gives the same predictive value as the expected output: 7%. It uses appropriate domain terminology without introducing incorrect lithology, facies, stratigraphic, or reservoir concepts. The only difference is added wording ('deveria situar-se em torno de'), which does not change the geological meaning or the match to the expected result.",0.9,"The actual output is semantically aligned with the expected output because it correctly identifies the porosity predictive value as approximately 7%, matching the expected geological quantity. It stays on-topic, preserves the intended domain meaning of 'porosidade', and does not introduce concept confusion or incorrect relations. The only minor issue is the added hedge 'deveria situar-se em torno de', but this does not materially change the expected value.",0.08333333333333333,1.0,0.15384615384615385,0.0,0.0,0.0,0.08333333333333333,1.0,0.15384615384615385,0.0,0.16666666666666669,
resultados/petrobras-4-0-com-ontologia-embeddingfirst/batch_f4d1f3cd-3f2e-41ca-b5af-611ea21bcf46-completo.csv,rag,1464,O que a continuidade do processo de exploração permitiu identificar a constância?,reservatórios,,A continuidade do processo de exploração permitiu identificar a constância das fácies potencialmente reservatórios.,1.0,"The score is 1.00 because the answer stayed fully focused on identifying what the continuity of the exploration process allowed to verify, with no irrelevant statements. Great job keeping it precise and directly aligned with the question.",,Skipped: empty context.,,Skipped: empty context.,,Skipped: empty context.,0.9,"The actual output contains the expected key information, ""reservatórios"", and stays consistent with the input question about what constancy was identified. It adds extra context — ""A continuidade do processo de exploração permitiu identificar a constância das fácies potencialmente reservatórios"" — but this does not contradict the expected output. Since the meaning matches and there are no factual errors, it aligns strongly with the evaluation steps.",1.0,"The expected output only requires the essential element ""reservatórios"". The actual output explicitly includes this term in the phrase ""fácies potencialmente reservatórios"" and correctly answers what constancy was identified. It adds extra context, but no important information is missing.",0.8,"The actual output uses appropriate geological terminology, especially ""fácies"" and ""reservatórios"", and is semantically coherent with the exploration context. It correctly preserves the core expected concept, ""reservatórios"", but adds ""constância das fácies potencialmente reservatórios"" instead of the simpler expected answer. This extra interpretation is domain-appropriate rather than a misuse, though it is less exact than the expected output.",0.9,"The actual output is semantically aligned with the expected answer because it identifies that the constancy concerns ""reservatórios,"" specifically phrased as ""fácies potencialmente reservatórios."" It preserves the core geological concept from the expected output without inverting roles or introducing conflicting entities. The extra wording is more specific than expected but remains consistent with the input question about what constancy was identified through continued exploration.",0.1111111111111111,1.0,0.19999999999999998,0.058823529411764705,1.0,0.1111111111111111,0.1111111111111111,1.0,0.19999999999999998,0.0,0.13333333333333333,
resultados/petrobras-4-0-com-ontologia-embeddingfirst/batch_f4d1f3cd-3f2e-41ca-b5af-611ea21bcf46-completo.csv,graphrag,1464,O que a continuidade do processo de exploração permitiu identificar a constância?,reservatórios,,"A continuidade do processo de exploração permitiu identificar a constância das fácies potencialmente reservatórios, adotando a subdivisão em zonas produtoras diferenciadas proposta por Andrade e Saito.",0.5,"The score is 0.50 because the answer appears to address the topic of the exploração process, but it includes irrelevant information about the adoption of a subdivision into differentiated producing zones by Andrade e Saito, which does not answer what the continuity of the process allowed to identify as constant. So it is partially relevant, but not focused enough to score higher.",,Skipped: empty context.,,Skipped: empty context.,,Skipped: empty context.,0.6,"The expected output is simply ""reservatórios"", while the actual output answers the question with a longer sentence stating ""constância das fácies potencialmente reservatórios"" and adds extra detail about ""subdivisão em zonas produtoras diferenciadas proposta por Andrade e Saito."" Although it includes the key term from the expected output and does not contradict it, it does not match the expected output closely and introduces unsupported information beyond the target answer.",1.0,"The expected output contains the essential element ""reservatórios"". The actual output directly includes this key fact in the phrase ""fácies potencialmente reservatórios"" and correctly answers what the constancy referred to. Although it adds extra detail about ""zonas produtoras diferenciadas"" and ""Andrade e Saito"" that is not required, it does not omit the core expected content.",0.6,"The response uses appropriate geological terminology such as ""fácies"", ""reservatórios"" and ""zonas produtoras"", which aligns with the domain requirement. However, for the input asking what constancy was identified, the expected answer is simply ""reservatórios"", while the actual output changes the meaning to ""constância das fácies potencialmente reservatórios"" and adds unsupported interpretation about ""subdivisão em zonas produtoras diferenciadas proposta por Andrade e Saito"". This introduces extra entities and relations not present in the expected output, reducing semantic alignment despite generally coherent geological language.",0.9,"The actual output is semantically aligned with the expected answer because it states that the continuidade do processo de exploração permitiu identificar a constância das 'fácies potencialmente reservatórios', which preserves the key geological concept of reservatórios. It remains consistent with the domain meaning and does not invert relations, but it is slightly less exact than the expected output because it adds extra detail ('fácies', 'zonas produtoras diferenciadas', 'Andrade e Saito') beyond the concise target answer.",0.06451612903225806,1.0,0.12121212121212122,0.03333333333333333,1.0,0.06451612903225806,0.06451612903225806,1.0,0.12121212121212122,0.0,0.07407407407407407,
resultados/petrobras-4-0-com-ontologia-embeddingfirst/batch_f4d1f3cd-3f2e-41ca-b5af-611ea21bcf46-completo.csv,rag,1468,A que profundidade foram identificadas as rochas-reservatório do Campo de Tubarão?,a partir de -4 540 m,,As rochas-reservatório do Campo de Tubarão foram identificadas a partir de -4.540 m.,1.0,The score is 1.00 because the response directly addresses the asked depth of the rochas-reservatório do Campo de Tubarão with no irrelevant information—great focus and full relevance.,,Skipped: empty context.,,Skipped: empty context.,,Skipped: empty context.,1.0,"The actual output matches the expected meaning exactly: both state that as rochas-reservatório do Campo de Tubarão foram identificadas 'a partir de -4.540 m' / '-4 540 m'. The only difference is numeric formatting and the inclusion of the full sentence, which are harmless stylistic variations under the evaluation steps. There are no factual contradictions or mistakes relative to the expected depth.",1.0,"The actual output fully captures the essential fact requested by the input: the profundidade das rochas-reservatório do Campo de Tubarão. It includes the same key value as the expected output, ""a partir de -4.540 m"", with only a formatting difference from ""-4 540 m"" and added contextual wording, which should not be penalized because all core content is present.",1.0,"The actual output matches the expected depth information precisely, stating ""a partir de -4.540 m"", which is semantically equivalent to ""a partir de -4 540 m"". It uses appropriate geological terminology from the input, specifically ""rochas-reservatório"" and ""Campo de Tubarão"", with no misuse of stratigraphic, lithologic, or reservoir concepts. The relation between the reservoir rocks and their identified depth is correct and domain-appropriate.",1.0,"The actual output is semantically aligned with the expected output: it correctly states the depth as ""a partir de -4.540 m"", matching the expected ""a partir de -4 540 m"" with only formatting differences in the number. It preserves the geological meaning by correctly linking the depth to the identificação das rochas-reservatório do Campo de Tubarão, with no concept confusion, role inversion, or domain misuse.",0.35294117647058826,1.0,0.5217391304347826,0.3125,1.0,0.47619047619047616,0.35294117647058826,1.0,0.5217391304347826,0.0,0.42105263157894735,
resultados/petrobras-4-0-com-ontologia-embeddingfirst/batch_f4d1f3cd-3f2e-41ca-b5af-611ea21bcf46-completo.csv,graphrag,1468,A que profundidade foram identificadas as rochas-reservatório do Campo de Tubarão?,a partir de -4 540 m,,As rochas-reservatório do Campo de Tubarão foram identificadas a uma profundidade de -4.540 metros.,1.0,"The score is 1.00 because the answer is fully relevant to the question, directly addressing the profundidade das rochas-reservatório do Campo de Tubarão with no irrelevant information. Great job keeping it precise and on-topic.",,Skipped: empty context.,,Skipped: empty context.,,Skipped: empty context.,1.0,"The actual output matches the expected meaning exactly for the input about the profundidade das rochas-reservatório do Campo de Tubarão: both state -4.540 metros / -4 540 m. There is no factual contradiction, and the added phrasing ""foram identificadas a uma profundidade de"" is only a harmless wording difference.",1.0,"The actual output correctly captures the essential fact from the expected output: the depth of the rochas-reservatório do Campo de Tubarão is -4.540 metros, which matches ""a partir de -4 540 m"". It includes the key entity (Campo de Tubarão) and the correct depth relation, with only a harmless wording change and unit formatting difference.",1.0,"The response is fully aligned with the expected geological content: it correctly identifies the depth of the rochas-reservatório do Campo de Tubarão as -4.540 metros, which matches the expected 'a partir de -4 540 m' aside from harmless formatting and wording differences. It uses appropriate domain terminology ('rochas-reservatório', 'Campo de Tubarão') and preserves the intended geological relation between reservoir rocks and depth without introducing any incorrect lithologic, stratigraphic, or reservoir concepts.",1.0,"The actual output is semantically aligned with the expected output: it states the reservoir rocks of the Campo de Tubarão were identified at a depth of -4.540 metros, which matches 'a partir de -4 540 m'. It preserves the correct geological entity ('rochas-reservatório'), field ('Campo de Tubarão'), and depth relation, with only a wording/formatting difference and no concept confusion or inverted meaning.",0.2222222222222222,0.6666666666666666,0.3333333333333333,0.11764705882352941,0.4,0.1818181818181818,0.2222222222222222,0.6666666666666666,0.3333333333333333,0.0,0.2,
resultados/petrobras-4-0-com-ontologia-embeddingfirst/batch_f4d1f3cd-3f2e-41ca-b5af-611ea21bcf46-completo.csv,rag,1469,Qual foi a coluna de hidrocarbonetos constatada no Campo de Tubarão?,255 m,,A coluna de hidrocarbonetos constatada no Campo de Tubarão foi de 255 m.,1.0,"The score is 1.00 because the response is fully relevant to the question about a ""coluna de hidrocarbonetos"" no Campo de Tubarão, with no irrelevant statements. Great job staying directly on topic and answering exactly what was asked.",,Skipped: empty context.,,Skipped: empty context.,,Skipped: empty context.,1.0,"The actual output matches the expected value for the input about the coluna de hidrocarbonetos no Campo de Tubarão: it correctly states 255 m. There are no factual contradictions or mistakes; the only difference is added wording around the same answer, which is a harmless stylistic variation.",1.0,"The expected output contains a single essential fact: the hydrocarbon column in Campo de Tubarão was 255 m. The actual output fully includes this value and correctly ties it to the asked entity, 'Campo de Tubarão'. The added sentence structure is concise and does not omit or alter any required information.",1.0,"The actual output matches the expected value exactly in geological content, correctly stating the hydrocarbon column for Campo de Tubarão as 255 m. It uses appropriate domain terminology ('coluna de hidrocarbonetos') and preserves the correct entity-relation from the input without introducing any geological misuse or semantic inconsistency. The only difference is added sentence framing beyond the expected bare value.",1.0,"The actual output matches the expected value semantically and geologically: it identifies the hydrocarbon column in the Campo de Tubarão as 255 m, which is exactly the expected datum. It preserves the correct entity, quantity, and domain meaning without introducing concept confusion, wrong relations, or role inversion. Although more verbose than the expected output, it remains concise and fully aligned with the intended geological semantics.",0.14285714285714285,1.0,0.25,0.07692307692307693,1.0,0.14285714285714288,0.14285714285714285,1.0,0.25,0.0,0.2666666666666667,
resultados/petrobras-4-0-com-ontologia-embeddingfirst/batch_f4d1f3cd-3f2e-41ca-b5af-611ea21bcf46-completo.csv,graphrag,1469,Qual foi a coluna de hidrocarbonetos constatada no Campo de Tubarão?,255 m,,A coluna de hidrocarbonetos constatada no Campo de Tubarão foi de 255 m.,1.0,"The score is 1.00 because the answer is fully relevant to the question, directly addressing the coluna de hidrocarbonetos constatada no Campo de Tubarão with no irrelevant information. Great job staying precise and on-topic.",,Skipped: empty context.,,Skipped: empty context.,,Skipped: empty context.,1.0,"The actual output matches the expected value for the input about the coluna de hidrocarbonetos no Campo de Tubarão: it correctly states ""255 m"". There are no factual contradictions or mistakes; the only difference is harmless extra wording around the same answer.",1.0,"The expected output contains a single essential fact: the hydrocarbon column in Campo de Tubarão is 255 m. The actual output states exactly that value and correctly ties it to the Campo de Tubarão, adding only minimal contextual wording without omitting or altering any required information.",1.0,"The actual output matches the expected value exactly in geological content, correctly identifying the hydrocarbon column in Campo de Tubarão as 255 m. It uses appropriate domain terminology ('coluna de hidrocarbonetos', 'Campo') without introducing incorrect lithologic, stratigraphic, facies, or reservoir concepts, and remains semantically coherent with the input.",1.0,"The actual output semantically matches the expected output for the question about the hydrocarbon column in Campo de Tubarão. It preserves the correct geological entity and measurement, stating that the coluna de hidrocarbonetos was 255 m, which is exactly the expected value. The added sentence structure does not change the meaning, and there is no concept confusion, role inversion, or misuse of geological terminology.",0.14285714285714285,1.0,0.25,0.07692307692307693,1.0,0.14285714285714288,0.14285714285714285,1.0,0.25,0.0,0.2666666666666667,
resultados/petrobras-4-0-com-ontologia-embeddingfirst/batch_f4d1f3cd-3f2e-41ca-b5af-611ea21bcf46-completo.csv,rag,1471,"Quais códigos foram utilizados para os reservatórios da porção superior, média e inferior da acumulação no Campo de Tubarão?","B1, B2 e B3",,"Os códigos utilizados para os reservatórios da porção superior, média e inferior da acumulação no Campo de Tubarão foram, respectivamente, B1, B2 e B3.",1.0,"The score is 1.00 because the response is fully relevant to the question, directly addressing the códigos dos reservatórios da porção superior, média e inferior da acumulação no Campo de Tubarão with no irrelevant statements. Great job staying precise and on topic.",,Skipped: empty context.,,Skipped: empty context.,,Skipped: empty context.,1.0,"The actual output matches the expected content exactly in meaning for the input about the códigos dos reservatórios da porção superior, média e inferior no Campo de Tubarão: it correctly gives B1, B2 e B3 in the same order. The extra sentence framing is only a stylistic difference and does not introduce any factual contradiction or mistake.",1.0,"The actual output fully covers the essential facts from the expected output for the Campo de Tubarão question: it identifies the three reservoir codes for the porção superior, média e inferior as B1, B2 e B3, in the correct respective order. Although more verbose than the expected output, it adds no conflicting information and omits nothing important.",1.0,"The actual output matches the expected codes exactly in content, correctly identifying the reservatórios da porção superior, média e inferior no Campo de Tubarão as B1, B2 e B3. It uses appropriate geological domain language ('reservatórios', 'acumulação', 'Campo') without introducing incorrect lithologies, facies, stratigraphic terms, or reservoir relations.",1.0,"The actual output is semantically identical to the expected output: it correctly maps the reservatórios da porção superior, média e inferior no Campo de Tubarão to B1, B2 e B3, respectively. It preserves the relevant geological entities and ordering without introducing concept confusion, inverted relations, or domain misuse; the added sentence framing remains concise and fully aligned.",0.13333333333333333,1.0,0.23529411764705882,0.10344827586206896,1.0,0.1875,0.13333333333333333,1.0,0.23529411764705882,0.0,0.2857142857142857,
resultados/petrobras-4-0-com-ontologia-embeddingfirst/batch_f4d1f3cd-3f2e-41ca-b5af-611ea21bcf46-completo.csv,graphrag,1471,"Quais códigos foram utilizados para os reservatórios da porção superior, média e inferior da acumulação no Campo de Tubarão?","B1, B2 e B3",,"Os códigos utilizados para os reservatórios da porção superior, média e inferior da acumulação no Campo de Tubarão são B1, B2 e B3, respectivamente.",1.0,"The score is 1.00 because the response stayed fully focused on identifying the códigos dos reservatórios da porção superior, média e inferior da acumulação no Campo de Tubarão, with no irrelevant statements. Great job keeping it precise and directly aligned with the question.",,Skipped: empty context.,,Skipped: empty context.,,Skipped: empty context.,1.0,"The actual output matches the expected content for the input about the reservatórios da porção superior, média e inferior no Campo de Tubarão: it correctly gives B1, B2 e B3 in the right order. The added phrasing ('são' and 'respectivamente') is only stylistic and does not introduce any factual contradiction or mistake.",1.0,"The actual output fully covers the essential facts from the expected output for the Campo de Tubarão question: it correctly provides the three reservoir codes B1, B2 e B3 and maps them to porção superior, média e inferior, respectively. It adds brief contextual wording, but no important information is missing and the core expected content is completely present.",1.0,"The actual output matches the expected codes exactly in substance, correctly identifying the reservatórios da porção superior, média e inferior do Campo de Tubarão as B1, B2 e B3, respectively. It uses appropriate geological/reservoir terminology ('reservatórios', 'acumulação', 'Campo') without introducing incorrect lithologies, facies, stratigraphic terms, or domain relations, and remains semantically coherent with the input.",1.0,"The actual output matches the expected geological content exactly: it identifies the reservoir codes for the porção superior, média e inferior da acumulação no Campo de Tubarão as B1, B2 e B3, preserving the correct entities and ordering through 'respectivamente'. It is more verbose than the expected output, but there is no concept confusion, relation inversion, or domain misuse.",0.12903225806451613,1.0,0.2285714285714286,0.1,1.0,0.18181818181818182,0.12903225806451613,1.0,0.2285714285714286,0.0,0.2857142857142857,
resultados/petrobras-4-0-com-ontologia-embeddingfirst/batch_f4d1f3cd-3f2e-41ca-b5af-611ea21bcf46-completo.csv,rag,1473,Em que profundidade foi identificada a seqüência carbonática Guarujá Inferior?,-4 540 m,,A sequência carbonática Guarujá Inferior foi identificada a partir de -4.540 m de profundidade.,1.0,"The score is 1.00 because the response appears fully relevant to the question about the depth at which the seqüência carbonática Guarujá Inferior was identified, with no irrelevant statements reducing its relevancy. Great job staying focused and on topic.",,Skipped: empty context.,,Skipped: empty context.,,Skipped: empty context.,1.0,"The actual output matches the expected depth information for the input question about the profundidade da seqüência carbonática Guarujá Inferior: it states ""a partir de -4.540 m"", which corresponds to the expected ""-4 540 m"". There are no factual contradictions, and the extra wording is a harmless stylistic difference rather than a mistake.",1.0,"The expected output contains a single essential fact: the depth at which a seqüência carbonática Guarujá Inferior was identified, namely -4 540 m. The actual output fully preserves this key entity-relation pair and gives the same value in a complete sentence ('a partir de -4.540 m de profundidade'). The wording is more verbose and uses different number formatting, but no important information is missing.",1.0,"The actual output correctly identifies the geological entity ""sequência carbonática Guarujá Inferior"" and uses appropriate domain terminology and depth notation. It matches the expected depth value of -4.540 m, which is semantically equivalent to ""-4 540 m"" despite formatting differences. There is no misuse of stratigraphic or geological concepts, though the response is slightly more verbose than the expected minimal answer.",1.0,"The actual output is semantically aligned with the expected depth value from the test case: it identifies the 'seqüência carbonática Guarujá Inferior' at '-4.540 m', which matches the expected '-4 540 m' despite formatting differences. It preserves the correct geological entity and depth relation, with no concept confusion, inverted meaning, or misuse of domain-specific terms. The added phrasing 'foi identificada a partir de' remains consistent with the intended semantics.",0.17647058823529413,1.0,0.3,0.125,1.0,0.2222222222222222,0.17647058823529413,1.0,0.3,0.0,0.11764705882352941,
resultados/petrobras-4-0-com-ontologia-embeddingfirst/batch_f4d1f3cd-3f2e-41ca-b5af-611ea21bcf46-completo.csv,graphrag,1473,Em que profundidade foi identificada a seqüência carbonática Guarujá Inferior?,-4 540 m,,A sequência carbonática Guarujá Inferior foi identificada a partir de -4.540 metros.,1.0,"The score is 1.00 because the answer stayed fully focused on the question about the depth at which the seqüência carbonática Guarujá Inferior was identified, with no irrelevant statements. Great job keeping it precise and directly relevant.",,Skipped: empty context.,,Skipped: empty context.,,Skipped: empty context.,1.0,"The actual output matches the expected depth value for the input about the seqüência carbonática Guarujá Inferior: it states ""a partir de -4.540 metros,"" which corresponds to the expected ""-4 540 m."" There is no factual contradiction; the only differences are harmless formatting and wording (full sentence, punctuation, and unit written out).",1.0,"The expected output contains a single essential fact: the depth ""-4 540 m"" for the seqüência carbonática Guarujá Inferior. The actual output correctly identifies the same entity and gives the equivalent depth as ""-4.540 metros"". It fully covers the required information, with only a formatting difference and added wording that do not affect correctness.",0.9,"The response correctly identifies the geological entity ""sequência carbonática Guarujá Inferior"" and gives the same depth as the expected output, expressed as -4.540 metros versus -4 540 m. It uses appropriate geological wording for the input and remains semantically coherent. The only minor shortcoming is formatting: it adds a full sentence and unit wording instead of matching the concise numeric form exactly.",1.0,"The actual output semantically matches the expected depth value for the input asking 'Em que profundidade'. It correctly identifies the entity 'seqüência carbonática Guarujá Inferior' and gives the same geological measurement as the expected output, using equivalent formatting ('-4.540 metros' vs '-4 540 m'). There is no concept confusion, role inversion, or domain misuse, and the added phrasing 'foi identificada a partir de' preserves the intended meaning.",0.13333333333333333,0.6666666666666666,0.2222222222222222,0.07142857142857142,0.5,0.125,0.13333333333333333,0.6666666666666666,0.2222222222222222,0.0,0.0,
resultados/petrobras-4-0-com-ontologia-embeddingfirst/batch_f4d1f3cd-3f2e-41ca-b5af-611ea21bcf46-completo.csv,rag,1474,Qual é a extensão da coluna de hidrocarbonetos encontrada no Campo de Tubarão?,255 m,,A extensão da coluna de hidrocarbonetos encontrada no Campo de Tubarão é de 255 metros.,1.0,"The score is 1.00 because the answer appears fully relevant to the question about a extensão da coluna de hidrocarbonetos no Campo de Tubarão, with no irrelevant statements identified. Great job staying directly on topic.",,Skipped: empty context.,,Skipped: empty context.,,Skipped: empty context.,1.0,"The actual output matches the expected value from the test case: it states that the extensão da coluna de hidrocarbonetos no Campo de Tubarão é 255 metros, which is equivalent in meaning to the expected output '255 m'. There are no factual contradictions, and the only difference is harmless wording and unit formatting.",1.0,"The essential fact in the expected output is the value of the extensão da coluna de hidrocarbonetos no Campo de Tubarão: 255 m. The actual output correctly includes this exact quantity as '255 metros', preserving the entity and relation requested. It is more verbose than the expected output, but no important information is missing, so it aligns fully with the evaluation steps.",1.0,"The response matches the expected geological fact exactly: it states the hydrocarbon column extent for Campo de Tubarão as 255 metros, which is equivalent to the expected 255 m. It uses appropriate domain terminology such as ""coluna de hidrocarbonetos"" and ""Campo de Tubarão"" without introducing incorrect lithologic, stratigraphic, facies, or reservoir concepts. The only minor difference is formatting and added sentence structure versus the concise expected value.",1.0,"The actual output is semantically equivalent to the expected output: it correctly states that the extensão da coluna de hidrocarbonetos no Campo de Tubarão é 255 metros, which matches ""255 m"". It preserves the key geological entity (Campo de Tubarão) and measurement concept without introducing any confusion, wrong relation, or domain misuse. The added wording is concise and does not alter the intended geological meaning.",0.0625,0.5,0.1111111111111111,0.0,0.0,0.0,0.0625,0.5,0.1111111111111111,0.0,0.11764705882352941,
resultados/petrobras-4-0-com-ontologia-embeddingfirst/batch_f4d1f3cd-3f2e-41ca-b5af-611ea21bcf46-completo.csv,graphrag,1474,Qual é a extensão da coluna de hidrocarbonetos encontrada no Campo de Tubarão?,255 m,,A coluna de hidrocarbonetos encontrada no Campo de Tubarão tem 255 metros de extensão.,1.0,The score is 1.00 because the response directly answers the question about a extensão da coluna de hidrocarbonetos no Campo de Tubarão with no irrelevant information. Great job staying fully on topic and precise.,,Skipped: empty context.,,Skipped: empty context.,,Skipped: empty context.,1.0,"The actual output matches the expected value from the input question about the extensão da coluna de hidrocarbonetos no Campo de Tubarão: it states 255 metros, which is equivalent to the expected output ""255 m"". There are no factual contradictions or mistakes; the only difference is harmless wording and unit formatting.",1.0,"The actual output correctly includes the essential fact from the expected output: the extensão da coluna de hidrocarbonetos no Campo de Tubarão is 255 m. It preserves the key entity and relation from the input and expected output, with only a wording difference ('255 metros de extensão' instead of '255 m'), which should not be penalized because the required content is fully covered.",1.0,"The response is fully aligned with the expected geological content: it correctly identifies the hydrocarbon column in Campo de Tubarão as 255 metros, matching the expected output of 255 m. It uses appropriate domain terminology such as ""coluna de hidrocarbonetos"" and ""Campo de Tubarão"" without introducing incorrect lithologic, stratigraphic, facies, or reservoir interpretations. The only difference is unit formatting and added natural-language phrasing, which does not affect semantic accuracy.",1.0,"The actual output semantically matches the expected output for the input about the extensão da coluna de hidrocarbonetos no Campo de Tubarão. It correctly identifies the value as 255 metros, which aligns with the expected concise form ""255 m"". The geological entity and relation are preserved without concept confusion, inversion, or misuse of domain-specific meaning.",0.0625,0.5,0.1111111111111111,0.0,0.0,0.0,0.0625,0.5,0.1111111111111111,0.0,0.125,
resultados/petrobras-4-0-com-ontologia-embeddingfirst/batch_f4d1f3cd-3f2e-41ca-b5af-611ea21bcf46-completo.csv,rag,1475,Quais são os valores preditivos de porosidade para as rochas-reservatório do Campo de Tubarão?,em torno de 7%,,Os valores preditivos de porosidade para as rochas-reservatório do Campo de Tubarão deveriam situar-se em torno de 7%.,1.0,"The score is 1.00 because the response appears fully focused on the question about the predictive porosity values for the rochas-reservatório do Campo de Tubarão, with no irrelevant statements identified. Great job staying directly on topic.",,Skipped: empty context.,,Skipped: empty context.,,Skipped: empty context.,1.0,"The actual output matches the expected content for the input about porosidade no Campo de Tubarão: it correctly states ""em torno de 7%"". The added phrasing (""Os valores preditivos... deveriam situar-se"") is only stylistic and does not change the meaning. There are no factual contradictions or mistakes relative to the expected output.",1.0,"The actual output captures the essential fact from the expected output: the predicted porosity value for the rochas-reservatório do Campo de Tubarão is ""em torno de 7%"". It preserves the key entity (Campo de Tubarão) and the correct numeric estimate, adding only harmless context without omitting any required information.",1.0,"The actual output aligns strongly with the expected value by correctly stating porosity predictions for the rochas-reservatório do Campo de Tubarão as ""em torno de 7%"". It uses appropriate geological terminology such as ""porosidade"" and ""rochas-reservatório"" without introducing incorrect lithologic, stratigraphic, facies, or reservoir concepts. The response is semantically coherent and matches the expected interpretation, with only minor extra wording beyond the target phrase.",1.0,"The actual output is semantically aligned with the expected answer because it correctly identifies the predictive porosity value for the rochas-reservatório do Campo de Tubarão as ""em torno de 7%"". It preserves the key geological concept (porosidade preditiva) and entity (Campo de Tubarão) without introducing relation errors or domain confusion. The added phrasing is slightly more verbose and uses ""deveriam situar-se"", but this does not change the intended meaning.",0.18181818181818182,1.0,0.3076923076923077,0.14285714285714285,1.0,0.25,0.18181818181818182,1.0,0.3076923076923077,0.0,0.3636363636363636,
resultados/petrobras-4-0-com-ontologia-embeddingfirst/batch_f4d1f3cd-3f2e-41ca-b5af-611ea21bcf46-completo.csv,graphrag,1475,Quais são os valores preditivos de porosidade para as rochas-reservatório do Campo de Tubarão?,em torno de 7%,,"Os valores preditivos de porosidade para as rochas-reservatório do Campo de Tubarão deveriam situar-se em torno de 7%, mas variam de 12% a 24%.",1.0,"The score is 1.00 because the response appears fully relevant to the question about os valores preditivos de porosidade para as rochas-reservatório do Campo de Tubarão, with no irrelevant statements identified. Great job staying focused and on-topic.",,Skipped: empty context.,,Skipped: empty context.,,Skipped: empty context.,0.3,"The expected output for the pergunta sobre os valores preditivos de porosidade no Campo de Tubarão is only ""em torno de 7%"". Although the actual output includes that correct detail, it adds a contradictory range of ""12% a 24%"", which conflicts with the expected answer. Under the evaluation steps, this factual contradiction should be penalized heavily, despite partial overlap with the correct value.",0.3,"The expected output requires the key fact that the porosity predictive value for the rochas-reservatório do Campo de Tubarão is ""em torno de 7%"". The actual output does include this essential value, which is a strength, but it also adds conflicting information by stating the values ""variam de 12% a 24%"", which is not supported by the expected output and changes the meaning. Because the core answer is present but diluted by contradictory details, alignment is limited.",0.5,"The response uses appropriate geological language such as ""porosidade"" and ""rochas-reservatório,"" but it only partially aligns with the expected interpretation. The expected output is specifically ""em torno de 7%"", while the actual output introduces a contradictory range of ""12% a 24%"" after stating 7%, which weakens semantic coherence and adds unsupported reservoir-property values not present in the expected answer.",0.5,"The response includes the expected key value ""em torno de 7%"", so it is partially semantically aligned with the requested porosity prediction for the Campo de Tubarão. However, it adds conflicting information by saying the values ""variam de 12% a 24%"", which changes the geological meaning from a single predictive value to a broader range and introduces inconsistency with the expected output.",0.14285714285714285,1.0,0.25,0.1111111111111111,1.0,0.19999999999999998,0.14285714285714285,1.0,0.25,0.0,0.2857142857142857,
resultados/petrobras-4-0-com-ontologia-embeddingfirst/batch_f4d1f3cd-3f2e-41ca-b5af-611ea21bcf46-completo.csv,rag,1476,Como os reservatórios do Campo de Tubarão foram subdivididos?,"Utilizaram-se os códigos B1, B2 e B3,",,"Os reservatórios do Campo de Tubarão foram subdivididos em zonas produtoras diferenciadas, usando os códigos B1 para a porção superior, B2 para a média, e B3 para a inferior da acumulação.",1.0,"The score is 1.00 because the answer is fully relevant to the question and stays focused on how os reservatórios do Campo de Tubarão foram subdivididos, with no irrelevant statements. Great job keeping the response precise and on topic.",,Skipped: empty context.,,Skipped: empty context.,,Skipped: empty context.,0.9,"The actual output matches the expected core content by stating that the reservatórios do Campo de Tubarão were subdivided using the codes B1, B2 and B3, which is exactly the key detail required by the input and expected output. It adds extra description about superior, média and inferior portions, but this does not contradict the expected answer, so the alignment is strong with only minor added wording beyond the minimal expected response.",1.0,"The actual output fully covers the essential expected content by stating that the reservatórios do Campo de Tubarão were subdivididos using the códigos B1, B2 e B3. It also adds contextual detail about superior, média e inferior porções, which is consistent with the input and does not omit any key element from the expected output.",1.0,"The response matches the expected subdivision using the codes B1, B2 e B3 and stays semantically coherent with the reservoir context in the question about o Campo de Tubarão. It uses appropriate geological/reservoir terminology such as ""reservatórios"" and ""zonas produtoras"" without introducing incorrect lithologies, facies, stratigraphic terms, or domain relations. The added detail about superior, média e inferior portions is plausible and does not conflict with the expected output.",1.0,"The actual output is semantically aligned with the expected output: it correctly states that the reservatórios do Campo de Tubarão were subdivided using the codes B1, B2 e B3. It preserves the key geological entities and classification relation from the test case, and the added detail about superior, média e inferior portions does not conflict with the expected meaning.",0.1891891891891892,0.7777777777777778,0.30434782608695654,0.1111111111111111,0.5,0.1818181818181818,0.1891891891891892,0.7777777777777778,0.30434782608695654,0.0,0.3157894736842105,
resultados/petrobras-4-0-com-ontologia-embeddingfirst/batch_f4d1f3cd-3f2e-41ca-b5af-611ea21bcf46-completo.csv,graphrag,1476,Como os reservatórios do Campo de Tubarão foram subdivididos?,"Utilizaram-se os códigos B1, B2 e B3,",,"Os reservatórios do Campo de Tubarão foram subdivididos em zonas produtoras diferenciadas, utilizando os códigos B1, B2 e B3 para os reservatórios da porção superior, média e inferior da acumulação.",1.0,"The score is 1.00 because the response stayed fully focused on how the reservatórios do Campo de Tubarão foram subdivididos, with no irrelevant statements. Great job keeping it precise and completely aligned with the question.",,Skipped: empty context.,,Skipped: empty context.,,Skipped: empty context.,1.0,"The actual output matches the expected content for the input about how the reservatórios do Campo de Tubarão were subdivididos: it correctly states the use of codes B1, B2 e B3. The added detail about porção superior, média e inferior is not contradicted by the expected output and is a harmless elaboration rather than a factual mistake.",1.0,"The actual output fully covers the essential expected content by stating that the reservatórios do Campo de Tubarão were subdivided using the codes B1, B2 e B3. It also adds context about porção superior, média e inferior da acumulação, which is consistent with the input question and does not conflict with the expected output. There are no important omissions.",0.9,"The response aligns well with the expected subdivision using the codes B1, B2 e B3 and uses appropriate reservoir terminology such as ""reservatórios"" and ""zonas produtoras"". It remains geologically coherent and semantically precise for the question about how the Campo de Tubarão reservoirs were subdivided. A small deduction is warranted because ""porção superior, média e inferior da acumulação"" adds stratified detail not present in the expected output, so it is slightly more interpretive than the reference.",1.0,"The actual output is semantically aligned with the expected output because it correctly states that the reservatórios do Campo de Tubarão were subdivided using the codes B1, B2 e B3. It preserves the key geological entities and classification relation from the test case, and the added detail about porção superior, média e inferior remains consistent rather than introducing concept confusion or inverted roles.",0.1891891891891892,0.7777777777777778,0.30434782608695654,0.16666666666666666,0.75,0.27272727272727276,0.1891891891891892,0.7777777777777778,0.30434782608695654,0.0,0.32432432432432434,
resultados/petrobras-4-0-com-ontologia-embeddingfirst/batch_f4d1f3cd-3f2e-41ca-b5af-611ea21bcf46-completo.csv,rag,1477,Qual é o termo usado para descrever a geologia das seqüências fanerozóicas ocorrentes dentro das fronteiras da Bacia do São Francisco?,Bacia Sanfranciscana,,"O termo usado para descrever a geologia das seqüências fanerozóicas da Bacia do São Francisco é ""Bacia Sanfranciscana"".",1.0,"The score is 1.00 because the answer is fully relevant to the question, directly addressing the term used for the geologia das seqüências fanerozóicas dentro das fronteiras da Bacia do São Francisco, with no irrelevant statements. Great job keeping it precise and on-topic.",,Skipped: empty context.,,Skipped: empty context.,,Skipped: empty context.,1.0,"The actual output matches the expected term for the input about the geologia das seqüências fanerozóicas dentro da Bacia do São Francisco: it correctly gives ""Bacia Sanfranciscana"". The extra phrasing around the term is only stylistic and does not change the meaning, and there are no factual contradictions or mistakes relative to the expected output.",1.0,"The actual output correctly identifies the expected term, ""Bacia Sanfranciscana"", for the geologia das seqüências fanerozóicas dentro da Bacia do São Francisco. It includes the essential entity and relation asked by the input, with only minor extra wording that does not detract from alignment.",1.0,"The response matches the expected geological term exactly in substance: it identifies ""Bacia Sanfranciscana"" as the name for the fanerozóicas sequences within the Bacia do São Francisco. It uses appropriate domain terminology (""geologia"", ""seqüências fanerozóicas"", ""Bacia do São Francisco"") and does not introduce any incorrect lithologic, stratigraphic, or reservoir concepts. The only difference is added explanatory wording, which does not change the geological meaning.",1.0,"The actual output matches the expected geological term exactly in meaning: it identifies ""Bacia Sanfranciscana"" as the name for the geologia das seqüências fanerozóicas within the Bacia do São Francisco. It preserves the correct entity and domain concept, with no inverted relation or semantic confusion. Although more verbose than the expected output, the added wording remains aligned with the input and does not alter the intended geological semantics.",0.1,1.0,0.18181818181818182,0.05263157894736842,1.0,0.1,0.1,1.0,0.18181818181818182,0.0,0.19999999999999998,
resultados/petrobras-4-0-com-ontologia-embeddingfirst/batch_f4d1f3cd-3f2e-41ca-b5af-611ea21bcf46-completo.csv,graphrag,1477,Qual é o termo usado para descrever a geologia das seqüências fanerozóicas ocorrentes dentro das fronteiras da Bacia do São Francisco?,Bacia Sanfranciscana,,"The term used to describe the geology of the Phanerozoic sequences occurring within the boundaries of the Bacia do São Francisco is ""Bacia Sanfranciscana.",1.0,"The score is 1.00 because the answer is fully relevant to the question and directly addresses the term used for the geologia das seqüências fanerozóicas dentro das fronteiras da Bacia do São Francisco, with no irrelevant statements. Great job staying focused and precise.",,Skipped: empty context.,,Skipped: empty context.,,Skipped: empty context.,0.8,"The actual output matches the expected term for the input about the geologia das seqüências fanerozóicas na Bacia do São Francisco: it correctly gives ""Bacia Sanfranciscana"". The main issue is minor formatting and wording around the answer, including an extra English sentence and an unmatched quote, but there is no factual contradiction with the expected output.",1.0,"The response includes the essential expected term, ""Bacia Sanfranciscana"", correctly identifying the geology of the Phanerozoic sequences within the Bacia do São Francisco. It adds extra English framing and uses ""Phanerozoic"" instead of the Portuguese phrasing, but these do not omit or alter the key requested content from the test case.",0.9,"The response is strongly aligned with the expected geological term, correctly identifying ""Bacia Sanfranciscana"" for the Phanerozoic sequences within the Bacia do São Francisco. It uses appropriate domain language (Phanerozoic sequences, basin boundaries) and preserves the key geological entity from the expected output. Minor shortcomings are the translation to English and a formatting issue with the unmatched quotation mark, but there is no substantive misuse of geological concepts or relations.",1.0,"The actual output is semantically aligned with the expected output: it correctly identifies the term for the geologia das seqüências fanerozóicas dentro da Bacia do São Francisco as ""Bacia Sanfranciscana"". It preserves the key geological entity and relation requested in the input, with no concept confusion or role inversion. The response is slightly more verbose and in English, but it does not alter the intended geological meaning.",0.08,1.0,0.14814814814814814,0.041666666666666664,1.0,0.07999999999999999,0.08,1.0,0.14814814814814814,0.0,0.15384615384615385,
resultados/petrobras-4-0-com-ontologia-embeddingfirst/batch_f4d1f3cd-3f2e-41ca-b5af-611ea21bcf46-completo.csv,rag,1479,Quantas unidades cretácicas formam chapadas e tabuleiros na Bacia do São Francisco?,Três,,Três unidades cretácicas formam chapadas e tabuleiros na Bacia do São Francisco.,1.0,"The score is 1.00 because the answer is fully relevant to the question and stays focused on identifying quantas unidades cretácicas formam chapadas e tabuleiros na Bacia do São Francisco, with no irrelevant statements. Great job keeping it precise and on-topic.",,Skipped: empty context.,,Skipped: empty context.,,Skipped: empty context.,1.0,"The actual output matches the expected answer in meaning for the question about quantas unidades cretácicas formam chapadas e tabuleiros na Bacia do São Francisco: it correctly gives ""Três"" and only adds contextual wording from the input. There are no factual contradictions or mistakes, and the extra phrasing is a harmless stylistic difference.",1.0,"The actual output correctly provides the essential fact from the expected output: the quantity is ""Três"". It stays aligned with the input about ""unidades cretácicas"" and ""chapadas e tabuleiros na Bacia do São Francisco,"" adding only contextual wording without changing meaning. Since all key content is covered and concise expansion should not be penalized, the response strongly matches the expected output.",1.0,"The actual output correctly matches the expected answer by identifying that there are três unidades cretácicas. It uses appropriate geological terminology from the question, including ""unidades cretácicas"", ""chapadas e tabuleiros"", and ""Bacia do São Francisco"", with no misuse of stratigraphic or geological concepts. The response is precise, semantically coherent, and fully aligned with the requested geological content.",1.0,"The actual output semantically matches the expected output for the question about how many unidades cretácicas formam chapadas e tabuleiros na Bacia do São Francisco. It preserves the key geological entities and relation from the input and correctly states 'Três unidades cretácicas', which aligns exactly with the expected quantity 'Três'. The added wording is concise and does not alter the intended geological meaning.",0.13333333333333333,1.0,0.23529411764705882,0.07142857142857142,1.0,0.13333333333333333,0.13333333333333333,1.0,0.23529411764705882,0.0,0.15384615384615385,
resultados/petrobras-4-0-com-ontologia-embeddingfirst/batch_f4d1f3cd-3f2e-41ca-b5af-611ea21bcf46-completo.csv,graphrag,1479,Quantas unidades cretácicas formam chapadas e tabuleiros na Bacia do São Francisco?,Três,,Três unidades cretácicas formam chapadas e tabuleiros na Bacia do São Francisco.,1.0,"The score is 1.00 because the answer fully addresses the question about quantas unidades cretácicas formam chapadas e tabuleiros na Bacia do São Francisco, with no irrelevant statements. Great job staying completely on topic.",,Skipped: empty context.,,Skipped: empty context.,,Skipped: empty context.,1.0,"The actual output matches the expected content for the input asking how many unidades cretácicas formam chapadas e tabuleiros na Bacia do São Francisco: it correctly gives ""Três"" and adds only harmless context (""unidades cretácicas... na Bacia do São Francisco""). There is no factual contradiction or mistake relative to the expected output.",1.0,"The expected output contains a single essential fact: the quantity is ""Três"" for the number of unidades cretácicas que formam chapadas e tabuleiros na Bacia do São Francisco. The actual output preserves that key fact exactly and correctly ties it to the entities in the input, adding only harmless context. It fully covers the expected content with no important omissions.",1.0,"The actual output matches the expected answer exactly in meaning by stating that three Cretaceous units form chapadas e tabuleiros na Bacia do São Francisco. It uses appropriate geological terminology from the input, including 'unidades cretácicas', 'chapadas', 'tabuleiros' and the basin name, with no misuse of stratigraphic or geological concepts. The response is precise, semantically coherent, and fully aligned with the expected output 'Três'.",1.0,"The actual output semantically matches the expected output for the question about how many unidades cretácicas formam chapadas e tabuleiros na Bacia do São Francisco. It correctly preserves the key quantity, ""Três"", and adds relevant geological context from the input without changing the meaning, entities, or relations. There is no concept confusion or inversion, and the concise phrasing remains fully aligned with the expected geological semantics.",0.13333333333333333,1.0,0.23529411764705882,0.07142857142857142,1.0,0.13333333333333333,0.13333333333333333,1.0,0.23529411764705882,0.0,0.15384615384615385,
resultados/petrobras-4-0-com-ontologia-embeddingfirst/batch_f4d1f3cd-3f2e-41ca-b5af-611ea21bcf46-completo.csv,rag,1482,Qual é o termo usado para descrever o registro geológico fanerozóico da Bacia do São Francisco?,Bacia Sanfranciscana,,"O termo usado é ""Bacia Sanfranciscana"".",1.0,The score is 1.00 because the answer is fully relevant to the question and contains no irrelevant statements—great job staying completely on topic.,,Skipped: empty context.,,Skipped: empty context.,,Skipped: empty context.,1.0,"The actual output matches the expected term for the input asking about the registro geológico fanerozóico da Bacia do São Francisco: it correctly gives ""Bacia Sanfranciscana"". The only difference is extra framing text (""O termo usado é""), which is a harmless wording variation and not a factual contradiction.",1.0,"The actual output correctly identifies the expected term, ""Bacia Sanfranciscana"", for the registro geológico fanerozóico da Bacia do São Francisco. It includes all essential content from the expected output, with only extra framing words (""O termo usado é"") that do not change meaning.",1.0,"The actual output matches the expected geological term, correctly identifying the registro geológico fanerozóico da Bacia do São Francisco as ""Bacia Sanfranciscana"". It uses appropriate domain terminology, preserves the intended geological entity, and adds only a minimal framing phrase without altering the meaning or introducing any misuse of stratigraphic or reservoir concepts.",1.0,"The actual output matches the expected geological term exactly in meaning for the input asking about the registro geológico fanerozóico da Bacia do São Francisco. It correctly identifies the entity as ""Bacia Sanfranciscana"" without introducing concept confusion, wrong relations, or domain misuse; the added phrase ""O termo usado é"" is harmless and preserves the intended semantics.",0.4,1.0,0.5714285714285715,0.25,1.0,0.4,0.4,1.0,0.5714285714285715,0.0,0.5,
resultados/petrobras-4-0-com-ontologia-embeddingfirst/batch_f4d1f3cd-3f2e-41ca-b5af-611ea21bcf46-completo.csv,graphrag,1482,Qual é o termo usado para descrever o registro geológico fanerozóico da Bacia do São Francisco?,Bacia Sanfranciscana,,"O termo usado para descrever o registro geológico fanerozóico da Bacia do São Francisco é ""Bacia Sanfranciscana"".",1.0,"The score is 1.00 because the answer is fully relevant to the question, directly addressing the termo usado para descrever o registro geológico fanerozóico da Bacia do São Francisco with no irrelevant statements. Great job keeping the response precise and on-topic.",,Skipped: empty context.,,Skipped: empty context.,,Skipped: empty context.,1.0,"The actual output matches the expected term, correctly identifying ""Bacia Sanfranciscana"" for the registro geológico fanerozóico da Bacia do São Francisco. The only difference is extra explanatory wording around the term, which is a harmless stylistic variation and does not introduce any factual contradiction or mistake.",1.0,"The actual output correctly identifies the expected term, ""Bacia Sanfranciscana"", which is the essential fact requested for the input asking about the registro geológico fanerozóico da Bacia do São Francisco. It includes extra wording, but no important information is omitted and the core entity matches the expected output exactly.",1.0,"The actual output matches the expected geological term exactly in substance: it identifies the fanerozóico record of the Bacia do São Francisco as ""Bacia Sanfranciscana"". It uses appropriate domain terminology (registro geológico fanerozóico, Bacia do São Francisco) and presents a semantically coherent relation without misuse of lithologic, stratigraphic, or reservoir concepts. The only difference is added explanatory phrasing, which does not affect correctness.",1.0,"The actual output semantically matches the expected output for the input asking for the term describing the registro geológico fanerozóico da Bacia do São Francisco. It correctly identifies the geological entity as ""Bacia Sanfranciscana"" and preserves the intended domain meaning without introducing concept confusion, wrong relations, or misuse of geological terminology. The extra framing text is acceptable because the key answer matches exactly.",0.10526315789473684,1.0,0.1904761904761905,0.05555555555555555,1.0,0.10526315789473684,0.10526315789473684,1.0,0.1904761904761905,0.0,0.21052631578947367,
resultados/petrobras-4-0-com-ontologia-embeddingfirst/batch_f4d1f3cd-3f2e-41ca-b5af-611ea21bcf46-completo.csv,rag,1485,Qual é a única seqüência erosional paleozóica que existe em toda a bacia?,O Grupo Santa Fé,,O Grupo Santa Fé é a única sequência erosional paleozóica que existe em toda a bacia.,1.0,"The score is 1.00 because the answer appears fully relevant to the question and does not include irrelevant statements. It stays focused on identifying the única seqüência erosional paleozóica na bacia, which is excellent.",,Skipped: empty context.,,Skipped: empty context.,,Skipped: empty context.,1.0,"The actual output matches the expected content for the input by correctly identifying ""O Grupo Santa Fé"" as the única seqüência erosional paleozóica em toda a bacia. The extra wording (""é a única sequência erosional paleozóica que existe em toda a bacia"") is a harmless stylistic expansion and does not introduce any factual contradiction or mistake relative to the expected output.",1.0,"The actual output fully covers the essential expected content: it correctly identifies ""O Grupo Santa Fé"" as the unique Paleozóico erosional sequence present throughout the basin. The added phrase ""é a única sequência erosional paleozóica que existe em toda a bacia"" is consistent with the question and does not omit or alter any key fact from the expected output.",1.0,"The actual output matches the expected geological entity exactly by identifying ""O Grupo Santa Fé"" as the única seqüência erosional paleozóica em toda a bacia. It uses appropriate geological terminology (""Grupo"", ""sequência erosional"", ""paleozóica"", ""bacia"") with no misuse of stratigraphic or domain concepts, and the added sentence framing remains semantically coherent and fully aligned with the expected interpretation.",1.0,"The actual output is semantically fully aligned with the expected answer: it correctly identifies ""O Grupo Santa Fé"" as the única seqüência erosional paleozóica em toda a bacia. It preserves the key geological entity and relation asked in the input, with no concept confusion or role inversion. Although more verbose than the expected output, the added wording remains accurate and does not alter the geological meaning.",0.23529411764705882,1.0,0.38095238095238093,0.1875,1.0,0.3157894736842105,0.23529411764705882,1.0,0.38095238095238093,0.0,0.4,
resultados/petrobras-4-0-com-ontologia-embeddingfirst/batch_f4d1f3cd-3f2e-41ca-b5af-611ea21bcf46-completo.csv,graphrag,1485,Qual é a única seqüência erosional paleozóica que existe em toda a bacia?,O Grupo Santa Fé,,O Grupo Santa Fé é a única sequência erosional paleozóica que existe em toda a bacia.,1.0,"The score is 1.00 because the response directly addresses ""Qual é a única seqüência erosional paleozóica que existe em toda a bacia?"" with no irrelevant content, staying fully focused and complete—great job.",,Skipped: empty context.,,Skipped: empty context.,,Skipped: empty context.,1.0,"The actual output matches the expected answer for the input asking ""Qual é a única seqüência erosional paleozóica que existe em toda a bacia?"" because it correctly identifies ""O Grupo Santa Fé."" The added phrase ""é a única sequência erosional paleozóica que existe em toda a bacia"" is consistent with the question and does not introduce any factual contradiction, so the difference is only harmless wording.",1.0,"The actual output fully captures the essential expected element from the test case: it correctly identifies ""O Grupo Santa Fé"" as the única seqüência erosional paleozóica em toda a bacia. The added wording is concise and faithful to the input question, so no important information is missing.",1.0,"The actual output matches the expected geological entity exactly by identifying ""O Grupo Santa Fé"" as the única seqüência erosional paleozóica em toda a bacia. It uses appropriate geological terminology (""Grupo"", ""sequência erosional paleozóica"", ""bacia"") and adds no incorrect lithologic, stratigraphic, or reservoir interpretation. The response is semantically coherent and fully aligned with the expected output.",1.0,"The actual output matches the expected answer semantically and preserves the key geological entity from the test case: ""O Grupo Santa Fé"" as the única seqüência erosional paleozóica em toda a bacia. It stays aligned with the domain concept and relation asked in the input, adding only a faithful restatement of the question context without introducing confusion or incorrect geological roles.",0.23529411764705882,1.0,0.38095238095238093,0.1875,1.0,0.3157894736842105,0.23529411764705882,1.0,0.38095238095238093,0.0,0.4,
resultados/petrobras-4-0-com-ontologia-embeddingfirst/batch_f4d1f3cd-3f2e-41ca-b5af-611ea21bcf46-completo.csv,rag,1487,Qual é o nome da seqüência fanerozóica da Bacia do São Francisco?,Bacia Sanfranciscana,,"O nome da sequência fanerozóica da Bacia do São Francisco é a ""Bacia Sanfranciscana"".",1.0,"The score is 1.00 because the answer is fully relevant to the question, directly addressing the name of the seqüência fanerozóica da Bacia do São Francisco with no irrelevant information. Great job keeping the response precise and on-topic.",,Skipped: empty context.,,Skipped: empty context.,,Skipped: empty context.,1.0,"The actual output matches the expected output in meaning and factual content: it correctly identifies the sequência fanerozóica da Bacia do São Francisco as ""Bacia Sanfranciscana"". The only differences are added sentence framing and quotation marks, which are harmless stylistic variations and do not introduce any contradiction or factual mistake relative to the expected output.",1.0,"The actual output correctly identifies the essential entity from the expected output: the sequência fanerozóica da Bacia do São Francisco is ""Bacia Sanfranciscana"". It fully covers the key fact requested in the input, with only added framing text that does not omit or alter the expected answer.",1.0,"The response correctly identifies the fanerozoic sequence of the Bacia do São Francisco as ""Bacia Sanfranciscana,"" which matches the expected output exactly in geological entity and terminology. It uses domain-appropriate language and does not introduce any incorrect lithologic, stratigraphic, or reservoir concepts. The only minor difference is that it answers in a full sentence rather than only the name.",1.0,"The actual output semantically matches the expected output by correctly identifying the seqüência fanerozóica da Bacia do São Francisco as ""Bacia Sanfranciscana"". It preserves the key geological entity and relation requested in the input, with no concept confusion, inverted roles, or domain misuse; the added sentence framing does not change the meaning.",0.125,1.0,0.2222222222222222,0.06666666666666667,1.0,0.125,0.125,1.0,0.2222222222222222,0.0,0.25,
resultados/petrobras-4-0-com-ontologia-embeddingfirst/batch_f4d1f3cd-3f2e-41ca-b5af-611ea21bcf46-completo.csv,graphrag,1487,Qual é o nome da seqüência fanerozóica da Bacia do São Francisco?,Bacia Sanfranciscana,,"O nome da sequência fanerozóica da Bacia do São Francisco é ""Bacia Sanfranciscana"".",1.0,"The score is 1.00 because the answer is fully relevant to the question and directly addresses what was asked, with no irrelevant statements. Great job staying focused and precise.",,Skipped: empty context.,,Skipped: empty context.,,Skipped: empty context.,1.0,"The actual output matches the expected output for the input asking the name of the sequência fanerozóica da Bacia do São Francisco: it correctly gives ""Bacia Sanfranciscana"". The extra framing text (""O nome da sequência fanerozóica da Bacia do São Francisco é..."") is only a stylistic difference and does not change the meaning or introduce any factual contradiction.",1.0,"The actual output correctly identifies the essential entity asked in the input—the nome da seqüência fanerozóica da Bacia do São Francisco—as ""Bacia Sanfranciscana,"" which matches the expected output exactly in content. The extra framing text does not omit or alter any important information, so it fully covers the required answer.",1.0,"The actual output matches the expected geological entity exactly: it identifies the seqüência fanerozóica da Bacia do São Francisco as “Bacia Sanfranciscana.” The terminology is domain-appropriate, semantically coherent, and there is no misuse of stratigraphic or basin-related concepts; the only difference is added explanatory phrasing, which does not change the correct interpretation.",1.0,"The actual output matches the expected geological entity exactly: it identifies the seqüência fanerozóica da Bacia do São Francisco as ""Bacia Sanfranciscana"". It preserves the correct concept, class, and naming relation from the input, with no semantic confusion or inversion; the extra phrasing is harmless and does not change the meaning.",0.13333333333333333,1.0,0.23529411764705882,0.07142857142857142,1.0,0.13333333333333333,0.13333333333333333,1.0,0.23529411764705882,0.0,0.2666666666666667,
resultados/petrobras-4-0-com-ontologia-embeddingfirst/batch_f4d1f3cd-3f2e-41ca-b5af-611ea21bcf46-completo.csv,rag,1489,Que tipo de ambiente tectônico prevalecia durante a sedimentação do Grupo Areado?,distensional,,O ambiente tectônico prevalente durante a sedimentação do Grupo Areado foi distensional.,1.0,"The score is 1.00 because the answer is fully relevant to the question about the tectonic environment during the sedimentation of the Grupo Areado, with no irrelevant statements. Great job staying directly on topic.",,Skipped: empty context.,,Skipped: empty context.,,Skipped: empty context.,1.0,"The actual output matches the expected meaning exactly: it identifies the tectonic environment during sedimentation of the Grupo Areado as ""distensional,"" which is the required answer. The only difference is added phrasing in Portuguese, which is a harmless wording variation and not a factual contradiction.",1.0,"The expected output contains a single essential fact: that the tectonic environment during the sedimentation of the Grupo Areado was ""distensional"". The actual output states exactly that, adding only minimal contextual wording from the input question. It fully covers the key entity (Grupo Areado), relation (during sedimentation), and required attribute (distensional), with no important omissions.",1.0,"The actual output matches the expected interpretation exactly: it identifies the tectonic setting during sedimentation of the Grupo Areado as ""distensional"". It uses correct geological terminology (""ambiente tectônico"", ""sedimentação"", ""distensional"") and is semantically coherent, with no misuse of stratigraphic or tectonic concepts.",1.0,"The actual output is semantically identical to the expected output for the input about the tectonic environment during the sedimentation of the Grupo Areado. It correctly identifies the environment as ""distensional,"" preserves the geological concept and entity, and introduces no concept confusion, role inversion, or misuse of domain terminology. The added phrasing is concise and fully aligned with the expected meaning.",0.07142857142857142,1.0,0.13333333333333333,0.0,0.0,0.0,0.07142857142857142,1.0,0.13333333333333333,0.0,0.15384615384615385,
resultados/petrobras-4-0-com-ontologia-embeddingfirst/batch_f4d1f3cd-3f2e-41ca-b5af-611ea21bcf46-completo.csv,graphrag,1489,Que tipo de ambiente tectônico prevalecia durante a sedimentação do Grupo Areado?,distensional,,"O ambiente tectônico prevalente durante a sedimentação do Grupo Areado foi distensional, refletindo o quebramento intracontinental do Supercontinente Gondwana.",1.0,"The score is 1.00 because the answer stays fully focused on the question about the tectonic environment during the sedimentation of the Grupo Areado, with no irrelevant statements. Great job keeping it precise and directly relevant.",,Skipped: empty context.,,Skipped: empty context.,,Skipped: empty context.,1.0,"The actual output matches the expected output's core fact: it identifies the tectonic environment during sedimentation of the Grupo Areado as ""distensional,"" which is exactly the expected answer for the given input. The added detail about ""quebramento intracontinental do Supercontinente Gondwana"" does not contradict the expected output and is a harmless elaboration rather than a factual mistake.",1.0,"The expected output requires identifying the tectonic setting as ""distensional"" for the input about the sedimentação do Grupo Areado. The actual output explicitly states ""foi distensional"" and adds consistent contextual detail about intracontinental breakup of Gondwana, so it fully covers the essential element without omitting any required information.",1.0,"The response matches the expected interpretation exactly by identifying the tectonic setting as ""distensional"" and uses appropriate geological terminology such as ""ambiente tectônico"" and ""quebramento intracontinental do Supercontinente Gondwana."" It is semantically coherent, adds relevant geological context without introducing incorrect lithologic, stratigraphic, facies, or reservoir concepts, and aligns fully with the expected output for the Grupo Areado.",1.0,"The actual output is semantically aligned with the expected output: it identifies the tectonic environment as ""distensional,"" which directly matches the expected answer for the Grupo Areado. It stays within the correct geological concept and role, and the added detail about intracontinental breakup of Gondwana is relevant context rather than a semantic deviation.",0.047619047619047616,1.0,0.0909090909090909,0.0,0.0,0.0,0.047619047619047616,1.0,0.0909090909090909,0.0,0.1,
resultados/petrobras-4-0-com-ontologia-embeddingfirst/batch_f4d1f3cd-3f2e-41ca-b5af-611ea21bcf46-completo.csv,rag,1493,Qual é o termo para o registro sedimentar fanerozóico da Bacia do São Francisco?,Bacia Sanfranciscana,,"O termo para o registro sedimentar fanerozóico da Bacia do São Francisco é ""Bacia Sanfranciscana"".",1.0,"The score is 1.00 because the response is fully relevant to the question, directly addressing the term for the registro sedimentar fanerozóico da Bacia do São Francisco with no irrelevant information. Great job keeping it precise and on topic.",,Skipped: empty context.,,Skipped: empty context.,,Skipped: empty context.,1.0,"The actual output matches the expected term exactly in meaning and includes the correct name, ""Bacia Sanfranciscana,"" for the registro sedimentar fanerozóico da Bacia do São Francisco. The only difference is added explanatory wording (""O termo para... é""), which is a harmless stylistic variation and does not introduce any factual contradiction or mistake.",1.0,"The actual output correctly identifies the essential term from the expected output for the input question about o registro sedimentar fanerozóico da Bacia do São Francisco: ""Bacia Sanfranciscana"". It includes the key entity exactly and adds only minimal wrapper text, which should not be penalized because all required content is present.",1.0,"The actual output matches the expected geological term, identifying the registro sedimentar fanerozóico da Bacia do São Francisco as ""Bacia Sanfranciscana"". It uses domain-appropriate terminology correctly, with no misuse of stratigraphic or basin concepts. The only minor issue is added phrasing beyond the expected concise label, but semantically it is fully coherent and accurate for the given input.",1.0,"The actual output matches the expected geological term exactly in meaning: it identifies the registro sedimentar fanerozóico da Bacia do São Francisco as ""Bacia Sanfranciscana"". It stays aligned with the relevant entity and domain concept, with no concept confusion, inverted relation, or misuse of geological terminology. The extra framing phrase does not change the semantics.",0.125,1.0,0.2222222222222222,0.06666666666666667,1.0,0.125,0.125,1.0,0.2222222222222222,0.0,0.23529411764705882,
resultados/petrobras-4-0-com-ontologia-embeddingfirst/batch_f4d1f3cd-3f2e-41ca-b5af-611ea21bcf46-completo.csv,graphrag,1493,Qual é o termo para o registro sedimentar fanerozóico da Bacia do São Francisco?,Bacia Sanfranciscana,,"O termo para o registro sedimentar fanerozóico da Bacia do São Francisco é ""Bacia Sanfranciscana"", conforme revisado por Sgarbi et al.",1.0,"The score is 1.00 because the answer is fully relevant to the question, directly addressing the term for o registro sedimentar fanerozóico da Bacia do São Francisco with no irrelevant information. Great job keeping the response precise and on topic.",,Skipped: empty context.,,Skipped: empty context.,,Skipped: empty context.,0.9,"The actual output matches the expected term, correctly identifying ""Bacia Sanfranciscana"" for the registro sedimentar fanerozóico da Bacia do São Francisco. The added phrase about being revised by Sgarbi et al. is extra information, but it does not contradict the expected output or change the meaning, so only a minor penalty at most is warranted for not being exactly minimal.",1.0,"The actual output correctly identifies the expected term, ""Bacia Sanfranciscana"", which is the essential fact requested for the input about the registro sedimentar fanerozóico da Bacia do São Francisco. Although it adds extra context (""conforme revisado por Sgarbi et al.""), it does not omit or contradict any required element, so it fully covers the expected output.",1.0,"The actual output matches the expected geological term exactly by identifying the registro sedimentar fanerozóico da Bacia do São Francisco as ""Bacia Sanfranciscana"". It uses domain-appropriate terminology correctly, preserves the intended geological entity, and adds only a compatible citation note (""conforme revisado por Sgarbi et al."") without introducing any misuse of stratigraphic, lithologic, or basin concepts.",1.0,"The actual output is semantically identical to the expected output, correctly identifying the termo for o registro sedimentar fanerozóico da Bacia do São Francisco as ""Bacia Sanfranciscana"". It stays aligned with the geological entity and relation asked in the input, with no concept confusion or inverted meaning. The added citation detail (""conforme revisado por Sgarbi et al."") is extra but does not alter the correct geological semantics.",0.09090909090909091,1.0,0.16666666666666669,0.047619047619047616,1.0,0.0909090909090909,0.09090909090909091,1.0,0.16666666666666669,0.0,0.17391304347826084,
resultados/petrobras-4-0-com-ontologia-embeddingfirst/batch_f4d1f3cd-3f2e-41ca-b5af-611ea21bcf46-completo.csv,rag,1495,Qual foi o ambiente tectônico prevalente durante a sedimentação do Grupo Areado?,distensional,,O ambiente tectônico prevalente durante a sedimentação do Grupo Areado foi distensional.,1.0,"The score is 1.00 because the response is fully relevant to the question about the tectonic environment during the sedimentation of the Grupo Areado, with no irrelevant statements. Great job staying focused and directly addressing the input.",,Skipped: empty context.,,Skipped: empty context.,,Skipped: empty context.,1.0,"The actual output matches the expected meaning exactly for the input about the tectonic setting of the Grupo Areado: it states that the environment was ""distensional,"" which is the expected answer. There are no factual contradictions or mistakes; the only difference is harmless extra wording around the correct term.",1.0,"The expected output contains a single essential fact: that the ambiente tectônico prevalente durante a sedimentação do Grupo Areado was ""distensional"". The actual output states exactly that in a complete sentence, covering the key entity (Grupo Areado), relation (ambiente tectônico prevalente durante a sedimentação), and expected value without adding conflicting information.",1.0,"The response aligns very well with the expected geological interpretation: it identifies the tectonic setting of the Grupo Areado as ""distensional,"" matching the expected output exactly in substance. It uses appropriate domain terminology (""ambiente tectônico"" and ""distensional"") and introduces no incorrect lithologic, stratigraphic, facies, or reservoir-related concepts. The only minor difference is that it is phrased as a full sentence rather than a bare label.",1.0,"The actual output matches the expected output semantically by identifying the ambiente tectônico do Grupo Areado como ""distensional"". It preserves the key geological concept and relation asked in the input, with no concept confusion, inverted relation, or misuse of domain-specific meaning. The added sentence framing is concise and does not alter the intended geology.",0.07142857142857142,1.0,0.13333333333333333,0.0,0.0,0.0,0.07142857142857142,1.0,0.13333333333333333,0.0,0.15384615384615385,
resultados/petrobras-4-0-com-ontologia-embeddingfirst/batch_f4d1f3cd-3f2e-41ca-b5af-611ea21bcf46-completo.csv,graphrag,1495,Qual foi o ambiente tectônico prevalente durante a sedimentação do Grupo Areado?,distensional,,"O ambiente tectônico prevalente durante a sedimentação do Grupo Areado foi distensional, refletindo provavelmente o quebramento do Supercontinente Gondwana.",1.0,"The score is 1.00 because the answer is fully relevant to the question, directly addressing the tectonic setting during the sedimentation of the Grupo Areado with no irrelevant statements. Great job keeping the response focused and on-topic.",,Skipped: empty context.,,Skipped: empty context.,,Skipped: empty context.,1.0,"The actual output matches the expected output on the key fact from the input question about the tectonic environment during sedimentation of the Grupo Areado: it states ""distensional,"" which is exactly the expected answer. The added detail about ""quebramento do Supercontinente Gondwana"" does not contradict the expected output, so this is a harmless wording expansion rather than a factual mistake.",1.0,"The expected output contains the essential fact that the tectonic environment was ""distensional"". The actual output explicitly states ""foi distensional"" and adds compatible context about the breakup of Gondwana. It fully covers the required entity and relation from the input question without omitting any key information.",1.0,"The actual output aligns very well with the expected output because it correctly identifies the tectonic setting as ""distensional,"" which is the key geological term required by the input about the Grupo Areado. It uses appropriate domain language (""ambiente tectônico prevalente,"" ""sedimentação"") and adds a geologically plausible interpretation about the breakup of Gondwana without introducing incorrect lithologic, stratigraphic, or reservoir concepts. The extra interpretation is not required by the expected output, but it remains semantically coherent and does not conflict with it.",1.0,"The actual output is semantically aligned with the expected output because it identifies the tectonic environment as ""distensional,"" which matches the expected geological concept for the Grupo Areado. It stays consistent with the domain meaning and relation asked in the input. The added detail about Gondwana breakup is extra but does not introduce concept confusion or alter the correct semantic role.",0.047619047619047616,1.0,0.0909090909090909,0.0,0.0,0.0,0.047619047619047616,1.0,0.0909090909090909,0.0,0.1,
resultados/petrobras-4-0-com-ontologia-embeddingfirst/batch_f4d1f3cd-3f2e-41ca-b5af-611ea21bcf46-completo.csv,rag,1497,Qual é o único remanescente erosional paleozóico de coberturas intracratônicas mais amplas que eventualmente existiu na Bacia do São Francisco?,O Grupo Santa Fé,,O único remanescente erosional paleozóico de coberturas intracratônicas mais amplas na Bacia do São Francisco é o Grupo Santa Fé.,1.0,"The score is 1.00 because the response directly answers the question with no irrelevant information, staying fully focused on identifying the único remanescente erosional paleozóico na Bacia do São Francisco. Great job keeping it precise and completely relevant.",,Skipped: empty context.,,Skipped: empty context.,,Skipped: empty context.,1.0,"The actual output matches the expected answer for the input asking pelo único remanescente erosional paleozóico na Bacia do São Francisco: it correctly identifies ""Grupo Santa Fé"". The extra wording is harmless and does not introduce any factual contradiction or mistake relative to the expected output.",1.0,"The actual output correctly identifies the key entity from the expected output: ""O Grupo Santa Fé"" as the único remanescente erosional paleozóico de coberturas intracratônicas mais amplas na Bacia do São Francisco. It covers all essential facts from the input and expected output, with only added contextual wording that does not change meaning.",1.0,"The actual output matches the expected geological entity exactly: it identifies 'o único remanescente erosional paleozóico de coberturas intracratônicas mais amplas na Bacia do São Francisco' as o Grupo Santa Fé. It uses appropriate stratigraphic terminology ('Grupo') and preserves the correct basin and paleogeological context from the input, with no misuse of lithologic, facies, reservoir, or stratigraphic concepts.",1.0,"The actual output matches the expected answer semantically and preserves the key geological entity asked in the input: it identifies ""o único remanescente erosional paleozóico de coberturas intracratônicas mais amplas"" na Bacia do São Francisco as ""o Grupo Santa Fé"". It stays aligned with the expected geological concept and relation, with no entity confusion, role inversion, or domain misuse; the added wording is explanatory but does not change the meaning.",0.18181818181818182,1.0,0.3076923076923077,0.14285714285714285,1.0,0.25,0.18181818181818182,1.0,0.3076923076923077,0.0,0.33333333333333337,
resultados/petrobras-4-0-com-ontologia-embeddingfirst/batch_f4d1f3cd-3f2e-41ca-b5af-611ea21bcf46-completo.csv,graphrag,1497,Qual é o único remanescente erosional paleozóico de coberturas intracratônicas mais amplas que eventualmente existiu na Bacia do São Francisco?,O Grupo Santa Fé,,O único remanescente erosional paleozóico de coberturas intracratônicas mais amplas que eventualmente existiu na Bacia do São Francisco é o Grupo Santa Fé.,1.0,The score is 1.00 because the answer is fully relevant to the question and directly addresses the requested information with no irrelevant statements—great job staying focused and precise.,,Skipped: empty context.,,Skipped: empty context.,,Skipped: empty context.,1.0,"The actual output matches the expected answer in meaning and factual content: it correctly identifies ""O Grupo Santa Fé"" as the único remanescente erosional paleozóico na Bacia do São Francisco. The extra phrasing restates the question but introduces no contradiction or factual error, so it should not be penalized under the evaluation steps.",1.0,"The actual output fully matches the expected content by correctly identifying the entity ""Grupo Santa Fé"" as the único remanescente erosional paleozóico na Bacia do São Francisco. It includes all essential facts from the expected output, with only extra restatement of the question context, which should not be penalized.",1.0,"The response aligns very well with the expected geological identification: it correctly names o Grupo Santa Fé as the único remanescente erosional paleozóico de coberturas intracratônicas mais amplas na Bacia do São Francisco. It uses appropriate stratigraphic terminology ('Grupo') and preserves the key geological concepts from the input without adding incorrect lithologic, facies, or reservoir interpretations. The only minor issue is that it is more verbose than the expected output, but semantically it is fully coherent and domain-appropriate.",1.0,"The actual output semantically matches the expected answer for the input about the único remanescente erosional paleozóico na Bacia do São Francisco. It correctly identifies the entity as ""Grupo Santa Fé"" and preserves the geological meaning, class, and relation. The added sentence framing is concise and does not introduce any concept confusion or relation errors.",0.16,1.0,0.2758620689655173,0.125,1.0,0.2222222222222222,0.16,1.0,0.2758620689655173,0.0,0.29629629629629634,
resultados/petrobras-4-0-com-ontologia-embeddingfirst/batch_f4d1f3cd-3f2e-41ca-b5af-611ea21bcf46-completo.csv,rag,1500,O que o Grupo Santa Fé representa na geologia da Bacia do São Francisco?,o único remanescente erosional paleozóico de coberturas intracratônicas mais amplas,,"O Grupo Santa Fé representa o único remanescente erosional paleozóico de coberturas intracratônicas mais amplas na geologia da Bacia do São Francisco, com diamictitos/tilitos/fácies tilóides e folhelhos com dropstones basais, correlacionando-se cronologicamente aos sedimentos glaciais permocarboníferos do Grupo Itararé da Bacia do Paraná.",1.0,"The score is 1.00 because the response appears fully relevant to the question about what o Grupo Santa Fé representa na geologia da Bacia do São Francisco, with no irrelevant statements identified. Great job staying focused and on-topic.",,Skipped: empty context.,,Skipped: empty context.,,Skipped: empty context.,1.0,"The actual output fully includes the expected core answer that o Grupo Santa Fé é ""o único remanescente erosional paleozóico de coberturas intracratônicas mais amplas"" na Bacia do São Francisco. The added details about diamictitos, folhelhos com dropstones, and correlação com o Grupo Itararé are consistent with the input and do not contradict the expected output, so they should not be penalized as harmless elaboration.",1.0,"The actual output fully includes the essential expected content for the input about the Grupo Santa Fé in the geologia da Bacia do São Francisco: it states that it is ""o único remanescente erosional paleozóico de coberturas intracratônicas mais amplas."" The extra details about diamictitos, folhelhos, dropstones, and correlation with the Grupo Itararé do not conflict with the expected answer, so all key facts and relations are covered.",1.0,"The actual output matches the expected interpretation exactly by identifying o Grupo Santa Fé como ""o único remanescente erosional paleozóico de coberturas intracratônicas mais amplas"" na Bacia do São Francisco. It also uses appropriate geological terminology—such as diamictitos, tilitos, fácies tilóides, folhelhos com dropstones, and correlação com sedimentos glaciais permocarboníferos do Grupo Itararé—without introducing conceptual errors. These additions are domain-appropriate, semantically coherent, and consistent with the input question.",1.0,"The actual output fully preserves the expected meaning by stating that o Grupo Santa Fé é ""o único remanescente erosional paleozóico de coberturas intracratônicas mais amplas"" na Bacia do São Francisco. It remains geologically aligned with the expected entity and class, and the added details about diamictitos, folhelhos com dropstones, and correlation with o Grupo Itararé are consistent extensions rather than semantic deviations.",0.23076923076923078,1.0,0.375,0.21568627450980393,1.0,0.3548387096774193,0.23076923076923078,1.0,0.375,0.0,0.37735849056603776,
resultados/petrobras-4-0-com-ontologia-embeddingfirst/batch_f4d1f3cd-3f2e-41ca-b5af-611ea21bcf46-completo.csv,graphrag,1500,O que o Grupo Santa Fé representa na geologia da Bacia do São Francisco?,o único remanescente erosional paleozóico de coberturas intracratônicas mais amplas,,"O Grupo Santa Fé na geologia da Bacia do São Francisco representa o único remanescente erosional paleozóico de coberturas intracratônicas mais amplas, que eventualmente existiram sobre a bacia, conectando as Bacias do Paraná e do Parnaíba. Seus sedimentos são cronocorrelatos aos sedimentos glaciais permocarboníferos do Grupo Itararé da Bacia do Paraná.",1.0,"The score is 1.00 because the answer is fully relevant to the question, directly addressing what o Grupo Santa Fé representa na geologia da Bacia do São Francisco with no irrelevant statements. Great job staying precise and on topic.",,Skipped: empty context.,,Skipped: empty context.,,Skipped: empty context.,1.0,"The actual output matches the expected core idea exactly by stating that o Grupo Santa Fé representa ""o único remanescente erosional paleozóico de coberturas intracratônicas mais amplas"" na Bacia do São Francisco. The added details about conexão com as Bacias do Paraná e do Parnaíba and correlation with the Grupo Itararé are consistent with the topic and do not contradict the expected output. There are no factual conflicts, only harmless elaboration beyond the required answer.",1.0,"The actual output fully includes the essential expected content for the question about what o Grupo Santa Fé representa na geologia da Bacia do São Francisco: it explicitly states that it is ""o único remanescente erosional paleozóico de coberturas intracratônicas mais amplas"". The added details about conexão entre as Bacias do Paraná e do Parnaíba and correlação com o Grupo Itararé are extra, but they do not conflict with the expected answer.",1.0,"The actual output aligns very strongly with the expected interpretation, correctly identifying o Grupo Santa Fé as ""o único remanescente erosional paleozóico de coberturas intracratônicas mais amplas"" in the Bacia do São Francisco. It uses appropriate geological terminology such as ""remanescente erosional paleozóico"", ""coberturas intracratônicas"", and adds coherent domain-specific context about cronocorrelação with the sedimentos glaciais permocarboníferos do Grupo Itararé and possible conexão entre as bacias do Paraná e do Parnaíba. There is no evident misuse of stratigraphic or geological concepts, and the added details remain semantically consistent with the input and expected output.",1.0,"The actual output is semantically aligned with the expected output because it directly states that o Grupo Santa Fé representa ""o único remanescente erosional paleozóico de coberturas intracratônicas mais amplas,"" which matches the core geological concept requested for the Bacia do São Francisco. The added details about conexão entre as Bacias do Paraná e do Parnaíba and correlação com o Grupo Itararé remain geologically consistent and do not introduce concept confusion, wrong roles, or inverted relations.",0.21052631578947367,1.0,0.34782608695652173,0.19642857142857142,1.0,0.3283582089552239,0.21052631578947367,1.0,0.34782608695652173,0.0,0.3278688524590164,
resultados/petrobras-4-0-com-ontologia-embeddingfirst/batch_f4d1f3cd-3f2e-41ca-b5af-611ea21bcf46-completo.csv,rag,1501,Qual a natureza das três unidades cretácicas que formam chapadas e tabuleiros na Bacia do São Francisco?,de natureza continental,,As três unidades cretácicas que formam chapadas e tabuleiros na Bacia do São Francisco são de natureza continental.,1.0,"The score is 1.00 because the response is fully relevant to the question, directly addressing the natureza das três unidades cretácicas que formam chapadas e tabuleiros na Bacia do São Francisco with no irrelevant statements. Great job keeping the answer focused and on topic.",,Skipped: empty context.,,Skipped: empty context.,,Skipped: empty context.,1.0,"The actual output matches the expected meaning exactly for the input about the três unidades cretácicas na Bacia do São Francisco: it states they are ""de natureza continental"". The only difference is added contextual wording (""As três unidades cretácicas que formam chapadas e tabuleiros..."") which is harmless and not a factual contradiction.",1.0,"The actual output matches the expected content by stating that the três unidades cretácicas que formam chapadas e tabuleiros na Bacia do São Francisco são ""de natureza continental"". It includes the key fact requested in the input and does not omit any essential element; the extra framing is acceptable because the core expected answer is fully covered.",1.0,"The actual output matches the expected interpretation exactly: it identifies the três unidades cretácicas da Bacia do São Francisco as ""de natureza continental"". It uses appropriate geological terminology for the prompt (unidades cretácicas, chapadas, tabuleiros, Bacia do São Francisco) and introduces no incorrect lithologic, stratigraphic, facies, or reservoir concepts. The response is precise, semantically coherent, and fully aligned with the expected output.",1.0,"The actual output matches the expected meaning exactly: it identifies that the três unidades cretácicas que formam chapadas e tabuleiros na Bacia do São Francisco are ""de natureza continental."" It preserves the key geological concept and relation from the input, adds only minimal contextual restatement, and introduces no semantic errors or domain confusion.",0.13636363636363635,1.0,0.24000000000000002,0.09523809523809523,1.0,0.17391304347826084,0.13636363636363635,1.0,0.24000000000000002,0.0,0.2857142857142857,
resultados/petrobras-4-0-com-ontologia-embeddingfirst/batch_f4d1f3cd-3f2e-41ca-b5af-611ea21bcf46-completo.csv,graphrag,1501,Qual a natureza das três unidades cretácicas que formam chapadas e tabuleiros na Bacia do São Francisco?,de natureza continental,,As três unidades cretácicas que formam chapadas e tabuleiros na Bacia do São Francisco são de natureza continental.,1.0,"The score is 1.00 because the response is fully relevant to the question, directly addressing a natureza das três unidades cretácicas que formam chapadas e tabuleiros na Bacia do São Francisco, without adding irrelevant information. Great job staying focused and complete.",,Skipped: empty context.,,Skipped: empty context.,,Skipped: empty context.,1.0,"The actual output matches the expected meaning exactly for the input about the three Cretaceous units in the Bacia do São Francisco: it correctly states they are ""de natureza continental."" The added phrasing (""As três unidades cretácicas que formam chapadas e tabuleiros..."") is harmless stylistic expansion and does not introduce any factual contradiction or mistake.",1.0,"The actual output fully captures the essential expected content for the input: it states that the três unidades cretácicas que formam chapadas e tabuleiros na Bacia do São Francisco are ""de natureza continental,"" which exactly matches the expected answer. The added contextual wording does not introduce errors and should not be penalized because all key elements are present.",1.0,"The actual output matches the expected interpretation exactly: it identifies the três unidades cretácicas da Bacia do São Francisco as ""de natureza continental."" It uses appropriate geological terminology for stratigraphic units and depositional nature, adds no incorrect lithologic or reservoir concepts, and remains semantically coherent and fully aligned with the expected output.",1.0,"The actual output matches the expected meaning exactly: it identifies that the três unidades cretácicas que formam chapadas e tabuleiros na Bacia do São Francisco são ""de natureza continental"". It stays aligned with the geological concept requested, adds no conflicting entities or relations, and the extra wording is acceptable because the core semantic content is preserved.",0.13636363636363635,1.0,0.24000000000000002,0.09523809523809523,1.0,0.17391304347826084,0.13636363636363635,1.0,0.24000000000000002,0.0,0.2857142857142857,
resultados/petrobras-4-0-com-ontologia-embeddingfirst/batch_f4d1f3cd-3f2e-41ca-b5af-611ea21bcf46-completo.csv,rag,1502,Qual o ambiente tectônico prevalente durante a sedimentação do Grupo Areado na Bacia do São Francisco?,distensional,,O ambiente tectônico prevalente durante a sedimentação do Grupo Areado na Bacia do São Francisco foi distensional.,1.0,"The score is 1.00 because the response is fully relevant to the question about the tectonic setting during the sedimentation of the Grupo Areado in the Bacia do São Francisco, with no irrelevant statements and strong focus on the requested topic.",,Skipped: empty context.,,Skipped: empty context.,,Skipped: empty context.,1.0,"The actual output matches the expected output in meaning: it identifies the ambiente tectônico as ""distensional,"" exactly as required for the Grupo Areado na Bacia do São Francisco. There are no factual contradictions or mistakes; the only difference is added explanatory phrasing, which is a harmless stylistic variation.",1.0,"The expected output contains the essential fact that the tectonic setting was ""distensional"". The actual output states exactly that for the sedimentation of the Grupo Areado in the Bacia do São Francisco, preserving the key entity and relation from the test case. It is more verbose than the expected output, but includes all required content with no omissions.",1.0,"The response aligns very well with the expected output by correctly identifying the tectonic setting as ""distensional"" for the sedimentation of the Grupo Areado in the Bacia do São Francisco. It uses appropriate geological terminology (""ambiente tectônico"", ""sedimentação"", ""distensional"") and is semantically coherent, with no misuse of stratigraphic or tectonic concepts. The only minor limitation is that it is a full sentence rather than the minimal expected form.",1.0,"The actual output matches the expected geological concept exactly: it identifies the ambiente tectônico prevalente during the sedimentação do Grupo Areado na Bacia do São Francisco as distensional. It preserves the correct entity, time/context, and tectonic classification without introducing concept confusion, inverted relations, or domain misuse. The added sentence form is concise and semantically aligned with the expected output.",0.05,1.0,0.09523809523809523,0.0,0.0,0.0,0.05,1.0,0.09523809523809523,0.0,0.1111111111111111,
resultados/petrobras-4-0-com-ontologia-embeddingfirst/batch_f4d1f3cd-3f2e-41ca-b5af-611ea21bcf46-completo.csv,graphrag,1502,Qual o ambiente tectônico prevalente durante a sedimentação do Grupo Areado na Bacia do São Francisco?,distensional,,"O ambiente tectônico prevalente durante a sedimentação do Grupo Areado na Bacia do São Francisco foi distensional, refletindo o quebramento do Supercontinente Gondwana.",1.0,"The score is 1.00 because the response is fully relevant to the question about the tectonic setting during the sedimentation of the Grupo Areado in the Bacia do São Francisco, with no irrelevant statements and strong focus on the requested topic. Great job keeping it precise and on target.",,Skipped: empty context.,,Skipped: empty context.,,Skipped: empty context.,1.0,"The actual output matches the expected meaning exactly: it identifies the ambiente tectônico como ""distensional,"" which is the expected output for the input about o Grupo Areado na Bacia do São Francisco. The added detail about ""quebramento do Supercontinente Gondwana"" does not contradict the expected answer and is a harmless elaboration rather than a factual mistake.",1.0,"The expected output requires identifying the tectonic environment as ""distensional"". The actual output clearly includes this essential element and correctly relates it to the sedimentação do Grupo Areado na Bacia do São Francisco. The added detail about the quebramento do Supercontinente Gondwana is extra but does not conflict with the expected answer, so it still fully covers the key fact from the test case.",1.0,"The response aligns strongly with the expected interpretation by identifying the tectonic setting as ""distensional,"" which matches the expected output exactly and uses appropriate geological terminology. It also adds a coherent domain-specific explanation about the breakup of Gondwana without introducing incorrect lithologic, stratigraphic, facies, or reservoir concepts. The answer is semantically consistent with the question about the Grupo Areado in the Bacia do São Francisco.",1.0,"The actual output is semantically aligned with the expected output because it clearly identifies the tectonic setting as ""distensional,"" which is the key geological concept requested for the sedimentation of the Grupo Areado in the Bacia do São Francisco. The added detail about the breakup of Gondwana is consistent with the domain context and does not introduce concept confusion, wrong entities, or inverted relations.",0.038461538461538464,1.0,0.07407407407407407,0.0,0.0,0.0,0.038461538461538464,1.0,0.07407407407407407,0.0,0.08333333333333333,
resultados/petrobras-4-0-com-ontologia-embeddingfirst/batch_f4d1f3cd-3f2e-41ca-b5af-611ea21bcf46-completo.csv,rag,1506,O que os diamictitos/tilitos/fácies tilóides e folhelhos com dropstones basais do Grupo Santa Fé apontam?,para uma unidade crono-correlata aos sedimentos permocarboníferos glaciais do Grupo Itararé da Bacia do Paraná,,Os diamictitos/tilitos/fácies tilóides e folhelhos com dropstones basais do Grupo Santa Fé apontam para uma unidade crono-correlata aos sedimentos permocarboníferos glaciais do Grupo Itararé da Bacia do Paraná.,1.0,"The score is 1.00 because the answer is fully relevant to what was asked about o que os diamictitos/tilitos/fácies tilóides e folhelhos com dropstones basais do Grupo Santa Fé apontam, with no irrelevant statements. Great job staying directly on topic.",,Skipped: empty context.,,Skipped: empty context.,,Skipped: empty context.,1.0,"The actual output matches the expected content for the input about what the diamictitos/tilitos/fácies tilóides e folhelhos com dropstones basais do Grupo Santa Fé indicate. It correctly states that they point to ""uma unidade crono-correlata aos sedimentos permocarboníferos glaciais do Grupo Itararé da Bacia do Paraná,"" with only a harmless stylistic difference by repeating the subject from the question. There are no factual contradictions or mistakes relative to the expected output.",1.0,"The actual output fully covers the essential relation from the expected output: it states that os diamictitos/tilitos/fácies tilóides e folhelhos com dropstones basais do Grupo Santa Fé apontam para uma unidade crono-correlata aos sedimentos permocarboníferos glaciais do Grupo Itararé da Bacia do Paraná. It preserves the key entities and linkage requested by the input, with only a harmless repetition of the subject.",1.0,"The actual output uses appropriate geological terminology from the input, including ""diamictitos/tilitos/fácies tilóides"", ""folhelhos com dropstones basais"", and the stratigraphic units ""Grupo Santa Fé"" and ""Grupo Itararé da Bacia do Paraná"". It matches the expected interpretation exactly by identifying a unidade crono-correlata aos sedimentos permocarboníferos glaciais do Grupo Itararé. There is no misuse of lithologic, facies, stratigraphic, or depositional concepts, and the phrasing is semantically coherent and domain-appropriate.",1.0,"The actual output is semantically identical to the expected output for the question about what the diamictitos/tilitos/fácies tilóides e folhelhos com dropstones basais do Grupo Santa Fé indicate. It preserves the key geological relation, correctly stating that they point to uma unidade crono-correlata aos sedimentos permocarboníferos glaciais do Grupo Itararé da Bacia do Paraná. The only difference is the added introductory phrase ""apontam para"", which matches the input and does not alter meaning or geological semantics.",0.5,1.0,0.6666666666666666,0.48484848484848486,1.0,0.653061224489796,0.5,1.0,0.6666666666666666,0.0,0.6976744186046512,
resultados/petrobras-4-0-com-ontologia-embeddingfirst/batch_f4d1f3cd-3f2e-41ca-b5af-611ea21bcf46-completo.csv,graphrag,1506,O que os diamictitos/tilitos/fácies tilóides e folhelhos com dropstones basais do Grupo Santa Fé apontam?,para uma unidade crono-correlata aos sedimentos permocarboníferos glaciais do Grupo Itararé da Bacia do Paraná,,Os diamictitos/tilitos/fácies tilóides e folhelhos com dropstones basais do Grupo Santa Fé apontam para uma unidade crono-correlata aos sedimentos permocarboníferos glaciais do Grupo Itararé da Bacia do Paraná.,1.0,"The score is 1.00 because the answer stays fully focused on what os diamictitos/tilitos/fácies tilóides e folhelhos com dropstones basais do Grupo Santa Fé apontam, with no irrelevant statements. Great job keeping it directly on topic and completely relevant.",,Skipped: empty context.,,Skipped: empty context.,,Skipped: empty context.,1.0,"The actual output matches the expected meaning exactly for the input about o que os diamictitos/tilitos/fácies tilóides e folhelhos com dropstones basais do Grupo Santa Fé apontam. It correctly states that they indicate ""uma unidade crono-correlata aos sedimentos permocarboníferos glaciais do Grupo Itararé da Bacia do Paraná,"" which is the expected content. The only difference is a harmless full-sentence framing (""apontam para"" and repetition of the subject), with no factual contradiction or mistake.",1.0,"The actual output fully covers the essential content from the expected output: it states that the depósitos do Grupo Santa Fé apontam para ""uma unidade crono-correlata aos sedimentos permocarboníferos glaciais do Grupo Itararé da Bacia do Paraná"". It also correctly preserves the key entities and relation from the input and expected output. The only difference is added contextual repetition from the question, which does not omit or distort any required information.",1.0,"The actual output matches the expected interpretation essentially exactly: it correctly states that the diamictitos/tilitos/fácies tilóides e folhelhos com dropstones basais do Grupo Santa Fé indicate a unidade crono-correlata aos sedimentos permocarboníferos glaciais do Grupo Itararé da Bacia do Paraná. It uses geological terminology appropriately, including glacial facies and stratigraphic correlation, with no misuse of lithologic, facies, or basin-related concepts.",1.0,"The actual output is semantically fully aligned with the expected output: it states that the diamictitos/tilitos/fácies tilóides e folhelhos com dropstones basais do Grupo Santa Fé point to ""uma unidade crono-correlata aos sedimentos permocarboníferos glaciais do Grupo Itararé da Bacia do Paraná,"" which matches the expected geological relation, entities, and class. It preserves the intended meaning without concept confusion, inverted relations, or misuse of domain-specific terms, and the slight addition of the introductory phrase does not alter the semantics.",0.5,1.0,0.6666666666666666,0.48484848484848486,1.0,0.653061224489796,0.5,1.0,0.6666666666666666,0.0,0.6976744186046512,
resultados/petrobras-4-0-com-ontologia-embeddingfirst/batch_f4d1f3cd-3f2e-41ca-b5af-611ea21bcf46-completo.csv,rag,1508,Em que ambiente tectônico ocorreu a sedimentação do Grupo Areado?,"distensional, provável reflexo intracontinental do quebramento do Supercontinente Gondwana",,A sedimentação do Grupo Areado ocorreu em um ambiente tectônico distensional.,1.0,"The score is 1.00 because the answer fully addressed the question about the tectonic environment of the sedimentation of the Grupo Areado, with no irrelevant statements. Great job staying completely on topic.",,Skipped: empty context.,,Skipped: empty context.,,Skipped: empty context.,0.8,"The actual output matches the core expected meaning by identifying the ambiente tectônico as ""distensional,"" which is the central required element for the input about the sedimentação do Grupo Areado. However, it omits the important expected detail that this was a ""provável reflexo intracontinental do quebramento do Supercontinente Gondwana."" There is no factual contradiction, but the answer is incomplete relative to the expected output.",0.7,"The actual output correctly captures the core tectonic environment as ""distensional,"" which is the main fact requested by the input. However, it omits the important expected detail that this was a ""provável reflexo intracontinental do quebramento do Supercontinente Gondwana,"" so it does not cover all essential relations present in the expected output.",0.8,"The actual output uses correct geological terminology and identifies the tectonic setting as ""ambiente tectônico distensional,"" which matches the core expected interpretation. However, it is incomplete relative to the expected output because it omits the important geological context that this was a ""provável reflexo intracontinental do quebramento do Supercontinente Gondwana."" The response is domain-appropriate and semantically coherent, but lacks the fuller tectonic interpretation requested by the expected answer.",0.8,"The actual output captures the core expected geological concept by identifying the tectonic setting as ""ambiente tectônico distensional,"" which aligns semantically with the expected ""distensional."" However, it omits the important qualifier from the expected output that this was a ""provável reflexo intracontinental do quebramento do Supercontinente Gondwana."" There is no concept confusion or inverted relation, but the answer is incomplete relative to the full expected geological context.",0.15384615384615385,0.2,0.17391304347826086,0.0,0.0,0.0,0.07692307692307693,0.1,0.08695652173913043,0.0,0.19999999999999998,
resultados/petrobras-4-0-com-ontologia-embeddingfirst/batch_f4d1f3cd-3f2e-41ca-b5af-611ea21bcf46-completo.csv,graphrag,1508,Em que ambiente tectônico ocorreu a sedimentação do Grupo Areado?,"distensional, provável reflexo intracontinental do quebramento do Supercontinente Gondwana",,O ambiente tectônico em que ocorreu a sedimentação do Grupo Areado foi distensional.,1.0,"The score is 1.00 because the answer is fully relevant to the question about the tectonic environment of the sedimentation of the Grupo Areado, with no irrelevant statements. Great job staying completely on topic.",,Skipped: empty context.,,Skipped: empty context.,,Skipped: empty context.,0.8,"The actual output correctly identifies the key tectonic environment as ""distensional,"" which matches the core of the expected output for the input about the sedimentation of the Grupo Areado. However, it omits the important detail from the expected output that this was a ""provável reflexo intracontinental do quebramento do Supercontinente Gondwana,"" so it is only partially complete. There are no factual contradictions or clear mistakes.",0.7,"The actual output correctly identifies the main tectonic environment as ""distensional"", which matches the core expected fact for the question about the sedimentação do Grupo Areado. However, it omits the important qualifying relation from the expected output: that this was a ""provável reflexo intracontinental do quebramento do Supercontinente Gondwana"". Because the key contextual detail is missing, the answer is only partially aligned.",0.8,"The response correctly identifies the tectonic setting as ""distensional"", using appropriate geological terminology and matching the core entity/relation in the expected output. However, it omits the expected interpretation that this was a ""provável reflexo intracontinental do quebramento do Supercontinente Gondwana"", so it is accurate but incomplete relative to the full geological context requested by the test case.",0.8,"The actual output is semantically aligned with the expected answer on the core geological concept: it correctly identifies the tectonic environment of sedimentation of the Grupo Areado as ""distensional."" However, it omits the expected qualifier ""provável reflexo intracontinental do quebramento do Supercontinente Gondwana,"" so it preserves the main relation but not the full geological context requested by the expected output. There is no concept confusion or inverted relation.",0.13333333333333333,0.2,0.16,0.0,0.0,0.0,0.06666666666666667,0.1,0.08,0.0,0.18181818181818185,
resultados/petrobras-4-0-com-ontologia-embeddingfirst/batch_f4d1f3cd-3f2e-41ca-b5af-611ea21bcf46-completo.csv,rag,1542,O que não permite discriminar padrões de terminação de refletores sísmicos na 4a e 5a ordens?,as seções sísmicas disponíveis,,A falta de resolução suficientemente alta nas seções sísmicas disponíveis não permite discriminar padrões de terminação de refletores sísmicos na 4a e 5a ordens.,1.0,"The score is 1.00 because the response stays fully focused on what prevents discriminating seismic reflector termination patterns in the 4th and 5th orders, with no irrelevant statements. Great job keeping it directly on topic.",,Skipped: empty context.,,Skipped: empty context.,,Skipped: empty context.,0.9,"The actual output matches the expected meaning for the input question by identifying that what does not allow discrimination is ""as seções sísmicas disponíveis,"" adding the plausible detail ""falta de resolução suficientemente alta."" There is no factual contradiction with the expected output, but it is more specific than required, so alignment is strong though not exact.",1.0,"The expected output identifies the essential element as ""as seções sísmicas disponíveis"" in response to what prevents discrimination of reflector termination patterns in 4a e 5a ordens. The actual output fully covers this by stating that the lack of sufficiently high resolution in ""seções sísmicas disponíveis"" is the reason. It includes the key entity from the expected output and preserves the correct relation to the limitation described in the input; the added detail is consistent and should not be penalized.",0.9,"The actual output is geologically appropriate, correctly using domain terms such as ""resolução"", ""seções sísmicas"" and ""terminação de refletores sísmicos"" in a semantically coherent way. It matches the expected entity ""as seções sísmicas disponíveis"" and preserves the intended interpretation that the limitation comes from the seismic data. A small deduction is warranted because it adds the interpretation ""falta de resolução suficientemente alta"", which is plausible but not explicitly stated in the expected output.",1.0,"The actual output is semantically aligned with the expected output: it identifies that ""as seções sísmicas disponíveis"" are what prevent discrimination of reflector termination patterns at the 4a e 5a ordens, and adds the relevant geological constraint of insufficient resolution. It preserves the correct entities and relation from the input without introducing concept confusion or inverted meaning.",0.1875,0.8571428571428571,0.30769230769230765,0.16129032258064516,0.8333333333333334,0.27027027027027023,0.1875,0.8571428571428571,0.30769230769230765,0.0,0.21428571428571427,
resultados/petrobras-4-0-com-ontologia-embeddingfirst/batch_f4d1f3cd-3f2e-41ca-b5af-611ea21bcf46-completo.csv,graphrag,1542,O que não permite discriminar padrões de terminação de refletores sísmicos na 4a e 5a ordens?,as seções sísmicas disponíveis,,A falta de resolução das seções sísmicas não permite discriminar padrões de terminação de refletores sísmicos na 4a e 5a ordens.,1.0,"The score is 1.00 because the response appears fully focused on answering what prevents distinguishing seismic reflector termination patterns in the 4th and 5th orders, with no irrelevant statements. Great job staying directly on topic.",,Skipped: empty context.,,Skipped: empty context.,,Skipped: empty context.,0.9,"The actual output is strongly aligned with the expected output because it identifies that the limitation is due to the available seismic sections, expressed as ""A falta de resolução das seções sísmicas,"" which preserves the intended meaning of ""as seções sísmicas disponíveis"" for the input about discriminating reflector termination patterns in 4a e 5a ordens. There is no factual contradiction, but it adds a specific cause (lack of resolution) that is not explicitly stated in the expected output, so it is slightly more specific than required.",0.9,"The response captures the essential fact from the expected output: that it is the available seismic sections/seções sísmicas that prevent discrimination of reflector termination patterns in 4a e 5a ordens. It also correctly preserves the relation to the question context. A small deduction is warranted because it adds an interpretive detail, ""falta de resolução"", which is not present in the expected output; however, the core element ""seções sísmicas"" remains clearly covered.",0.8,"The response is geologically appropriate and semantically coherent: it correctly refers to ""seções sísmicas"", ""resolução"" and ""padrões de terminação de refletores sísmicos"" in a domain-appropriate way. It aligns closely with the expected idea that the limitation comes from the available seismic sections, but it adds an interpretation not explicitly present in the expected output by specifying ""a falta de resolução"" rather than simply ""as seções sísmicas disponíveis"". This extra inference is plausible, yet it is slightly less exact than the expected answer.",0.8,"The actual output is semantically close to the expected answer because it identifies the limiting factor as the seismic sections, consistent with ""as seções sísmicas disponíveis."" However, it adds a more specific cause — ""a falta de resolução"" — that is not stated in the expected output. This preserves the intended geological meaning about what prevents discrimination of reflector termination patterns in the 4th and 5th orders, but introduces an unsupported refinement, so alignment is good but not exact.",0.14285714285714285,0.5714285714285714,0.2285714285714286,0.1111111111111111,0.5,0.1818181818181818,0.14285714285714285,0.5714285714285714,0.2285714285714286,0.0,0.16,
resultados/petrobras-4-0-com-ontologia-embeddingfirst/batch_f4d1f3cd-3f2e-41ca-b5af-611ea21bcf46-completo.csv,rag,1543,Quais são as duas ordens que não apresentam conteúdo de resolução suficientemente alto para permitir discriminar padrões de terminação de refletores sísmicos?,4a e 5a,,As duas ordens que não apresentam conteúdo de resolução suficientemente alto são a 4ª e a 5ª ordens.,1.0,"The score is 1.00 because the answer stays fully focused on identifying the duas ordens asked about, with no irrelevant statements. It directly addresses the input clearly and completely—great job.",,Skipped: empty context.,,Skipped: empty context.,,Skipped: empty context.,1.0,"The actual output matches the expected meaning for the input asking which two ordens lack sufficient resolution to discriminate reflector termination patterns: it correctly identifies 4ª e 5ª ordens, which corresponds directly to the expected ""4a e 5a"". There are no factual contradictions or mistakes; the difference is only harmless wording and formatting.",1.0,"The actual output fully matches the expected content by correctly identifying the duas ordens as 4ª e 5ª, which are the essential facts requested in the input. It includes no incorrect entities or relations, and the added wording is concise and does not reduce alignment.",1.0,"The response correctly identifies the geological items asked in the input as a 4ª e 5ª ordens, matching the expected output exactly in meaning. It uses domain-appropriate seismic-stratigraphic language by referring to 'conteúdo de resolução' and does not introduce any incorrect geological concepts, lithologies, facies, or stratigraphic relations.",1.0,"The actual output semantically matches the expected output by identifying the same two ordens: 4ª e 5ª. It preserves the geological meaning from the input about ordens sem resolução suficientemente alta para discriminar padrões de terminação de refletores sísmicos, with no concept confusion, role inversion, or domain misuse. The added phrasing is concise and fully aligned with the expected answer.",0.045454545454545456,0.3333333333333333,0.08,0.0,0.0,0.0,0.045454545454545456,0.3333333333333333,0.08,0.0,0.2857142857142857,
resultados/petrobras-4-0-com-ontologia-embeddingfirst/batch_f4d1f3cd-3f2e-41ca-b5af-611ea21bcf46-completo.csv,graphrag,1543,Quais são as duas ordens que não apresentam conteúdo de resolução suficientemente alto para permitir discriminar padrões de terminação de refletores sísmicos?,4a e 5a,,As duas ordens que não apresentam conteúdo de resolução suficientemente alto para permitir discriminar padrões de terminação de refletores sísmicos são a 4ª e 5ª ordens.,1.0,"The score is 1.00 because the answer directly addresses which duas ordens não apresentam conteúdo de resolução suficientemente alto para discriminar padrões de terminação de refletores sísmicos, with no irrelevant statements. Great job staying fully on topic and precise.",,Skipped: empty context.,,Skipped: empty context.,,Skipped: empty context.,1.0,"The actual output matches the expected content exactly in meaning for the input asking which two ordens lack sufficient resolution to discriminate termination patterns of seismic reflectors. It correctly identifies ""4ª e 5ª ordens,"" which corresponds to the expected ""4a e 5a,"" with only harmless wording and formatting differences and no factual contradictions.",1.0,"The actual output fully matches the expected content by correctly identifying the two ordens as 4ª e 5ª for the pergunta sobre resolução insuficiente para discriminar padrões de terminação de refletores sísmicos. It includes all essential entities and relation from the expected output, with only harmless extra wording.",1.0,"The response correctly identifies the same geological/stratigraphic entities as the expected output—4ª e 5ª ordens—for the question about resolution insufficient to discriminate padrões de terminação de refletores sísmicos. It uses appropriate domain language such as ""resolução"" and ""refletores sísmicos"" without introducing incorrect lithologic, facies, stratigraphic, or reservoir concepts. The only minor difference is that it is more verbose than the expected short form.",1.0,"The response is semantically aligned with the expected output: it identifies exactly the 4ª e 5ª ordens as the two that lack sufficient resolution to discriminate seismic reflector termination patterns. It preserves the correct geological entities and relation from the question, with no concept confusion, inversion, or domain misuse. The added explanatory phrasing is concise and does not alter the intended meaning.",0.030303030303030304,0.3333333333333333,0.05555555555555555,0.0,0.0,0.0,0.030303030303030304,0.3333333333333333,0.05555555555555555,0.0,0.20689655172413793,
resultados/petrobras-4-0-com-ontologia-embeddingfirst/batch_f4d1f3cd-3f2e-41ca-b5af-611ea21bcf46-completo.csv,rag,1544,"Qual foi a dificuldade de rastrear os refletores e marcadores de um rollover para outro, principalmente no sentido dlp?",intensa halocinese,,"A dificuldade de rastrear os refletores e marcadores de um rollover para outro, especialmente no sentido DLP, é decorrente do intenso efeito da halocinese e da baixa resolução das seções sísmicas disponíveis, que não permitem discriminar padrões de terminação de refletores sísmicos em ordens mais altas. Esses desafios impedem uma interpretação precisa das superfícies estratigráficas correlativas às flutuações do nível de base.",1.0,"The score is 1.00 because the response stays fully focused on the question about the difficulty of tracking reflectors and markers from one rollover to another, especially in the dlp direction, with no irrelevant statements. Great job keeping it directly on topic.",,Skipped: empty context.,,Skipped: empty context.,,Skipped: empty context.,0.9,"The actual output aligns well with the expected output because it identifies the main difficulty as the ""intenso efeito da halocinese,"" which matches the expected ""intensa halocinese."" It also adds plausible context about ""baixa resolução das seções sísmicas"" and difficulty discriminating reflector terminations, but this extra detail does not contradict the expected answer. Since the core cause requested in the input, especially ""no sentido dlp,"" is correctly captured, only a slight penalty is warranted for being more elaborate than necessary.",0.8,"The expected output only requires the key fact ""intensa halocinese"" as the main difficulty in tracking refletores e marcadores de um rollover para outro no sentido DLP. The actual output includes this essential element explicitly and keeps it tied to the same context. However, it adds extra causes like ""baixa resolução das seções sísmicas"" and consequences not present in the expected output, so it is aligned on the core fact but not perfectly exact.",0.8,"The response aligns well with the expected geological cause, explicitly identifying ""intenso efeito da halocinese,"" which matches the expected output ""intensa halocinese."" It also uses appropriate domain terminology such as refletores, marcadores, seções sísmicas, terminação de refletores, and superfícies estratigráficas, showing semantically coherent geological language. A minor shortcoming is that it adds unsupported details like ""baixa resolução das seções sísmicas"" and interpretations about ""flutuações do nível de base,"" which are not present in the expected answer and could overextend the relation being asked.",0.9,"The actual output is semantically well aligned with the expected output because it identifies ""intenso efeito da halocinese"" as the main difficulty, matching the expected geological concept ""intensa halocinese"" for tracing refletores e marcadores entre rollovers no sentido DLP. It adds extra detail about baixa resolução sísmica and interpretação estratigráfica, which is not required by the expected output but does not invert relations or confuse geological roles. The core cause remains correct and domain-consistent.",0.013513513513513514,0.5,0.026315789473684213,0.0,0.0,0.0,0.013513513513513514,0.5,0.026315789473684213,0.0,0.03125,
resultados/petrobras-4-0-com-ontologia-embeddingfirst/batch_f4d1f3cd-3f2e-41ca-b5af-611ea21bcf46-completo.csv,graphrag,1544,"Qual foi a dificuldade de rastrear os refletores e marcadores de um rollover para outro, principalmente no sentido dlp?",intensa halocinese,,"A dificuldade de rastrear os refletores e marcadores de um rollover para outro, principalmente no sentido DLP, foi devido à intensa halocinese e à resolução limitada das seções sísmicas, que não permitiram discriminar padrões de terminação de refletores sísmicos.",1.0,"The score is 1.00 because the response stays fully focused on the question about the difficulty of tracking reflectors and markers from one rollover to another, especially in the DLP direction, with no irrelevant statements. Great job keeping it directly on topic.",,Skipped: empty context.,,Skipped: empty context.,,Skipped: empty context.,0.7,"The actual output matches the expected content by identifying ""intensa halocinese"" as the main difficulty in rastrear refletores e marcadores entre rollovers no sentido DLP. However, it adds an extra cause — ""resolução limitada das seções sísmicas"" and inability to discriminate reflector termination patterns — that is not present in the expected output, so it is only partially aligned and introduces unsupported detail.",1.0,"The actual output fully includes the essential expected fact, ""intensa halocinese"", and correctly ties it to the question about the dificuldade de rastrear refletores e marcadores entre rollovers no sentido DLP. It also adds extra context about resolução limitada das seções sísmicas, which is not required but does not conflict with the expected output. Since the key expected element is covered, the alignment is strong.",0.9,"The response aligns strongly with the expected geological interpretation by identifying “intensa halocinese” as the main cause of difficulty in tracking reflectors and markers between rollovers in the sentido DLP. It uses appropriate domain language such as “refletores”, “marcadores”, “halocinese”, “seções sísmicas”, and “terminação de refletores sísmicos,” which is semantically coherent and geologically valid. A small penalty is warranted because it adds “resolução limitada das seções sísmicas” and inability to discriminate termination patterns, which are not present in the expected output, though they are still plausible and not a misuse of geological concepts.",0.9,"The actual output is semantically well aligned with the expected output because it identifies ""intensa halocinese"" as the main difficulty in rastrear os refletores e marcadores entre rollovers no sentido DLP. It also adds a plausible detail about limited seismic resolution and inability to discriminate reflector termination patterns; this extra information is not contradictory, though it goes beyond the expected concise answer. Geological concepts and causal relation are preserved correctly, with no inversion or domain confusion.",0.045454545454545456,1.0,0.08695652173913045,0.023255813953488372,1.0,0.04545454545454545,0.045454545454545456,1.0,0.08695652173913045,0.0,0.09756097560975609,
resultados/petrobras-4-0-com-ontologia-embeddingfirst/batch_f4d1f3cd-3f2e-41ca-b5af-611ea21bcf46-completo.csv,rag,1547,O que as seções sísmicas disponíveis não permitiram discriminar?,padrões de terminação de refletores sísmicos,,As seções sísmicas disponíveis não permitiram discriminar padrões de terminação de refletores sísmicos na 4ª e 5ª ordens.,1.0,The score is 1.00 because the answer stayed fully focused on what was asked — what the available seismic sections did not allow to discriminate — and included no irrelevant statements. Great job keeping it precise and directly relevant.,,Skipped: empty context.,,Skipped: empty context.,,Skipped: empty context.,1.0,"The actual output matches the expected content by stating that the seções sísmicas não permitiram discriminar ""padrões de terminação de refletores sísmicos,"" which is the key required answer from the input. The added detail ""na 4ª e 5ª ordens"" is extra but does not contradict the expected output, so it should not be penalized as a harmless wording/detail difference.",1.0,"The actual output fully includes the essential expected element, ""padrões de terminação de refletores sísmicos,"" which directly answers what the seções sísmicas disponíveis did not permit to discriminate. The added detail about ""na 4ª e 5ª ordens"" is consistent and does not omit any required fact from the expected output.",1.0,"The actual output aligns very well with the expected geological content: it correctly identifies ""padrões de terminação de refletores sísmicos"" as what the available seismic sections could not discriminate, using appropriate seismic-stratigraphic terminology. It preserves the key geological entity and relation from the expected output, and the added detail ""na 4ª e 5ª ordens"" remains domain-appropriate rather than introducing misuse or contradiction.",1.0,"The actual output is semantically aligned with the expected output because it identifies ""padrões de terminação de refletores sísmicos"" as what could not be discriminated, which matches the geological concept and relation asked in the input. The added detail ""na 4ª e 5ª ordens"" is extra but does not invert or distort the meaning, so the response preserves the intended semantics.",0.36,1.0,0.5294117647058824,0.3333333333333333,1.0,0.5,0.36,1.0,0.5294117647058824,0.0,0.5,
resultados/petrobras-4-0-com-ontologia-embeddingfirst/batch_f4d1f3cd-3f2e-41ca-b5af-611ea21bcf46-completo.csv,graphrag,1547,O que as seções sísmicas disponíveis não permitiram discriminar?,padrões de terminação de refletores sísmicos,,As seções sísmicas disponíveis não permitiram discriminar padrões de terminação de refletores sísmicos na 4a e 5a ordens.,1.0,The score is 1.00 because the response stayed fully focused on answering “O que as seções sísmicas disponíveis não permitiram discriminar?” and included no irrelevant statements. Great job keeping it precise and completely relevant.,,Skipped: empty context.,,Skipped: empty context.,,Skipped: empty context.,1.0,"The actual output matches the expected content by correctly identifying ""padrões de terminação de refletores sísmicos"" as what the seções sísmicas disponíveis did not permit to discriminate. The added detail ""na 4a e 5a ordens"" is not contradicted by the expected output and is a harmless elaboration rather than a factual mistake, so alignment with the test case is strong.",1.0,"The actual output fully includes the essential expected content, namely ""padrões de terminação de refletores sísmicos,"" which is exactly what the seções sísmicas disponíveis did not permit discriminating. It also adds extra detail (""na 4a e 5a ordens"") that does not conflict with the expected output. There are no important omissions for the given input question.",1.0,"The response uses correct geological/seismic terminology, especially ""padrões de terminação de refletores sísmicos,"" which matches the expected output exactly in substance. It preserves the key geological entity and relation asked by the input—what the seismic sections could not discriminate. The added detail ""na 4a e 5a ordens"" is domain-appropriate and semantically coherent, not a misuse of stratigraphic or seismic concepts, so it should not be penalized.",1.0,"The actual output is semantically aligned with the expected output: it correctly identifies that the seções sísmicas disponíveis did not permit discriminar 'padrões de terminação de refletores sísmicos'. It preserves the key geological concept and relation from the question, and the added detail 'na 4a e 5a ordens' is consistent elaboration rather than a semantic error or role inversion.",0.36,1.0,0.5294117647058824,0.3333333333333333,1.0,0.5,0.36,1.0,0.5294117647058824,0.0,0.5,
resultados/petrobras-4-0-com-ontologia-embeddingfirst/batch_f4d1f3cd-3f2e-41ca-b5af-611ea21bcf46-completo.csv,rag,1552,O que as seções sísmicas disponíveis não permitem discriminar?,padrões de terminação de refletores sísmicos,,As seções sísmicas disponíveis não permitem discriminar padrões de terminação de refletores sísmicos na 4a e 5a ordens.,1.0,"The score is 1.00 because the response stays fully focused on what the input asks about and includes no irrelevant statements. It directly addresses what the seções sísmicas disponíveis não permitem discriminar, so this is a strong, fully relevant answer.",,Skipped: empty context.,,Skipped: empty context.,,Skipped: empty context.,0.9,"The actual output matches the expected meaning for the input question by identifying that the seções sísmicas disponíveis não permitem discriminar ""padrões de terminação de refletores sísmicos."" It adds extra detail (""na 4a e 5a ordens"") not present in the expected output, but this is not a contradiction and does not change the core answer, so only a small penalty is warranted for being less exact than the expected concise phrase.",1.0,"The actual output includes the essential expected element, ""padrões de terminação de refletores sísmicos,"" which directly answers what the seções sísmicas disponíveis não permitem discriminar. It also adds extra detail (""na 4a e 5a ordens"") that does not conflict with the expected output, so all key content is covered.",1.0,"The actual output is geologically appropriate and uses correct seismic-stratigraphic terminology, specifically “padrões de terminação de refletores sísmicos,” which matches the expected output exactly in substance. It preserves the key geological entity and relation asked by the input (“não permitem discriminar”) and adds extra detail (“na 4a e 5a ordens”) without introducing misuse of lithologies, facies, stratigraphic concepts, or reservoir terms. The response is semantically coherent and fully aligned with the expected interpretation.",1.0,"The actual output is semantically aligned with the expected output: it correctly identifies that the seismic sections cannot discriminate 'padrões de terminação de refletores sísmicos'. It preserves the key geological concept and relation asked in the input ('não permitem discriminar'). The added detail 'na 4a e 5a ordens' is extra but does not introduce contradiction, concept confusion, or role inversion.",0.36,1.0,0.5294117647058824,0.3333333333333333,1.0,0.5,0.36,1.0,0.5294117647058824,0.0,0.5,
resultados/petrobras-4-0-com-ontologia-embeddingfirst/batch_f4d1f3cd-3f2e-41ca-b5af-611ea21bcf46-completo.csv,graphrag,1552,O que as seções sísmicas disponíveis não permitem discriminar?,padrões de terminação de refletores sísmicos,,As seções sísmicas disponíveis não permitem discriminar padrões de terminação de refletores sísmicos na 4a e 5a ordens.,1.0,"The score is 1.00 because the answer appears fully relevant to the question, with no irrelevant statements identified. It stays at this score because it directly addresses what the input asks in a clear and focused way.",,Skipped: empty context.,,Skipped: empty context.,,Skipped: empty context.,0.9,"The actual output matches the expected meaning for the input question by identifying that the sections do not allow discrimination of ""padrões de terminação de refletores sísmicos."" It adds extra detail (""na 4a e 5a ordens"") not present in the expected output, but this does not contradict it. Because the core expected content is correct and there are no factual conflicts, it aligns strongly with the evaluation steps.",1.0,"The actual output correctly includes the essential expected element, stating that the seções sísmicas disponíveis não permitem discriminar ""padrões de terminação de refletores sísmicos."" It preserves the key relation asked in the input and only adds extra detail (""na 4a e 5a ordens""), which does not conflict with the expected output. No important information is missing.",0.9,"The actual output is geologically appropriate and uses correct seismic-stratigraphic terminology, especially 'padrões de terminação de refletores sísmicos', which matches the expected output closely. It preserves the key geological entity and relation asked by the input ('não permitem discriminar'). The added detail 'na 4a e 5a ordens' is domain-relevant but not present in the expected output, so it slightly reduces alignment by introducing extra specificity not supported by the target answer.",1.0,"The actual output is semantically aligned with the expected output: it correctly identifies that the seções sísmicas disponíveis não permitem discriminar ""padrões de terminação de refletores sísmicos."" It preserves the core geological concept and relation asked in the input. The added detail ""na 4a e 5a ordens"" is extra but does not introduce concept confusion, invert roles, or alter the intended meaning.",0.36,1.0,0.5294117647058824,0.3333333333333333,1.0,0.5,0.36,1.0,0.5294117647058824,0.0,0.5,
resultados/petrobras-4-0-com-ontologia-embeddingfirst/batch_f4d1f3cd-3f2e-41ca-b5af-611ea21bcf46-completo.csv,rag,1555,O que foi dificultado para traçar sequências de alta frequência?,rastreamento dos refletores e marcadores,,O difícil rastreamento dos refletores e marcadores de um rollover para outro devido à intensa halocinese e a baixa resolução das seções sísmicas dificultaram traçar sequências de alta frequência.,1.0,"The score is 1.00 because the answer stayed fully focused on what was asked about ""o que foi dificultado para traçar sequências de alta frequência"", with no irrelevant statements. Great job keeping it directly relevant and complete.",,Skipped: empty context.,,Skipped: empty context.,,Skipped: empty context.,0.9,"The actual output matches the expected idea: it identifies that the difficulty was the ""rastreamento dos refletores e marcadores"". It also adds relevant context from the input response—""de um rollover para outro"", ""intensa halocinese"" and ""baixa resolução das seções sísmicas""—without contradicting the expected output. Because the core expected phrase is preserved and there are no factual errors, only a small penalty applies for being more verbose than the minimal expected answer.",1.0,"The actual output fully covers the essential expected elements: it explicitly mentions “rastreamento dos refletores e marcadores” as what was dificultado para traçar sequências de alta frequência. It also adds contextual details from the input context, such as “de um rollover para outro”, “intensa halocinese” and “baixa resolução das seções sísmicas”, without conflicting with the expected output. Since all key entities and relations are present, the response aligns strongly with the evaluation steps.",0.9,"The response aligns well with the expected geological meaning by identifying that the difficulty was the ""rastreamento dos refletores e marcadores,"" using appropriate domain terms such as refletores, marcadores, rollover, halocinese, and seções sísmicas. It preserves the core relation asked in the input and expected output, but adds extra causal details (""devido à intensa halocinese e a baixa resolução"") that are not present in the expected answer, so it is slightly less exact than the target.",0.9,"The actual output is semantically well aligned with the expected answer because it identifies that what was dificultado was the ""rastreamento dos refletores e marcadores,"" which is the core geological action in the expected output. It also preserves the correct entities and role relation from the question. A small penalty applies because it adds extra causes and context (""devido à intensa halocinese e a baixa resolução das seções sísmicas"" and ""de um rollover para outro"") that go beyond the expected concise target, but these do not distort the geological meaning.",0.14285714285714285,1.0,0.25,0.11764705882352941,1.0,0.21052631578947367,0.14285714285714285,1.0,0.25,0.0,0.29411764705882354,
resultados/petrobras-4-0-com-ontologia-embeddingfirst/batch_f4d1f3cd-3f2e-41ca-b5af-611ea21bcf46-completo.csv,graphrag,1555,O que foi dificultado para traçar sequências de alta frequência?,rastreamento dos refletores e marcadores,,O rastreamento difícil dos refletores e marcadores devido à intensa halocinese e a baixa resolução das seções sísmicas dificultaram traçar sequências de alta frequência.,1.0,"The score is 1.00 because the response stayed fully focused on what was asked about ""o que foi dificultado para traçar sequências de alta frequência"", with no irrelevant statements. Great job keeping it directly relevant and on point.",,Skipped: empty context.,,Skipped: empty context.,,Skipped: empty context.,0.9,"The actual output preserves the core expected content, explicitly mentioning ""rastreamento"" of ""refletores e marcadores"" as what was dificultado para traçar sequências de alta frequência. It adds extra causes (""intensa halocinese"" and ""baixa resolução das seções sísmicas"") that are not in the expected output, but these do not contradict the expected answer. Because the main meaning matches the test case and there is no clear factual contradiction, only a small deduction is warranted for added unsupported detail.",1.0,"The expected output identifies the essential element as 'rastreamento dos refletores e marcadores'. The actual output fully includes this core fact and correctly states that difficulty in tracking reflectors and markers hindered tracing high-frequency sequences. The added details about 'intensa halocinese' and 'baixa resolução das seções sísmicas' are extra but do not conflict with the expected answer, so all essential content is covered.",0.9,"The actual output aligns well with the expected geological content by correctly identifying ""rastreamento dos refletores e marcadores"" as the main factor. It uses appropriate domain terminology such as ""refletores"", ""marcadores"", ""halocinese"" and ""seções sísmicas"", which is semantically coherent for the question about tracing high-frequency sequences. A small penalty is warranted because it adds extra causal details (""intensa halocinese"" and ""baixa resolução"") that are not present in the expected output, though they do not misuse geological concepts.",0.9,"The actual output is semantically aligned with the expected output because it correctly identifies that what was dificultado was o rastreamento dos refletores e marcadores. It preserves the core geological entities and relation from the test case, and the added causes ('intensa halocinese' and 'baixa resolução das seções sísmicas') do not contradict the expected meaning. A small penalty applies because it is more detailed than the expected concise answer and adds information not required by the target output.",0.16666666666666666,1.0,0.2857142857142857,0.10344827586206896,0.75,0.18181818181818182,0.16666666666666666,1.0,0.2857142857142857,0.0,0.3448275862068966,
resultados/petrobras-4-0-com-ontologia-embeddingfirst/batch_f4d1f3cd-3f2e-41ca-b5af-611ea21bcf46-completo.csv,rag,1556,Quais são os preceitos utilizados para a utilização de um arcabouço estratigráfico de alta frequência na Sequência A?,"Moderna Estratigrafia (Catunea-nu, 2006; Catuneanu et al. 2009, Hunt e Tucker, 1992; VanWagoner et al., 1988; Galloway, 1989; Posamentier e Allen, 1999)",,"Os preceitos utilizados para a aplicação de um arcabouço estratigráfico de alta frequência na Sequência A incluem o uso das superfícies transgressivas ou de afogamento que recobrem os carbonatos de plataforma como limites de parassequências, seguindo a Moderna Estratigrafia conforme mencionado por autores como Catunea-nu e outros. As dificuldades de rastreamento e resolução sísmica limitaram o uso de descontinuidades erosivas em canais incisos como delimitadores de sequências.",1.0,"The score is 1.00 because the response appears fully relevant to the question, with no irrelevant statements identified. It stays focused on the preceitos utilizados para a utilização de um arcabouço estratigráfico de alta frequência na Sequência A, which supports the maximum score.",,Skipped: empty context.,,Skipped: empty context.,,Skipped: empty context.,0.8,"The actual output aligns well with the expected output by identifying 'Moderna Estratigrafia' as the governing preceito for the arcabouço estratigráfico de alta frequência na Sequência A, which is the core expected answer. It also adds plausible details about superfícies transgressivas, afogamento, and limitations from rastreamento sísmico, which are not contradicted by the expected output. However, it omits most of the specific cited references listed in the expected output (for example Hunt e Tucker, VanWagoner, Galloway, Posamentier e Allen) and includes extra explanatory content not required by the test case.",0.8,"The actual output captures the core expected element: that the preceitos are based on 'Moderna Estratigrafia' and even cites Catuneanu, which is the central fact in the expected output. It also adds related application details about superfícies transgressivas/afogamento and limits on using descontinuidades erosivas, which are not contradicted by the expected answer. However, it omits most of the specific referenced authors and works listed in the expected output, such as Hunt e Tucker, VanWagoner, Galloway, and Posamentier e Allen, so coverage of the full expected citation set is incomplete.",0.7,"The actual output uses appropriate geological language such as ""arcabouço estratigráfico de alta frequência"", ""superfícies transgressivas"", ""afogamento"", ""carbonatos de plataforma"", ""parassequências"" and ""canais incisos"", which aligns with the domain-focused evaluation criteria. It partially matches the expected output by explicitly citing ""Moderna Estratigrafia"" and referencing Catuneanu, but it diverges from the expected answer because it adds interpretive details about sequence boundaries and seismic-resolution limitations that are not present in the expected output, and it omits most of the specific references listed (Hunt e Tucker, Van Wagoner, Galloway, Posamentier e Allen). There is no major misuse of geological concepts, but the response is less precise than the expected citation-based answer.",0.8,"The actual output is semantically aligned with the expected output because it correctly identifies 'Moderna Estratigrafia' and references Catuneanu/Catunea-nu, which is the core expected preceito for the Sequência A. It also stays within the geological domain, discussing superfícies transgressivas, afogamento, parassequências, and limitations of descontinuidades erosivas, without introducing clear concept inversions. However, it goes beyond the expected output by adding methodological details not explicitly requested and omits several cited references listed in the expected answer, so alignment is strong but not exact.",0.07692307692307693,0.2608695652173913,0.11881188118811882,0.025974025974025976,0.09090909090909091,0.04040404040404041,0.07692307692307693,0.2608695652173913,0.11881188118811882,0.0,0.11235955056179774,
resultados/petrobras-4-0-com-ontologia-embeddingfirst/batch_f4d1f3cd-3f2e-41ca-b5af-611ea21bcf46-completo.csv,graphrag,1556,Quais são os preceitos utilizados para a utilização de um arcabouço estratigráfico de alta frequência na Sequência A?,"Moderna Estratigrafia (Catunea-nu, 2006; Catuneanu et al. 2009, Hunt e Tucker, 1992; VanWagoner et al., 1988; Galloway, 1989; Posamentier e Allen, 1999)",,"Os preceitos utilizados para a utilização de um arcabouço estratigráfico de alta frequência na Sequência A seguem a Moderna Estratigrafia conforme Catunea-nu (2006), Catuneanu et al. (2009), Hunt e Tucker (1992), VanWagoner et al. (1988), Galloway (1989) e Posamentier e Allen (1999).",1.0,"The score is 1.00 because the response appears fully focused on the question about the preceitos utilizados para a utilização de um arcabouço estratigráfico de alta frequência na Sequência A, with no irrelevant statements. Great job staying directly on topic.",,Skipped: empty context.,,Skipped: empty context.,,Skipped: empty context.,1.0,"The actual output matches the expected content for the input about the preceitos usados na Sequência A: it identifies 'Moderna Estratigrafia' and includes the same cited references (Catunea-nu/Catuneanu 2006; Catuneanu et al. 2009; Hunt e Tucker 1992; VanWagoner et al. 1988; Galloway 1989; Posamentier e Allen 1999). The differences are only stylistic, adding an introductory sentence and slightly changing punctuation, without introducing factual contradictions or omissions.",1.0,"The actual output fully captures the essential content from the expected output: it identifies the same preceito central, ""Moderna Estratigrafia,"" and includes the same key references (Catunea-nu/Catuneanu 2006; Catuneanu et al. 2009; Hunt e Tucker 1992; VanWagoner et al. 1988; Galloway 1989; Posamentier e Allen 1999). Although it adds introductory wording about the utilização de um arcabouço estratigráfico de alta frequência na Sequência A, there are no meaningful omissions relative to the expected output.",1.0,"The actual output aligns very closely with the expected output and uses appropriate geological terminology for the input, especially “arcabouço estratigráfico de alta frequência” and “Moderna Estratigrafia.” It correctly identifies the conceptual basis and cites the same key stratigraphic references listed in the expected output (Catuneanu, Hunt e Tucker, VanWagoner, Galloway, Posamentier e Allen). There are only minor formatting/name inconsistencies such as “Catunea-nu” and the added phrasing “seguem a,” but no misuse of geological concepts, stratigraphic relations, or reservoir/domain language.",1.0,"The actual output is semantically aligned with the expected output: it correctly identifies that the preceitos for the arcabouço estratigráfico de alta frequência na Sequência A follow the Moderna Estratigrafia and includes the same key references from the test case parameters (Catunea-nu/Catuneanu, 2006; Catuneanu et al., 2009; Hunt e Tucker, 1992; VanWagoner et al., 1988; Galloway, 1989; Posamentier e Allen, 1999). It preserves the intended geological concept and relation without introducing concept confusion or inverted roles; the added phrasing is explanatory but does not alter meaning.",0.4791666666666667,1.0,0.647887323943662,0.425531914893617,0.9090909090909091,0.5797101449275361,0.4791666666666667,1.0,0.647887323943662,0.0,0.6875000000000001,
resultados/petrobras-4-0-com-ontologia-embeddingfirst/batch_f4d1f3cd-3f2e-41ca-b5af-611ea21bcf46-completo.csv,rag,1557,Por que a utilização de um arcabouço estratigráfico de alta frequência para a Sequência A foi dificultada?,"pelo difícil rastreamento dos refletores e marcadores de um rollover para outro, principalmente no sentido dlp, em um intervalo estratigráfico dominado por intensa halocinese",,"A utilização do arcabouço estratigráfico de alta frequência para a Sequência A foi dificultada pelo difícil rastreamento dos refletores e marcadores entre rollovers devido à intensa halocinese, além da baixa resolução das seções sísmicas disponíveis, que não permitem discriminar padrões de terminação de refletores sísmicos nas ordens desejadas.",1.0,"The score is 1.00 because the answer appears fully relevant to the question, with no irrelevant statements identified. Great job staying focused on why the utilização de um arcabouço estratigráfico de alta frequência para a Sequência A foi dificultada.",,Skipped: empty context.,,Skipped: empty context.,,Skipped: empty context.,0.8,"The actual output captures the core expected point that the arcabouço foi dificultado pelo difícil rastreamento dos refletores e marcadores entre rollovers devido à intensa halocinese, which aligns well with the expected output. However, it omits the specific detail ""principalmente no sentido dlp"" from the test case and adds an extra reason about ""baixa resolução das seções sísmicas disponíveis"" and inability to discriminar padrões de terminação, which is not present in the expected output. These additions are not direct contradictions, but they go beyond the expected answer.",0.8,"The response captures the main expected cause: the difícil rastreamento dos refletores e marcadores entre rollovers devido à intensa halocinese in the Sequência A interval. It aligns with the core relation in the expected output, but omits the specific detail 'principalmente no sentido dlp' and adds an extra factor about baixa resolução das seções sísmicas that is not present in the expected output. Because the essential content is mostly covered, the alignment is strong but not complete.",0.9,"The response uses appropriate geological terminology and concepts, including 'arcabouço estratigráfico de alta frequência', 'refletores', 'marcadores', 'rollovers', 'halocinese' and 'seções sísmicas', which aligns well with the domain. It matches the expected interpretation that the main difficulty was tracking reflectors and markers from one rollover to another in an interval dominated by intense halokinesis. A minor shortcoming is that it omits the specific detail 'principalmente no sentido dlp' from the expected output and adds 'baixa resolução das seções sísmicas' and inability to discriminate reflector terminations, which are plausible but not present in the expected answer.",0.9,"The actual output is semantically very close to the expected answer: it correctly identifies the main cause as the difficult rastreamento dos refletores e marcadores entre rollovers devido à intensa halocinese in the relevant intervalo estratigráfico. It preserves the core geological entities and relation of causation. A small deduction is warranted because it omits the specific detail 'principalmente no sentido dlp' and adds an extra cause about baixa resolução das seções sísmicas and inability to discriminar padrões de terminação, which is not present in the expected output.",0.24193548387096775,0.5769230769230769,0.3409090909090909,0.14754098360655737,0.36,0.20930232558139533,0.1774193548387097,0.4230769230769231,0.25,0.0,0.3333333333333333,
resultados/petrobras-4-0-com-ontologia-embeddingfirst/batch_f4d1f3cd-3f2e-41ca-b5af-611ea21bcf46-completo.csv,graphrag,1557,Por que a utilização de um arcabouço estratigráfico de alta frequência para a Sequência A foi dificultada?,"pelo difícil rastreamento dos refletores e marcadores de um rollover para outro, principalmente no sentido dlp, em um intervalo estratigráfico dominado por intensa halocinese",,"A utilização de um arcabouço estratigráfico de alta frequência para a Sequência A foi dificultada pelo rastreamento difícil dos refletores e marcadores de um rollover para outro, especialmente em um intervalo dominado por intensa halocinese, além da baixa resolução das seções sísmicas que impossibilita a discriminação de padrões de terminação de refletores sísmicos nas 4a e 5a ordens e a não recorrência cíclica de descontinuidades erosivas nos perfis de poços.",1.0,"The score is 1.00 because the answer appears fully relevant to the question, with no irrelevant statements identified. It stays at the top score since it directly addresses why the utilização de um arcabouço estratigráfico de alta frequência para a Sequência A foi dificultada.",,Skipped: empty context.,,Skipped: empty context.,,Skipped: empty context.,0.7,"The actual output captures the core expected reason: 'difícil rastreamento dos refletores e marcadores de um rollover para outro' in a intervalo dominado por intensa halocinese, which aligns well with the expected output for Sequência A. However, it omits the specific detail 'principalmente no sentido dlp' and adds extra unsupported claims about baixa resolução sísmica, terminação de refletores nas 4a e 5a ordens, and não recorrência cíclica de descontinuidades erosivas, which are not present in the expected output. These additions create factual mismatch relative to the target answer, though the main point remains correct.",0.9,"The response captures the core expected cause: 'difícil rastreamento dos refletores e marcadores de um rollover para outro' in a stratigraphic interval dominated by 'intensa halocinese', which are the essential facts and relations from the expected output. It misses the specific detail 'principalmente no sentido dlp' and adds extra reasons about low seismic resolution and lack of cyclic erosive discontinuities that are not in the expected output, but these additions do not override the strong alignment on the main point.",0.8,"The response uses appropriate geological terminology and concepts, including 'arcabouço estratigráfico de alta frequência', 'refletores', 'marcadores', 'rollover', and 'halocinese', which aligns well with the domain. It correctly captures the core expected interpretation that the difficulty was due to hard tracing of reflectors and markers from one rollover to another in an interval dominated by intense halokinesis. However, it omits the specific directional detail 'principalmente no sentido dlp' from the expected output and adds extra causes—'baixa resolução das seções sísmicas', inability to identify reflector terminations of '4a e 5a ordens', and lack of cyclic erosive discontinuities in well logs—that are not supported by the expected answer. These additions are geologically coherent, but they reduce alignment with the expected entities and relations.",0.8,"The actual output matches the core expected geology: it correctly states that the high-frequency stratigraphic framework for Sequência A was hindered by the difícil rastreamento dos refletores e marcadores de um rollover para outro in an interval dominated by intensa halocinese. This preserves the main entities and causal relation from the expected output. However, it omits the specific directional detail 'principalmente no sentido dlp' and adds extra causes not present in the expected output, such as baixa resolução das seções sísmicas, inability to discriminate 4a e 5a ordens reflector terminations, and non-recurring erosive discontinuities in well logs. These additions do not invert the meaning, but they go beyond the expected semantic scope.",0.25,0.8461538461538461,0.38596491228070173,0.1724137931034483,0.6,0.26785714285714285,0.2159090909090909,0.7307692307692307,0.3333333333333333,0.0,0.42553191489361697,
resultados/petrobras-4-0-com-ontologia-embeddingfirst/batch_f4d1f3cd-3f2e-41ca-b5af-611ea21bcf46-completo.csv,rag,1558,O que as seções sísmicas disponíveis não apresentam para permitir discriminar padrões de terminação de refletores sísmicos na 4a e 5a ordens?,conteúdo de resolução suficientemente alto,,As seções sísmicas disponíveis não apresentam resolução suficientemente alta para discriminar padrões de terminação de refletores sísmicos na 4a e 5a ordens.,1.0,The score is 1.00 because the answer is fully relevant to the question and does not include irrelevant statements. It stays focused on what the seções sísmicas disponíveis não apresentam para permitir discriminar padrões de terminação de refletores sísmicos na 4a e 5a ordens—great job keeping it precise and on-topic.,,Skipped: empty context.,,Skipped: empty context.,,Skipped: empty context.,1.0,"The actual output matches the expected meaning for the input question: it states that the seções sísmicas disponíveis lack ""resolução suficientemente alta,"" which corresponds directly to the expected ""conteúdo de resolução suficientemente alto."" There is no factual contradiction, and the added phrasing about discriminar padrões de terminação de refletores sísmicos na 4a e 5a ordens is consistent with the input rather than a mistake. The response is slightly more verbose than the expected fragment but remains semantically aligned.",1.0,"The actual output captures the essential expected element from the test case: that the seções sísmicas disponíveis lack 'conteúdo de resolução suficientemente alto' to discriminate padrões de terminação de refletores sísmicos na 4a e 5a ordens. It correctly preserves the key relation between insufficient resolution and the inability to discriminate those patterns. The wording is slightly expanded but fully aligned, with no important omissions.",1.0,"The actual output aligns closely with the expected output by stating that the seções sísmicas lack 'resolução suficientemente alta', which matches 'conteúdo de resolução suficientemente alto'. It uses appropriate geological/seismic terminology such as 'seções sísmicas', 'terminação de refletores sísmicos', and '4a e 5a ordens' coherently and without misuse. The response preserves the intended relation from the input—what is missing to allow discrimination of reflector termination patterns—while adding only a minimal, semantically consistent reformulation.",1.0,"The actual output is semantically well aligned with the expected output: it identifies that the missing element in the seismic sections is sufficiently high resolution, which directly matches ""conteúdo de resolução suficientemente alto"". It preserves the key geological concept of seções sísmicas and the relation to discriminating reflector termination patterns in 4a e 5a ordens. A small weakness is that it adds explanatory wording (""para discriminar padrões de terminação de refletores sísmicos"") rather than staying as concise as the expected phrase, but this does not introduce concept confusion or wrong domain meaning.",0.13333333333333333,0.5714285714285714,0.21621621621621623,0.06896551724137931,0.3333333333333333,0.1142857142857143,0.1,0.42857142857142855,0.16216216216216217,0.0,0.22222222222222218,
resultados/petrobras-4-0-com-ontologia-embeddingfirst/batch_f4d1f3cd-3f2e-41ca-b5af-611ea21bcf46-completo.csv,graphrag,1558,O que as seções sísmicas disponíveis não apresentam para permitir discriminar padrões de terminação de refletores sísmicos na 4a e 5a ordens?,conteúdo de resolução suficientemente alto,,As seções sísmicas disponíveis não apresentam conteúdo de resolução suficientemente alto para permitir discriminar padrões de terminação de refletores sísmicos na 4a e 5a ordens.,1.0,"The score is 1.00 because the answer appears fully relevant to the question, with no irrelevant statements identified. It stays at the maximum score since it directly addresses what the input asks about in a focused way.",,Skipped: empty context.,,Skipped: empty context.,,Skipped: empty context.,1.0,"The actual output matches the expected content exactly in meaning for the input question: it states that the seções sísmicas disponíveis lack ""conteúdo de resolução suficientemente alto,"" which is the expected answer. There are no factual contradictions or mistakes, and the additional surrounding phrasing is harmless because it preserves the same meaning requested by the test case.",1.0,"The actual output fully covers the essential expected element from the test case: it states that the seções sísmicas disponíveis lack ""conteúdo de resolução suficientemente alto,"" which is exactly the key fact asked by the input and expected output. It adds surrounding context from the question about discriminar padrões de terminação de refletores sísmicos na 4a e 5a ordens, but this does not reduce alignment.",1.0,"The response aligns very well with the expected geological content: it correctly identifies the missing factor as “conteúdo de resolução suficientemente alto,” which is exactly the expected output. It uses appropriate domain terminology from the input, including “seções sísmicas,” “refletores sísmicos,” and “4a e 5a ordens,” without introducing incorrect lithologic, stratigraphic, or reservoir concepts. The only minor issue is that it restates the full sentence rather than giving just the target phrase.",1.0,"The actual output matches the expected meaning exactly: for the input asking what the available seismic sections do not present, it correctly identifies ""conteúdo de resolução suficientemente alto"" and preserves the geological context about discriminating reflector termination patterns in the 4th and 5th orders. It stays aligned with the domain concepts and relations, adding only harmless sentence framing without semantic distortion.",0.20588235294117646,1.0,0.34146341463414637,0.18181818181818182,1.0,0.3076923076923077,0.20588235294117646,1.0,0.34146341463414637,0.0,0.33333333333333337,
resultados/petrobras-4-0-com-ontologia-embeddingfirst/batch_f4d1f3cd-3f2e-41ca-b5af-611ea21bcf46-completo.csv,rag,1559,Por que as descontinuidades erosivas registradas nos canais incisos não puderam ser utilizadas como superfícies delimitadoras de sequências de alta frequência?,"não ocorrem, nos poços analisados, de forma cíclica, impossibilitando sua utilização como superfícies delimitadoras de sequências de alta frequência",,As descontinuidades erosivas registradas nos canais incisos não puderam ser utilizadas como superfícies delimitadoras de sequências de alta frequência porque não ocorrem de forma cíclica nos poços analisados.,1.0,"The score is 1.00 because the answer appears fully focused on explaining why the erosive discontinuities in the incised channels could not be used as high-frequency sequence-bounding surfaces, with no irrelevant statements identified. Strong, directly relevant response.",,Skipped: empty context.,,Skipped: empty context.,,Skipped: empty context.,1.0,"The actual output matches the expected meaning closely for the given input: it states that the erosive discontinuities in the incised channels could not be used because they do not occur cyclically in the analyzed wells. It preserves the key details from the expected output, including ""nos poços analisados"" and the consequence of being unsuitable as ""superfícies delimitadoras de sequências de alta frequência."" There are no factual contradictions or mistakes; differences are only stylistic and do not change the meaning.",1.0,"The actual output captures all essential elements from the expected output: it states that the descontinuidades erosivas nos canais incisos could not be used as superfícies delimitadoras de sequências de alta frequência because they do not occur de forma cíclica nos poços analisados. It preserves the key entities, relation, and causal explanation with no important omissions.",1.0,"The actual output aligns almost exactly with the expected output: it correctly states that the erosive discontinuities in incised channels could not delimit high-frequency sequences because they do not occur cyclically in the analyzed wells. It uses appropriate geological terms such as ""descontinuidades erosivas"", ""canais incisos"", ""poços analisados"", and ""superfícies delimitadoras de sequências de alta frequência"" with no misuse of stratigraphic or geological concepts.",1.0,"The actual output is semantically equivalent to the expected output: it states that the descontinuidades erosivas nos canais incisos could not be used as superfícies delimitadoras de sequências de alta frequência because they do not occur de forma cíclica nos poços analisados. It preserves the correct geological entities, causal relation, and domain meaning without role inversion or concept confusion.",0.6571428571428571,0.8846153846153846,0.7540983606557377,0.5294117647058824,0.72,0.6101694915254237,0.37142857142857144,0.5,0.42622950819672134,0.0,0.6808510638297872,
resultados/petrobras-4-0-com-ontologia-embeddingfirst/batch_f4d1f3cd-3f2e-41ca-b5af-611ea21bcf46-completo.csv,graphrag,1559,Por que as descontinuidades erosivas registradas nos canais incisos não puderam ser utilizadas como superfícies delimitadoras de sequências de alta frequência?,"não ocorrem, nos poços analisados, de forma cíclica, impossibilitando sua utilização como superfícies delimitadoras de sequências de alta frequência",,"As descontinuidades erosivas nos canais incisos não puderam ser utilizadas como superfícies delimitadoras de sequências de alta frequência porque, nos poços analisados, essas descontinuidades não ocorrem de forma cíclica.",1.0,"The score is 1.00 because the response stayed fully focused on explaining why the erosive discontinuities in the incised channels could not be used as high-frequency sequence-bounding surfaces, with no irrelevant statements. Great job keeping it directly aligned with the question.",,Skipped: empty context.,,Skipped: empty context.,,Skipped: empty context.,1.0,"The actual output matches the expected meaning closely: it states that the descontinuidades erosivas, nos poços analisados, não ocorrem de forma cíclica, which is exactly the reason they could not be used as superfícies delimitadoras de sequências de alta frequência. There are no factual contradictions or mistakes; the added phrasing ('porque') is only a harmless stylistic difference.",1.0,"The actual output captures all essential elements from the expected output: it states that the descontinuidades erosivas nos canais incisos, nos poços analisados, não ocorrem de forma cíclica and explicitly links this to the impossibility of using them as superfícies delimitadoras de sequências de alta frequência. The wording is slightly expanded with 'porque', but no important information is omitted.",1.0,"The actual output is fully aligned with the expected geological interpretation: it correctly states that the descontinuidades erosivas in canais incisos cannot define sequências de alta frequência because they do not occur cyclically nos poços analisados. It uses appropriate stratigraphic terminology such as 'superfícies delimitadoras', 'sequências de alta frequência', and 'descontinuidades erosivas', with no misuse of geological concepts or relations.",1.0,"The actual output is semantically equivalent to the expected output for the question about why descontinuidades erosivas nos canais incisos could not be used as superfícies delimitadoras de sequências de alta frequência. It preserves the key geological entities and relation: in the poços analisados, the descontinuidades do not occur de forma cíclica, which prevents their use as sequence-bounding surfaces. There is no concept confusion, inversion, or misuse of domain-specific meaning, and the slight rephrasing remains fully aligned.",0.6388888888888888,0.8846153846153846,0.7419354838709676,0.5142857142857142,0.72,0.6,0.3611111111111111,0.5,0.4193548387096774,0.0,0.6666666666666666,
resultados/petrobras-4-0-com-ontologia-embeddingfirst/batch_f4d1f3cd-3f2e-41ca-b5af-611ea21bcf46-completo.csv,rag,1560,"O que foi utilizado como limites de parassequências, compostas por uma sucessão basal transgressiva e uma sucessão superior regressiva?",as superfícies transgressivas ou de afogamento que recobrem os carbonatos de plataforma,,Foram utilizadas superfícies transgressivas ou de afogamento como limites de parassequências.,1.0,"The score is 1.00 because the answer stayed fully focused on what was asked about os limites de parassequências, without adding irrelevant information. Great job keeping it precise and directly relevant.",,Skipped: empty context.,,Skipped: empty context.,,Skipped: empty context.,0.8,"The actual output matches the core expected idea for the input about limites de parassequências: it correctly identifies ""superfícies transgressivas ou de afogamento"". However, it omits the specific qualifier from the expected output, ""que recobrem os carbonatos de plataforma"", so it is less complete than expected. There are no factual contradictions, but the missing detail prevents a perfect alignment.",0.7,"The actual output captures the core entities and relation from the expected answer—""superfícies transgressivas ou de afogamento"" as the limits of parassequências for the asked input. However, it omits the important qualifying detail from the expected output that these surfaces ""recobrem os carbonatos de plataforma,"" so coverage is only partial.",0.8,"The actual output uses correct geological terminology for parassequências and identifies the key boundary surfaces as ""superfícies transgressivas ou de afogamento,"" which aligns well with the expected interpretation. However, it omits the important stratigraphic detail from the expected output that these surfaces ""recobrem os carbonatos de plataforma,"" so the relation to the carbonate platform context is incomplete.",0.9,"The actual output is semantically well aligned with the expected answer: it correctly identifies “superfícies transgressivas ou de afogamento” as the limits of parassequences, preserving the key geological entities and relation asked in the input. It is concise but still captures the intended concept. The main shortcoming is omission of the specific detail from the expected output that these surfaces “recobrem os carbonatos de plataforma,” so it is slightly less complete.",0.5384615384615384,0.5384615384615384,0.5384615384615384,0.4166666666666667,0.4166666666666667,0.4166666666666667,0.5384615384615384,0.5384615384615384,0.5384615384615384,0.0,0.5217391304347826,
resultados/petrobras-4-0-com-ontologia-embeddingfirst/batch_f4d1f3cd-3f2e-41ca-b5af-611ea21bcf46-completo.csv,graphrag,1560,"O que foi utilizado como limites de parassequências, compostas por uma sucessão basal transgressiva e uma sucessão superior regressiva?",as superfícies transgressivas ou de afogamento que recobrem os carbonatos de plataforma,,Os limites de parassequências foram definidos pelo uso das superfícies transgressivas ou de afogamento que recobrem os carbonatos de plataforma.,1.0,"The score is 1.00 because the response stayed fully focused on what was asked about the limits of parassequências, with no irrelevant statements. Great job keeping it precise and completely aligned with the input.",,Skipped: empty context.,,Skipped: empty context.,,Skipped: empty context.,1.0,"The actual output matches the expected content exactly in meaning for the input about os limites de parassequências: it identifies ""as superfícies transgressivas ou de afogamento que recobrem os carbonatos de plataforma"". The only difference is harmless wording around the phrase (""Os limites de parassequências foram definidos pelo uso de...""), with no factual contradiction or mistake.",1.0,"The response fully captures the essential expected content for the question about the limits of parassequências: it identifies ""as superfícies transgressivas ou de afogamento"" and specifies that they ""recobrem os carbonatos de plataforma."" The only difference is added framing like ""foram definidos pelo uso,"" which does not change meaning, so coverage is complete and concise.",1.0,"The response aligns very well with the expected geological interpretation: it identifies parasequence boundaries as ""superfícies transgressivas ou de afogamento"" overlying ""carbonatos de plataforma,"" which matches the expected output exactly in entities and relations. It uses appropriate stratigraphic terminology such as ""limites de parassequências,"" ""transgressivas,"" and ""afogamento,"" with no misuse of lithologic or reservoir concepts. The only minor difference is added introductory wording (""foram definidos pelo uso""), which does not change the geological meaning.",1.0,The actual output is semantically aligned with the expected output: it correctly identifies 'as superfícies transgressivas ou de afogamento que recobrem os carbonatos de plataforma' as the limits of the parassequences mentioned in the input. It preserves the key geological entities and relations without inversion or concept confusion; the added phrasing ('foram definidos pelo uso das') is harmless and does not change the intended meaning.,0.5454545454545454,0.9230769230769231,0.6857142857142856,0.5238095238095238,0.9166666666666666,0.6666666666666667,0.5454545454545454,0.9230769230769231,0.6857142857142856,0.0,0.6874999999999999,
resultados/petrobras-4-0-com-ontologia-embeddingfirst/batch_f4d1f3cd-3f2e-41ca-b5af-611ea21bcf46-completo.csv,rag,1562,O que dificultou a utilização de um arcabouço estratigráfico de alta frequência para a Sequência A?,"o difícil rastreamento dos refletores e marcadores de um rollover para outro, principalmente no sentido dlp, em um intervalo estratigráfico dominado por intensa halocinese",,"A utilização de um arcabouço estratigráfico de alta frequência para a Sequência A foi dificultada pelo difícil rastreamento dos refletores e marcadores entre rollovers, causados por intensa halocinese, e pela baixa resolução das seções sísmicas disponíveis, que impede a discriminação de padrões de terminação de refletores sísmicos nas ordens 4ª e 5ª.",1.0,"The score is 1.00 because the response stays fully focused on what dificultou a utilização de um arcabouço estratigráfico de alta frequência para a Sequência A, with no irrelevant statements. It directly addresses the question clearly and completely—great job.",,Skipped: empty context.,,Skipped: empty context.,,Skipped: empty context.,0.8,"The actual output matches the core expected point: it says the Sequência A framework was hindered by the difficult tracing of refletores e marcadores entre rollovers due to intensa halocinese, which aligns well with the expected output. However, it omits the specific detail 'principalmente no sentido dlp' and adds an extra reason about 'baixa resolução das seções sísmicas' and inability to discriminate 4ª e 5ª ordens, which is not present in the expected output. These additions are not direct contradictions, but they go beyond the expected answer.",0.9,"The response captures the main expected cause: the difficult tracing of refletores e marcadores entre rollovers in a intervalo dominado por intensa halocinese, which is the core relation asked in the input about Sequência A. It also preserves the relevant entities and causal link. A small deduction is warranted because it omits the specific detail 'principalmente no sentido dlp' from the expected output, while adding an extra factor about baixa resolução sísmica that is not in the expected answer.",0.8,"The actual output uses appropriate geological terminology such as 'arcabouço estratigráfico de alta frequência', 'refletores', 'marcadores', 'rollovers', 'halocinese' and 'seções sísmicas', showing good domain coherence. It matches the expected interpretation that the main difficulty was tracking reflectors and markers between rollovers in a halokinesis-dominated interval. However, it omits the specific detail 'principalmente no sentido dlp' from the expected output and adds an extra cause—'baixa resolução das seções sísmicas' and inability to resolve 4ª e 5ª ordens—that is not present in the expected answer, so alignment is strong but not exact.",0.8,"The actual output is semantically close to the expected answer: it correctly identifies that the main difficulty for applying a high-frequency stratigraphic framework to a Sequência A was the hard tracing of refletores e marcadores entre rollovers due to intensa halocinese. This preserves the core geological entities and causal relation from the expected output. However, it omits the specific directional detail 'principalmente no sentido dlp' and adds an extra factor, 'baixa resolução das seções sísmicas' and inability to discriminate 4ª e 5ª ordem terminations, which is not present in the expected output. These additions do not invert the meaning, but they reduce alignment with the target answer.",0.25757575757575757,0.6538461538461539,0.3695652173913043,0.15384615384615385,0.4,0.2222222222222222,0.18181818181818182,0.46153846153846156,0.26086956521739135,0.0,0.34210526315789475,
resultados/petrobras-4-0-com-ontologia-embeddingfirst/batch_f4d1f3cd-3f2e-41ca-b5af-611ea21bcf46-completo.csv,graphrag,1562,O que dificultou a utilização de um arcabouço estratigráfico de alta frequência para a Sequência A?,"o difícil rastreamento dos refletores e marcadores de um rollover para outro, principalmente no sentido dlp, em um intervalo estratigráfico dominado por intensa halocinese",,"A utilização do arcabouço estratigráfico de alta frequência para a Sequência A foi dificultada devido ao difícil rastreamento dos refletores e marcadores de um rollover para outro em intervalos com intensa halocinese, além da baixa resolução das seções sísmicas que não permitem discriminar padrões de terminação de refletores sísmicos em ordens menores. Essas dificuldades impossibilitam um estudo sismoestratigráfico apurado e o uso de descontinuidades erosivas como superfícies delimitadoras.",1.0,"The score is 1.00 because the response stayed fully focused on what dificultou a utilização de um arcabouço estratigráfico de alta frequência para a Sequência A, with no irrelevant statements. Great job keeping it directly aligned with the question.",,Skipped: empty context.,,Skipped: empty context.,,Skipped: empty context.,0.8,"The actual output captures the core expected point: the utilização foi dificultada pelo difícil rastreamento dos refletores e marcadores de um rollover para outro em um intervalo com intensa halocinese, which matches the expected output closely. It adds extra details about baixa resolução sísmica, padrões de terminação e descontinuidades erosivas that are not in the expected output; these are not direct contradictions, but they go beyond the provided answer. A small omission is that it does not mention especificamente 'principalmente no sentido dlp' from the expected output.",0.9,"The actual output captures the core expected cause: 'difícil rastreamento dos refletores e marcadores de um rollover para outro' in an interval with 'intensa halocinese', which are the essential facts asked by the input. It also correctly ties this to the difficulty of using a high-frequency stratigraphic framework for a Sequência A. However, it omits the specific detail 'principalmente no sentido dlp' from the expected output and adds extra information about low seismic resolution and termination patterns that is not required by the expected answer.",0.9,"The actual output uses appropriate geological and seismic-stratigraphic terminology, including 'arcabouço estratigráfico de alta frequência', 'refletores', 'marcadores', 'rollover', 'halocinese', and 'seções sísmicas'. It matches the expected core interpretation that the main difficulty was the difficult tracking of reflectors and markers from one rollover to another in an interval dominated by intense halocinese. It also adds a coherent domain-specific limitation about low seismic resolution and inability to identify smaller-order reflector terminations, which is semantically plausible, though this detail is not present in the expected output. A minor shortcoming is the omission of the specific directional detail 'principalmente no sentido dlp' from the expected answer.",0.9,"The actual output is semantically well aligned with the expected answer: it correctly identifies the main cause as the difícil rastreamento dos refletores e marcadores de um rollover para outro in a intervalo com intensa halocinese. It preserves the key geological entities and causal relation asked in the input about why the arcabouço estratigráfico de alta frequência was difficult to use for a Sequência A. A small deduction is appropriate because it omits the specific directional detail 'principalmente no sentido dlp' and adds extra information about baixa resolução sísmica, terminação de refletores, and descontinuidades erosivas that are not in the expected output, though these additions do not invert or confuse the core geology.",0.23809523809523808,0.7692307692307693,0.36363636363636365,0.1566265060240964,0.52,0.24074074074074076,0.20238095238095238,0.6538461538461539,0.3090909090909091,0.0,0.3695652173913044,
resultados/petrobras-4-0-com-ontologia-embeddingfirst/batch_f4d1f3cd-3f2e-41ca-b5af-611ea21bcf46-completo.csv,rag,1563,O que poderia auxiliar na determinação das principais superfícies estratigráficas correlativas às flutuações do nível de base?,padrões de terminação de refletores sísmicos na 4a e 5a ordens,,"Padrões de terminação de refletores sísmicos, se perceptíveis, poderiam auxiliar na determinação das principais superfícies estratigráficas correlativas às flutuações do nível de base.",1.0,"The score is 1.00 because the response stayed fully focused on what could help determine the main stratigraphic surfaces correlated with base-level fluctuations, with no irrelevant statements. Great job keeping it precise and directly aligned with the question.",,Skipped: empty context.,,Skipped: empty context.,,Skipped: empty context.,0.7,"The actual output matches the core expected idea by identifying ""Padrões de terminação de refletores sísmicos"" as the factor that auxilia na determinação das superfícies estratigráficas. However, it omits the specific detail from the expected output that this applies ""na 4a e 5a ordens"" and adds the qualifier ""se perceptíveis,"" which is not in the expected answer. There is no strong factual contradiction, but the missing key parameter detail prevents a high alignment score.",0.9,"The actual output captures the core expected element: ""padrões de terminação de refletores sísmicos"" as the factor that auxilia na determinação das principais superfícies estratigráficas correlativas às flutuações do nível de base. It aligns well with the input question and preserves the main relation. However, it omits the specific detail from the expected output that these padrões are ""na 4a e 5a ordens"", which is an important parameter and prevents a perfect match.",0.8,"The response uses appropriate geological terminology and concepts, correctly invoking 'padrões de terminação de refletores sísmicos' and linking them to 'superfícies estratigráficas' and 'flutuações do nível de base', which is semantically coherent and domain-appropriate. It aligns well with the expected entity and relation, but it omits the key specificity from the expected output: 'na 4a e 5a ordens'. Because the answer is geologically correct yet less precise than expected, it deserves a high but not perfect score.",0.9,"The actual output is semantically well aligned with the expected output because it identifies ""padrões de terminação de refletores sísmicos"" as the element that auxilia na determinação das principais superfícies estratigráficas correlativas às flutuações do nível de base. It preserves the correct geological concept and relation from the input. The main shortcoming is that it omits the specific detail from the expected output, ""na 4a e 5a ordens"", and adds a conditional qualifier, ""se perceptíveis"", which is not present in the expected answer.",0.3125,0.7142857142857143,0.43478260869565216,0.25806451612903225,0.6153846153846154,0.36363636363636365,0.3125,0.7142857142857143,0.43478260869565216,0.0,0.411764705882353,
resultados/petrobras-4-0-com-ontologia-embeddingfirst/batch_f4d1f3cd-3f2e-41ca-b5af-611ea21bcf46-completo.csv,graphrag,1563,O que poderia auxiliar na determinação das principais superfícies estratigráficas correlativas às flutuações do nível de base?,padrões de terminação de refletores sísmicos na 4a e 5a ordens,,"Os padrões de terminação de refletores sísmicos, se perceptíveis, poderiam auxiliar na determinação das principais superfícies estratigráficas correlativas às flutuações do nível de base.",1.0,"The score is 1.00 because the response appears fully focused on what could help determine the main stratigraphic surfaces correlated with base-level fluctuations, with no irrelevant statements. Great job staying directly on topic.",,Skipped: empty context.,,Skipped: empty context.,,Skipped: empty context.,0.9,"The actual output aligns closely with the expected output by identifying 'padrões de terminação de refletores sísmicos' as the key aid in determining the main stratigraphic surfaces related to base-level fluctuations. It preserves the core meaning from the test case input and adds only a harmless qualifier ('se perceptíveis') and explanatory phrasing. The main shortcoming is that it omits the specific detail 'na 4a e 5a ordens' present in the expected output, so it is slightly less precise.",0.9,"The actual output captures the core expected element: ""padrões de terminação de refletores sísmicos"" as the factor that auxilia na determinação das principais superfícies estratigráficas correlativas às flutuações do nível de base. It is well aligned with the input question and preserves the main relation. However, it omits the specific detail from the expected output that these are ""na 4a e 5a ordens,"" which is an important parameter and should reduce the score.",0.8,"The actual output uses appropriate geological terminology and a coherent stratigraphic interpretation, correctly identifying ""padrões de terminação de refletores sísmicos"" as evidence for correlating superfícies estratigráficas linked to flutuações do nível de base. This aligns well with the expected output in entity and relation. However, it omits the key specificity from the expected answer—""na 4a e 5a ordens""—and adds the qualifier ""se perceptíveis,"" which is not incorrect but makes the response less precise relative to the target.",0.8,"The actual output is semantically well aligned with the expected output because it identifies 'padrões de terminação de refletores sísmicos' as the key element that auxilia na determinação das superfícies estratigráficas correlativas às flutuações do nível de base. It preserves the core geological concept and relation asked in the input. However, it omits the specific detail from the expected output that these padrões are 'na 4a e 5a ordens' and adds the qualifier 'se perceptíveis', which is not present in the expected answer. These differences reduce completeness but do not introduce major geological confusion or inverted relations.",0.30303030303030304,0.7142857142857143,0.42553191489361697,0.25,0.6153846153846154,0.35555555555555557,0.30303030303030304,0.7142857142857143,0.42553191489361697,0.0,0.4,
resultados/petrobras-4-0-com-ontologia-embeddingfirst/batch_f4d1f3cd-3f2e-41ca-b5af-611ea21bcf46-completo.csv,rag,1564,O que não ocorrem de forma cíclica nos poços analisados?,descontinuidades erosivas registradas nos canais incisos,,As descontinuidades erosivas registradas nos canais incisos não ocorrem de forma cíclica nos poços analisados.,1.0,"The score is 1.00 because the answer is fully relevant to the question and stays focused on what ""não ocorrem de forma cíclica nos poços analisados"", with no irrelevant statements. Great job keeping it precise and on-topic.",,Skipped: empty context.,,Skipped: empty context.,,Skipped: empty context.,1.0,"The actual output matches the expected content for the input by correctly identifying ""descontinuidades erosivas registradas nos canais incisos"" as what does not occur cyclically in the analyzed wells. The added phrasing ""As"" and ""não ocorrem de forma cíclica nos poços analisados"" is harmless restatement of the question context, with no factual contradiction or mistake relative to the expected output.",1.0,"The actual output correctly includes all essential content from the expected output: it identifies ""descontinuidades erosivas registradas nos canais incisos"" as the thing that does not occur cyclically in the analyzed wells. It also aligns with the input question by adding ""não ocorrem de forma cíclica nos poços analisados,"" which is consistent and not an omission. There are no missing key entities or relations.",1.0,"The actual output matches the expected geological entity exactly in meaning: it identifies “descontinuidades erosivas registradas nos canais incisos” as what does not occur cyclically in the analyzed wells. It uses appropriate geological terminology (“descontinuidades erosivas”, “canais incisos”, “poços analisados”) with correct domain relations and no misuse of lithologic, stratigraphic, facies, or reservoir concepts. The only difference is added sentence framing, which remains semantically coherent and fully aligned with the expected output.",1.0,"The actual output is semantically aligned with the expected output: it identifies ""descontinuidades erosivas registradas nos canais incisos"" as the thing that does not occur cyclically in the analyzed wells. It preserves the correct geological entities and relations from the input, with no concept confusion, inverted roles, or domain misuse. The added phrase ""não ocorrem de forma cíclica nos poços analisados"" correctly restates the question context without changing meaning.",0.3333333333333333,1.0,0.5,0.29411764705882354,1.0,0.45454545454545453,0.3333333333333333,1.0,0.5,0.0,0.5714285714285715,
resultados/petrobras-4-0-com-ontologia-embeddingfirst/batch_f4d1f3cd-3f2e-41ca-b5af-611ea21bcf46-completo.csv,graphrag,1564,O que não ocorrem de forma cíclica nos poços analisados?,descontinuidades erosivas registradas nos canais incisos,,As descontinuidades erosivas não ocorrem de forma cíclica nos poços analisados.,1.0,"The score is 1.00 because the answer appears fully relevant to the question, with no irrelevant statements identified. Great job staying focused on what was asked.",,Skipped: empty context.,,Skipped: empty context.,,Skipped: empty context.,0.7,"The actual output correctly identifies ""descontinuidades erosivas"" as the item that does not occur cyclically in the analyzed wells, which matches the core meaning of the expected output. However, it omits the important detail from the expected answer that they are ""registradas nos canais incisos"" and adds ""nos poços analisados"" from the question instead. This is a partial match with no clear factual contradiction, but it is less specific than expected.",0.8,"The actual output captures the core expected element, identifying ""descontinuidades erosivas"" as what does not occur cyclically in the analyzed wells. It aligns with the question and preserves the main fact, but it omits the expected detail that these are ""registradas nos canais incisos,"" which is a relevant qualifier from the expected output.",0.9,"The actual output uses appropriate geological terminology, especially ""descontinuidades erosivas,"" and correctly answers what does not occur cyclically in the analyzed wells. It is semantically coherent and aligned with the expected geological concept. However, it omits the expected contextual detail ""registradas nos canais incisos,"" so the relation to the specific depositional/geomorphological setting is less precise than expected.",0.8,"The actual output is semantically close to the expected answer because it correctly identifies ""descontinuidades erosivas"" as what does not occur cyclically in the analyzed wells. It preserves the core geological concept and relation asked in the input. However, it omits the expected qualifier ""registradas nos canais incisos,"" so it loses some domain-specific specificity about where these discontinuities are associated, which prevents a perfect alignment.",0.21428571428571427,0.5,0.3,0.07692307692307693,0.2,0.1111111111111111,0.21428571428571427,0.5,0.3,0.0,0.3529411764705882,
resultados/petrobras-4-0-com-ontologia-embeddingfirst/batch_f4d1f3cd-3f2e-41ca-b5af-611ea21bcf46-completo.csv,rag,1565,O que foram usadas como limites de parassequências?,superfícies transgressivas ou de afogamento que recobrem os carbonatos de plataforma,,Foram usadas superfícies transgressivas ou de afogamento como limites de parassequências.,1.0,"The score is 1.00 because the response stayed fully focused on answering “O que foram usadas como limites de parassequências?” with no irrelevant statements, so it is completely relevant and deserves the highest score.",,Skipped: empty context.,,Skipped: empty context.,,Skipped: empty context.,0.8,"The actual output matches the core expected content by identifying 'superfícies transgressivas ou de afogamento' as the limits of parassequências, so the main meaning is correct. However, it omits the specific detail from the expected output that these surfaces 'recobrem os carbonatos de plataforma', which makes it incomplete relative to the test case. There are no clear factual contradictions, just a missing qualifying detail.",0.7,"The actual output captures the main entities and relation from the expected answer by identifying “superfícies transgressivas ou de afogamento” as the limites de parassequências. However, it omits the important qualifying detail from the expected output that these surfaces “recobrem os carbonatos de plataforma,” so it does not fully cover all essential information from the test case.",0.8,"The response uses correct geological terminology, especially 'superfícies transgressivas' and 'afogamento', and correctly identifies them as limites de parassequências, which aligns well with the expected interpretation. However, it omits the key stratigraphic detail from the expected output that these surfaces 'recobrem os carbonatos de plataforma', so it is accurate but less precise and complete than expected.",0.8,"The response captures the core geological semantics by identifying “superfícies transgressivas ou de afogamento” as the limits of parassequences, which matches the expected entities and relation for the question. However, it omits the important qualifier from the expected output that these surfaces “recobrem os carbonatos de plataforma,” so it is semantically incomplete despite remaining conceptually correct and concise.",0.5384615384615384,0.5833333333333334,0.5599999999999999,0.4166666666666667,0.45454545454545453,0.43478260869565216,0.5384615384615384,0.5833333333333334,0.5599999999999999,0.0,0.5454545454545454,
resultados/petrobras-4-0-com-ontologia-embeddingfirst/batch_f4d1f3cd-3f2e-41ca-b5af-611ea21bcf46-completo.csv,graphrag,1565,O que foram usadas como limites de parassequências?,superfícies transgressivas ou de afogamento que recobrem os carbonatos de plataforma,,Superfícies transgressivas ou de afogamento foram usadas como limites de parassequências.,1.0,"The score is 1.00 because the answer appears fully relevant to the question ""O que foram usadas como limites de parassequências?"" and there are no irrelevant statements listed. Great job staying focused and directly on topic.",,Skipped: empty context.,,Skipped: empty context.,,Skipped: empty context.,0.7,"The actual output captures the main idea from the expected output for the input about limites de parassequências, correctly identifying “superfícies transgressivas ou de afogamento.” However, it omits the important qualifier from the expected output that these surfaces “recobrem os carbonatos de plataforma.” There is no factual contradiction, but the response is incomplete relative to the expected detail.",0.6,"The actual output captures the main entities and relation that the limits of parassequências were 'superfícies transgressivas ou de afogamento', which aligns with the core of the expected output. However, it omits the important qualifier from the expected answer that these surfaces 'recobrem os carbonatos de plataforma', so it misses a key detail from the test case and should be penalized for that omission.",0.8,"The actual output uses appropriate geological terminology, correctly identifying 'superfícies transgressivas' and 'afogamento' as parasequence-bounding surfaces, which aligns well with the expected interpretation. However, it omits the key stratigraphic detail from the expected output that these surfaces 'recobrem os carbonatos de plataforma', so the relation to the platform carbonates is incomplete.",0.8,"The actual output is semantically close to the expected answer because it correctly identifies 'superfícies transgressivas ou de afogamento' as the limits of parassequences. It preserves the main geological entities and relation asked in the input. However, it omits the important qualifier from the expected output that these surfaces 'recobrem os carbonatos de plataforma', so some geological specificity is missing.",0.5384615384615384,0.5833333333333334,0.5599999999999999,0.4166666666666667,0.45454545454545453,0.43478260869565216,0.5384615384615384,0.5833333333333334,0.5599999999999999,0.0,0.5454545454545454,
resultados/petrobras-4-0-com-ontologia-embeddingfirst/batch_f4d1f3cd-3f2e-41ca-b5af-611ea21bcf46-completo.csv,rag,1566,Qual é a parte mais superior da Formação Pendência?,a Seqüência K40,,A parte mais superior da Formação Pendência é a Seqüência K40.,1.0,"The score is 1.00 because the response is fully relevant to the question and directly addresses qual é a parte mais superior da Formação Pendência, without adding any irrelevant information. Great job staying focused and precise.",,Skipped: empty context.,,Skipped: empty context.,,Skipped: empty context.,1.0,The actual output matches the expected content for the input 'Qual é a parte mais superior da Formação Pendência?' by correctly identifying 'a Seqüência K40'. The differences are only stylistic—added framing text and capitalization—and there is no factual contradiction or mistake relative to the expected output.,1.0,"The actual output correctly identifies the key expected element for the input question, namely ""a Seqüência K40"" as the parte mais superior da Formação Pendência. It includes the essential entity and relation from the expected output, with only extra harmless wording, so there are no important omissions.",1.0,"The response aligns very well with the expected geological interpretation: it correctly identifies the most superior part of the Formação Pendência as a Seqüência K40, matching the expected output. It uses appropriate stratigraphic terminology ('Formação', 'Seqüência') and preserves the correct geological relation requested in the input. The only minor shortcoming is added wording beyond the minimal expected phrase, but this does not introduce any geological inaccuracy.",1.0,"The actual output is semantically fully aligned with the expected output: it correctly identifies the parte mais superior da Formação Pendência as ""Seqüência K40"". It preserves the key geological entity and relation from the test case, with no concept confusion, inverted relation, or domain misuse. Although more verbose than the expected output, the added wording does not change the meaning.",0.3076923076923077,1.0,0.47058823529411764,0.25,1.0,0.4,0.3076923076923077,1.0,0.47058823529411764,0.0,0.42857142857142855,
resultados/petrobras-4-0-com-ontologia-embeddingfirst/batch_f4d1f3cd-3f2e-41ca-b5af-611ea21bcf46-completo.csv,graphrag,1566,Qual é a parte mais superior da Formação Pendência?,a Seqüência K40,,A parte mais superior da Formação Pendência é a Seqüência K40.,1.0,"The score is 1.00 because the answer appears fully relevant to the question, with no irrelevant statements noted. It stays at the maximum score and directly addresses the input clearly.",,Skipped: empty context.,,Skipped: empty context.,,Skipped: empty context.,1.0,"The actual output matches the expected content for the input 'Qual é a parte mais superior da Formação Pendência?' by correctly identifying 'a Seqüência K40'. The differences are only harmless wording and capitalization ('A parte mais superior da Formação Pendência é...'), with no factual contradiction or mistake relative to the expected output.",1.0,"The actual output correctly identifies the key entity from the expected output for the question about the parte mais superior da Formação Pendência: ""a Seqüência K40"". It includes the essential fact with no omission, and the added framing sentence does not reduce alignment because concise wording is not required when all core content is covered.",1.0,"The response aligns very well with the expected geological content: it identifies the uppermost part of the Formação Pendência as a Seqüência K40, matching the expected output exactly in entity and stratigraphic relation. It uses appropriate geological/stratigraphic terminology ('Formação', 'Seqüência') and adds only a harmless full-sentence wrapper without introducing incorrect lithologies, facies, reservoir concepts, or domain misuse.",1.0,"The actual output is semantically aligned with the expected output: it correctly identifies ""a Seqüência K40"" as the parte mais superior da Formação Pendência. It preserves the key geological entity and relation asked in the input, with no concept confusion, inverted relation, or misuse of domain-specific terms. Although phrased as a full sentence instead of a short fragment, it remains concise and fully faithful to the expected geological meaning.",0.3076923076923077,1.0,0.47058823529411764,0.25,1.0,0.4,0.3076923076923077,1.0,0.47058823529411764,0.0,0.42857142857142855,
resultados/petrobras-4-0-com-ontologia-embeddingfirst/batch_f4d1f3cd-3f2e-41ca-b5af-611ea21bcf46-completo.csv,rag,1568,Qual sistema é o limite proximal de ocorrência da Seqüência K40?,sistema de falhas de Pescada,,O sistema de falhas de Pescada constitui o limite proximal de ocorrência da Seqüência K40.,1.0,"The score is 1.00 because the response appears fully focused on identifying the sistema que é o limite proximal de ocorrência da Seqüência K40, with no irrelevant content noted. Great job staying directly on topic.",,Skipped: empty context.,,Skipped: empty context.,,Skipped: empty context.,1.0,"The actual output matches the expected content for the input asking about the limite proximal de ocorrência da Seqüência K40: it correctly identifies ""sistema de falhas de Pescada"". The added phrasing (""O ... constitui o limite proximal de ocorrência da Seqüência K40"") is only stylistic and does not introduce any factual contradiction or mistake.",1.0,"The expected output identifies the key entity as ""sistema de falhas de Pescada"" for the question about the limite proximal de ocorrência da Seqüência K40. The actual output includes this exact essential information and preserves the correct relation, only adding extra wording (""O sistema de falhas de Pescada constitui..."") that does not change meaning. There are no important omissions.",1.0,"The response correctly identifies the expected geological entity, ""sistema de falhas de Pescada,"" as the proximal limit of occurrence of the Seqüência K40, matching the expected output. It uses appropriate geological terminology for the input, including ""sistema de falhas"" and ""Seqüência K40,"" with no misuse of stratigraphic or structural concepts. The only minor difference is added sentence framing (""constitui o limite proximal de ocorrência""), which remains semantically coherent and domain-appropriate.",1.0,"The actual output matches the expected geological entity for the input about the limite proximal de ocorrência da Seqüência K40: it identifies the sistema de falhas de Pescada. It stays aligned with the domain concept and relation, with no concept confusion or inverted roles. The only minor issue is added phrasing (""O ... constitui o limite proximal de ocorrência da Seqüência K40"") instead of the concise expected span, but the semantics are preserved.",0.29411764705882354,1.0,0.45454545454545453,0.25,1.0,0.4,0.29411764705882354,1.0,0.45454545454545453,0.0,0.5,
resultados/petrobras-4-0-com-ontologia-embeddingfirst/batch_f4d1f3cd-3f2e-41ca-b5af-611ea21bcf46-completo.csv,graphrag,1568,Qual sistema é o limite proximal de ocorrência da Seqüência K40?,sistema de falhas de Pescada,,The limite proximal de ocorrência da Seqüência K40 é o sistema de falhas de Pescada.,1.0,"The score is 1.00 because the response stayed fully focused on identifying the limite proximal de ocorrência da Seqüência K40, with no irrelevant statements. It directly addressed the input clearly and appropriately—great job.",,Skipped: empty context.,,Skipped: empty context.,,Skipped: empty context.,1.0,"The actual output matches the expected output in meaning for the input asking pelo limite proximal de ocorrência da Seqüência K40, correctly identifying 'sistema de falhas de Pescada'. The only differences are harmless extra phrasing ('The ... é o'), with no factual contradiction or mistake relative to the expected output.",1.0,"The actual output correctly identifies the essential entity and relation from the expected output for the input about the 'limite proximal de ocorrência da Seqüência K40': it states 'o sistema de falhas de Pescada', which matches the expected 'sistema de falhas de Pescada'. The extra wording is only a concise restatement of the question and does not omit or alter any important information.",1.0,"The response correctly identifies the expected geological entity, ""sistema de falhas de Pescada,"" matching the required proximal limit for the Seqüência K40. It uses appropriate geological terminology such as ""limite proximal de ocorrência"" and ""sistema de falhas,"" with no misuse of stratigraphic or structural concepts. The only minor difference is added sentence framing beyond the expected short answer.",1.0,"The actual output semantically matches the expected output by correctly identifying ""o sistema de falhas de Pescada"" as the limite proximal de ocorrência da Seqüência K40. It stays aligned with the geological entity and relation in the test case, with no concept confusion or inverted roles. The only difference is added phrasing around the expected concise answer.",0.3125,1.0,0.47619047619047616,0.26666666666666666,1.0,0.4210526315789474,0.3125,1.0,0.47619047619047616,0.0,0.5,
resultados/petrobras-4-0-com-ontologia-embeddingfirst/batch_f4d1f3cd-3f2e-41ca-b5af-611ea21bcf46-completo.csv,rag,1569,Quando começa a deposição da megasseqüência proto-oceânica?,Neo-aptiano,,A deposição da megasseqüência proto-oceânica começa a partir do Neo-aptiano.,1.0,"The score is 1.00 because the answer is fully relevant to the question, directly addressing when the deposição da megasseqüência proto-oceânica begins with no irrelevant statements. Great job keeping the response focused and on topic.",,Skipped: empty context.,,Skipped: empty context.,,Skipped: empty context.,1.0,The actual output matches the expected content for the input 'Quando começa a deposição da megasseqüência proto-oceânica?' by correctly identifying 'Neo-aptiano' as the start. The added phrasing ('A deposição... começa a partir do') is a harmless wording difference and does not introduce any factual contradiction or mistake relative to the expected output.,1.0,"The expected output contains a single essential fact: the start of deposição da megasseqüência proto-oceânica is ""Neo-aptiano"". The actual output correctly includes this exact key detail and preserves the relation asked by the input (quando começa), adding only minimal wording (""começa a partir do Neo-aptiano"") without changing meaning. It covers all essential content with no important omissions.",1.0,"The actual output correctly identifies the timing as ""Neo-aptiano,"" exactly matching the expected output for when the deposição da megasseqüência proto-oceânica begins. It uses appropriate stratigraphic/geological terminology (""deposição,"" ""megasseqüência proto-oceânica,"" ""Neo-aptiano"") and adds only a semantically coherent paraphrase (""começa a partir do"") without introducing any incorrect geological concepts or relations.",1.0,"The actual output is semantically aligned with the expected output: it identifies the start of deposição da megasseqüência proto-oceânica as ""Neo-aptiano,"" which matches the expected geological time term. It preserves the correct entity and relation (when the deposition begins) without introducing concept confusion or inverted roles. Although more verbose than the expected concise answer, the added phrasing does not alter the intended geological meaning.",0.125,1.0,0.2222222222222222,0.06666666666666667,1.0,0.125,0.125,1.0,0.2222222222222222,0.0,0.18181818181818182,
resultados/petrobras-4-0-com-ontologia-embeddingfirst/batch_f4d1f3cd-3f2e-41ca-b5af-611ea21bcf46-completo.csv,graphrag,1569,Quando começa a deposição da megasseqüência proto-oceânica?,Neo-aptiano,,A deposição da megasseqüência proto-oceânica começa no Neo-aptiano.,1.0,The score is 1.00 because the answer is fully relevant to the question and contains no irrelevant statements—great focus and direct alignment with the input.,,Skipped: empty context.,,Skipped: empty context.,,Skipped: empty context.,1.0,"The actual output matches the expected content exactly in meaning: it identifies the start of the deposição da megasseqüência proto-oceânica as ""Neo-aptiano,"" which is the expected answer for the given input. The added sentence framing is only a stylistic difference and does not introduce any factual contradiction or mistake.",1.0,"The expected output contains a single essential fact: the timing is ""Neo-aptiano"". The actual output fully preserves that key information by stating ""A deposição da megasseqüência proto-oceânica começa no Neo-aptiano."" It adds minor contextual wording but does not alter the meaning, so it covers all essential content with no important omissions.",1.0,"The actual output is fully aligned with the expected geological interpretation: it identifies the start of deposition of the megasseqüência proto-oceânica as ""Neo-aptiano,"" exactly matching the expected output. It uses appropriate stratigraphic terminology (a geologic time interval) and correctly relates it to the onset of deposição, with no misuse of geological concepts, facies, lithologies, or reservoir notions.",1.0,"The actual output is semantically identical to the expected output: it states that the deposição da megasseqüência proto-oceânica begins in the ""Neo-aptiano,"" which directly matches the expected answer. It preserves the correct geological time term and relation for the input question about when deposition starts, with no concept confusion, inverted roles, or domain misuse.",0.14285714285714285,1.0,0.25,0.07692307692307693,1.0,0.14285714285714288,0.14285714285714285,1.0,0.25,0.0,0.2222222222222222,
resultados/petrobras-4-0-com-ontologia-embeddingfirst/batch_f4d1f3cd-3f2e-41ca-b5af-611ea21bcf46-completo.csv,rag,1571,Em que período começa a deposição da megasseqüência proto - oceânica?,Neo-aptiano,,A deposição da megasseqüência proto-oceânica começa no Neo-aptiano.,1.0,"The score is 1.00 because the answer is fully relevant to the question, directly addressing when the deposição da megasseqüência proto-oceânica begins with no irrelevant statements. Great job keeping the response focused and precise.",,Skipped: empty context.,,Skipped: empty context.,,Skipped: empty context.,1.0,"The actual output matches the expected content exactly in meaning: it states that the deposição da megasseqüência proto-oceânica começa no ""Neo-aptiano"", which is the expected period. There are no factual contradictions or mistakes relative to the expected output. The only difference is extra phrasing around the answer, which is harmless stylistic variation under the evaluation steps.",1.0,"The actual output correctly includes the essential expected element, ""Neo-aptiano"", which directly answers the input question about the período em que começa a deposição da megasseqüência proto-oceânica. It preserves the key fact with no omission; the extra phrasing is acceptable because concise wording is not required as long as the core content matches.",1.0,"The actual output matches the expected geological interpretation exactly: it identifies the start of deposition of the megasseqüência proto-oceânica as ""Neo-aptiano,"" which is the expected stratigraphic period/stage. It uses appropriate geological terminology (""deposição,"" ""megasseqüência proto-oceânica"") and adds only a semantically coherent sentence wrapper without introducing any incorrect lithologic, facies, reservoir, or stratigraphic relations.",1.0,"The actual output is semantically identical to the expected output: it states that the deposição da megasseqüência proto-oceânica começa no ""Neo-aptiano"", which matches the expected period exactly. It preserves the correct geological entity and temporal relation from the input question, with no concept confusion, inversion, or misuse of domain-specific meaning. The added sentence framing is concise and does not alter the intended geological semantics.",0.14285714285714285,1.0,0.25,0.07692307692307693,1.0,0.14285714285714288,0.14285714285714285,1.0,0.25,0.0,0.2222222222222222,
resultados/petrobras-4-0-com-ontologia-embeddingfirst/batch_f4d1f3cd-3f2e-41ca-b5af-611ea21bcf46-completo.csv,graphrag,1571,Em que período começa a deposição da megasseqüência proto - oceânica?,Neo-aptiano,,A deposição da megasseqüência proto-oceânica começa no Neo-aptiano.,1.0,"The score is 1.00 because the response directly addresses when the deposição da megasseqüência proto-oceânica begins, with no irrelevant statements. Great job staying fully on topic.",,Skipped: empty context.,,Skipped: empty context.,,Skipped: empty context.,1.0,"The actual output matches the expected output in meaning and factual content: both state that the deposição da megasseqüência proto-oceânica começa no ""Neo-aptiano"". The only difference is added sentence framing (""A deposição... começa no""), which is a harmless wording variation and not a contradiction.",1.0,"The expected output contains a single essential fact: the period is ""Neo-aptiano"". The actual output correctly identifies this exact period and directly answers the question. Although it adds extra wording (""A deposição da megasseqüência proto-oceânica começa no...""), it preserves the key entity and relation from the expected output, so there are no important omissions.",1.0,"The response aligns very well with the expected geological content: it identifies the start of deposition of the megassequência proto-oceânica as ""Neo-aptiano,"" exactly matching the expected output. It uses appropriate stratigraphic terminology (a geological period/stage reference) and preserves the correct domain relation between depositional onset and time interval. The only minor limitation is that it adds a full-sentence restatement rather than returning just the target term.",1.0,"The actual output is semantically aligned with the expected answer: it identifies the start of deposition of the megasseqüência proto-oceânica as ""Neo-aptiano,"" which exactly matches the expected geological period. It preserves the correct entity and relation from the input question, with no concept confusion or inversion; the added sentence framing is concise and does not alter the intended geological meaning.",0.14285714285714285,1.0,0.25,0.07692307692307693,1.0,0.14285714285714288,0.14285714285714285,1.0,0.25,0.0,0.2222222222222222,
resultados/petrobras-4-0-com-ontologia-embeddingfirst/batch_f4d1f3cd-3f2e-41ca-b5af-611ea21bcf46-completo.csv,rag,1572,Qual é a direção geral do sistema de falhas de Pescada?,WNW-ESE,,A direção geral do sistema de falhas de Pescada é WNW-ESE.,1.0,"The score is 1.00 because the answer is fully relevant to the question about a direção geral do sistema de falhas de Pescada, with no irrelevant statements, so it directly addresses the input clearly and effectively.",,Skipped: empty context.,,Skipped: empty context.,,Skipped: empty context.,1.0,"The actual output matches the expected direction ""WNW-ESE"" for the input asking about the direção geral do sistema de falhas de Pescada. The extra sentence framing (""A direção geral do sistema de falhas de Pescada é ..."") is only a harmless wording difference and does not introduce any factual contradiction or mistake.",1.0,"The actual output fully captures the essential expected fact from the test case: the direção geral do sistema de falhas de Pescada is ""WNW-ESE"". It adds minimal framing in Portuguese but preserves the complete expected content, so there are no omissions to penalize.",1.0,"The actual output correctly identifies the geological attribute requested—the general direction of the sistema de falhas de Pescada—as WNW-ESE, matching the expected output exactly in geological content. It uses appropriate domain terminology ('sistema de falhas' and directional notation) with no misuse of structural geology concepts. The only minor difference is that it is phrased as a full sentence rather than just the bare expected value.",1.0,"The actual output matches the expected geological content exactly: it identifies the direção geral do sistema de falhas de Pescada as WNW-ESE, which is the same orientation given in the expected output. It stays aligned with the relevant entity and relation, with no concept confusion or inversion. Although more verbose than expected, the added wording does not change the intended semantics.",0.16666666666666666,1.0,0.2857142857142857,0.09090909090909091,1.0,0.16666666666666669,0.16666666666666666,1.0,0.2857142857142857,0.0,0.16666666666666669,
resultados/petrobras-4-0-com-ontologia-embeddingfirst/batch_f4d1f3cd-3f2e-41ca-b5af-611ea21bcf46-completo.csv,graphrag,1572,Qual é a direção geral do sistema de falhas de Pescada?,WNW-ESE,,A direção geral do sistema de falhas de Pescada é WNW-ESE.,1.0,"The score is 1.00 because the answer is fully relevant to the question about a direção geral do sistema de falhas de Pescada, with no irrelevant statements present. Great job staying precise and on-topic.",,Skipped: empty context.,,Skipped: empty context.,,Skipped: empty context.,1.0,"The actual output matches the expected output's meaning exactly for the input asking the general direction of the sistema de falhas de Pescada: it correctly gives ""WNW-ESE"". The only difference is extra wording (""A direção geral do sistema de falhas de Pescada é ...""), which is a harmless stylistic variation and not a factual contradiction.",1.0,"The actual output fully preserves the essential fact from the expected output for the input about the direção geral do sistema de falhas de Pescada: it correctly states ""WNW-ESE"". The added sentence framing is concise and does not omit or alter any required information, so it aligns completely with the evaluation steps.",1.0,"The actual output matches the expected geological orientation exactly: it identifies the direção geral do sistema de falhas de Pescada as WNW-ESE. It uses appropriate domain terminology ('sistema de falhas' and directional notation) with no misuse of geological concepts, stratigraphic terms, or reservoir language. The response is semantically precise and fully aligned with the input and expected output.",1.0,"The actual output matches the expected geological content exactly: it identifies the direção geral do sistema de falhas de Pescada as WNW-ESE. It preserves the correct entity, relation, and orientation with no concept confusion, inversion, or misuse of geological meaning. Although phrased as a full sentence rather than a bare label, it remains semantically identical and appropriately concise.",0.16666666666666666,1.0,0.2857142857142857,0.09090909090909091,1.0,0.16666666666666669,0.16666666666666666,1.0,0.2857142857142857,0.0,0.16666666666666669,
resultados/petrobras-4-0-com-ontologia-embeddingfirst/batch_f4d1f3cd-3f2e-41ca-b5af-611ea21bcf46-completo.csv,rag,1573,Quais são os materiais da Seqüência K40?,arenitos grossos e pelitos,,Os materiais da Seqüência K40 são arenitos grossos e pelitos de um sistema flúvio-deltaico-lacustrino.,1.0,"The score is 1.00 because the answer directly addresses ""Quais são os materiais da Seqüência K40?"" without adding irrelevant information. It is fully relevant and on point—great job.",,Skipped: empty context.,,Skipped: empty context.,,Skipped: empty context.,1.0,"The actual output matches the expected content by correctly stating 'arenitos grossos e pelitos' for a pergunta sobre os materiais da Seqüência K40. The added phrase 'de um sistema flúvio-deltaico-lacustrino' is extra context, not a contradiction, and does not change the core meaning required by the expected output. There are no factual mistakes relative to the expected answer.",1.0,"The actual output fully includes the essential materials from the expected output for the input about a Seqüência K40: ""arenitos grossos"" and ""pelitos"". The added context about a ""sistema flúvio-deltaico-lacustrino"" is extra but does not conflict with the expected answer, so there are no important omissions.",0.9,"The response correctly identifies the expected lithologies for a geological query about the Seqüência K40, matching 'arenitos grossos e pelitos' exactly and using appropriate domain terminology. It adds 'de um sistema flúvio-deltaico-lacustrino', which is geologically coherent and semantically appropriate, but this interpretation goes beyond the expected output and introduces extra depositional context not requested in the test case.",1.0,"The actual output matches the expected materials for a Seqüência K40 by correctly identifying ""arenitos grossos e pelitos"". The added phrase ""de um sistema flúvio-deltaico-lacustrino"" introduces extra geological context but does not change the semantic answer or create any concept confusion, wrong relations, or misuse of domain terms. It remains aligned with the expected entities and preserves the intended geological meaning.",0.21052631578947367,1.0,0.34782608695652173,0.16666666666666666,1.0,0.2857142857142857,0.21052631578947367,1.0,0.34782608695652173,0.0,0.4444444444444445,
resultados/petrobras-4-0-com-ontologia-embeddingfirst/batch_f4d1f3cd-3f2e-41ca-b5af-611ea21bcf46-completo.csv,graphrag,1573,Quais são os materiais da Seqüência K40?,arenitos grossos e pelitos,,Os materiais da Seqüência K40 são arenitos grossos e pelitos de um sistema flúvio-deltaico-lacustrino.,1.0,"The score is 1.00 because the response appears fully relevant to the question about ""os materiais da Seqüência K40,"" with no irrelevant statements identified. Great job staying focused and directly on topic.",,Skipped: empty context.,,Skipped: empty context.,,Skipped: empty context.,1.0,"The actual output matches the expected content by correctly identifying ""arenitos grossos e pelitos"" as the materials of the Seqüência K40. The added phrase ""de um sistema flúvio-deltaico-lacustrino"" is extra context, not a contradiction, so it should not be penalized under the instruction to ignore harmless wording differences when the meaning remains correct.",1.0,"The actual output includes all essential expected elements from the test case: it correctly identifies ""arenitos grossos e pelitos"" as the materials of the Seqüência K40. The added context about a ""sistema flúvio-deltaico-lacustrino"" does not conflict with the expected output, so coverage is complete and concise wording is sufficient.",0.9,"The response correctly identifies the expected lithologies, ""arenitos grossos e pelitos"", using appropriate geological terminology. It adds an interpretation, ""de um sistema flúvio-deltaico-lacustrino"", which is domain-appropriate and semantically coherent, but this extra depositional-system detail is not present in the expected output, so alignment is slightly less exact.",1.0,"The actual output matches the expected materials exactly by identifying ""arenitos grossos e pelitos"" for a Seqüência K40. The added phrase ""de um sistema flúvio-deltaico-lacustrino"" introduces extra geological context, but it does not alter the core entities or their semantic role as materials, so alignment with the expected geological meaning remains strong.",0.21052631578947367,1.0,0.34782608695652173,0.16666666666666666,1.0,0.2857142857142857,0.21052631578947367,1.0,0.34782608695652173,0.0,0.4444444444444445,
resultados/petrobras-4-0-com-ontologia-embeddingfirst/batch_f4d1f3cd-3f2e-41ca-b5af-611ea21bcf46-completo.csv,rag,1574,O que está geneticamente relacionado à atividade da Seqüência K40?,aumento da taxa de subsidência,,A atividade da Seqüência K40 está geneticamente relacionada a um aumento da taxa de subsidência no final da fase de rifteamento da bacia.,1.0,"The score is 1.00 because the response stays fully focused on what is genetically related to the activity of the Seqüência K40, with no irrelevant statements. Great job keeping it directly on topic.",,Skipped: empty context.,,Skipped: empty context.,,Skipped: empty context.,0.9,"The actual output matches the expected output's core fact: it states that a atividade da Seqüência K40 está geneticamente relacionada a um ""aumento da taxa de subsidência,"" which is exactly the expected answer. The added detail ""no final da fase de rifteamento da bacia"" is extra context not contradicted by the expected output, so it should not be penalized as a harmless wording difference.",1.0,"The actual output correctly includes the essential expected fact, ""aumento da taxa de subsidência"", which is the key relation asked by the input about what is genetically related to the activity of Seqüência K40. It adds extra context about ""no final da fase de rifteamento da bacia"", but this does not contradict the expected output and does not omit any required element.",1.0,"The actual output matches the expected geological interpretation exactly: it identifies ""aumento da taxa de subsidência"" as what is genetically related to the activity of Seqüência K40. It uses appropriate domain terminology such as ""taxa de subsidência"" and ""fase de rifteamento da bacia,"" which is semantically coherent and geologically relevant to the input. The added context does not introduce any incorrect entities or relations.",1.0,"The actual output matches the expected geological concept by identifying ""aumento da taxa de subsidência"" as what is genetically related to the activity of Seqüência K40. It stays aligned with the domain relation asked in the input and does not invert roles or introduce conflicting entities. The added detail ""no final da fase de rifteamento da bacia"" is extra context not present in the expected output, but it remains semantically compatible rather than misleading.",0.24,1.0,0.3870967741935484,0.20833333333333334,1.0,0.3448275862068966,0.24,1.0,0.3870967741935484,0.0,0.3571428571428571,
resultados/petrobras-4-0-com-ontologia-embeddingfirst/batch_f4d1f3cd-3f2e-41ca-b5af-611ea21bcf46-completo.csv,graphrag,1574,O que está geneticamente relacionado à atividade da Seqüência K40?,aumento da taxa de subsidência,,A atividade da Seqüência K40 está geneticamente relacionada a um aumento da taxa de subsidência no final da fase de rifteamento da bacia.,1.0,"The score is 1.00 because the answer stays fully focused on what is genetically related to the activity of the Seqüência K40, with no irrelevant statements. It directly addresses the input clearly and appropriately.",,Skipped: empty context.,,Skipped: empty context.,,Skipped: empty context.,1.0,"The actual output matches the expected output's core fact: it identifies that the Seqüência K40 is geneticamente relacionada a um ""aumento da taxa de subsidência"". The added detail about occurring ""no final da fase de rifteamento da bacia"" does not contradict the expected output and is a harmless elaboration, so there is strong alignment with the test case.",1.0,"The actual output correctly includes the essential expected relation, ""aumento da taxa de subsidência"", which is the key fact asked by the input about what is genetically related to the atividade da Seqüência K40. It adds extra context about ""no final da fase de rifteamento da bacia,"" but this does not contradict the expected output. Coverage of the core element is complete, so only minimal deduction, if any, is warranted.",1.0,"The actual output matches the expected geological interpretation exactly: it identifies “aumento da taxa de subsidência” as genetically related to the activity of Seqüência K40. It uses appropriate domain terminology such as “taxa de subsidência” and “fase de rifteamento da bacia,” adding coherent geological context without introducing incorrect entities, relations, or misuse of stratigraphic or reservoir concepts.",1.0,"The actual output is semantically aligned with the expected output because it identifies ""aumento da taxa de subsidência"" as what is geneticamente relacionado à atividade da Seqüência K40. It preserves the key geological concept and relation from the test case, adding contextual detail (""no final da fase de rifteamento da bacia"") without changing the meaning. There is no concept confusion, inverted relation, or misuse of geological terms.",0.24,1.0,0.3870967741935484,0.20833333333333334,1.0,0.3448275862068966,0.24,1.0,0.3870967741935484,0.0,0.3571428571428571,
resultados/petrobras-4-0-com-ontologia-embeddingfirst/batch_f4d1f3cd-3f2e-41ca-b5af-611ea21bcf46-completo.csv,rag,1577,Quais são as duas rochas que constituem a Seqüência K40?,arenitos grossos e pelitos,,A Seqüência K40 é constituída por arenitos grossos e pelitos.,1.0,"The score is 1.00 because the answer is fully relevant to the question, directly addressing quais são as duas rochas que constituem a Seqüência K40, with no irrelevant statements. Great job staying precise and on topic.",,Skipped: empty context.,,Skipped: empty context.,,Skipped: empty context.,1.0,"The actual output matches the expected content exactly in meaning for the input asking which two rocks constitute a Seqüência K40: it correctly gives ""arenitos grossos e pelitos"". The added framing sentence (""A Seqüência K40 é constituída por..."") is only a stylistic difference and does not introduce any factual contradiction or mistake.",1.0,"The actual output correctly includes both essential rock types from the expected output—""arenitos grossos"" and ""pelitos""—which fully answers the input question about the duas rochas da Seqüência K40. The added framing phrase ""A Seqüência K40 é constituída por"" does not omit or alter any required information, so it aligns strongly with the expected content.",1.0,"The response correctly identifies the two lithologies in the Seqüência K40 as ""arenitos grossos"" and ""pelitos,"" matching the expected output exactly in geological content. It uses appropriate geological terminology and preserves the stratigraphic context from the input without introducing incorrect entities or relations. The only minor difference is that it wraps the answer in a full sentence rather than giving just the bare phrase expected.",1.0,"The actual output matches the expected geological content exactly: it identifies the two rock types in the Seqüência K40 as ""arenitos grossos"" and ""pelitos"". The added phrase ""A Seqüência K40 é constituída por"" preserves the same relation asked in the input and does not introduce any concept confusion, wrong entities, or inverted roles.",0.36363636363636365,1.0,0.5333333333333333,0.3,1.0,0.4615384615384615,0.36363636363636365,1.0,0.5333333333333333,0.0,0.5714285714285715,
resultados/petrobras-4-0-com-ontologia-embeddingfirst/batch_f4d1f3cd-3f2e-41ca-b5af-611ea21bcf46-completo.csv,graphrag,1577,Quais são as duas rochas que constituem a Seqüência K40?,arenitos grossos e pelitos,,As duas rochas que constituem a Seqüência K40 são arenitos grossos e pelitos.,1.0,"The score is 1.00 because the answer directly addresses quais são as duas rochas que constituem a Seqüência K40, with no irrelevant statements. Great job staying fully on topic and complete.",,Skipped: empty context.,,Skipped: empty context.,,Skipped: empty context.,1.0,"The actual output matches the expected content exactly for the input asking about the two rocks of the Seqüência K40: it identifies ""arenitos grossos e pelitos,"" which is the same as the expected output. The extra framing sentence is only a stylistic difference and does not introduce any factual contradiction or mistake.",1.0,"The actual output fully matches the expected content by identifying both required rock types from the input question about the Seqüência K40: ""arenitos grossos"" and ""pelitos"". It preserves the essential facts and relation correctly, with only added framing text that does not omit or alter any important information.",1.0,"The actual output matches the expected geological entities exactly: ""arenitos grossos"" and ""pelitos"" for the Seqüência K40. It uses correct and appropriate geological terminology, preserves the intended lithological interpretation, and introduces no misuse of facies, stratigraphic, or reservoir concepts. The only difference is added sentence framing, which does not affect semantic alignment.",1.0,"The actual output matches the expected answer semantically and exactly identifies the two rock types in the Seqüência K40 as ""arenitos grossos"" and ""pelitos"". It stays aligned with the geological entities and relation asked in the input, with no concept confusion, inverted roles, or domain misuse. The added sentence framing does not alter the intended meaning.",0.26666666666666666,1.0,0.4210526315789474,0.21428571428571427,1.0,0.35294117647058826,0.26666666666666666,1.0,0.4210526315789474,0.0,0.47058823529411764,
resultados/petrobras-4-0-com-ontologia-embeddingfirst/batch_f4d1f3cd-3f2e-41ca-b5af-611ea21bcf46-completo.csv,rag,1579,A que está geneticamente relacionada a atividade da Seqüência K40?,um aumento da taxa de subsidência,,A atividade da Seqüência K40 está geneticamente relacionada a um aumento da taxa de subsidência no final da fase de rifteamento da bacia.,1.0,"The score is 1.00 because the response stayed fully focused on identifying a que está geneticamente relacionada a atividade da Seqüência K40, with no irrelevant statements. Great job keeping it directly on topic and completely relevant.",,Skipped: empty context.,,Skipped: empty context.,,Skipped: empty context.,0.9,"The actual output matches the expected meaning for the input by stating that a atividade da Seqüência K40 está relacionada a ""um aumento da taxa de subsidência"". The added detail ""no final da fase de rifteamento da bacia"" is extra context not present in the expected output, but it does not contradict it. There are no clear factual mistakes relative to the expected answer, so only a small penalty is warranted, if any, for being more specific than necessary.",1.0,"The expected output requires the key relation that a atividade da Seqüência K40 está geneticamente relacionada a ""um aumento da taxa de subsidência"". The actual output includes this essential fact exactly and only adds extra context (""no final da fase de rifteamento da bacia""), which does not conflict with the expected answer. All critical elements are covered.",1.0,"The actual output matches the expected geological interpretation by identifying ""um aumento da taxa de subsidência"" as the genetic relation of the atividade da Seqüência K40. It uses appropriate domain terminology such as ""taxa de subsidência"" and ""fase de rifteamento da bacia,"" adding coherent geological context without introducing incorrect lithologic, stratigraphic, facies, or reservoir concepts. The response is semantically aligned with the input question and preserves the expected relation precisely.",1.0,"The actual output semantically matches the expected output for the input about what the atividade da Seqüência K40 is genetically related to. It correctly identifies ""um aumento da taxa de subsidência"" and adds compatible context (""no final da fase de rifteamento da bacia"") without changing the geological relation or introducing concept confusion, inverted roles, or wrong entities.",0.28,1.0,0.43750000000000006,0.25,1.0,0.4,0.28,1.0,0.43750000000000006,0.0,0.41379310344827586,
resultados/petrobras-4-0-com-ontologia-embeddingfirst/batch_f4d1f3cd-3f2e-41ca-b5af-611ea21bcf46-completo.csv,graphrag,1579,A que está geneticamente relacionada a atividade da Seqüência K40?,um aumento da taxa de subsidência,,A atividade da Seqüência K40 está geneticamente relacionada a um aumento da taxa de subsidência no final da fase de rifteamento da bacia.,1.0,The score is 1.00 because the response is fully relevant to the question and contains no irrelevant statements—great job staying completely on topic.,,Skipped: empty context.,,Skipped: empty context.,,Skipped: empty context.,1.0,"The actual output captures the core expected meaning from the input by stating that a atividade da Seqüência K40 está relacionada a ""um aumento da taxa de subsidência,"" which matches the expected output. The added detail ""no final da fase de rifteamento da bacia"" is extra but not contradictory, so it should not be penalized under the evaluation steps.",1.0,"The essential expected content is ""um aumento da taxa de subsidência"". The actual output includes this exact relation, correctly stating that a atividade da Seqüência K40 está geneticamente relacionada a esse aumento. Extra detail like ""no final da fase de rifteamento da bacia"" is not contradictory and should not be penalized under the evaluation steps.",1.0,"The actual output matches the expected geological interpretation exactly by identifying 'um aumento da taxa de subsidência' as the genetic relation of the Seqüência K40. It uses appropriate domain terminology such as 'subsidência', 'fase de rifteamento' and 'bacia' coherently, without introducing incorrect lithologic, stratigraphic, facies, or reservoir concepts. The added context 'no final da fase de rifteamento da bacia' is geologically plausible and does not conflict with the expected output.",0.9,"The actual output is semantically aligned with the expected output because it correctly identifies ""um aumento da taxa de subsidência"" as the genetic relation of the atividade da Seqüência K40. It preserves the key geological concept and relation asked in the input. The added detail about ""no final da fase de rifteamento da bacia"" is not contradicted by the expected output, though it goes beyond the minimal expected answer.",0.28,1.0,0.43750000000000006,0.25,1.0,0.4,0.28,1.0,0.43750000000000006,0.0,0.41379310344827586,
resultados/petrobras-4-0-com-ontologia-embeddingfirst/batch_f4d1f3cd-3f2e-41ca-b5af-611ea21bcf46-completo.csv,rag,1580,O que constitui a parte mais superior da Formação Pendência?,A Seqüência K40,,A parte mais superior da Formação Pendência é constituída pela Seqüência K40.,1.0,"The score is 1.00 because the answer directly addresses what constitutes the uppermost part of the Formação Pendência, with no irrelevant statements. Great job staying fully on topic.",,Skipped: empty context.,,Skipped: empty context.,,Skipped: empty context.,1.0,"The actual output matches the expected meaning exactly for the input about the parte mais superior da Formação Pendência: both identify ""A Seqüência K40"". The added phrasing (""é constituída pela"") is only a harmless wording difference and does not introduce any factual contradiction or mistake.",1.0,"The actual output correctly identifies the key entity from the expected output: ""A Seqüência K40"" as the parte mais superior da Formação Pendência. It fully covers the essential fact and relation asked in the input, with only extra wording (""é constituída pela"") that does not change meaning, so strong alignment is warranted.",1.0,"The response aligns very well with the expected geological identification: it correctly states that the uppermost part of the Formação Pendência is the Seqüência K40, matching the expected output semantically. It uses appropriate stratigraphic terminology such as ""Formação"" and ""Seqüência"" and preserves the correct geological relation of part-to-unit. The only minor difference is added phrasing (""é constituída pela""), which does not introduce any geological error or misuse.",1.0,"The actual output is semantically equivalent to the expected output for the question about “a parte mais superior da Formação Pendência.” It correctly identifies the geological entity as “Seqüência K40,” preserving the intended formation-part relation without introducing concept confusion, inverted roles, or domain misuse. Although more verbose than the expected output, it remains concise and fully aligned with the expected geological semantics.",0.26666666666666666,1.0,0.4210526315789474,0.14285714285714285,0.6666666666666666,0.23529411764705882,0.26666666666666666,1.0,0.4210526315789474,0.0,0.4,
resultados/petrobras-4-0-com-ontologia-embeddingfirst/batch_f4d1f3cd-3f2e-41ca-b5af-611ea21bcf46-completo.csv,graphrag,1580,O que constitui a parte mais superior da Formação Pendência?,A Seqüência K40,,A parte mais superior da Formação Pendência é constituída pela Seqüência K40.,1.0,The score is 1.00 because the answer is fully relevant to the question and contains no irrelevant statements—great job staying precise and on topic.,,Skipped: empty context.,,Skipped: empty context.,,Skipped: empty context.,1.0,"The actual output matches the expected output in meaning for the input asking what constitutes the uppermost part of the Formação Pendência: it correctly identifies ""a Seqüência K40"". There are no factual contradictions or mistakes. The only differences are harmless wording additions (""A parte mais superior da Formação Pendência é constituída pela..."") and punctuation, which should not be penalized.",1.0,"The actual output correctly identifies the essential expected element, ""A Seqüência K40"", as the parte mais superior da Formação Pendência. It preserves the key entity and relation from the test case, adding only minimal framing text without omitting any important information.",1.0,"The response aligns very well with the expected geological content: it correctly identifies the most superior part of the Formação Pendência as a ""Seqüência K40,"" matching the expected output ""A Seqüência K40."" It uses appropriate stratigraphic terminology (""Formação"", ""Seqüência"") and preserves the correct geological relation of unit hierarchy. The only minor difference is added phrasing (""é constituída pela""), which does not introduce any geological error or semantic mismatch.",1.0,"The actual output is semantically fully aligned with the expected output: both identify ""A Seqüência K40"" as the unit that constitutes the most superior part of the Formação Pendência. It preserves the correct geological entity and relation for the question ""O que constitui a parte mais superior da Formação Pendência?"" with no concept confusion, inverted roles, or domain misuse. Although more verbose than the expected output, the added phrasing does not change the meaning.",0.26666666666666666,1.0,0.4210526315789474,0.14285714285714285,0.6666666666666666,0.23529411764705882,0.26666666666666666,1.0,0.4210526315789474,0.0,0.4,
resultados/petrobras-4-0-com-ontologia-embeddingfirst/batch_f4d1f3cd-3f2e-41ca-b5af-611ea21bcf46-completo.csv,rag,1582,O que preenche o sistema de falhas de Pescada?,"sistemas deposicionais continentais, dominados por leques aluviais e sistemas fluviais de alta energia",,"O sistema de falhas de Pescada é preenchido por sistemas deposicionais continentais, dominados por leques aluviais e sistemas fluviais de alta energia, com bancos carbonáticos restritos.",1.0,"The score is 1.00 because the response is fully relevant to the question about o sistema de falhas de Pescada, with no irrelevant statements included. Great job staying directly on topic.",,Skipped: empty context.,,Skipped: empty context.,,Skipped: empty context.,0.8,"The actual output matches the expected content closely: it correctly states that o sistema de falhas de Pescada é preenchido por ""sistemas deposicionais continentais, dominados por leques aluviais e sistemas fluviais de alta energia"". However, it adds ""com bancos carbonáticos restritos"", which is not present in the expected output and introduces unsupported information relative to this test case. The main answer is correct, but the extra detail prevents perfect alignment.",1.0,"The actual output fully covers the essential content from the expected output for the question about o que preenche o sistema de falhas de Pescada: it includes ""sistemas deposicionais continentais"", ""leques aluviais"" and ""sistemas fluviais de alta energia"". The added detail about ""bancos carbonáticos restritos"" goes beyond the expected output but does not contradict it, so there are no important omissions.",0.9,"The response uses appropriate geological terminology and matches the expected interpretation closely: it correctly states that o sistema de falhas de Pescada é preenchido por sistemas deposicionais continentais, dominados por leques aluviais e sistemas fluviais de alta energia. This aligns well with the expected entities and relations. A small deduction is warranted because it adds 'com bancos carbonáticos restritos', which is not present in the expected output and introduces an extra geological element beyond the target answer.",1.0,"The actual output is semantically aligned with the expected output: it correctly states that o sistema de falhas de Pescada é preenchido por sistemas deposicionais continentais, dominados por leques aluviais e sistemas fluviais de alta energia. It preserves the key geological entities and relations from the test case without inverting roles or confusing concepts. The added detail about 'bancos carbonáticos restritos' is extra, but it does not contradict the expected geological meaning.",0.5,1.0,0.6666666666666666,0.48,1.0,0.6486486486486487,0.5,1.0,0.6666666666666666,0.0,0.6666666666666666,
resultados/petrobras-4-0-com-ontologia-embeddingfirst/batch_f4d1f3cd-3f2e-41ca-b5af-611ea21bcf46-completo.csv,graphrag,1582,O que preenche o sistema de falhas de Pescada?,"sistemas deposicionais continentais, dominados por leques aluviais e sistemas fluviais de alta energia",,"O sistema de falhas de Pescada é preenchido por sistemas deposicionais continentais, dominados por leques aluviais e sistemas fluviais de alta energia, com bancos carbonáticos restritos.",1.0,"The score is 1.00 because the answer is fully relevant to the question about o que preenche o sistema de falhas de Pescada, with no irrelevant statements. Great job staying completely on topic.",,Skipped: empty context.,,Skipped: empty context.,,Skipped: empty context.,0.8,"The actual output matches the expected content by stating that o sistema de falhas de Pescada é preenchido por ""sistemas deposicionais continentais, dominados por leques aluviais e sistemas fluviais de alta energia"", which directly aligns with the expected answer for the given input. However, it adds ""com bancos carbonáticos restritos"", which is extra information not present in the expected output and may introduce unsupported detail, though it does not directly contradict the expected statement.",1.0,"The actual output fully covers the essential expected content for the question about what fills the sistema de falhas de Pescada: it includes ""sistemas deposicionais continentais"" and specifies they are ""dominados por leques aluviais e sistemas fluviais de alta energia,"" matching the key entities and relations. It adds extra information about ""bancos carbonáticos restritos,"" but this does not omit or contradict any required element, so no meaningful penalty is warranted.",0.9,"The response uses appropriate geological terminology and largely matches the expected interpretation: it identifies “sistemas deposicionais continentais”, “leques aluviais” and “sistemas fluviais de alta energia”, which are the key entities requested by the input about what fills the sistema de falhas de Pescada. This is semantically coherent and domain-appropriate. A small deduction is warranted because it adds “com bancos carbonáticos restritos”, which is not present in the expected output and introduces an extra geological element beyond the target answer.",1.0,"The actual output matches the expected geological content for 'O que preenche o sistema de falhas de Pescada?': it correctly states that the system is filled by 'sistemas deposicionais continentais, dominados por leques aluviais e sistemas fluviais de alta energia'. It preserves the key entities and relations without inversion or concept confusion. The added detail 'com bancos carbonáticos restritos' does not contradict the expected answer and remains geologically compatible.",0.5,1.0,0.6666666666666666,0.48,1.0,0.6486486486486487,0.5,1.0,0.6666666666666666,0.0,0.6666666666666666,
resultados/petrobras-4-0-com-ontologia-embeddingfirst/batch_f4d1f3cd-3f2e-41ca-b5af-611ea21bcf46-completo.csv,rag,1583,Qual é a unidade litoestratigráfica correspondente à seção de rochas dominada por sistemas deposicionais continentais?,Formação Pescada,,Formação Pescada.,1.0,"The score is 1.00 because the response directly addresses which unidade litoestratigráfica corresponde à seção de rochas dominada por sistemas deposicionais continentais, with no irrelevant statements. Great job staying fully on topic and precise.",,Skipped: empty context.,,Skipped: empty context.,,Skipped: empty context.,1.0,"The actual output matches the expected output in meaning and factual content for the input asking which unidade litoestratigráfica corresponde à seção dominada por sistemas deposicionais continentais: both identify ""Formação Pescada"". The only difference is harmless punctuation (a trailing period), with no contradiction or factual error.",1.0,"The actual output correctly identifies the unidade litoestratigráfica as ""Formação Pescada"", matching the expected output exactly in content for the input asking about the seção de rochas dominada por sistemas deposicionais continentais. The only difference is terminal punctuation, which does not omit any essential information and should not be penalized.",1.0,"The actual output matches the expected litoestratigraphic unit exactly in geological meaning, identifying ""Formação Pescada"" as the unidade litoestratigráfica for the seção dominada por sistemas deposicionais continentais. It uses appropriate stratigraphic terminology and contains no misuse of lithology, facies, reservoir, or domain relations; the only difference is a trailing period, which does not affect semantic correctness.",1.0,"The actual output matches the expected unit exactly in geological meaning: both identify the unidade litoestratigráfica as Formação Pescada for the seção de rochas dominada por sistemas deposicionais continentais. The only difference is terminal punctuation, which does not affect semantic alignment, entities, class, or relation.",1.0,1.0,1.0,1.0,1.0,1.0,1.0,1.0,1.0,1.0,1.0,
resultados/petrobras-4-0-com-ontologia-embeddingfirst/batch_f4d1f3cd-3f2e-41ca-b5af-611ea21bcf46-completo.csv,graphrag,1583,Qual é a unidade litoestratigráfica correspondente à seção de rochas dominada por sistemas deposicionais continentais?,Formação Pescada,,"A unidade litoestratigráfica correspondente à seção de rochas dominada por sistemas deposicionais continentais é a ""Formação Pescada"".",1.0,"The score is 1.00 because the answer directly addresses which unidade litoestratigráfica corresponde à seção de rochas dominada por sistemas deposicionais continentais, with no irrelevant statements. Great job staying fully on topic and precise.",,Skipped: empty context.,,Skipped: empty context.,,Skipped: empty context.,1.0,"The actual output matches the expected output in meaning for the input asking which unidade litoestratigráfica corresponds to the rock section dominated by sistemas deposicionais continentais. It correctly identifies ""Formação Pescada"" and adds only harmless framing text. There are no factual contradictions or mistakes relative to the expected output.",1.0,"The actual output correctly identifies the required unidade litoestratigráfica as Formação Pescada, which exactly matches the expected output for the input asking about the seção de rochas dominada por sistemas deposicionais continentais. The extra wording does not omit or alter any essential fact, entity, or relation.",1.0,"The actual output matches the expected geological entity exactly by identifying ""Formação Pescada"" as the unidade litoestratigráfica for the seção de rochas dominada por sistemas deposicionais continentais. It uses appropriate geological terminology such as ""unidade litoestratigráfica"" and ""sistemas deposicionais continentais,"" with no misuse of lithostratigraphic or depositional concepts. The only difference is added explanatory phrasing, which remains semantically coherent and domain-appropriate.",1.0,"The actual output matches the expected output semantically by identifying ""Formação Pescada"" as the unidade litoestratigráfica for the seção de rochas dominada por sistemas deposicionais continentais. It preserves the correct geological entity and relation from the input, with no concept confusion, inverted roles, or misuse of lithostratigraphic terminology. The extra sentence framing does not change the meaning.",0.16666666666666666,1.0,0.2857142857142857,0.11764705882352941,1.0,0.21052631578947367,0.16666666666666666,1.0,0.2857142857142857,0.0,0.21052631578947367,
resultados/petrobras-4-0-com-ontologia-embeddingfirst/batch_f4d1f3cd-3f2e-41ca-b5af-611ea21bcf46-completo.csv,rag,1584,Quando inicia-se a deposição da megasseqüência proto-oceânica?,A partir do Neo-aptiano,,A deposição da megasseqüência proto-oceânica inicia-se a partir do Neo-aptiano.,1.0,The score is 1.00 because the answer stayed fully focused on when the deposição da megasseqüência proto-oceânica begins and included no irrelevant information. Great job keeping it directly responsive to the question.,,Skipped: empty context.,,Skipped: empty context.,,Skipped: empty context.,1.0,"The actual output matches the expected meaning for the input 'Quando inicia-se a deposição da megasseqüência proto-oceânica?' by correctly stating 'a partir do Neo-aptiano'. It adds surrounding wording ('A deposição da megasseqüência proto-oceânica inicia-se'), but this is a harmless stylistic difference and does not introduce any factual contradiction or mistake relative to the expected output.",1.0,"The actual output fully captures the essential expected content: the start of deposição da megasseqüência proto-oceânica is correctly identified as ""a partir do Neo-aptiano."" It includes the key relation asked by the input and adds only minimal surrounding wording, which should not be penalized under the evaluation steps.",1.0,"The actual output is fully aligned with the expected answer and uses appropriate geological/stratigraphic terminology, specifically ""deposição da megasseqüência proto-oceânica"" and the time marker ""Neo-aptiano."" It preserves the intended relation from the input question about when deposition begins, without introducing incorrect lithologies, facies, reservoir notions, or domain inconsistencies. The only difference from the expected output is added natural-language framing, which remains semantically coherent and geologically appropriate.",1.0,"The actual output matches the expected meaning exactly for the question about when the deposição da megasseqüência proto-oceânica begins. It preserves the key geological time reference 'Neo-aptiano' and correctly states the relation that the deposition starts from that interval, without introducing concept confusion, wrong entities, or inverted semantics. The extra phrasing is concise and remains fully aligned with the expected geological content.",0.3125,1.0,0.47619047619047616,0.26666666666666666,1.0,0.4210526315789474,0.3125,1.0,0.47619047619047616,0.0,0.5714285714285715,
resultados/petrobras-4-0-com-ontologia-embeddingfirst/batch_f4d1f3cd-3f2e-41ca-b5af-611ea21bcf46-completo.csv,graphrag,1584,Quando inicia-se a deposição da megasseqüência proto-oceânica?,A partir do Neo-aptiano,,A deposição da megasseqüência proto-oceânica inicia-se no Neo-aptiano.,1.0,"The score is 1.00 because the answer is fully relevant to the question about when the deposição da megasseqüência proto-oceânica begins, with no irrelevant statements. Great job staying directly on topic.",,Skipped: empty context.,,Skipped: empty context.,,Skipped: empty context.,1.0,"The actual output matches the expected meaning for the input about when the deposição da megasseqüência proto-oceânica begins: both state it starts ""a partir do Neo-aptiano""/""inicia-se no Neo-aptiano."" There is no factual contradiction, and the added phrasing is a harmless stylistic difference rather than an error.",1.0,"The expected output’s essential fact is the timing: ""A partir do Neo-aptiano"". The actual output fully preserves this key detail by stating that the deposição da megasseqüência proto-oceânica ""inicia-se no Neo-aptiano"", which correctly matches the start time asked in the input. It adds context about the deposição and megasseqüência proto-oceânica, but does not omit or contradict any required element.",1.0,"The actual output is fully aligned with the expected answer and uses appropriate geological and stratigraphic terminology, correctly identifying the onset of deposition of the megasseqüência proto-oceânica as ""Neo-aptiano."" It preserves the key temporal interpretation from the expected output (""A partir do Neo-aptiano"") with only a harmless reformulation into a complete sentence, without introducing any incorrect geological entities, relations, or reservoir/facies concepts.",1.0,"The actual output is semantically aligned with the expected answer: both indicate that the deposição da megasseqüência proto-oceânica begins no/""a partir do"" Neo-aptiano. It preserves the correct geological concept, entity, and temporal relation from the test case, adding only a harmless restatement of ""inicia-se a deposição"" without introducing confusion or inverted meaning.",0.21428571428571427,0.6,0.3157894736842105,0.07692307692307693,0.25,0.11764705882352941,0.21428571428571427,0.6,0.3157894736842105,0.0,0.3333333333333333,
resultados/petrobras-4-0-com-ontologia-embeddingfirst/batch_f4d1f3cd-3f2e-41ca-b5af-611ea21bcf46-completo.csv,rag,1585,Qual é a direção geral das falhas de Pescada?,direção geral WNW-ESE,,A direção geral das falhas de Pescada é WNW-ESE.,1.0,"The score is 1.00 because the response directly answers ""Qual é a direção geral das falhas de Pescada?"" with no irrelevant statements, staying fully focused on the asked topic. Great job keeping it precise and completely relevant.",,Skipped: empty context.,,Skipped: empty context.,,Skipped: empty context.,1.0,"The actual output matches the expected meaning exactly for the input about the direção geral das falhas de Pescada: both state WNW-ESE. There are no factual contradictions or mistakes. The only difference is stylistic phrasing ('A direção geral das falhas de Pescada é ...'), which should not be penalized because the meaning remains correct.",1.0,"The actual output fully covers the essential fact from the expected output: the direção geral das falhas de Pescada is WNW-ESE. It correctly identifies the entity ('falhas de Pescada') and the required relation ('direção geral'), with only extra natural-language framing that does not change meaning. Under the evaluation steps, concise wording differences should not be penalized when all key content is present.",1.0,"The response matches the expected geological content exactly: it identifies the direção geral das falhas de Pescada as WNW-ESE, using appropriate structural geology terminology ('falhas' and directional notation). It is semantically coherent, concise, and does not introduce any misuse of lithologic, stratigraphic, facies, or reservoir concepts.",1.0,"The actual output semantically matches the expected output for the input ""Qual é a direção geral das falhas de Pescada?"" by correctly stating ""WNW-ESE"" as the direção geral. It preserves the relevant geological concept and relation (faults of Pescada and their general direction) without introducing confusion, inverted roles, or domain misuse. The added phrasing is concise and does not alter the intended meaning.",0.5,1.0,0.6666666666666666,0.3333333333333333,0.75,0.46153846153846156,0.5,1.0,0.6666666666666666,0.0,0.5,
resultados/petrobras-4-0-com-ontologia-embeddingfirst/batch_f4d1f3cd-3f2e-41ca-b5af-611ea21bcf46-completo.csv,graphrag,1585,Qual é a direção geral das falhas de Pescada?,direção geral WNW-ESE,,A direção geral das falhas de Pescada é WNW-ESE.,1.0,"The score is 1.00 because the response is fully relevant to the question about a direção geral das falhas de Pescada, with no irrelevant statements. Great job staying precise and on-topic.",,Skipped: empty context.,,Skipped: empty context.,,Skipped: empty context.,1.0,"The actual output matches the expected meaning exactly for the input about the direção geral das falhas de Pescada: both state WNW-ESE. The only differences are harmless wording and sentence form ('A direção geral das falhas de Pescada é ...' vs. 'direção geral ...'), with no factual contradiction or mistake.",1.0,The actual output correctly includes the essential fact from the expected output: the direção geral das falhas de Pescada is WNW-ESE. It preserves the key entity (falhas de Pescada) and relation (direção geral) with no important omissions. The extra wording is acceptable because the required content is fully covered.,1.0,The response matches the expected geological interpretation exactly by stating the direção geral das falhas de Pescada as WNW-ESE. It uses appropriate structural geology terminology ('falhas' and directional trend) and is semantically coherent with the input and expected output. There are no misused geological concepts or incorrect relations; the only difference is harmless added phrasing around the same answer.,1.0,"The actual output matches the expected output semantically and preserves the key geological relation asked in the input: the general direction of the falhas de Pescada. It correctly identifies the direction as WNW-ESE, with no concept confusion, role inversion, or misuse of geological terminology. Although phrased as a full sentence instead of the concise expected form, it remains fully aligned with the intended meaning.",0.5,1.0,0.6666666666666666,0.3333333333333333,0.75,0.46153846153846156,0.5,1.0,0.6666666666666666,0.0,0.5,
resultados/petrobras-4-0-com-ontologia-embeddingfirst/batch_f4d1f3cd-3f2e-41ca-b5af-611ea21bcf46-completo.csv,rag,1586,O que é a Seqüência K40?,"A Seqüência K40 é constituída por uma cunha clástica sintectônica, reconhecida inicialmente no bloco baixo da Falha de Pescada, cuja atividade está geneticamente relacionada a um aumento da taxa de subsidência no final da fase de rifteamento da bacia.",,"A Seqüência K40 é a parte mais superior da Formação Pendência, composta por arenitos grossos e pelitos de um sistema flúvio-deltaico-lacustrino. É uma cunha clástica sintectônica associada a um aumento de subsidência no final da fase de rifteamento da bacia, localizada principalmente no bloco baixo da Falha de Pescada.",1.0,"The score is 1.00 because the answer is fully relevant to the question about ""Seqüência K40"" and contains no irrelevant statements. It stays at the maximum score since it appears focused, direct, and well aligned with the input.",,Skipped: empty context.,,Skipped: empty context.,,Skipped: empty context.,0.8,"The actual output matches the core expected meaning: it identifies a ""cunha clástica sintectônica"" linked to increased subsidência at the end of the bacia's rifteamento phase and places it mainly in the bloco baixo da Falha de Pescada. However, it adds unsupported details not present in the expected output, such as ""parte mais superior da Formação Pendência"" and specific lithologies and depositional system (""arenitos grossos e pelitos""; ""sistema flúvio-deltaico-lacustrino""). These are not direct contradictions, but they go beyond the expected answer, so alignment is strong but not exact.",0.9,"The actual output captures the main expected facts: Seqüência K40 is a ""cunha clástica sintectônica"", linked genetically to increased subsidência at the end of the basin's rifteamento phase, and located mainly in the bloco baixo da Falha de Pescada. It also preserves the key entity Falha de Pescada and the core relation between fault activity and subsidence. A small deduction is warranted because it adds unsupported details from the test case context (""parte mais superior da Formação Pendência"", ""arenitos grossos e pelitos"", ""sistema flúvio-deltaico-lacustrino"") and slightly shifts ""reconhecida inicialmente"" to ""localizada principalmente,"" which is close but not fully equivalent.",0.9,"The response uses appropriate geological language such as 'Formação Pendência', 'cunha clástica sintectônica', 'subsidência', 'fase de rifteamento', and 'bloco baixo da Falha de Pescada', which aligns well with the expected interpretation. It correctly captures the core relations that K40 is a syntectonic clastic wedge associated with increased subsidence near the end of rifting and recognized mainly in the low block of the Pescada Fault. A minor shortcoming is the addition of extra lithologic and depositional details ('arenitos grossos e pelitos de um sistema flúvio-deltaico-lacustrino') and calling it the uppermost part of the Formação Pendência, which are not present in the expected output and could be unsupported in this test case, but they do not contradict the main geological meaning.",0.9,"The actual output is strongly aligned with the expected geological meaning: it correctly identifies the Seqüência K40 as a ""cunha clástica sintectônica"", links it to increased subsidência at the end of the rifting phase, and places it mainly in the bloco baixo da Falha de Pescada. It preserves the core entities and relations without inversion or domain misuse. The main shortcoming is the addition of extra lithological and stratigraphic details (""parte mais superior da Formação Pendência"", ""arenitos grossos e pelitos"", ""sistema flúvio-deltaico-lacustrino"") that are not present in the expected output; these do not contradict the target semantics but go beyond the expected answer.",0.5892857142857143,0.7674418604651163,0.6666666666666666,0.4727272727272727,0.6190476190476191,0.5360824742268041,0.4642857142857143,0.6046511627906976,0.5252525252525253,0.0,0.6818181818181818,
resultados/petrobras-4-0-com-ontologia-embeddingfirst/batch_f4d1f3cd-3f2e-41ca-b5af-611ea21bcf46-completo.csv,graphrag,1586,O que é a Seqüência K40?,"A Seqüência K40 é constituída por uma cunha clástica sintectônica, reconhecida inicialmente no bloco baixo da Falha de Pescada, cuja atividade está geneticamente relacionada a um aumento da taxa de subsidência no final da fase de rifteamento da bacia.",,"A Seqüência K40 é a parte mais superior da Formação Pendência, composta por arenitos grossos e pelitos de um sistema flúvio-deltaico-lacustrino. Ela forma uma cunha clástica sintectônica, inicialmente identificada no bloco baixo da Falha de Pescada, e está ligada ao aumento das taxas de subsidência no final da fase de rifteamento da bacia.",1.0,"The score is 1.00 because the response stayed fully focused on answering ""O que é a Seqüência K40?"" and did not include any irrelevant information. Clear, direct, and fully relevant.",,Skipped: empty context.,,Skipped: empty context.,,Skipped: empty context.,0.9,"The actual output matches the expected meaning closely for the question about 'O que é a Seqüência K40?': it correctly identifies it as a 'cunha clástica sintectônica', says it was initially recognized in the bloco baixo da Falha de Pescada, and links it to increased subsidência at the end of the rifteamento phase. The added detail about being the uppermost part of the Formação Pendência and containing arenitos grossos e pelitos is not contradicted by the expected output, but it goes beyond the required answer, so alignment is strong with only a minor deduction for extra unsupported specificity.",0.9,"The actual output captures all core elements from the expected output: it identifies the Seqüência K40 as a ""cunha clástica sintectônica"", says it was initially recognized in the bloco baixo da Falha de Pescada, and links it to increased subsidência at the end of the bacia’s rifteamento phase. It also preserves the genetic relation to fault activity in substance. The only minor issue is added information not required by the expected output, such as describing it as the upper part of the Formação Pendência and detailing lithology and depositional system.",0.9,"The actual output aligns closely with the expected geological interpretation: it correctly identifies the Seqüência K40 as a ""cunha clástica sintectônica"", initially recognized in the bloco baixo da Falha de Pescada, and links it to increased subsidência at the end of the rifteamento phase. It uses appropriate domain language such as Formação Pendência, sistema flúvio-deltaico-lacustrino, arenitos grossos, and pelitos. A minor shortcoming is that it adds lithologic and stratigraphic details not present in the expected output, which are not contradicted here but go beyond the target answer.",0.9,"The actual output is semantically very close to the expected geological meaning: it correctly identifies the Seqüência K40 as a ""cunha clástica sintectônica"", says it was first recognized in the bloco baixo da Falha de Pescada, and links it to increased subsidência at the end of the rifteamento phase. It also preserves the main entities and relations from the test case. A small penalty is warranted because it adds extra lithologic and stratigraphic detail (""parte mais superior da Formação Pendência"", ""arenitos grossos e pelitos"", ""sistema flúvio-deltaico-lacustrino"") that is not in the expected output, though these additions do not materially distort the intended geology.",0.5901639344262295,0.8372093023255814,0.6923076923076923,0.4166666666666667,0.5952380952380952,0.4901960784313726,0.5573770491803278,0.7906976744186046,0.6538461538461539,0.0,0.6956521739130435,
resultados/petrobras-4-0-com-ontologia-embeddingfirst/batch_f4d1f3cd-3f2e-41ca-b5af-611ea21bcf46-completo.csv,rag,1587,Quais são os sistemas deposicionais continentais que preenchem o sedimentar da Seqüência K40?,"sistemas deposicionais continentais, dominados por leques aluviais e sistemas fluviais de alta energia, com bancos carbonáticos restritos.",,Os sistemas deposicionais continentais que preenchem o sedimentar da Seqüência K40 são dominados por leques aluviais e sistemas fluviais de alta energia.,1.0,"The score is 1.00 because the response stays fully focused on identifying the sistemas deposicionais continentais que preenchem o sedimentar da Seqüência K40, with no irrelevant statements. Great job keeping it precise and directly aligned with the question.",,Skipped: empty context.,,Skipped: empty context.,,Skipped: empty context.,0.9,"The actual output matches the core expected content for the input about the sistemas deposicionais continentais da Seqüência K40, correctly stating that they are dominated by ""leques aluviais"" and ""sistemas fluviais de alta energia"". The main shortcoming is that it omits the expected detail ""com bancos carbonáticos restritos"", so it is incomplete, but it does not introduce any factual contradiction.",0.8,"The actual output captures the main depositional systems in the expected output—""leques aluviais"" and ""sistemas fluviais de alta energia""—and correctly frames them as the continental systems filling the Seqüência K40. However, it omits the important detail ""com bancos carbonáticos restritos,"" which is part of the expected description, so coverage is incomplete.",0.8,"The response uses appropriate geological terminology for the question, correctly identifying ""leques aluviais"" and ""sistemas fluviais de alta energia"" as the main continental depositional systems in the Seqüência K40. This matches the core entities and interpretation in the expected output and is semantically coherent. However, it omits the expected detail ""com bancos carbonáticos restritos,"" so it is incomplete compared with the full expected geological description.",0.8,"The actual output is semantically close to the expected answer because it correctly identifies the sistemas deposicionais continentais da Seqüência K40 as being dominados por leques aluviais e sistemas fluviais de alta energia. This preserves the main geological entities and relations from the input. However, it omits the expected detail 'com bancos carbonáticos restritos', so it is incomplete relative to the full geological description.",0.5416666666666666,0.7222222222222222,0.619047619047619,0.4782608695652174,0.6470588235294118,0.55,0.5416666666666666,0.7222222222222222,0.619047619047619,0.0,0.6666666666666667,
resultados/petrobras-4-0-com-ontologia-embeddingfirst/batch_f4d1f3cd-3f2e-41ca-b5af-611ea21bcf46-completo.csv,graphrag,1587,Quais são os sistemas deposicionais continentais que preenchem o sedimentar da Seqüência K40?,"sistemas deposicionais continentais, dominados por leques aluviais e sistemas fluviais de alta energia, com bancos carbonáticos restritos.",,"Os sistemas deposicionais continentais que preenchem o sedimentar da Seqüência K40 são dominados por leques aluviais e sistemas fluviais de alta energia, com bancos carbonáticos restritos.",0.6666666666666666,"The score is 0.67 because the answer appears to address the requested depositional systems for the Seqüência K40, but it is not higher since it includes an irrelevant element: ""bancos carbonáticos restritos"", which is not clearly a continental depositional system and does not directly answer the question. Overall, it is partially relevant but not fully focused on the continental systems asked for.",,Skipped: empty context.,,Skipped: empty context.,,Skipped: empty context.,1.0,"The actual output matches the expected content for the input about the sistemas deposicionais continentais da Seqüência K40: it states they are dominados por leques aluviais e sistemas fluviais de alta energia, com bancos carbonáticos restritos. The only difference is harmless wording added at the start (""Os ... que preenchem o sedimentar da Seqüência K40 são""), with no factual contradiction or missing expected detail.",1.0,"The actual output matches all essential content from the expected output: it identifies the 'sistemas deposicionais continentais' of the Seqüência K40 as being dominated by 'leques aluviais e sistemas fluviais de alta energia, com bancos carbonáticos restritos'. It preserves the key entities and relations from the expected answer, with only minor paraphrasing ('que preenchem o sedimentar da Seqüência K40 são') that does not omit any important information from the test case.",1.0,"The response aligns very well with the expected geological content for Seqüência K40: it correctly identifies sistemas deposicionais continentais dominated by leques aluviais, sistemas fluviais de alta energia, and bancos carbonáticos restritos. Geological terminology is appropriate and semantically coherent, with no misuse of lithologic, facies, stratigraphic, or reservoir concepts. The only minor difference is added phrasing ('Os sistemas deposicionais continentais que preenchem o sedimentar da Seqüência K40 são'), which does not change the interpretation.",1.0,"The actual output is semantically aligned with the expected output: it identifies the same continental depositional systems for a Seqüência K40 sedimentar fill, namely 'leques aluviais' and 'sistemas fluviais de alta energia', plus 'bancos carbonáticos restritos'. It preserves the correct geological entities and relations without inversion or concept confusion. The only difference is a minor phrasing issue ('preenchem o sedimentar'), which does not alter the intended geological meaning.",0.6206896551724138,1.0,0.7659574468085107,0.5714285714285714,0.9411764705882353,0.7111111111111111,0.6206896551724138,1.0,0.7659574468085107,0.0,0.7906976744186047,
resultados/petrobras-4-0-com-ontologia-embeddingfirst/batch_f4d1f3cd-3f2e-41ca-b5af-611ea21bcf46-completo.csv,rag,1588,Qual é a unidade litoestratigráfica que corresponde à seção de rochas da Seqüência K40?,Formação Pescada,,A unidade litoestratigráfica que corresponde à seção de rochas da Seqüência K40 é a Formação Pescada.,1.0,"The score is 1.00 because the response directly addresses the question about qual unidade litoestratigráfica corresponde à seção de rochas da Seqüência K40, with no irrelevant statements. Great job staying fully on topic and precise.",,Skipped: empty context.,,Skipped: empty context.,,Skipped: empty context.,1.0,"The actual output matches the expected output in meaning for the input asking which unidade litoestratigráfica corresponde à seção de rochas da Seqüência K40. It correctly identifies ""Formação Pescada"" and adds only harmless explanatory wording. There are no factual contradictions or mistakes relative to the expected output.",1.0,"The actual output correctly identifies the litoestratigraphic unit for the Seqüência K40 as ""Formação Pescada,"" which matches the expected output exactly in substance. It includes the key entity and relation requested by the input, with only extra introductory wording that does not omit or alter any essential information.",1.0,"The actual output correctly identifies the litoestratigráfica unit for the Seqüência K40 as ""Formação Pescada,"" exactly matching the expected geological entity. It uses appropriate domain terminology such as ""unidade litoestratigráfica"" and ""seção de rochas"" coherently, with no misuse of stratigraphic or reservoir concepts. The only difference is added explanatory phrasing, which does not alter the correct geological interpretation.",1.0,"The actual output is semantically aligned with the expected output: it correctly identifies the unidade litoestratigráfica da Seqüência K40 as ""Formação Pescada."" It preserves the key geological entity and relation requested in the input, with no concept confusion, inverted relation, or domain misuse. Although more verbose than the expected output, the extra wording does not change the meaning.",0.16666666666666666,1.0,0.2857142857142857,0.11764705882352941,1.0,0.21052631578947367,0.16666666666666666,1.0,0.2857142857142857,0.0,0.2222222222222222,
resultados/petrobras-4-0-com-ontologia-embeddingfirst/batch_f4d1f3cd-3f2e-41ca-b5af-611ea21bcf46-completo.csv,graphrag,1588,Qual é a unidade litoestratigráfica que corresponde à seção de rochas da Seqüência K40?,Formação Pescada,,A unidade litoestratigráfica que corresponde à seção de rochas da Seqüência K40 é a Formação Pescada.,1.0,"The score is 1.00 because the answer is fully relevant to the question, directly addressing qual é a unidade litoestratigráfica correspondente à seção de rochas da Seqüência K40, without adding irrelevant information. Great job staying precise and on topic.",,Skipped: empty context.,,Skipped: empty context.,,Skipped: empty context.,1.0,"The actual output matches the expected output in meaning: for the input asking which unidade litoestratigráfica corresponds to the seção de rochas da Seqüência K40, it correctly identifies ""Formação Pescada"". The added sentence framing is only stylistic and does not introduce any factual contradiction or mistake relative to the expected output.",1.0,"The actual output correctly identifies the key expected entity, ""Formação Pescada"", as the unidade litoestratigráfica correspondente à seção de rochas da Seqüência K40. It includes all essential information from the expected output, with only extra explanatory phrasing that should not be penalized under the evaluation steps.",1.0,"The actual output correctly identifies the litoestratigráfica unit for the Seqüência K40 as Formação Pescada, matching the expected output exactly in geological entity and interpretation. It uses appropriate domain terminology such as ""unidade litoestratigráfica"" and ""seção de rochas,"" with no misuse of stratigraphic or lithologic concepts. The only minor difference is that it presents the answer in a full sentence rather than just the unit name.",1.0,"The actual output is semantically identical to the expected output: it correctly identifies the unidade litoestratigráfica da Seqüência K40 as Formação Pescada. It preserves the key geological entity and relation requested in the input, with no concept confusion, inverted roles, or misuse of litoestratigráfica terminology. The added sentence framing is concise and does not alter the intended meaning.",0.16666666666666666,1.0,0.2857142857142857,0.11764705882352941,1.0,0.21052631578947367,0.16666666666666666,1.0,0.2857142857142857,0.0,0.2222222222222222,
resultados/petrobras-4-0-com-ontologia-embeddingfirst/batch_f4d1f3cd-3f2e-41ca-b5af-611ea21bcf46-completo.csv,rag,1632,O que causou o processo de dobramento por deslizamento flexural?,anisotropia mecânica,,"O processo de dobramento por deslizamento flexural foi consequência da anisotropia mecânica entre as camadas, com a deformação concentrando-se em níveis de folhelhos e siltitos, intercalados a arenitos.",1.0,"The score is 1.00 because the answer stayed fully focused on explaining what caused o processo de dobramento por deslizamento flexural, with no irrelevant statements. Great job keeping it directly on topic and completely relevant.",,Skipped: empty context.,,Skipped: empty context.,,Skipped: empty context.,1.0,"The actual output matches the expected output's core cause, stating that the dobramento por deslizamento flexural resulted from ""anisotropia mecânica"". It adds compatible detail about deformation in folhelhos, siltitos, and arenitos, without introducing any contradiction to the expected output for the given input.",1.0,"The actual output fully covers the essential expected element, identifying ""anisotropia mecânica"" as the cause of the dobramento por deslizamento flexural. It also adds compatible detail about deformation in folhelhos, siltitos, and arenitos from the test case input, without omitting any required information.",1.0,"The response aligns strongly with the expected output by identifying ""anisotropia mecânica"" as the cause of dobramento por deslizamento flexural. It uses appropriate geological terminology for the input, including mechanically contrasting lithologies like folhelhos, siltitos, and arenitos, and gives a coherent domain-specific interpretation consistent with flexural slip folding. There is no misuse of stratigraphic, facies, or reservoir concepts, and the added detail remains semantically accurate.",0.9,"The response aligns well with the expected geological cause, explicitly identifying ""anisotropia mecânica"" as the driver of dobramento por deslizamento flexural. It preserves the correct semantic relation for the input question about causation and stays within the relevant geological context. The added detail about deformação em folhelhos, siltitos e arenitos is consistent rather than contradictory, though it goes beyond the minimal expected output.",0.09090909090909091,1.0,0.16666666666666669,0.0625,1.0,0.11764705882352941,0.09090909090909091,1.0,0.16666666666666669,0.0,0.13333333333333333,
resultados/petrobras-4-0-com-ontologia-embeddingfirst/batch_f4d1f3cd-3f2e-41ca-b5af-611ea21bcf46-completo.csv,graphrag,1632,O que causou o processo de dobramento por deslizamento flexural?,anisotropia mecânica,,"O processo de dobramento por deslizamento flexural foi causado pela anisotropia mecânica entre as camadas, concentrando a deformação em níveis de folhelhos e siltitos intercalados a arenitos.",1.0,"The score is 1.00 because the answer appears fully focused on explaining what caused o processo de dobramento por deslizamento flexural, with no irrelevant statements distracting from the topic. Great job keeping it directly relevant and on point.",,Skipped: empty context.,,Skipped: empty context.,,Skipped: empty context.,1.0,"The actual output matches the expected output's core cause, identifying ""anisotropia mecânica"" as what caused o processo de dobramento por deslizamento flexural. It adds compatible detail about deformation concentrated in folhelhos, siltitos e arenitos, but does not contradict the expected answer. Since the meaning for the given input is correct and consistent, stylistic elaboration should not be penalized.",1.0,"The actual output fully includes the essential expected element, stating that o dobramento por deslizamento flexural foi causado pela ""anisotropia mecânica"". It also adds compatible detail about deformation concentrated in folhelhos, siltitos, and arenitos, which does not conflict with the expected output. Since the key cause from the test case is correctly covered, alignment is very strong.",0.9,"The response aligns strongly with the expected cause, explicitly identifying ""anisotropia mecânica"" and using appropriate geological language for flexural-slip folding. It adds coherent domain-specific detail about deformation concentrating in folhelhos, siltitos, and arenitos, which is semantically plausible and does not misuse lithologic or structural concepts. The only minor issue is that it is more specific than the expected minimal output, but it remains consistent with the test case.",1.0,"The actual output is semantically aligned with the expected output because it correctly identifies ""anisotropia mecânica"" as the cause of dobramento por deslizamento flexural. It also stays within the correct geological meaning by elaborating that deformation was concentrated in folhelhos e siltitos intercalados a arenitos, which is consistent rather than contradictory. There is no concept confusion, inversion, or misuse of domain-specific relations, and the added detail preserves the intended semantics.",0.1,1.0,0.18181818181818182,0.06896551724137931,1.0,0.12903225806451613,0.1,1.0,0.18181818181818182,0.0,0.13793103448275862,
resultados/petrobras-4-0-com-ontologia-embeddingfirst/batch_f4d1f3cd-3f2e-41ca-b5af-611ea21bcf46-completo.csv,rag,1634,Que mecanismo predomina nos flancos das dobras?,mecanismos de deslizamento flexural,,Nos flancos das dobras predomina o mecanismo de deslizamento flexural.,1.0,"The score is 1.00 because the response stayed fully focused on the question about the mechanism that predominates on the flanks of folds, with no irrelevant statements. Great job keeping it precise and directly relevant.",,Skipped: empty context.,,Skipped: empty context.,,Skipped: empty context.,1.0,"The actual output matches the expected content for the input about which mechanism predominates on the flanks of folds: it correctly states ""deslizamento flexural"" as the mechanism. The only difference is harmless wording and sentence form (""Nos flancos das dobras predomina o mecanismo de..."") versus the expected phrase ""mecanismos de deslizamento flexural"", with no factual contradiction.",1.0,"The actual output correctly identifies the essential mechanism asked in the input, stating that nos flancos das dobras predomina o mecanismo de deslizamento flexural, which matches the expected output 'mecanismos de deslizamento flexural'. It covers the key fact and relation without omitting any important information, and the extra wording does not reduce alignment.",1.0,"The response aligns very well with the expected geological interpretation for the question about flanks of folds: it correctly identifies ""deslizamento flexural"" as the predominant mechanism, using appropriate structural geology terminology. It matches the expected output semantically, with only a minor difference in phrasing by adding a full sentence and using singular ""mecanismo"" instead of the expected plural expression.",1.0,"The actual output is semantically aligned with the expected output: it identifies ""deslizamento flexural"" as the dominant mechanism nos flancos das dobras, matching the expected geological concept ""mecanismos de deslizamento flexural"". It preserves the correct entity, relation, and domain meaning, with no concept confusion or inversion; the added sentence structure does not change the intended geology.",0.4,1.0,0.5714285714285715,0.3333333333333333,1.0,0.5,0.4,1.0,0.5714285714285715,0.0,0.4285714285714285,
resultados/petrobras-4-0-com-ontologia-embeddingfirst/batch_f4d1f3cd-3f2e-41ca-b5af-611ea21bcf46-completo.csv,graphrag,1634,Que mecanismo predomina nos flancos das dobras?,mecanismos de deslizamento flexural,,Nos flancos das dobras predomina o mecanismo de deslizamento flexural.,1.0,"The score is 1.00 because the answer stays fully focused on the question about the mechanism that predominates on the flanks of folds, with no irrelevant statements. Great job keeping it precise and directly relevant.",,Skipped: empty context.,,Skipped: empty context.,,Skipped: empty context.,1.0,"The actual output matches the expected meaning exactly: for the input about which mechanism predominates on the flanks of folds, it correctly states 'deslizamento flexural'. There are no factual contradictions or mistakes; the only difference is fuller sentence wording ('Nos flancos das dobras predomina o mecanismo de...'), which is a harmless stylistic variation.",1.0,"The actual output fully covers the essential expected content: it identifies that nos flancos das dobras predomina o mecanismo de deslizamento flexural, which matches the expected output ""mecanismos de deslizamento flexural"". It includes the key entity and relation asked in the input, with only minor wording differences that do not omit any important information.",1.0,"The response aligns very well with the expected geological concept for the input about fold flanks: it correctly identifies ""deslizamento flexural"" as the predominant mechanism, using appropriate structural geology terminology. It matches the expected output semantically, with only a minor difference in wording because it answers in a full sentence and uses the singular ""mecanismo"" instead of the expected plural formulation ""mecanismos de deslizamento flexural"".",1.0,"The actual output is semantically aligned with the expected output: it identifies that nos flancos das dobras predomina o mecanismo de deslizamento flexural, which matches the expected geological concept 'mecanismos de deslizamento flexural'. It preserves the correct entity, mechanism, and relation of predominance without introducing confusion, inversion, or domain misuse.",0.4,1.0,0.5714285714285715,0.3333333333333333,1.0,0.5,0.4,1.0,0.5714285714285715,0.0,0.4285714285714285,
resultados/petrobras-4-0-com-ontologia-embeddingfirst/batch_f4d1f3cd-3f2e-41ca-b5af-611ea21bcf46-completo.csv,rag,1637,O que ocorreu em conseqüência da anisotropia mecânica entre camadas?,O processo de dobramento por deslizamento flexural,,"O processo de dobramento por deslizamento flexural ocorreu em consequência da anisotropia mecânica entre as camadas, com a deformação concentrando-se nos níveis de folhelhos e siltitos intercalados a arenitos.",1.0,"The score is 1.00 because the answer stayed fully focused on what occurred as a consequence of the mechanical anisotropy between layers, with no irrelevant statements. Great job keeping it directly on topic.",,Skipped: empty context.,,Skipped: empty context.,,Skipped: empty context.,1.0,"The actual output matches the expected output on the key fact: it identifies ""o processo de dobramento por deslizamento flexural"" as what occurred em consequência da anisotropia mecânica entre camadas. It adds extra detail about deformação em folhelhos, siltitos e arenitos, but this does not contradict the expected output or the input, so it should not be penalized under the wording/style guidance.",1.0,"The actual output fully includes the essential expected element, stating that ocorreu o ""processo de dobramento por deslizamento flexural"" em consequência da anisotropia mecânica entre as camadas. It also correctly reflects the input’s causal framing and adds compatible detail about deformação em folhelhos, siltitos e arenitos, which should not be penalized because the core expected content is present.",1.0,"The response aligns strongly with the expected geological interpretation by correctly identifying ""dobramento por deslizamento flexural"" as the consequence of mechanical anisotropy between layers. It uses appropriate domain terminology such as anisotropia mecânica, deformação, folhelhos, siltitos, and arenitos, which is semantically coherent with stratified rock behavior. Compared with the expected output, it is more specific rather than contradictory, adding a plausible detail about deformation concentrating in weaker interbedded levels. There is no evident misuse of lithologic, structural, or stratigraphic concepts.",1.0,"The actual output is strongly aligned with the expected output for the question 'O que ocorreu em conseqüência da anisotropia mecânica entre camadas?'. It correctly identifies 'o processo de dobramento por deslizamento flexural' as the consequence, preserving the core geological concept and causal relation expected. The added detail about deformation concentrating in 'folhelhos e siltitos intercalados a arenitos' remains geologically consistent and does not invert roles or introduce semantic confusion, though it goes beyond the minimal expected answer.",0.20588235294117646,1.0,0.34146341463414637,0.18181818181818182,1.0,0.3076923076923077,0.20588235294117646,1.0,0.34146341463414637,0.0,0.3888888888888889,
resultados/petrobras-4-0-com-ontologia-embeddingfirst/batch_f4d1f3cd-3f2e-41ca-b5af-611ea21bcf46-completo.csv,graphrag,1637,O que ocorreu em conseqüência da anisotropia mecânica entre camadas?,O processo de dobramento por deslizamento flexural,,"Como consequência da anisotropia mecânica entre as camadas, ocorreu o dobramento por deslizamento flexural, concentrando a deformação em níveis de folhelhos e siltitos intercalados a arenitos.",1.0,"The score is 1.00 because the response stayed fully focused on what ocorreu em conseqüência da anisotropia mecânica entre camadas, with no irrelevant statements. Great job keeping it directly on topic.",,Skipped: empty context.,,Skipped: empty context.,,Skipped: empty context.,1.0,"The actual output matches the expected meaning for the input about the consequence of anisotropia mecânica entre camadas: it correctly identifies ""dobramento por deslizamento flexural,"" which is exactly the expected output. The added detail about deformation concentrated in ""folhelhos e siltitos intercalados a arenitos"" is not contradictory and should not be penalized because it preserves the core answer.",1.0,"The actual output fully covers the essential element from the expected output: it identifies that the consequence was ""dobramento por deslizamento flexural"". It also adds consistent detail about deformation concentrating in folhelhos, siltitos, and arenitos, which does not conflict with the expected answer. Given the test case asks what occurred as a consequence of anisotropia mecânica entre camadas, the core relation is correctly preserved.",1.0,"The actual output matches the expected geological interpretation by identifying ""dobramento por deslizamento flexural"" as the consequence of anisotropia mecânica entre camadas. It uses domain-appropriate terminology correctly and adds coherent detail about deformation concentrating in folhelhos, siltitos, and arenitos, which is consistent with mechanical stratification rather than a misuse of lithologic or structural concepts.",1.0,"The actual output is semantically aligned with the expected output because it correctly identifies ""dobramento por deslizamento flexural"" as what occurred due to ""anisotropia mecânica entre camadas"". It preserves the core geological concept and causal relation from the input, and the added detail about deformation concentrating in folhelhos, siltitos, and arenitos is consistent with the domain rather than introducing confusion or inverted roles.",0.2,0.8571428571428571,0.32432432432432434,0.10344827586206896,0.5,0.17142857142857143,0.16666666666666666,0.7142857142857143,0.2702702702702703,0.0,0.36363636363636365,
resultados/petrobras-4-0-com-ontologia-embeddingfirst/batch_f4d1f3cd-3f2e-41ca-b5af-611ea21bcf46-completo.csv,rag,1638,Onde se concentra a deformação?,"níveis de folhelhos e siltitos, intercalados a arenitos",,"A deformação se concentra em níveis de folhelhos e siltitos, intercalados a arenitos.",1.0,"The score is 1.00 because the response is fully relevant to the question and stays focused on answering ""Onde se concentra a deformação?"" clearly and directly. Great job keeping it precise and on-topic.",,Skipped: empty context.,,Skipped: empty context.,,Skipped: empty context.,1.0,"The actual output matches the expected content exactly in meaning for the input ""Onde se concentra a deformação?"": it states that the deformation is concentrated in ""níveis de folhelhos e siltitos, intercalados a arenitos"". The only difference is the added introductory phrase ""A deformação se concentra em"", which is a harmless wording variation and does not introduce any factual contradiction or mistake.",1.0,"The actual output fully covers the essential expected content: it identifies that the deformation is concentrated in ""níveis de folhelhos e siltitos, intercalados a arenitos"". The added phrase ""A deformação se concentra em"" matches the question context (""Onde se concentra a deformação?"") and does not omit or alter any key fact, entity, or relation from the expected output.",1.0,"The actual output matches the expected geological content closely, correctly identifying that deformation is concentrated in ""níveis de folhelhos e siltitos, intercalados a arenitos"". It uses appropriate lithological terminology (folhelhos, siltitos, arenitos) and preserves the intended geological relation without introducing incorrect facies, stratigraphic, or reservoir concepts. The only difference is a natural full-sentence framing, which does not alter the geological meaning.",1.0,"The actual output matches the expected geological content: it identifies that the deformação se concentra em ""níveis de folhelhos e siltitos, intercalados a arenitos,"" preserving the same entities and relation. The added phrase ""A deformação se concentra em"" is appropriate to the question ""Onde se concentra a deformação?"" and does not change the semantics. There is no concept confusion, inversion, or misuse of geological terms.",0.6,1.0,0.7499999999999999,0.5714285714285714,1.0,0.7272727272727273,0.6,1.0,0.7499999999999999,0.0,0.761904761904762,
resultados/petrobras-4-0-com-ontologia-embeddingfirst/batch_f4d1f3cd-3f2e-41ca-b5af-611ea21bcf46-completo.csv,graphrag,1638,Onde se concentra a deformação?,"níveis de folhelhos e siltitos, intercalados a arenitos",,"A deformação se concentra em níveis de folhelhos e siltitos, intercalados a arenitos.",1.0,"The score is 1.00 because the response is fully relevant to the question, directly addressing ""Onde se concentra a deformação?"" with no irrelevant statements. Great job keeping the answer focused and on-topic.",,Skipped: empty context.,,Skipped: empty context.,,Skipped: empty context.,1.0,"The actual output matches the expected content exactly in meaning and key details: it identifies that the deformação se concentra em 'níveis de folhelhos e siltitos, intercalados a arenitos'. The only difference is the added introductory phrase 'A deformação se concentra em', which is a harmless wording variation based on the input question and does not introduce any factual contradiction.",1.0,"The actual output fully covers the essential expected content: it identifies that the deformação occurs in 'níveis de folhelhos e siltitos, intercalados a arenitos'. The added phrase 'A deformação se concentra em' correctly matches the question 'Onde se concentra a deformação?' and does not omit or alter any key entity or relation from the expected output.",1.0,"The actual output aligns very closely with the expected geological content for the question 'Onde se concentra a deformação?'. It correctly uses domain-appropriate lithological terms like 'folhelhos', 'siltitos' and 'arenitos', and preserves the key relation that deformation is concentrated in shale and siltstone levels interbedded with sandstones. The only difference is the added introductory phrasing 'A deformação se concentra em', which is semantically coherent and appropriate.",1.0,"The actual output matches the expected geological content and relation: it correctly identifies that the deformação se concentra em ""níveis de folhelhos e siltitos, intercalados a arenitos"". Although it adds the framing phrase ""A deformação se concentra em"", this preserves the intended semantics from the input question and does not introduce any concept confusion or geological role inversion.",0.6,1.0,0.7499999999999999,0.5714285714285714,1.0,0.7272727272727273,0.6,1.0,0.7499999999999999,0.0,0.761904761904762,
resultados/petrobras-4-0-com-ontologia-embeddingfirst/batch_f4d1f3cd-3f2e-41ca-b5af-611ea21bcf46-completo.csv,rag,1641,O que revela que a deformação atingiu o ponto de ruptura?,a nucleação de falhas reversas,,A nucleação de falhas reversas revela que a deformação atingiu o ponto de ruptura.,1.0,"The score is 1.00 because the response stayed fully focused on identifying what indicates that the deformation reached the breaking point, with no irrelevant statements. Clear and directly relevant answer.",,Skipped: empty context.,,Skipped: empty context.,,Skipped: empty context.,1.0,"The actual output matches the expected output in meaning and preserves the key detail from the test case: ""a nucleação de falhas reversas"" as what reveals that the deformation reached the rupture point. The added phrase ""revela que a deformação atingiu o ponto de ruptura"" is a harmless rephrasing of the question context, not a factual contradiction or mistake.",1.0,"The expected output contains a single essential element: ""a nucleação de falhas reversas"" as what reveals that the deformação reached the breaking point. The actual output fully includes this key fact and relation, adding only minimal surrounding wording (""revela que a deformação atingiu o ponto de ruptura"") that remains consistent with the input question. No important information is missing.",1.0,"The response aligns very well with the expected geological content: it correctly uses the domain term ""nucleação de falhas reversas"" and preserves the intended relation that this indicates deformation reaching the rupture point. It is geologically appropriate, semantically coherent, and does not introduce incorrect lithologic, stratigraphic, facies, or reservoir concepts. The only minor difference is that it restates the expected phrase as a full sentence rather than matching it exactly.",1.0,"The actual output matches the expected geological concept exactly: it identifies ""a nucleação de falhas reversas"" as what reveals that deformation reached the rupture point. The added phrase ""revela que a deformação atingiu o ponto de ruptura"" is consistent with the input question and does not change the semantic meaning. It preserves the correct entity and relation with no concept confusion or inversion.",0.375,1.0,0.5454545454545454,0.3333333333333333,1.0,0.5,0.375,1.0,0.5454545454545454,0.0,0.5263157894736842,
resultados/petrobras-4-0-com-ontologia-embeddingfirst/batch_f4d1f3cd-3f2e-41ca-b5af-611ea21bcf46-completo.csv,graphrag,1641,O que revela que a deformação atingiu o ponto de ruptura?,a nucleação de falhas reversas,,A nucleação de falhas reversas revela que a deformação atingiu o ponto de ruptura.,1.0,"The score is 1.00 because the response stayed fully focused on identifying what reveals that the deformation reached the breaking point, with no irrelevant statements. Great job keeping it directly on topic and complete.",,Skipped: empty context.,,Skipped: empty context.,,Skipped: empty context.,1.0,"The actual output matches the expected content for the input by correctly identifying ""a nucleação de falhas reversas"" as what reveals the deformação reached the ponto de ruptura. The added phrase ""revela que a deformação atingiu o ponto de ruptura"" is a harmless rewording of the question context, not a factual contradiction or mistake.",1.0,"The expected output contains a single essential element: ""a nucleação de falhas reversas"" as the indicator that the deformação atingiu o ponto de ruptura. The actual output includes this exact fact and relation, adding only harmless context (""revela que a deformação atingiu o ponto de ruptura""). There are no omissions of important information from the test case.",1.0,"The response aligns very well with the expected geological concept: it correctly identifies ""a nucleação de falhas reversas"" as the indicator that deformation reached rupture, using appropriate structural geology terminology. It preserves the key geological entity and relation from the expected output and adds only a coherent explanatory phrase (""revela que a deformação atingiu o ponto de ruptura"") without introducing any misuse of lithology, facies, stratigraphy, or reservoir concepts.",1.0,"The actual output is semantically identical to the expected output and directly answers the input question by stating that ""a nucleação de falhas reversas"" reveals the deformation reached the rupture point. It preserves the correct geological concept and relation, with no concept confusion, inverted roles, or misuse of domain-specific meaning. The added phrasing is concise and does not alter the intended semantics.",0.375,1.0,0.5454545454545454,0.3333333333333333,1.0,0.5,0.375,1.0,0.5454545454545454,0.0,0.5263157894736842,
resultados/petrobras-4-0-com-ontologia-embeddingfirst/batch_f4d1f3cd-3f2e-41ca-b5af-611ea21bcf46-completo.csv,rag,1642,O que indica a relação angular entre os indicadores cinemáticos nas superfícies de deslizamento e os eixos das dobras F1?,a atuação de uma componente de rotação horária,,"A relação angular indica a atuação de uma componente de rotação horária durante o deslizamento flexural ou, alternativamente, que a rotação ocorreu após a nucleação das dobras F1.",1.0,The score is 1.00 because the response stays fully focused on what the input asks about—the relação angular entre os indicadores cinemáticos nas superfícies de deslizamento e os eixos das dobras F1—without adding irrelevant information. Great job keeping it precise and on-topic.,,Skipped: empty context.,,Skipped: empty context.,,Skipped: empty context.,0.8,"The actual output matches the expected meaning by stating ""a atuação de uma componente de rotação horária,"" which is exactly the key point required by the test case. However, it adds an alternative explanation (""ou, alternativamente, que a rotação ocorreu após a nucleação das dobras F1"") that is not present in the expected output, so it is somewhat less strictly aligned even though there is no direct contradiction.",1.0,"The actual output includes the essential expected fact: ""a atuação de uma componente de rotação horária"" in response to what the angular relationship indicates. It also adds an alternative interpretation about rotation after the nucleation of the dobras F1, but this does not omit or contradict the core expected content tied to the input about indicadores cinemáticos, superfícies de deslizamento, and eixos das dobras F1.",0.9,"The actual output uses appropriate structural geology terminology such as ""relação angular"", ""indicadores cinemáticos"", ""superfícies de deslizamento"", ""dobras F1"", and ""rotação horária"", which aligns well with the input. It matches the expected interpretation by stating ""a atuação de uma componente de rotação horária"". However, it adds an alternative interpretation (""ou, alternativamente, que a rotação ocorreu após a nucleação das dobras F1"") that is not present in the expected output, so it is slightly less strictly aligned.",0.8,"The actual output preserves the core expected geological meaning by stating ""a atuação de uma componente de rotação horária,"" which matches the expected interpretation of the angular relation between kinematic indicators on slip surfaces and the F1 fold axes. It stays aligned with the relevant entities and relation in the test case. A small penalty is warranted because it adds an alternative explanation (rotação após a nucleação das dobras F1) that is not present in the expected output, introducing extra semantics beyond the target answer.",0.3142857142857143,1.0,0.4782608695652174,0.29411764705882354,1.0,0.45454545454545453,0.3142857142857143,1.0,0.4782608695652174,0.0,0.4444444444444445,
resultados/petrobras-4-0-com-ontologia-embeddingfirst/batch_f4d1f3cd-3f2e-41ca-b5af-611ea21bcf46-completo.csv,graphrag,1642,O que indica a relação angular entre os indicadores cinemáticos nas superfícies de deslizamento e os eixos das dobras F1?,a atuação de uma componente de rotação horária,,"A relação angular entre os indicadores cinemáticos nas superfícies de deslizamento e os eixos das dobras F1 indica a atuação de uma componente de rotação horária durante o fenômeno de deslizamento flexural. Alternativamente, pode sugerir que essa rotação ocorreu após a nucleação das dobras F1.",1.0,"The score is 1.00 because the response is fully relevant to the question, directly addressing the relação angular entre os indicadores cinemáticos nas superfícies de deslizamento e os eixos das dobras F1, with no irrelevant statements. Great job staying completely on topic.",,Skipped: empty context.,,Skipped: empty context.,,Skipped: empty context.,1.0,"The actual output matches the expected core meaning for the input: it explicitly states ""a atuação de uma componente de rotação horária"" as what the angular relationship indicates. The added sentence about the rotation possibly occurring after the nucleation of the dobras F1 is extra information, but it does not contradict the expected output. There are no factual contradictions, and the main answer remains aligned with the required interpretation.",1.0,"The actual output includes the essential expected content: it states that the angular relation indicates ""a atuação de uma componente de rotação horária,"" which is the key fact required by the expected output. Although it adds extra context about deslizamento flexural and a possible alternative timing after nucleação das dobras F1, there is no omission of the central relation asked in the input, so it aligns strongly with the evaluation steps.",0.9,"The actual output uses appropriate geological terminology from the test case, including ""indicadores cinemáticos"", ""superfícies de deslizamento"", ""dobras F1"", and ""deslizamento flexural"". It correctly captures the expected interpretation: the angular relation indicates ""a atuação de uma componente de rotação horária"". A small penalty is warranted because it adds an alternative interpretation about rotation occurring after the nucleation of the F1 folds, which is not present in the expected output, though it remains semantically coherent and does not misuse geological concepts.",1.0,"The actual output matches the expected geological meaning for the input about the angular relation between kinematic indicators on slip surfaces and the axes of F1 folds: it correctly states that this relation indicates 'a atuação de uma componente de rotação horária'. It preserves the key entities and relation without confusing roles or domain concepts. The added alternative hypothesis about rotation occurring after the nucleation of the F1 folds goes beyond the expected output, but it does not contradict the core expected interpretation.",0.2,1.0,0.33333333333333337,0.18518518518518517,1.0,0.3125,0.2,1.0,0.33333333333333337,0.0,0.3018867924528302,
resultados/petrobras-4-0-com-ontologia-embeddingfirst/batch_f4d1f3cd-3f2e-41ca-b5af-611ea21bcf46-completo.csv,rag,1643,O que a relação angular entre os indicadores cinemáticos nas superfícies de deslizamento e os eixos das dobras indica?,uma componente de rotação horária,,A relação angular indica a atuação de uma componente de rotação horária durante o deslizamento flexural.,1.0,"The score is 1.00 because the answer appears fully relevant to the question, with no irrelevant statements identified. It directly addresses what the angular relationship indicates, so this is a strong and complete response.",,Skipped: empty context.,,Skipped: empty context.,,Skipped: empty context.,1.0,"The actual output matches the expected meaning for the input about the relação angular entre indicadores cinemáticos nas superfícies de deslizamento e os eixos das dobras: it correctly identifies ""uma componente de rotação horária"". The added phrase ""durante o deslizamento flexural"" is extra detail not present in the expected output, but it does not contradict it. There are no factual mistakes or contradictions, so only harmless wording expansion is present.",1.0,"The actual output captures the essential expected element, namely ""uma componente de rotação horária"", and correctly ties it to what the angular relationship indicates. It adds context (""durante o deslizamento flexural"") that is consistent with the question and does not omit any key information from the expected output.",1.0,"The actual output aligns very well with the expected interpretation by identifying ""uma componente de rotação horária,"" which is the key geological meaning asked by the input about the angular relation between kinematic indicators on slip surfaces and fold axes. It uses appropriate structural-geology terminology such as ""deslizamento flexural"" and ""componente de rotação horária,"" with no misuse of lithologic, stratigraphic, facies, or reservoir concepts. The only minor shortcoming is that it adds ""durante o deslizamento flexural,"" which is slightly more specific than the expected output, but it remains semantically coherent and domain-appropriate.",1.0,"The actual output is semantically aligned with the expected output because it correctly identifies ""uma componente de rotação horária"" as what the angular relationship indicates. It also preserves the geological context from the input by linking this to ""os indicadores cinemáticos nas superfícies de deslizamento"" and ""os eixos das dobras"" through ""durante o deslizamento flexural,"" without introducing concept confusion or incorrect relations.",0.35,1.0,0.5185185185185185,0.3157894736842105,1.0,0.4799999999999999,0.35,1.0,0.5185185185185185,0.0,0.47619047619047616,
resultados/petrobras-4-0-com-ontologia-embeddingfirst/batch_f4d1f3cd-3f2e-41ca-b5af-611ea21bcf46-completo.csv,graphrag,1643,O que a relação angular entre os indicadores cinemáticos nas superfícies de deslizamento e os eixos das dobras indica?,uma componente de rotação horária,,A relação angular entre os indicadores cinemáticos nas superfícies de deslizamento e os eixos das dobras indica a atuação de uma componente de rotação horária durante o fenômeno de deslizamento flexural.,1.0,"The score is 1.00 because the answer stays fully focused on what the question asks about the significado da relação angular entre indicadores cinemáticos nas superfícies de deslizamento e os eixos das dobras, with no irrelevant statements. Great job keeping it precise and directly on topic.",,Skipped: empty context.,,Skipped: empty context.,,Skipped: empty context.,1.0,"The actual output matches the expected meaning for the input question about what the angular relationship indicates: it explicitly states ""a atuação de uma componente de rotação horária,"" which is exactly the expected core answer ""uma componente de rotação horária."" The added context about ""durante o fenômeno de deslizamento flexural"" is harmless elaboration and does not introduce any contradiction or factual error.",1.0,"The actual output fully captures the essential expected content from the input: it states that the angular relationship indicates ""uma componente de rotação horária"". It also correctly ties this to the context mentioned in the question, namely the relação angular entre indicadores cinemáticos, superfícies de deslizamento, and eixos das dobras. The extra phrasing about atuação during deslizamento flexural is consistent and does not omit any required element.",1.0,"The response matches the expected geological interpretation exactly: it identifies 'uma componente de rotação horária' from the angular relation between kinematic indicators on slip surfaces and fold axes. It uses domain-appropriate terminology such as 'indicadores cinemáticos', 'superfícies de deslizamento', 'eixos das dobras' and 'deslizamento flexural' coherently, with no misuse of structural geology concepts or relations.",1.0,"The actual output matches the expected meaning exactly: it identifies ""uma componente de rotação horária"" as what the angular relationship indicates. It remains aligned with the geological context in the input by correctly referring to ""indicadores cinemáticos"", ""superfícies de deslizamento"", and ""eixos das dobras"", and adds compatible detail (""durante o fenômeno de deslizamento flexural"") without introducing semantic errors, role inversion, or concept confusion.",0.18421052631578946,1.0,0.3111111111111111,0.16216216216216217,1.0,0.27906976744186046,0.18421052631578946,1.0,0.3111111111111111,0.0,0.27777777777777773,
resultados/petrobras-4-0-com-ontologia-embeddingfirst/batch_f4d1f3cd-3f2e-41ca-b5af-611ea21bcf46-completo.csv,rag,1646,O que foi conseqüência da anisotropia mecânica entre camadas?,O processo de dobramento por deslizamento flexural,,O processo de dobramento por deslizamento flexural foi a consequência da anisotropia mecânica entre as camadas.,1.0,"The score is 1.00 because the answer stayed fully focused on what was asked about the consequence of anisotropia mecânica entre camadas, with no irrelevant statements. Great job keeping it directly on topic.",,Skipped: empty context.,,Skipped: empty context.,,Skipped: empty context.,1.0,"The actual output matches the expected output in meaning for the input asking what resulted from mechanical anisotropy between layers: it correctly identifies ""o processo de dobramento por deslizamento flexural"". The only difference is added phrasing (""foi a consequência da anisotropia mecânica entre as camadas""), which is a harmless stylistic expansion and does not introduce any factual contradiction or mistake.",1.0,"The actual output fully covers the essential expected content: it identifies ""o processo de dobramento por deslizamento flexural"" as the consequence of ""anisotropia mecânica entre as camadas,"" matching the key fact and relation in the test case. The added phrasing (""foi a consequência"") is concise and does not introduce any omission or contradiction.",1.0,"The actual output matches the expected geological interpretation exactly: it identifies ""dobramento por deslizamento flexural"" as the consequence of ""anisotropia mecânica entre as camadas."" It uses correct structural geology terminology, preserves the key entity and relation from the expected output, and adds only a grammatically complete framing without introducing any incorrect lithologic, stratigraphic, facies, or reservoir concepts.",1.0,"The actual output is semantically aligned with the expected output: it identifies ""o processo de dobramento por deslizamento flexural"" as the consequence of ""anisotropia mecânica entre as camadas,"" matching the geological concept and relation requested by the input. It adds a brief copular phrase (""foi a consequência""), but this does not change the meaning or introduce any concept confusion, inverted relation, or domain misuse.",0.3888888888888889,1.0,0.56,0.35294117647058826,1.0,0.5217391304347826,0.3888888888888889,1.0,0.56,0.0,0.6086956521739131,
resultados/petrobras-4-0-com-ontologia-embeddingfirst/batch_f4d1f3cd-3f2e-41ca-b5af-611ea21bcf46-completo.csv,graphrag,1646,O que foi conseqüência da anisotropia mecânica entre camadas?,O processo de dobramento por deslizamento flexural,,"A consequência da anisotropia mecânica entre camadas foi o processo de dobramento por deslizamento flexural, onde a deformação se concentrou em níveis de folhelhos e siltitos, intercalados a arenitos.",1.0,"The score is 1.00 because the response stayed fully focused on answering “O que foi conseqüência da anisotropia mecânica entre camadas?” with no irrelevant statements, so it is completely relevant and deserves the highest score.",,Skipped: empty context.,,Skipped: empty context.,,Skipped: empty context.,1.0,"The actual output matches the expected output in meaning: it identifies ""o processo de dobramento por deslizamento flexural"" as the consequence of anisotropia mecânica entre camadas. The added detail about deformação em folhelhos, siltitos e arenitos does not contradict the expected output and is only an acceptable elaboration.",1.0,"The actual output correctly identifies the essential expected element, ""o processo de dobramento por deslizamento flexural,"" as the consequência da anisotropia mecânica entre camadas. It fully covers the key fact required by the test case, and the added detail about deformação em folhelhos, siltitos e arenitos is relevant rather than contradictory, so conciseness is not an issue.",1.0,"The response aligns very strongly with the expected geological interpretation: it correctly identifies ""o processo de dobramento por deslizamento flexural"" as the consequence of mechanical anisotropy between layers. It uses appropriate geological terminology such as anisotropia mecânica, dobramento, deformação, folhelhos, siltitos, and arenitos, and the added detail about deformation concentrating in weaker interlayers is semantically coherent and domain-appropriate. There is no misuse of lithologies, structural geology concepts, or stratigraphic relations.",1.0,"The actual output is semantically well aligned with the expected output because it correctly identifies ""o processo de dobramento por deslizamento flexural"" as the consequence asked in the input. It also stays consistent with the geological concepts by adding plausible detail about deformation concentrating in folhelhos, siltitos, and arenitos, without changing the core relation. The response is slightly more specific than expected, but it does not introduce concept confusion, inverted relations, or domain misuse.",0.21212121212121213,1.0,0.35,0.1875,1.0,0.3157894736842105,0.21212121212121213,1.0,0.35,0.0,0.3888888888888889,
resultados/petrobras-4-0-com-ontologia-embeddingfirst/batch_f4d1f3cd-3f2e-41ca-b5af-611ea21bcf46-completo.csv,rag,1654,Em que região de dobras predomina o mecanismo de flambagem?,região de charneira,,Na região de charneira.,1.0,"The score is 1.00 because the response stays fully focused on identifying the região de dobras where the mecanismo de flambagem predomina, with no irrelevant statements. Great job keeping it precise and directly relevant.",,Skipped: empty context.,,Skipped: empty context.,,Skipped: empty context.,1.0,"The actual output matches the expected meaning exactly for the input about where the folding/flambagem mechanism predominates: both indicate ""região de charneira"". The only difference is harmless wording/capitalization and punctuation (""Na"" and final period), with no factual contradiction or mistake.",1.0,"The essential element in the expected output is the location ""região de charneira"" as the region of folds where flambagem predominates. The actual output fully covers this fact with ""Na região de charneira."", adding only a preposition and punctuation without changing meaning. It is concise and matches all important content from the expected output.",1.0,"The response correctly identifies the geological fold region where flambagem predominates as the região de charneira, matching the expected output semantically. It uses appropriate structural geology terminology ('flambagem', 'região de charneira') without introducing incorrect lithologic, facies, stratigraphic, or reservoir concepts, and the added preposition does not change the meaning.",1.0,"The actual output matches the expected geological concept exactly: it identifies the mechanism of flambagem as predominating na região de charneira. It preserves the correct entity and relation from the input question, with no concept confusion or inversion; the only difference is a minimal wording variation ('Na' vs. bare phrase), which does not affect semantic alignment.",0.8,1.0,0.888888888888889,0.75,1.0,0.8571428571428571,0.8,1.0,0.888888888888889,0.0,0.8571428571428571,
resultados/petrobras-4-0-com-ontologia-embeddingfirst/batch_f4d1f3cd-3f2e-41ca-b5af-611ea21bcf46-completo.csv,graphrag,1654,Em que região de dobras predomina o mecanismo de flambagem?,região de charneira,,O mecanismo de flambagem predomina na região de charneira das dobras.,1.0,"The score is 1.00 because the answer appears fully relevant to the question, with no irrelevant statements identified. Great job staying focused on what was asked.",,Skipped: empty context.,,Skipped: empty context.,,Skipped: empty context.,1.0,"The actual output matches the expected meaning exactly: it identifies ""região de charneira"" as the area where the mechanism of flambagem predominates. The added phrasing (""O mecanismo de flambagem predomina na..."") is only stylistic and does not introduce any factual contradiction or error relative to the expected output for the given input.",1.0,"The expected output requires identifying the specific fold region where flambagem predominates: ""região de charneira"". The actual output includes this essential element exactly and correctly relates it to the mecanismo de flambagem. It is slightly more verbose than expected, but no important information is missing.",1.0,"The response aligns very well with the expected geological interpretation: it correctly identifies the ""região de charneira"" as the fold region where the mecanismo de flambagem predominates. It uses appropriate structural geology terminology such as ""flambagem"", ""charneira"" and ""dobras"" consistently with the input and expected output. There are no evident misuses of lithologic, facies, stratigraphic, or reservoir concepts, and the only difference is that the actual output is a complete sentence rather than the shorter expected phrase.",1.0,"The actual output matches the expected geological concept exactly: it identifies ""região de charneira"" as the fold region where the mecanismo de flambagem predominates. It preserves the correct entity and relation from the input question, adds only a minimal restatement (""das dobras""), and does not introduce any concept confusion, inverted relation, or domain misuse.",0.3333333333333333,1.0,0.5,0.2727272727272727,1.0,0.42857142857142855,0.3333333333333333,1.0,0.5,0.0,0.42857142857142855,
resultados/petrobras-4-0-com-ontologia-embeddingfirst/batch_f4d1f3cd-3f2e-41ca-b5af-611ea21bcf46-completo.csv,rag,1659,Qual foi o mecanismo predominante nos flancos das dobras?,mecanismos de deslizamento flexural,,O mecanismo predominante nos flancos das dobras foi o deslizamento flexural.,1.0,"The score is 1.00 because the response stayed fully focused on identifying o mecanismo predominante nos flancos das dobras, with no irrelevant statements. Great job keeping it directly relevant and precise.",,Skipped: empty context.,,Skipped: empty context.,,Skipped: empty context.,1.0,"The actual output matches the expected meaning for the input about the predominant mechanism on the flanks of folds: it correctly identifies ""deslizamento flexural,"" which is exactly the expected concept ""mecanismos de deslizamento flexural."" There are no factual contradictions. The only differences are harmless wording and singular/plural phrasing, which should not be penalized under the evaluation steps.",1.0,"The actual output fully captures the essential expected content: it identifies the predominant mechanism nos flancos das dobras as ""deslizamento flexural,"" which matches the expected output ""mecanismos de deslizamento flexural."" It correctly preserves the key relation between the flanks of folds and the dominant mechanism, with only harmless added phrasing.",1.0,"The response aligns very well with the expected geological interpretation for the input about the predominant mechanism on fold limbs. It uses correct structural geology terminology, specifically ""deslizamento flexural,"" which matches the expected ""mecanismos de deslizamento flexural."" The answer is semantically coherent and domain-appropriate, with only a minor difference in phrasing and number/pluralization rather than any geological mismatch.",1.0,"The actual output matches the expected geological concept and semantics: it identifies ""deslizamento flexural"" as the predominant mechanism ""nos flancos das dobras,"" which aligns directly with the expected ""mecanismos de deslizamento flexural."" The response is concise and preserves the intended relation and domain meaning, with only a minor difference in singular/plural phrasing.",0.2727272727272727,0.75,0.39999999999999997,0.1,0.3333333333333333,0.15384615384615383,0.2727272727272727,0.75,0.39999999999999997,0.0,0.26666666666666666,
resultados/petrobras-4-0-com-ontologia-embeddingfirst/batch_f4d1f3cd-3f2e-41ca-b5af-611ea21bcf46-completo.csv,graphrag,1659,Qual foi o mecanismo predominante nos flancos das dobras?,mecanismos de deslizamento flexural,,O mecanismo predominante nos flancos das dobras foi o deslizamento flexural.,1.0,"The score is 1.00 because the answer appears fully relevant to the question, with no irrelevant statements listed. It stays at this top score since it directly addresses the input cleanly and appropriately.",,Skipped: empty context.,,Skipped: empty context.,,Skipped: empty context.,1.0,"The actual output matches the expected meaning for the input about the predominant mechanism on the flanks of folds: it states ""deslizamento flexural,"" which corresponds directly to the expected ""mecanismos de deslizamento flexural."" There are no factual contradictions, and the differences are only harmless grammatical/stylistic additions like a full sentence and singular phrasing.",1.0,"The actual output correctly identifies the key mechanism asked in the input, matching the expected output's essential content: ""deslizamento flexural"" as the predominant mechanism nos flancos das dobras. It preserves the main fact, entity, and relation from the expected answer, with only a minor grammatical expansion that does not omit or alter any important information.",0.9,"The response aligns very well with the expected geological interpretation for the question about the mechanism predominante nos flancos das dobras. It uses correct structural geology terminology, specifically ""deslizamento flexural,"" matching the expected output ""mecanismos de deslizamento flexural."" The only minor difference is singular phrasing (""o mecanismo"" vs. expected plural ""mecanismos""), but the geological concept, relation, and meaning are preserved accurately and coherently.",1.0,"The actual output is semantically aligned with the expected output: it identifies 'deslizamento flexural' as the predominant mechanism nos flancos das dobras, matching the expected geological concept 'mecanismos de deslizamento flexural'. It preserves the correct entity, relation, and domain meaning, with only a minor difference in number/phrasing ('foi' singular vs. expected plural form), which does not change the intended geology.",0.2727272727272727,0.75,0.39999999999999997,0.1,0.3333333333333333,0.15384615384615383,0.2727272727272727,0.75,0.39999999999999997,0.0,0.26666666666666666,
resultados/petrobras-4-0-com-ontologia-embeddingfirst/batch_f4d1f3cd-3f2e-41ca-b5af-611ea21bcf46-completo.csv,rag,1664,Qual a relação angular entre os indicadores cinemáticos nas superfícies de deslizamento e os eixos das dobras F1?,indica a atuação de uma componente de rotação horária durante o fenômeno de deslizamento flexural,,A relação angular indica a atuação de uma componente de rotação horária durante o fenômeno de deslizamento flexural.,1.0,"The score is 1.00 because the response stays fully focused on the asked relationship between the indicadores cinemáticos nas superfícies de deslizamento and the eixos das dobras F1, with no irrelevant statements. Great job keeping the answer directly on topic.",,Skipped: empty context.,,Skipped: empty context.,,Skipped: empty context.,1.0,"The actual output matches the expected meaning almost exactly for the input about the relação angular entre os indicadores cinemáticos e os eixos das dobras F1. It correctly states that it indica a atuação de uma componente de rotação horária durante o fenômeno de deslizamento flexural, with only harmless extra wording ('A relação angular') and punctuation differences. There are no factual contradictions or mistakes relative to the expected output.",1.0,"The actual output fully matches the essential content of the expected output for the question about the angular relation between cinemáticos indicators on deslizamento surfaces and the F1 fold axes. It includes the key fact that this relation indicates a 'componente de rotação horária' during 'deslizamento flexural', with only a minor introductory phrase added and no important omissions.",1.0,"The actual output aligns almost exactly with the expected output, preserving the key geological interpretation: a 'componente de rotação horária' associated with 'deslizamento flexural'. It uses appropriate structural geology terminology for the input about the angular relation between kinematic indicators on slip surfaces and F1 fold axes, with no misuse of lithologic, stratigraphic, or reservoir concepts. The only difference is the added introductory phrase 'A relação angular', which remains semantically coherent and domain-appropriate.",1.0,"The actual output is semantically equivalent to the expected output for the given input about the angular relationship between cinemáticos indicators on superfícies de deslizamento and the eixos das dobras F1. It preserves the key geological meaning—'atuação de uma componente de rotação horária' during 'deslizamento flexural'—without introducing concept confusion, wrong entities, or inverted relations. The added phrase 'A relação angular' is consistent with the question and does not alter the intended semantics.",0.8260869565217391,1.0,0.9047619047619047,0.8181818181818182,1.0,0.9,0.8260869565217391,1.0,0.9047619047619047,0.0,0.9090909090909091,
resultados/petrobras-4-0-com-ontologia-embeddingfirst/batch_f4d1f3cd-3f2e-41ca-b5af-611ea21bcf46-completo.csv,graphrag,1664,Qual a relação angular entre os indicadores cinemáticos nas superfícies de deslizamento e os eixos das dobras F1?,indica a atuação de uma componente de rotação horária durante o fenômeno de deslizamento flexural,,A relação angular entre os indicadores cinemáticos nas superfícies de deslizamento e os eixos das dobras F1 indica uma componente de rotação horária durante o deslizamento flexural.,1.0,"The score is 1.00 because the response stayed fully focused on the asked relationship between the indicadores cinemáticos nas superfícies de deslizamento and the eixos das dobras F1, with no irrelevant statements. Great job keeping the answer precise and directly aligned with the input.",,Skipped: empty context.,,Skipped: empty context.,,Skipped: empty context.,1.0,"The actual output closely matches the expected meaning for the given input about the angular relationship between cinemáticos indicators and F1 fold axes. It correctly states that this relationship indicates the atuação de uma componente de rotação horária during deslizamento flexural. The only differences are harmless wording changes, such as adding 'A relação angular' and using 'durante o deslizamento flexural' instead of 'durante o fenômeno de deslizamento flexural', with no factual contradiction.",1.0,"The actual output captures all essential elements from the expected output: it states that the angular relationship indicates the atuação de uma componente de rotação horária during deslizamento flexural. It also correctly references the entities from the input, namely the indicadores cinemáticos, superfícies de deslizamento, and eixos das dobras F1. The wording is slightly more verbose than the expected output but remains fully aligned with no important omissions.",1.0,"The actual output matches the expected geological interpretation almost exactly: it states that the angular relationship between kinematic indicators on slip surfaces and the F1 fold axes indicates a 'componente de rotação horária' during 'deslizamento flexural.' It uses appropriate structural geology terminology ('indicadores cinemáticos', 'superfícies de deslizamento', 'eixos das dobras F1') and preserves the correct entity relations and interpretation without introducing misuse of lithologic, stratigraphic, or reservoir concepts.",1.0,"The actual output is semantically aligned with the expected output for the input about the angular relationship between indicadores cinemáticos nas superfícies de deslizamento and os eixos das dobras F1. It preserves the key geological meaning that this relation indica a atuação de uma componente de rotação horária during deslizamento flexural, with only minor wording variation like adding 'durante o deslizamento flexural'. There is no concept confusion, inversion, or misuse of geological relations.",0.46875,0.7894736842105263,0.5882352941176471,0.3225806451612903,0.5555555555555556,0.40816326530612246,0.4375,0.7368421052631579,0.5490196078431372,0.0,0.5714285714285714,
resultados/petrobras-4-0-com-ontologia-embeddingfirst/batch_f4d1f3cd-3f2e-41ca-b5af-611ea21bcf46-completo.csv,rag,1665,O que foi consequência da anisotropia mecânica entre as camadas no processo de dobramento por deslizamento flexural?,"a deformação concentrando-se em níveis de folhelhos e siltitos, intercalados a arenitos",,A anisotropia mecânica entre as camadas resultou na concentração da deformação em níveis de folhelhos e siltitos durante o processo de dobramento por deslizamento flexural.,1.0,"The score is 1.00 because the answer stayed fully focused on the question and did not include irrelevant statements. It directly addressed the consequence of the anisotropia mecânica entre as camadas no dobramento por deslizamento flexural, so this is a strong and fully relevant response.",,Skipped: empty context.,,Skipped: empty context.,,Skipped: empty context.,0.9,"The actual output matches the expected meaning closely: it identifies the consequência da anisotropia mecânica no dobramento por deslizamento flexural as the concentração da deformação em níveis de folhelhos e siltitos. There is no factual contradiction. The only shortcoming is that it omits the detail from the expected output that these níveis were intercalados a arenitos, so it is slightly incomplete rather than incorrect.",0.9,"The actual output captures the core consequence asked in the input: that the deformação se concentrou em níveis de folhelhos e siltitos during dobramento por deslizamento flexural. It correctly reflects the causal relation from anisotropia mecânica entre as camadas. The main omission is the expected detail ""intercalados a arenitos,"" which is an important contextual element from the expected output, so the response is slightly incomplete.",0.9,"The response uses appropriate geological terminology for dobramento por deslizamento flexural, including anisotropia mecânica, deformação, and the lithologies folhelhos e siltitos. It matches the expected interpretation that deformation concentrates in weaker shale/siltstone levels, so the core geological relation is correct and semantically coherent. A small shortcoming is that it omits the detail from the expected output that these levels are intercalados a arenitos, so it is slightly less precise than expected.",1.0,"The actual output is semantically aligned with the expected result: it identifies the consequence of mechanical anisotropy in flexural-slip folding as deformation concentrating in folhelhos and siltitos. It preserves the correct geological relation and domain meaning without role inversion or concept confusion. The only omission is the detail 'intercalados a arenitos', but the core intended geological semantics are still clearly maintained.",0.3448275862068966,0.6666666666666666,0.4545454545454545,0.25,0.5,0.3333333333333333,0.3448275862068966,0.6666666666666666,0.4545454545454545,0.0,0.43243243243243246,
resultados/petrobras-4-0-com-ontologia-embeddingfirst/batch_f4d1f3cd-3f2e-41ca-b5af-611ea21bcf46-completo.csv,graphrag,1665,O que foi consequência da anisotropia mecânica entre as camadas no processo de dobramento por deslizamento flexural?,"a deformação concentrando-se em níveis de folhelhos e siltitos, intercalados a arenitos",,"A consequência da anisotropia mecânica entre as camadas no processo de dobramento por deslizamento flexural foi a concentração da deformação em níveis de folhelhos e siltitos, intercalados a arenitos.",1.0,"The score is 1.00 because the answer stayed fully focused on the question about the consequência da anisotropia mecânica entre as camadas no dobramento por deslizamento flexural, with no irrelevant statements. Great job keeping it precise and directly on topic.",,Skipped: empty context.,,Skipped: empty context.,,Skipped: empty context.,1.0,"The actual output matches the expected meaning for the input about the consequência da anisotropia mecânica no dobramento por deslizamento flexural. It correctly states that a deformação se concentrou em níveis de folhelhos e siltitos, intercalados a arenitos, which is the key detail in the expected output. The added introductory phrasing is only stylistic and does not introduce any factual contradiction or mistake.",1.0,"The response fully matches the expected content: it identifies the key consequence of the anisotropia mecânica no dobramento por deslizamento flexural as the concentração da deformação em níveis de folhelhos e siltitos, intercalados a arenitos. It preserves all essential entities and relations from the expected output, with only minor rephrasing and added introductory wording.",1.0,"The actual output aligns very closely with the expected output and uses appropriate geological terminology for dobramento por deslizamento flexural, including anisotropia mecânica, deformação, and the lithologies folhelhos, siltitos, and arenitos. It preserves the key geological relation from the test case: deformation concentrated in weaker shale/siltstone levels interbedded with sandstone. There is no misuse of stratigraphic, facies, or reservoir concepts, and the phrasing is semantically coherent and domain-appropriate.",1.0,"The actual output is semantically equivalent to the expected output for the question about the consequência da anisotropia mecânica no dobramento por deslizamento flexural. It correctly preserves the geological relation that deformation became concentrated in níveis de folhelhos e siltitos intercalados a arenitos. The added framing phrase ('foi a concentração da deformação') does not alter the meaning, and there is no concept confusion, inverted relation, or misuse of geological terms.",0.38235294117647056,0.8666666666666667,0.5306122448979592,0.30303030303030304,0.7142857142857143,0.42553191489361697,0.38235294117647056,0.8666666666666667,0.5306122448979592,0.0,0.5365853658536586,
resultados/petrobras-4-0-com-ontologia-embeddingfirst/batch_f4d1f3cd-3f2e-41ca-b5af-611ea21bcf46-completo.csv,rag,1666,O que indica o mecanismo de flambagem em relação à resposta do material próximo à zona de charneira das dobras?,uma resposta homogênea do material próximo à zona de charneira das dobras,,"O mecanismo de flambagem indica uma resposta homogênea do material próximo à zona de charneira das dobras, com nucleação de falhas reversas sinalizando que a deformação atingiu o ponto de ruptura.",0.5,"The score is 0.50 because the answer appears to address geological deformation mechanisms, but it includes irrelevant discussion of ""nucleação de falhas reversas"" and rupture, which is different from the asked ""mecanismo de flambagem"" and does not explain the material response near the fold hinge zone. So it is somewhat related to the topic, but not focused enough to score higher.",,Skipped: empty context.,,Skipped: empty context.,,Skipped: empty context.,0.7,"The actual output includes the expected core meaning from the input—""uma resposta homogênea do material próximo à zona de charneira das dobras""—so it aligns well on the main answer. However, it adds unsupported details not present in the expected output, especially ""com nucleação de falhas reversas sinalizando que a deformação atingiu o ponto de ruptura"", which introduces extra factual claims and a possible contradiction with the expected concise result. Because the key expected content is correct but the answer goes beyond it with potentially incorrect additions, the alignment is only partial.",0.8,"The actual output includes the essential expected element: ""uma resposta homogênea do material próximo à zona de charneira das dobras,"" directly answering what the mecanismo de flambagem indicates. It preserves the key relation between flambagem and the material response near the hinge zone. However, it adds unsupported information about ""nucleação de falhas reversas"" and ""ponto de ruptura,"" which is not present in the expected output, so alignment is strong but not exact.",0.8,"The actual output correctly uses geological terms such as ""mecanismo de flambagem"", ""zona de charneira das dobras"" and ""falhas reversas"", and it matches the expected core interpretation: ""uma resposta homogênea do material próximo à zona de charneira das dobras"". This shows good domain coherence and appropriate structural geology language. However, it adds an extra interpretation about ""nucleação de falhas reversas"" and rupture that is not present in the expected output, so alignment is not exact and includes unsupported geological detail relative to the test case.",0.9,"The actual output matches the expected geological meaning for the input by correctly stating ""uma resposta homogênea do material próximo à zona de charneira das dobras."" It stays aligned with the key concept tied to the mechanism of flambagem and does not invert roles or confuse entities. A small penalty is warranted because it adds extra information about ""nucleação de falhas reversas"" and rupture, which is not present in the expected output and could introduce unnecessary domain-specific detail beyond the asked relation.",0.38235294117647056,1.0,0.5531914893617021,0.36363636363636365,1.0,0.5333333333333333,0.38235294117647056,1.0,0.5531914893617021,0.0,0.5581395348837209,
resultados/petrobras-4-0-com-ontologia-embeddingfirst/batch_f4d1f3cd-3f2e-41ca-b5af-611ea21bcf46-completo.csv,graphrag,1666,O que indica o mecanismo de flambagem em relação à resposta do material próximo à zona de charneira das dobras?,uma resposta homogênea do material próximo à zona de charneira das dobras,,"O mecanismo de flambagem indica uma resposta homogênea do material próximo à zona de charneira das dobras, com a nucleação de falhas reversas revelando ter a deformação atingido o ponto de ruptura.",0.0,"The score is 0.00 because the answer does not address what the buckling mechanism indicates about the material response near the fold hinge zone and instead discusses a different mechanism, including reverse-fault nucleation and rupture. It also contradicts the expected implication of buckling near the hinge zone, so it is entirely irrelevant to the question.",,Skipped: empty context.,,Skipped: empty context.,,Skipped: empty context.,0.7,"The actual output includes the expected core answer, stating ""uma resposta homogênea do material próximo à zona de charneira das dobras,"" which aligns with the input question. However, it adds unsupported details about ""nucleação de falhas reversas"" and deformation reaching ""o ponto de ruptura,"" which are not present in the expected output and introduce factual content beyond the test case. Because the main meaning matches but the extra claims create potential contradiction risk, the alignment is only partial.",0.9,"The actual output includes the essential expected content: ""uma resposta homogênea do material próximo à zona de charneira das dobras,"" directly addressing what the mecanismo de flambagem indicates for the material response near the hinge zone. It adds extra detail about ""nucleação de falhas reversas"" and rupture not present in the expected output, but this does not omit or contradict the core required relation.",0.9,"The actual output aligns closely with the expected geological interpretation by correctly stating ""uma resposta homogênea do material próximo à zona de charneira das dobras,"" using appropriate structural geology terminology such as ""mecanismo de flambagem,"" ""zona de charneira,"" and ""dobras."" It is semantically coherent and domain-appropriate. A small penalty is warranted because it adds ""nucleação de falhas reversas"" and ""deformação atingido o ponto de ruptura,"" which go beyond the expected output and introduce extra structural interpretation not explicitly requested by the input.",1.0,"The actual output is semantically aligned with the expected output because it correctly states ""uma resposta homogênea do material próximo à zona de charneira das dobras,"" which is the core geological meaning requested by the input. The added detail about ""nucleação de falhas reversas"" and deformation reaching rupture does not contradict the expected concept, so the response preserves the intended relation between flambagem and the material response near the hinge zone.",0.37142857142857144,1.0,0.5416666666666666,0.35294117647058826,1.0,0.5217391304347826,0.37142857142857144,1.0,0.5416666666666666,0.0,0.5454545454545454,
resultados/petrobras-4-0-com-ontologia-embeddingfirst/batch_f4d1f3cd-3f2e-41ca-b5af-611ea21bcf46-completo.csv,rag,1668,Quais mecanismos de dobramento predominaram nos flancos das dobras?,mecanismos de deslizamento flexural,,Os mecanismos de dobramento que predominaram nos flancos das dobras foram os de deslizamento flexural.,1.0,"The score is 1.00 because the answer appears fully focused on the question about which folding mechanisms predominated on the flanks of the folds, with no irrelevant statements identified. Great job staying directly on topic.",,Skipped: empty context.,,Skipped: empty context.,,Skipped: empty context.,1.0,"The actual output matches the expected content for the input asking which folding mechanisms predominated on the flanks: it correctly identifies ""deslizamento flexural"" as the mechanism. The added phrasing (""Os mecanismos de dobramento... foram os de"") is only stylistic and does not change the meaning. There are no factual contradictions or mistakes relative to the expected output.",1.0,"The expected output identifies the essential element as ""mecanismos de deslizamento flexural"" for the question about which mechanisms predominated nos flancos das dobras. The actual output directly states that the predominant mechanisms were ""deslizamento flexural,"" fully covering the key fact with no omission. The added wording is acceptable because it preserves the same entity and relation from the test case.",1.0,"The response aligns very well with the expected geological interpretation: it correctly identifies ""deslizamento flexural"" as the dominant folding mechanism in the flanks of folds, matching the expected output ""mecanismos de deslizamento flexural"". It uses appropriate structural geology terminology (""mecanismos de dobramento"", ""flancos das dobras"") and preserves the correct domain relation without introducing incorrect lithologic, stratigraphic, facies, or reservoir concepts. The only minor difference is added phrasing, but it remains semantically precise and coherent.",1.0,"The actual output is semantically aligned with the expected output: it identifies ""deslizamento flexural"" as the predominant folding mechanism in the flanks of the folds, matching the geological concept requested by the input ""Quais mecanismos de dobramento predominaram nos flancos das dobras?"". It preserves the correct entity and relation, adds only harmless grammatical framing, and introduces no concept confusion, inverted roles, or domain misuse.",0.26666666666666666,1.0,0.4210526315789474,0.21428571428571427,1.0,0.35294117647058826,0.26666666666666666,1.0,0.4210526315789474,0.0,0.4210526315789474,
resultados/petrobras-4-0-com-ontologia-embeddingfirst/batch_f4d1f3cd-3f2e-41ca-b5af-611ea21bcf46-completo.csv,graphrag,1668,Quais mecanismos de dobramento predominaram nos flancos das dobras?,mecanismos de deslizamento flexural,,Nos flancos das dobras predominaram mecanismos de deslizamento flexural.,1.0,The score is 1.00 because the response appears fully focused on answering “Quais mecanismos de dobramento predominaram nos flancos das dobras?” with no irrelevant statements. Great job keeping it directly on topic.,,Skipped: empty context.,,Skipped: empty context.,,Skipped: empty context.,1.0,"The actual output matches the expected content exactly in meaning: it identifies ""mecanismos de deslizamento flexural"" as the dominant mechanism nos flancos das dobras. The added sentence framing (""Nos flancos das dobras predominaram..."") is only a harmless stylistic difference and introduces no factual contradiction or mistake relative to the expected output.",1.0,"The actual output fully captures the essential content from the expected output for the question about quais mecanismos de dobramento predominaram nos flancos das dobras. It correctly identifies 'mecanismos de deslizamento flexural' with no important omissions, and the added phrasing is concise and consistent with the expected relation.",1.0,"The response aligns very strongly with the expected geological interpretation for the input about folding mechanisms on the flanks of folds. It uses correct domain terminology, specifically ""deslizamento flexural,"" which exactly matches the expected output ""mecanismos de deslizamento flexural."" The phrasing is semantically coherent and geologically appropriate, with only a minor difference in sentence form versus the shorter expected phrase.",1.0,"The actual output is semantically aligned with the expected output: it correctly identifies ""mecanismos de deslizamento flexural"" as the dominant folding mechanism ""nos flancos das dobras"". It preserves the key geological concept, entity, and relation from the input, with no concept confusion or inverted roles. The added sentence framing is concise and does not alter the intended meaning.",0.4444444444444444,1.0,0.6153846153846153,0.375,1.0,0.5454545454545454,0.4444444444444444,1.0,0.6153846153846153,0.0,0.6153846153846153,
resultados/petrobras-4-0-com-ontologia-embeddingfirst/batch_f4d1f3cd-3f2e-41ca-b5af-611ea21bcf46-completo.csv,rag,1669,O que prevaleceu na região de charneira das dobras?,flambagem,,"Na região de charneira das dobras, prevaleceu o mecanismo de flambagem.",1.0,The score is 1.00 because the answer stayed fully focused on what prevaleceu na região de charneira das dobras and included no irrelevant statements. It directly addressed the question clearly and appropriately.,,Skipped: empty context.,,Skipped: empty context.,,Skipped: empty context.,1.0,"The actual output matches the expected meaning exactly for the input about what prevailed in the região de charneira das dobras: it identifies ""flambagem,"" which is the expected answer. There are no factual contradictions or mistakes; the only difference is harmless wording added around the core term.",1.0,"The expected output contains the essential fact 'flambagem' as the mechanism that prevailed na região de charneira das dobras. The actual output fully includes this key element, stating 'prevaleceu o mecanismo de flambagem' in direct response to the input. It adds minor wording but does not omit or contradict any important information.",1.0,"The actual output aligns very well with the expected geological interpretation: it correctly identifies that, na região de charneira das dobras, prevaleceu o mecanismo de flambagem. It uses appropriate structural geology terminology ('charneira das dobras', 'mecanismo de flambagem') and preserves the correct entity and relation from the expected output ('flambagem') without introducing misuse of lithologies, facies, stratigraphic terms, or reservoir concepts. The only minor difference is that it is phrased as a full sentence rather than the single-term expected output.",1.0,"The actual output is semantically aligned with the expected output: it correctly identifies that, na região de charneira das dobras, prevaleceu o mecanismo de flambagem. It preserves the key geological concept and relation asked by the input, with no concept confusion, inverted meaning, or domain misuse. Although more verbose than the expected single term, the added wording remains accurate and fully consistent.",0.08333333333333333,1.0,0.15384615384615385,0.0,0.0,0.0,0.08333333333333333,1.0,0.15384615384615385,0.0,0.16666666666666669,
resultados/petrobras-4-0-com-ontologia-embeddingfirst/batch_f4d1f3cd-3f2e-41ca-b5af-611ea21bcf46-completo.csv,graphrag,1669,O que prevaleceu na região de charneira das dobras?,flambagem,,"Na região de charneira das dobras, prevaleceu a flambagem.",1.0,"The score is 1.00 because the answer stayed fully focused on what prevailed na região de charneira das dobras, with no irrelevant statements. Great job keeping it directly on topic.",,Skipped: empty context.,,Skipped: empty context.,,Skipped: empty context.,1.0,"The actual output matches the expected content for the input about what prevailed in the região de charneira das dobras: it correctly identifies ""flambagem"". The added sentence framing (""Na região de charneira das dobras, prevaleceu a flambagem."") is a harmless wording difference and does not introduce any factual contradiction or mistake.",1.0,"The expected output contains a single essential fact: that what prevailed na região de charneira das dobras was ""flambagem"". The actual output fully matches this core content, explicitly stating ""prevaleceu a flambagem"" in response to the same input. The added phrasing is concise and does not omit or alter any important information.",1.0,"The response aligns very well with the expected geological interpretation for the input about the região de charneira das dobras: it correctly identifies ""flambagem,"" which is the expected structural geology term. It uses appropriate domain language and preserves the correct relation between the fold hinge region and the prevailing process. The only minor issue is that it adds a full sentence instead of giving just the bare expected term.",1.0,"The actual output is semantically identical to the expected output: it correctly identifies ""flambagem"" as what prevailed ""na região de charneira das dobras"". It preserves the key geological concept and relation from the input without introducing confusion, inversion, or misuse of domain-specific meaning. Although phrased as a full sentence rather than a single term, it remains concise and fully aligned.",0.1,1.0,0.18181818181818182,0.0,0.0,0.0,0.1,1.0,0.18181818181818182,0.0,0.19999999999999998,
resultados/petrobras-4-0-com-ontologia-embeddingfirst/batch_f4d1f3cd-3f2e-41ca-b5af-611ea21bcf46-completo.csv,rag,1670,O que é indicado pela relação angular entre os indicadores cinemáticos nas superfícies de deslizamento e os eixos das dobras F1?,a atuação de uma componente de rotação horária durante o fenômeno de deslizamento flexural,,A relação angular indica a atuação de uma componente de rotação horária durante o deslizamento flexural.,1.0,"The score is 1.00 because the response stayed fully focused on what is asked about the relação angular entre os indicadores cinemáticos nas superfícies de deslizamento e os eixos das dobras F1, with no irrelevant statements. Great job keeping it precise and directly relevant.",,Skipped: empty context.,,Skipped: empty context.,,Skipped: empty context.,1.0,"The actual output matches the expected meaning closely: it states that the angular relationship indicates 'a atuação de uma componente de rotação horária' during 'deslizamento flexural', which aligns directly with the expected output's 'durante o fenômeno de deslizamento flexural'. There are no factual contradictions, and the only difference is harmless wording ('indica' and omission of 'fenômeno'), which does not change the meaning for this input.",1.0,"The actual output captures the essential relation and entities from the expected output: it states that the angular relation indicates 'a atuação de uma componente de rotação horária' during 'deslizamento flexural'. The wording is slightly expanded with 'indica' and 'durante o deslizamento flexural', but it preserves the full meaning required by the input about the relação angular between indicadores cinemáticos and eixos das dobras F1.",1.0,"The response aligns very closely with the expected geological interpretation for the question about the angular relation between kinematic indicators on slip surfaces and F1 fold axes. It uses appropriate structural geology terminology such as ""relação angular"", ""rotação horária"", and ""deslizamento flexural"", and preserves the key entity and relation from the expected output. The only minor shortcoming is a slight wording difference (""indica"" and omission of ""fenômeno""), which does not change the geological meaning.",1.0,"The actual output is semantically aligned with the expected output: it correctly identifies that the angular relation indicates ""a atuação de uma componente de rotação horária"" during ""deslizamento flexural."" It preserves the key geological concept and relation asked in the input, with no inversion of meaning, entity confusion, or misuse of domain-specific terms. The wording is concise but still captures the intended semantics, only differing slightly by omitting ""fenômeno de"" without changing the meaning.",0.75,0.8333333333333334,0.7894736842105262,0.6842105263157895,0.7647058823529411,0.7222222222222222,0.75,0.8333333333333334,0.7894736842105262,0.0,0.7999999999999999,
resultados/petrobras-4-0-com-ontologia-embeddingfirst/batch_f4d1f3cd-3f2e-41ca-b5af-611ea21bcf46-completo.csv,graphrag,1670,O que é indicado pela relação angular entre os indicadores cinemáticos nas superfícies de deslizamento e os eixos das dobras F1?,a atuação de uma componente de rotação horária durante o fenômeno de deslizamento flexural,,"A relação angular entre os indicadores cinemáticos nas superfícies de deslizamento e os eixos das dobras F1 indica a atuação de uma componente de rotação horária durante o fenômeno de deslizamento flexural, ou que essa rotação ocorreu após a nucleação das dobras F1.",1.0,"The score is 1.00 because the response is fully relevant to the question, directly addressing what is indicated by the angular relationship between the kinematic indicators on the slip surfaces and the axes of the F1 folds, with no irrelevant statements. Great job keeping the answer focused and on topic.",,Skipped: empty context.,,Skipped: empty context.,,Skipped: empty context.,0.9,"The actual output matches the expected output on the key point from the input: it correctly states that the angular relationship indicates ""a atuação de uma componente de rotação horária durante o fenômeno de deslizamento flexural."" It adds an extra alternative clause (""ou que essa rotação ocorreu após a nucleação das dobras F1"") that is not present in the expected output, so it slightly weakens alignment, but it does not directly contradict the expected answer.",0.8,"The actual output includes the essential expected fact: that the angular relation indicates ""a atuação de uma componente de rotação horária durante o fenômeno de deslizamento flexural."" It correctly captures the key entities and relation from the input about indicadores cinemáticos, superfícies de deslizamento, and eixos das dobras F1. However, it adds an unsupported alternative claim — ""ou que essa rotação ocorreu após a nucleação das dobras F1"" — which goes beyond the expected output, so it is not a perfect match.",0.8,"The response uses appropriate geological terminology and relations for the input, including ""indicadores cinemáticos"", ""superfícies de deslizamento"", ""dobras F1"", and ""deslizamento flexural"". It correctly matches the expected interpretation that the angular relation indicates a ""componente de rotação horária durante o fenômeno de deslizamento flexural"". However, it adds an extra alternative interpretation — ""ou que essa rotação ocorreu após a nucleação das dobras F1"" — which is not present in the expected output, reducing exact semantic alignment.",0.9,"The actual output is semantically well aligned with the expected geological meaning: it correctly identifies that the angular relation indicates a componente de rotação horária during deslizamento flexural, matching the key concept and relation in the expected output. It preserves the relevant entities (indicadores cinemáticos, superfícies de deslizamento, eixos das dobras F1) and does not invert roles. A small penalty is warranted because it adds an extra alternative explanation — 'ou que essa rotação ocorreu após a nucleação das dobras F1' — which goes beyond the expected answer and introduces additional interpretation not present in the target.",0.33962264150943394,1.0,0.5070422535211268,0.3269230769230769,1.0,0.4927536231884058,0.33962264150943394,1.0,0.5070422535211268,0.0,0.49122807017543857,
resultados/petrobras-4-0-com-ontologia-embeddingfirst/batch_f4d1f3cd-3f2e-41ca-b5af-611ea21bcf46-completo.csv,rag,1672,O que é conseqüência da anisotropia mecânica entre as camadas?,o processo de dobramento por deslizamento flexural,,O dobramento por deslizamento flexural.,1.0,"The score is 1.00 because the answer appears fully focused on the question about a consequência da anisotropia mecânica entre as camadas, with no irrelevant statements lowering its relevance—great job keeping it directly on topic.",,Skipped: empty context.,,Skipped: empty context.,,Skipped: empty context.,1.0,"The actual output matches the expected meaning for the input about the consequence of anisotropia mecânica entre as camadas: both identify ""dobramento por deslizamento flexural"". The only differences are harmless wording and formatting, such as omitting ""o processo de"" and capitalization/punctuation. There are no factual contradictions or mistakes relative to the expected output.",1.0,"The actual output captures the essential concept from the expected output for the input about the consequence of mechanical anisotropy between layers: it identifies ""dobramento por deslizamento flexural,"" which matches the expected ""processo de dobramento por deslizamento flexural."" The only difference is omission of ""o processo de,"" which does not remove any key information, so coverage is effectively complete.",1.0,"The actual output is geologically correct and uses appropriate structural geology terminology: ""dobramento por deslizamento flexural"" directly matches the expected concept for a consequence of mechanical anisotropy between layers. It preserves the key geological process and relation asked in the input, with only a minor difference in phrasing from the expected output (omitting ""o processo de""), which does not change the meaning or introduce any domain misuse.",1.0,"The actual output is semantically aligned with the expected output: both identify “dobramento por deslizamento flexural” as the consequence of “anisotropia mecânica entre as camadas.” It preserves the correct geological concept and relation asked by the input, with no concept confusion or inverted meaning. Although concise and phrased as “O dobramento...” instead of “o processo de...”, it still fully preserves the intended geological semantics.",1.0,0.7142857142857143,0.8333333333333333,0.75,0.5,0.6,1.0,0.7142857142857143,0.8333333333333333,0.0,0.8333333333333333,
resultados/petrobras-4-0-com-ontologia-embeddingfirst/batch_f4d1f3cd-3f2e-41ca-b5af-611ea21bcf46-completo.csv,graphrag,1672,O que é conseqüência da anisotropia mecânica entre as camadas?,o processo de dobramento por deslizamento flexural,,"A consequência da anisotropia mecânica entre as camadas é o dobramento por deslizamento flexural, concentrando a deformação em níveis de folhelhos e siltitos intercalados a arenitos.",1.0,"The score is 1.00 because the answer is fully relevant to the question, with no irrelevant statements, and stays focused on explaining the consequence of mechanical anisotropy between the layers. Great job keeping it precise and on-topic.",,Skipped: empty context.,,Skipped: empty context.,,Skipped: empty context.,1.0,"The actual output matches the expected meaning for the input about the consequence of anisotropia mecânica entre as camadas: it correctly identifies ""dobramento por deslizamento flexural,"" which is exactly the expected output. The added detail about concentração da deformação em folhelhos, siltitos e arenitos is not contradictory and should not be penalized because it preserves the core answer.",1.0,"The actual output correctly identifies the essential expected relation for the input question about the consequence of anisotropia mecânica entre as camadas: it states ""dobramento por deslizamento flexural,"" which matches the expected output's core content. It also adds extra geological detail about deformation in folhelhos, siltitos, and arenitos, but this does not conflict with the expected answer. All key elements are covered with no important omissions.",1.0,"The response matches the expected geological interpretation exactly by identifying ""dobramento por deslizamento flexural"" as the consequence of mechanical anisotropy between layers. It uses appropriate domain terminology such as anisotropia mecânica, deformação, folhelhos, siltitos, and arenitos, and the added detail about deformation concentrating in weaker interbedded levels is semantically coherent and geologically valid. There is no misuse of lithologic, structural, or stratigraphic concepts.",0.9,"The actual output is semantically well aligned with the expected output because it identifies ""dobramento por deslizamento flexural"" as the consequence of anisotropia mecânica entre as camadas, matching the intended geological process. It also preserves the correct relation asked in the input. A small penalty is appropriate because it adds extra domain details about deformação em folhelhos, siltitos e arenitos that are not present in the expected output, though these do not conflict with the geological meaning.",0.20689655172413793,0.8571428571428571,0.33333333333333326,0.10714285714285714,0.5,0.17647058823529413,0.1724137931034483,0.7142857142857143,0.2777777777777778,0.0,0.36363636363636365,
resultados/petrobras-4-0-com-ontologia-embeddingfirst/batch_f4d1f3cd-3f2e-41ca-b5af-611ea21bcf46-completo.csv,rag,1676,Qual é o teor de argila infiltrada em depósitos terciários e pleistocênicos do Sudoeste americano?,10 a 20%,,O teor de argila infiltrada em depósitos terciários e pleistocênicos do Sudoeste americano é comumente de 10 a 20%.,1.0,"The score is 1.00 because the answer appears fully relevant to the question, with no irrelevant statements identified. Great job staying focused on the requested topic.",,Skipped: empty context.,,Skipped: empty context.,,Skipped: empty context.,1.0,"The actual output matches the expected content exactly in meaning: it gives the clay infiltration content as ""10 a 20%"" for depósitos terciários e pleistocênicos do Sudoeste americano. The added sentence framing (""é comumente de"") is only stylistic and does not introduce any factual contradiction or error relative to the expected output.",1.0,"The actual output fully captures the essential expected content: the infiltrated clay content is ""10 a 20%"" for depósitos terciários e pleistocênicos do Sudoeste americano. It preserves the key entity, context, and value from the test case, adding only minimal phrasing without changing the meaning.",1.0,"The response matches the expected value exactly in geological content, stating the infiltrated clay content as 10 a 20% for depósitos terciários e pleistocênicos do Sudoeste americano. It uses domain-appropriate terminology like ""argila infiltrada"" and stratigraphic time terms appropriately, with no misuse of lithologic, facies, reservoir, or stratigraphic concepts. The only minor issue is added wording beyond the minimal expected output, but it remains semantically coherent and correct.",1.0,"The actual output is semantically aligned with the expected output because it gives the same geological value, ""10 a 20%"", for the teor de argila infiltrada em depósitos terciários e pleistocênicos do Sudoeste americano. It preserves the correct entity and relation from the input, with only added contextual phrasing (""é comumente de"") that does not alter the meaning. There is no concept confusion, inversion, or misuse of geological terminology.",0.14285714285714285,1.0,0.25,0.1,1.0,0.18181818181818182,0.14285714285714285,1.0,0.25,0.0,0.2727272727272727,
resultados/petrobras-4-0-com-ontologia-embeddingfirst/batch_f4d1f3cd-3f2e-41ca-b5af-611ea21bcf46-completo.csv,graphrag,1676,Qual é o teor de argila infiltrada em depósitos terciários e pleistocênicos do Sudoeste americano?,10 a 20%,,Os depósitos terciários e pleistocênicos do Sudoeste americano contêm comumente de 10 a 20% de argilas infiltradas.,1.0,"The score is 1.00 because the response appears fully relevant to the question, with no irrelevant statements identified. It stays focused on the requested topic, which supports the maximum score—great job.",,Skipped: empty context.,,Skipped: empty context.,,Skipped: empty context.,1.0,"The actual output matches the expected content for the input about depósitos terciários e pleistocênicos do Sudoeste americano, correctly stating ""10 a 20%"" as the teor de argila infiltrada. The added sentence framing is a harmless wording difference and does not introduce any factual contradiction or mistake.",1.0,"The actual output fully captures the essential expected content: the key fact is the teor de argila infiltrada em depósitos terciários e pleistocênicos do Sudoeste americano, and it correctly states '10 a 20%'. The added wording about the deposits 'contêm comumente' is concise contextualization and does not introduce any mismatch or omit required information.",1.0,"The actual output matches the expected content exactly in meaning by stating '10 a 20%' as the teor de argilas infiltradas for depósitos terciários e pleistocênicos do Sudoeste americano. It uses appropriate geological terminology such as 'depósitos terciários e pleistocênicos' and 'argilas infiltradas' without introducing incorrect lithologic, stratigraphic, or reservoir concepts. The added phrasing ('contêm comumente') is semantically coherent and does not alter the expected geological interpretation.",1.0,"The actual output matches the expected value semantically by stating that depósitos terciários e pleistocênicos do Sudoeste americano contêm comumente de 10 a 20% de argilas infiltradas. It preserves the key geological entities, material, and percentage relation from the input, with no concept confusion or inverted meaning. Although more verbose than the expected output, it remains concise and fully aligned with the intended geological semantics.",0.14285714285714285,1.0,0.25,0.1,1.0,0.18181818181818182,0.14285714285714285,1.0,0.25,0.0,0.3,
resultados/petrobras-4-0-com-ontologia-embeddingfirst/batch_f4d1f3cd-3f2e-41ca-b5af-611ea21bcf46-completo.csv,rag,1680,O que é muito raro em outros ambientes sedimentares antigos?,infiltração mecânica de argilas,,A infiltração mecânica de argilas em outros ambientes sedimentares antigos é muito rara e superficial.,1.0,"The score is 1.00 because the response stayed fully focused on answering ""O que é muito raro em outros ambientes sedimentares antigos?"" with no irrelevant statements, so it is completely relevant and deserves the highest score.",,Skipped: empty context.,,Skipped: empty context.,,Skipped: empty context.,0.9,"The actual output matches the expected concept, correctly identifying ""infiltração mecânica de argilas"" as what is very rare in other ancient sedimentary environments. The added detail ""é muito rara e superficial"" is not a contradiction and remains consistent with the input, so only a small deduction is warranted for not being as exact/minimal as the expected output.",1.0,"The expected output requires identifying the key concept ""infiltração mecânica de argilas"" as what is very rare in other ancient sedimentary environments. The actual output includes this exact essential element and correctly ties it to ""outros ambientes sedimentares antigos."" Although it adds ""é muito rara e superficial,"" this does not conflict with the expected answer, so all core content is covered.",0.9,"The response matches the expected geological concept, correctly identifying ""infiltração mecânica de argilas"" and using domain-appropriate sedimentary terminology. It remains semantically coherent with the input about what is rare in other ancient sedimentary environments. However, it adds extra interpretation (""superficial"") and a full-sentence framing not present in the expected output, so alignment is strong but not exact.",0.9,"The actual output is semantically well aligned with the expected answer because it identifies ""infiltração mecânica de argilas"" as what is very rare in other ancient sedimentary environments. It preserves the core geological concept and relation asked in the input. A small penalty is appropriate because it adds extra detail (""é muito rara e superficial"" and repetition of ""em outros ambientes sedimentares antigos"") that is not present in the expected output, but this does not introduce a geological error or role inversion.",0.375,1.0,0.5454545454545454,0.3333333333333333,1.0,0.5,0.375,1.0,0.5454545454545454,0.0,0.4210526315789474,
resultados/petrobras-4-0-com-ontologia-embeddingfirst/batch_f4d1f3cd-3f2e-41ca-b5af-611ea21bcf46-completo.csv,graphrag,1680,O que é muito raro em outros ambientes sedimentares antigos?,infiltração mecânica de argilas,,A infiltração mecânica de argilas é muito rara em outros ambientes sedimentares antigos.,1.0,"The score is 1.00 because the response appears fully focused on answering ""O que é muito raro em outros ambientes sedimentares antigos?"" with no irrelevant statements. Great job staying directly on topic.",,Skipped: empty context.,,Skipped: empty context.,,Skipped: empty context.,1.0,"The actual output matches the expected content for the input asking 'O que é muito raro em outros ambientes sedimentares antigos?' It correctly identifies 'infiltração mecânica de argilas' and only adds surrounding wording ('A ... é muito rara...'), which is a harmless stylistic difference. There are no factual contradictions or mistakes relative to the expected output.",1.0,"The expected output contains the essential element ""infiltração mecânica de argilas"" as the thing that is very rare in other ancient sedimentary environments. The actual output fully includes that key phrase and correctly relates it to being ""muito rara em outros ambientes sedimentares antigos,"" matching the input question. It adds minor surrounding wording but omits no important information.",1.0,"The response aligns very well with the expected geological content: it correctly identifies ""infiltração mecânica de argilas"" as the feature that is ""muito rara em outros ambientes sedimentares antigos"" and uses appropriate sedimentological terminology. It adds a full-sentence wrapper (""A infiltração mecânica de argilas é muito rara..."") rather than the exact short expected phrase, but the geological entity and relation match precisely, with no misuse of lithologic, facies, stratigraphic, or reservoir concepts.",1.0,"The actual output matches the expected geological concept exactly: ""infiltração mecânica de argilas"" is correctly identified as what is very rare in other ancient sedimentary environments. It preserves the intended entity and domain meaning, adds only a harmless sentence wrapper, and does not introduce concept confusion, wrong roles, or inverted relations.",0.42857142857142855,1.0,0.6,0.38461538461538464,1.0,0.5555555555555556,0.42857142857142855,1.0,0.6,0.0,0.47058823529411764,
resultados/petrobras-4-0-com-ontologia-embeddingfirst/batch_f4d1f3cd-3f2e-41ca-b5af-611ea21bcf46-completo.csv,rag,1682,Em que região estão localizadas as ilhas de barreira?,Terciário da Costa do Golfo,,As ilhas de barreira estão localizadas no Terciário da Costa do Golfo.,1.0,"The score is 1.00 because the answer is fully relevant to the question, directly addressing where the ilhas de barreira are located with no irrelevant information. Great job staying precise and on-topic.",,Skipped: empty context.,,Skipped: empty context.,,Skipped: empty context.,1.0,"The actual output matches the expected content exactly in meaning: it identifies the region as ""Terciário da Costa do Golfo,"" which is the expected answer for the input asking where the barrier islands are located. The added phrase ""As ilhas de barreira estão localizadas no"" is only stylistic and does not introduce any factual contradiction or mistake.",1.0,"The actual output fully captures the expected content by correctly stating that the ilhas de barreira estão localizadas no ""Terciário da Costa do Golfo"". It includes the key region from the expected output with only minor additional phrasing, which should not be penalized under the evaluation steps.",1.0,"The actual output matches the expected geological location exactly in meaning, identifying the barrier islands as being in the ""Terciário da Costa do Golfo"". It uses appropriate domain terminology (""ilhas de barreira"", ""Terciário"", ""Costa do Golfo"") without introducing incorrect lithologic, stratigraphic, facies, or reservoir concepts. The only difference is added sentence framing, which does not change the geological interpretation.",1.0,"The actual output is semantically aligned with the expected answer because it identifies the same geological region, ""Terciário da Costa do Golfo,"" in response to ""Em que região estão localizadas as ilhas de barreira?"" It preserves the correct entities and relation (ilhas de barreira → localizadas em → região) without concept confusion or inversion. The only difference is added sentence framing, which does not change the geological meaning.",0.42857142857142855,1.0,0.6,0.38461538461538464,1.0,0.5555555555555556,0.42857142857142855,1.0,0.6,0.0,0.5882352941176471,
resultados/petrobras-4-0-com-ontologia-embeddingfirst/batch_f4d1f3cd-3f2e-41ca-b5af-611ea21bcf46-completo.csv,graphrag,1682,Em que região estão localizadas as ilhas de barreira?,Terciário da Costa do Golfo,,As ilhas de barreira estão localizadas no Terciário da Costa do Golfo.,1.0,The score is 1.00 because the answer stayed fully focused on where barrier islands are located and did not include any irrelevant information. Great job keeping it directly relevant and complete.,,Skipped: empty context.,,Skipped: empty context.,,Skipped: empty context.,1.0,"The actual output matches the expected content exactly in meaning: it identifies the location as ""Terciário da Costa do Golfo,"" which is the expected answer for the input asking where the barrier islands are located. The added phrase ""As ilhas de barreira estão localizadas no"" is only stylistic and does not introduce any contradiction or factual error.",1.0,"The actual output fully includes the essential expected content, identifying the location as ""Terciário da Costa do Golfo"" in response to the question about where the barrier islands are located. The added phrasing (""As ilhas de barreira estão localizadas no..."") is concise and does not omit or alter any important information.",1.0,"The actual output matches the expected geological location exactly in meaning: it identifies the barrier islands as being in the ""Terciário da Costa do Golfo,"" which is the expected regional/stratigraphic designation. It uses appropriate geological terminology (""ilhas de barreira,"" ""Terciário,"" ""Costa do Golfo"") without introducing incorrect lithologies, facies, reservoir concepts, or domain relations. The only difference is added sentence framing, which does not reduce semantic alignment.",1.0,"The actual output is semantically well aligned with the expected answer: it identifies the location of ""ilhas de barreira"" as ""Terciário da Costa do Golfo,"" which exactly matches the expected geological region. The added phrase ""estão localizadas no"" is appropriate to the question and does not alter the geological concept, entities, or relation.",0.42857142857142855,1.0,0.6,0.38461538461538464,1.0,0.5555555555555556,0.42857142857142855,1.0,0.6,0.0,0.5882352941176471,
resultados/petrobras-4-0-com-ontologia-embeddingfirst/batch_f4d1f3cd-3f2e-41ca-b5af-611ea21bcf46-completo.csv,rag,1683,Que porcentagem de argilas infiltradas existem nos depósitos terciários e pleistocênicos do Sudoeste americano?,10 a 20%,,Os depósitos terciários e pleistocênicos do Sudoeste americano contêm comumente de 10 a 20% de argilas infiltradas.,1.0,"The score is 1.00 because the answer appears fully focused on the question about the percentage of argilas infiltradas nos depósitos terciários e pleistocênicos do Sudoeste americano, with no irrelevant statements noted. Great job staying directly on topic.",,Skipped: empty context.,,Skipped: empty context.,,Skipped: empty context.,1.0,"The actual output matches the expected content exactly in meaning: it states that the depósitos terciários e pleistocênicos do Sudoeste americano contêm comumente de 10 a 20% de argilas infiltradas, which aligns with the expected output of ""10 a 20%"". There are no factual contradictions or mistakes; the only difference is harmless added wording around the same percentage.",1.0,"The actual output correctly includes the essential fact from the expected output: the percentage of argilas infiltradas nos depósitos terciários e pleistocênicos do Sudoeste americano is 10 a 20%. It preserves the key entities and relation from the input, and the extra contextual wording does not reduce alignment because the required content is fully covered.",1.0,"The response aligns well with the expected geological content: it correctly identifies the percentage of argilas infiltradas in depósitos terciários e pleistocênicos do Sudoeste americano as 10 a 20%, matching the expected output. It uses appropriate geological terms such as 'depósitos terciários e pleistocênicos' and 'argilas infiltradas' without introducing incorrect lithologies, facies, stratigraphic misuse, or reservoir concepts. The only minor shortcoming is that it is more verbose than the expected minimal answer.",1.0,"The actual output matches the expected meaning exactly: it states that os depósitos terciários e pleistocênicos do Sudoeste americano contêm comumente de 10 a 20% de argilas infiltradas, which semantically corresponds to the expected value '10 a 20%'. It preserves the correct geological entities and relation without introducing concept confusion or role inversion, and the added sentence context does not change the answer.",0.14285714285714285,1.0,0.25,0.1,1.0,0.18181818181818182,0.14285714285714285,1.0,0.25,0.0,0.3,
resultados/petrobras-4-0-com-ontologia-embeddingfirst/batch_f4d1f3cd-3f2e-41ca-b5af-611ea21bcf46-completo.csv,graphrag,1683,Que porcentagem de argilas infiltradas existem nos depósitos terciários e pleistocênicos do Sudoeste americano?,10 a 20%,,Os depósitos terciários e pleistocênicos do Sudoeste americano contêm comumente de 10 a 20% de argilas infiltradas.,1.0,"The score is 1.00 because the answer appears fully focused on the question about the percentage of argilas infiltradas nos depósitos terciários e pleistocênicos do Sudoeste americano, with no irrelevant statements noted. Great job staying directly on topic.",,Skipped: empty context.,,Skipped: empty context.,,Skipped: empty context.,1.0,"The actual output matches the expected content exactly in meaning: it states that the depósitos terciários e pleistocênicos do Sudoeste americano contêm comumente de 10 a 20% de argilas infiltradas, which corresponds directly to the expected output ""10 a 20%"" for the same input question. There are no factual contradictions or mistakes; the extra wording is harmless and should not be penalized.",1.0,"The actual output correctly captures the essential fact from the expected output: the percentage of argilas infiltradas nos depósitos terciários e pleistocênicos do Sudoeste americano is 10 a 20%. It preserves the key entities and relation from the input, and the extra contextual wording ('contêm comumente') does not reduce alignment since all required content is present.",0.9,"The response aligns strongly with the expected geological content: it preserves the key quantitative interpretation from the test case, stating that depósitos terciários e pleistocênicos do Sudoeste americano contêm 10 a 20% de argilas infiltradas, which matches the expected output of 10 a 20%. It uses appropriate geological terms such as ""depósitos terciários e pleistocênicos"" and ""argilas infiltradas"" correctly and coherently. The only minor shortcoming is that it adds explanatory phrasing (""contêm comumente"") instead of giving just the bare percentage requested.",1.0,"The actual output semantically matches the expected output by giving the same percentage range, ""10 a 20%"", for argilas infiltradas in depósitos terciários e pleistocênicos do Sudoeste americano. It preserves the correct geological entities and relation from the input, adding only harmless contextual wording (""contêm comumente"") without changing the meaning.",0.14285714285714285,1.0,0.25,0.1,1.0,0.18181818181818182,0.14285714285714285,1.0,0.25,0.0,0.3,
resultados/petrobras-4-0-com-ontologia-embeddingfirst/batch_f4d1f3cd-3f2e-41ca-b5af-611ea21bcf46-completo.csv,rag,1684,Onde estão localizadas as cutículas de argila e hematita que KESSLER identificou como acumuladas por infiltração mecânica?,Permiano do Mar do Norte,,As cutículas de argila e hematita identificadas por KESSLER estão localizadas em arenitos de duna e wadi do Permiano do Mar do Norte.,1.0,"The score is 1.00 because the response fully addresses where KESSLER identified the cutículas de argila e hematita as accumulated by mechanical infiltration, with no irrelevant statements. Great job staying directly on topic.",,Skipped: empty context.,,Skipped: empty context.,,Skipped: empty context.,1.0,"The actual output matches the expected location, explicitly mentioning ""Permiano do Mar do Norte"" in response to where the cutículas de argila e hematita identified by KESSLER are located. It adds extra detail (""arenitos de duna e wadi"") that is consistent with the question and does not contradict the expected output, so the meaning remains correct.",1.0,"The actual output includes the essential expected location, ""Permiano do Mar do Norte"", directly matching the core fact asked in the input. It also adds extra detail about ""arenitos de duna e wadi"" and the cutículas de argila e hematita identificadas por KESSLER, which is consistent with the question and does not omit any important element from the expected output.",0.9,"The response aligns strongly with the expected location, correctly identifying 'Permiano do Mar do Norte' and using appropriate geological terminology such as 'cutículas de argila e hematita', 'infiltração mecânica', and depositional settings ('arenitos de duna e wadi'). It is semantically coherent and domain-appropriate. The only minor issue is that it adds specific lithological/environmental detail not present in the expected output, but this does not conflict with it.",0.9,"The actual output is semantically aligned with the expected location, correctly identifying ""Permiano do Mar do Norte"" as where the cutículas de argila e hematita were found. It adds extra detail (""arenitos de duna e wadi"") that is not required by the expected output, but this does not distort the geological meaning, entities, or relations in the test case about where KESSLER identified these infiltration-related accumulations.",0.2,1.0,0.33333333333333337,0.16666666666666666,1.0,0.2857142857142857,0.2,1.0,0.33333333333333337,0.0,0.3571428571428571,
resultados/petrobras-4-0-com-ontologia-embeddingfirst/batch_f4d1f3cd-3f2e-41ca-b5af-611ea21bcf46-completo.csv,graphrag,1684,Onde estão localizadas as cutículas de argila e hematita que KESSLER identificou como acumuladas por infiltração mecânica?,Permiano do Mar do Norte,,As cutículas de argila e hematita que KESSLER identificou como acumuladas por infiltração mecânica estão localizadas em arenitos de duna e wadi do Permiano do Mar do Norte.,1.0,"The score is 1.00 because the answer appears fully focused on the question and does not include irrelevant statements. It directly addresses where KESSLER identified the cutículas de argila e hematita as accumulated by mechanical infiltration, so this is a strong and fully relevant response.",,Skipped: empty context.,,Skipped: empty context.,,Skipped: empty context.,1.0,"The actual output matches the expected output's key fact, identifying the location as ""Permiano do Mar do Norte."" It also adds compatible detail from the input context (""arenitos de duna e wadi"") without contradicting the expected answer. There are no factual mistakes, only harmless extra wording.",1.0,"The expected output only requires the location ""Permiano do Mar do Norte"". The actual output correctly includes this essential location and stays aligned with the question about where the cutículas de argila e hematita identified by KESSLER are found. Although it adds extra detail (""arenitos de duna e wadi""), it does not omit any key information from the expected answer.",0.9,"The response correctly identifies the location as “Permiano do Mar do Norte,” matching the expected output and using appropriate geological terms such as “cutículas de argila e hematita” and “infiltração mecânica.” It adds extra stratigraphic/facies detail (“arenitos de duna e wadi”) that is geologically coherent and does not conflict with the expected location, so alignment is strong.",1.0,"The actual output is semantically aligned with the expected answer: it correctly identifies the location as the Permiano do Mar do Norte and adds compatible geological context from the input about cutículas de argila e hematita in arenitos de duna e wadi. There is no concept confusion, role inversion, or misuse of geological terms; the added detail remains consistent with the expected location-focused answer.",0.15625,1.0,0.2702702702702703,0.12903225806451613,1.0,0.2285714285714286,0.15625,1.0,0.2702702702702703,0.0,0.30303030303030304,
resultados/petrobras-4-0-com-ontologia-embeddingfirst/batch_f4d1f3cd-3f2e-41ca-b5af-611ea21bcf46-completo.csv,rag,1685,"O que promove modificações marcantes na textura, mineralogia e composição química dos sedimentos?",processo de infiltração mecânica,,"O processo de infiltração mecânica promove modificações marcantes na textura, mineralogia e composição química dos sedimentos.",1.0,"The score is 1.00 because the response stayed fully focused on what promotes marked changes in the texture, mineralogy, and chemical composition of sediments, with no irrelevant statements. Clear and directly relevant answer.",,Skipped: empty context.,,Skipped: empty context.,,Skipped: empty context.,1.0,"The actual output matches the expected concept from the input by identifying ""processo de infiltração mecânica"" as what promotes changes in textura, mineralogia e composição química dos sedimentos. The added phrasing (""O ... promove modificações marcantes..."") is a harmless wording difference and does not introduce any factual contradiction or mistake relative to the expected output.",1.0,"The actual output correctly includes the essential expected element, ""processo de infiltração mecânica"", and directly answers the input question about what promotes marked changes in textura, mineralogia e composição química dos sedimentos. The extra wording (""O ... promove modificações marcantes..."") does not add errors and should not be penalized because all key content from the expected output is present.",1.0,"The actual output matches the expected geological concept exactly: ""processo de infiltração mecânica"". It uses appropriate domain language for the question about changes in textura, mineralogia e composição química dos sedimentos, with only harmless extra phrasing (""O ... promove""). There is no misuse of lithologies, facies, stratigraphic terms, reservoir notions, or geological relations.",1.0,"The actual output is semantically aligned with the expected output because it identifies the same geological concept, ""processo de infiltração mecânica"", as what promotes changes in textura, mineralogia e composição química dos sedimentos. It preserves the correct entity and causal role from the input, with no concept confusion, inverted relation, or misuse of geological meaning. The added sentence framing is acceptable and remains concise.",0.2857142857142857,1.0,0.4444444444444445,0.25,1.0,0.4,0.2857142857142857,1.0,0.4444444444444445,0.0,0.4,
resultados/petrobras-4-0-com-ontologia-embeddingfirst/batch_f4d1f3cd-3f2e-41ca-b5af-611ea21bcf46-completo.csv,graphrag,1685,"O que promove modificações marcantes na textura, mineralogia e composição química dos sedimentos?",processo de infiltração mecânica,,"O processo de infiltração mecânica promove modificações marcantes na textura, mineralogia e composição química dos sedimentos.",1.0,"The score is 1.00 because the response stayed fully focused on what promotes marked changes in the texture, mineralogy, and chemical composition of sediments, with no irrelevant statements. Great job keeping it directly relevant and complete.",,Skipped: empty context.,,Skipped: empty context.,,Skipped: empty context.,1.0,"The actual output matches the expected concept exactly: it identifies ""processo de infiltração mecânica"" as what promotes the changes asked about in the input. The only difference is extra surrounding wording (""O ... promove modificações marcantes..."") that restates the question, which is a harmless stylistic variation and not a factual contradiction.",1.0,"The actual output correctly includes the essential expected element, ""processo de infiltração mecânica"", which directly answers what promotes the marked changes in textura, mineralogia e composição química dos sedimentos. It adds surrounding sentence context, but no important expected information is missing, so the response aligns strongly with the test case.",1.0,"The actual output matches the expected geological concept exactly: it identifies ""processo de infiltração mecânica"" as what causes marked changes in sediment texture, mineralogy, and chemical composition. It uses appropriate domain terminology, preserves the correct relation requested by the input, and adds only a grammatically complete sentence without introducing any incorrect lithologic, facies, stratigraphic, or reservoir notions.",1.0,"The actual output is semantically aligned with the expected output because it identifies the same geological process, ""processo de infiltração mecânica"", as what promotes changes in textura, mineralogia e composição química dos sedimentos. It preserves the correct entity and causal role from the input, with only added sentence framing and no concept confusion or relation inversion.",0.2857142857142857,1.0,0.4444444444444445,0.25,1.0,0.4,0.2857142857142857,1.0,0.4444444444444445,0.0,0.4,
resultados/petrobras-4-0-com-ontologia-embeddingfirst/batch_f4d1f3cd-3f2e-41ca-b5af-611ea21bcf46-completo.csv,rag,1686,O que é raro em outros ambientes sedimentares antigos?,infiltração mecânica,,"O raro em outros ambientes sedimentares antigos é a infiltração mecânica de argilas, que é raramente mencionada e, quando é, de forma superficial.",1.0,"The score is 1.00 because the response appears fully relevant to the question, with no irrelevant statements identified. It stays focused on the input, so this is a strong and complete relevancy score.",,Skipped: empty context.,,Skipped: empty context.,,Skipped: empty context.,1.0,"The actual output matches the expected output's key content, correctly identifying ""infiltração mecânica"" as what is rare in other ancient sedimentary environments. The added detail about argilas and being rarely mentioned is not contradicted by the expected output, so it is a harmless elaboration rather than a factual error. This aligns well with the input question and preserves the intended meaning.",1.0,"The expected output contains a single essential element: ""infiltração mecânica"" as what is rare in other ancient sedimentary environments. The actual output explicitly includes this exact concept and correctly relates it to ""outros ambientes sedimentares antigos."" Although it adds extra detail about argilas and rarity of mention, it does not omit or contradict the required answer.",0.9,"The response aligns strongly with the expected geological concept by identifying ""infiltração mecânica de argilas"" as what is rare in other ancient sedimentary environments, which is semantically consistent with the expected output ""infiltração mecânica"". It uses appropriate sedimentological terminology and preserves the correct domain relation to ""ambientes sedimentares antigos."" A small weakness is the added commentary about being ""raramente mencionada"" and ""de forma superficial,"" which is not present in the expected output and slightly shifts from direct extraction.",1.0,"The actual output matches the expected concept exactly: it identifies ""infiltração mecânica"" as what is raro em outros ambientes sedimentares antigos. The added mention of argilas and that it is rarely mentioned is consistent with the input context and does not introduce geological confusion, wrong roles, or inverted relations. Semantically, it preserves the intended geological meaning despite being more verbose than the expected output.",0.18181818181818182,1.0,0.3076923076923077,0.14285714285714285,1.0,0.25,0.18181818181818182,1.0,0.3076923076923077,0.0,0.16,
resultados/petrobras-4-0-com-ontologia-embeddingfirst/batch_f4d1f3cd-3f2e-41ca-b5af-611ea21bcf46-completo.csv,graphrag,1686,O que é raro em outros ambientes sedimentares antigos?,infiltração mecânica,,A infiltração mecânica de argilas é rara em outros ambientes sedimentares antigos.,1.0,"The score is 1.00 because the response appears fully relevant to the input, with no irrelevant statements identified. Great job staying focused on the question.",,Skipped: empty context.,,Skipped: empty context.,,Skipped: empty context.,1.0,"The actual output matches the expected concept exactly: it identifies ""infiltração mecânica"" as the thing described as rare in other ancient sedimentary environments. The added phrase ""de argilas"" and the full-sentence wording do not introduce any contradiction and are harmless stylistic elaborations relative to the expected output.",1.0,"The expected output contains the essential concept ""infiltração mecânica"". The actual output includes this exact key element and remains aligned with the input by stating ""A infiltração mecânica de argilas é rara em outros ambientes sedimentares antigos."" Although it adds ""de argilas"" and repeats contextual wording from the question, it does not omit the core expected information, so coverage is strong.",0.9,"The actual output aligns strongly with the expected geological concept by correctly identifying ""infiltração mecânica"" and uses appropriate sedimentological terminology with ""argilas"" and ""ambientes sedimentares antigos"". It adds extra detail beyond the expected output, but this addition remains geologically coherent and does not misuse lithologic, facies, stratigraphic, or reservoir concepts.",1.0,"The actual output preserves the expected geological concept exactly: it identifies ""infiltração mecânica"" as what is rare in other ancient sedimentary environments, matching the expected output semantically. The added phrase ""de argilas"" adds detail but does not change the core entity or relation, and the sentence remains aligned with the input question about what is rare in ""outros ambientes sedimentares antigos"".",0.3076923076923077,1.0,0.47058823529411764,0.25,1.0,0.4,0.3076923076923077,1.0,0.47058823529411764,0.0,0.2857142857142857,
resultados/petrobras-4-0-com-ontologia-embeddingfirst/batch_f4d1f3cd-3f2e-41ca-b5af-611ea21bcf46-completo.csv,rag,1690,"Qual processo promove modificações marcantes na textura, mineralogia e composição química dos sedimentos onde atua?",processo de infiltração mecânica,,"O processo que promove modificações marcantes na textura, mineralogia e composição química dos sedimentos é a infiltração mecânica.",1.0,"The score is 1.00 because the answer appears fully focused on identifying the processo que promove modificações marcantes na textura, mineralogia e composição química dos sedimentos, with no irrelevant statements at all. Great job keeping it precise and directly aligned with the question.",,Skipped: empty context.,,Skipped: empty context.,,Skipped: empty context.,1.0,"The actual output matches the expected concept for the input asking which process causes marked changes in sediment texture, mineralogy, and chemical composition. It correctly identifies ""infiltração mecânica,"" which is exactly the expected output ""processo de infiltração mecânica."" The only difference is added sentence framing, which is a harmless wording variation and not a factual contradiction.",1.0,"The expected output identifies the essential element as ""processo de infiltração mecânica"". The actual output correctly names ""infiltração mecânica"" as the process that causes marked changes in textura, mineralogia e composição química dos sedimentos, fully covering the key fact from the test case. The extra wording does not omit or alter any important information.",0.9,"The response aligns very closely with the expected geological term, correctly identifying ""infiltração mecânica"" as the process asked about in the input on changes in textura, mineralogia e composição química dos sedimentos. It uses appropriate geological language and preserves the core entity from the expected output. A small deduction is warranted because it adds a full-sentence formulation rather than matching the expected concise phrase exactly, but there is no evident misuse of lithologic, stratigraphic, or reservoir concepts.",1.0,"The actual output semantically matches the expected output for the input asking which process causes marked changes in textura, mineralogia e composição química dos sedimentos. It correctly identifies ""infiltração mecânica"" as the relevant geological process, preserves the same entity and domain meaning, and does not introduce role inversions or concept confusion. Although phrased as a full sentence instead of the expected noun phrase ""processo de infiltração mecânica"", the geological semantics remain fully aligned.",0.22727272727272727,0.8333333333333334,0.35714285714285715,0.14285714285714285,0.6,0.23076923076923073,0.22727272727272727,0.8333333333333334,0.35714285714285715,0.0,0.27272727272727276,
resultados/petrobras-4-0-com-ontologia-embeddingfirst/batch_f4d1f3cd-3f2e-41ca-b5af-611ea21bcf46-completo.csv,graphrag,1690,"Qual processo promove modificações marcantes na textura, mineralogia e composição química dos sedimentos onde atua?",processo de infiltração mecânica,,"O processo que promove modificações marcantes na textura, mineralogia e composição química dos sedimentos é a infiltração mecânica.",1.0,"The score is 1.00 because the response is fully relevant to the question, directly addressing the processo asked about with no irrelevant statements. Great job staying precise and on-topic.",,Skipped: empty context.,,Skipped: empty context.,,Skipped: empty context.,1.0,"The actual output matches the expected concept for the input asking which process causes marked changes in texture, mineralogy, and chemical composition of sediments: it correctly identifies ""infiltração mecânica"". The added sentence framing is only a stylistic difference, and there are no factual contradictions or mistakes relative to the expected output.",1.0,"The expected output identifies the key element as ""processo de infiltração mecânica"", and the actual output correctly states that this is the process responsible for marked changes in textura, mineralogia e composição química dos sedimentos. It covers the essential fact from the test case with only minor added wording, which should not be penalized.",0.9,"The response aligns very well with the expected geological concept: it correctly identifies ""infiltração mecânica"" as the processo asked about, using appropriate domain terminology and preserving the intended sedimentological meaning. It is slightly less exact than the expected output because it adds a full sentence and specifies ""é a infiltração mecânica"" instead of the exact phrase ""processo de infiltração mecânica"", but there is no evident misuse of geological relations, lithologies, facies, or stratigraphic concepts.",1.0,"The actual output is semantically aligned with the expected output because it identifies the same geological process, ""infiltração mecânica"", as the one responsible for marked changes in textura, mineralogia e composição química dos sedimentos. It preserves the correct entity and role from the input, adds only a harmless explanatory wrapper, and does not introduce concept confusion, inverted relations, or domain misuse.",0.22727272727272727,0.8333333333333334,0.35714285714285715,0.14285714285714285,0.6,0.23076923076923073,0.22727272727272727,0.8333333333333334,0.35714285714285715,0.0,0.27272727272727276,
resultados/petrobras-4-0-com-ontologia-embeddingfirst/batch_f4d1f3cd-3f2e-41ca-b5af-611ea21bcf46-completo.csv,rag,1696,O que a infiltração mecânica promove nos sedimentos onde atua?,"modificações marcantes na textura, mineralogia e composição química dos sedimentos",,"A infiltração mecânica promove modificações marcantes na textura, mineralogia e composição química dos sedimentos onde atua.",1.0,"The score is 1.00 because the answer directly addresses what ""a infiltração mecânica"" promotes in the sediments and stays fully focused on the question, with no irrelevant statements. Great job keeping the response precise and on-topic.",,Skipped: empty context.,,Skipped: empty context.,,Skipped: empty context.,1.0,"The actual output matches the expected meaning exactly for the input asking what a infiltração mecânica promotes in sediments. It correctly includes the key details ""modificações marcantes na textura, mineralogia e composição química dos sedimentos"" and only adds harmless wording like ""A infiltração mecânica promove"" and ""onde atua"", with no factual contradictions or mistakes.",1.0,"The actual output fully covers the essential facts from the expected output: it states that a infiltração mecânica promove ""modificações marcantes"" na ""textura, mineralogia e composição química dos sedimentos"". It preserves the key relation asked in the input and only adds harmless context like ""onde atua"", so there are no important omissions.",1.0,"The actual output aligns almost exactly with the expected output, correctly stating that infiltração mecânica promove ""modificações marcantes na textura, mineralogia e composição química dos sedimentos"". It uses appropriate geological terminology such as textura, mineralogia, composição química, and sedimentos, with no misuse of lithologic, stratigraphic, facies, or reservoir concepts. The only difference is a minor paraphrastic addition of ""onde atua,"" which preserves the intended geological meaning.",1.0,"The actual output is semantically aligned with the expected output: it correctly states that a infiltração mecânica promove ""modificações marcantes na textura, mineralogia e composição química dos sedimentos"", which matches the required geological effects and entities. It adds only a harmless phrase (""onde atua"") and preserves the correct relation between the process and the affected sediment properties, with no concept confusion or inverted roles.",0.6190476190476191,1.0,0.7647058823529412,0.6,1.0,0.7499999999999999,0.6190476190476191,1.0,0.7647058823529412,0.0,0.7692307692307693,
resultados/petrobras-4-0-com-ontologia-embeddingfirst/batch_f4d1f3cd-3f2e-41ca-b5af-611ea21bcf46-completo.csv,graphrag,1696,O que a infiltração mecânica promove nos sedimentos onde atua?,"modificações marcantes na textura, mineralogia e composição química dos sedimentos",,"A infiltração mecânica promove modificações marcantes na textura, mineralogia e composição química dos sedimentos onde atua.",1.0,"The score is 1.00 because the answer stays fully focused on what the input asks about ""o que a infiltração mecânica promove nos sedimentos onde atua"", with no irrelevant statements. Great job keeping it directly on topic.",,Skipped: empty context.,,Skipped: empty context.,,Skipped: empty context.,1.0,"The actual output matches the expected meaning exactly for the input about what a infiltração mecânica promotes in sediments: it states ""modificações marcantes na textura, mineralogia e composição química dos sedimentos"" and only adds the harmless phrase ""onde atua."" There are no factual contradictions or mistakes, and the extra wording does not change the meaning.",1.0,"The actual output fully covers the essential expected content: it states that a infiltração mecânica promove 'modificações marcantes' in the 'textura, mineralogia e composição química dos sedimentos'. It preserves the key facts, entities, and relation from the expected output, with only a harmless addition of 'onde atua'.",1.0,"The actual output aligns almost exactly with the expected output, correctly stating that infiltração mecânica promotes 'modificações marcantes na textura, mineralogia e composição química dos sedimentos'. It uses appropriate geological terminology such as textura, mineralogia, and composição química, preserves the correct domain relation for sedimentos, and adds only a harmless contextual phrase ('onde atua') without introducing any geological misuse or semantic inconsistency.",1.0,"The actual output is semantically aligned with the expected output: it states that a infiltração mecânica promove ""modificações marcantes na textura, mineralogia e composição química dos sedimentos"", which matches the expected geological concepts and affected attributes. It preserves the correct relation and entity roles, with only a minor addition (""onde atua"") that does not change meaning.",0.6190476190476191,1.0,0.7647058823529412,0.6,1.0,0.7499999999999999,0.6190476190476191,1.0,0.7647058823529412,0.0,0.7692307692307693,
resultados/petrobras-4-0-com-ontologia-embeddingfirst/batch_f4d1f3cd-3f2e-41ca-b5af-611ea21bcf46-completo.csv,rag,1697,Qual a melhor ferramenta para identificar e descrever argilas mecanicamente infiltradas em sedimentos antigos?,análise de lâminas delgadas,,A melhor ferramenta para identificar e descrever argilas mecanicamente infiltradas em sedimentos antigos é a análise de lâminas delgadas.,1.0,"The score is 1.00 because the answer appears fully relevant to the question about the best tool to identify and describe mechanically infiltrated clays in ancient sediments, with no irrelevant statements noted. Great job staying focused and directly on topic.",,Skipped: empty context.,,Skipped: empty context.,,Skipped: empty context.,1.0,"The actual output matches the expected output in meaning for the input about the best tool to identify and describe argilas mecanicamente infiltradas em sedimentos antigos. It correctly gives ""análise de lâminas delgadas,"" with only harmless extra wording (""A melhor ferramenta... é"") and no factual contradictions or mistakes.",1.0,"The actual output fully covers the essential expected element for the input about the best tool to identify and describe mechanically infiltrated clays in ancient sediments: it correctly names ""análise de lâminas delgadas."" The added phrasing (""A melhor ferramenta... é"") does not omit or alter any important fact, so concise alignment is strong.",1.0,"The actual output matches the expected geological method, ""análise de lâminas delgadas"", and uses domain-appropriate terminology correctly for identifying argilas mecanicamente infiltradas em sedimentos antigos. It is semantically coherent, introduces no incorrect lithological, facies, stratigraphic, or reservoir concepts, and only differs by adding a natural-language framing (""A melhor ferramenta..."") without changing the geological meaning.",1.0,"The actual output is semantically identical to the expected output, correctly identifying ""análise de lâminas delgadas"" as the best tool for recognizing and describing argilas mecanicamente infiltradas em sedimentos antigos. It preserves the geological concept and relation asked in the input, with no concept confusion, inversion, or domain misuse; the added wording is merely a natural sentence wrapper around the expected answer.",0.3,1.0,0.4615384615384615,0.2631578947368421,1.0,0.4166666666666667,0.3,1.0,0.4615384615384615,0.0,0.34782608695652173,
resultados/petrobras-4-0-com-ontologia-embeddingfirst/batch_f4d1f3cd-3f2e-41ca-b5af-611ea21bcf46-completo.csv,graphrag,1697,Qual a melhor ferramenta para identificar e descrever argilas mecanicamente infiltradas em sedimentos antigos?,análise de lâminas delgadas,,A melhor ferramenta para identificar e descrever argilas mecanicamente infiltradas em sedimentos antigos é a análise de lâminas delgadas.,1.0,"The score is 1.00 because the answer appears fully relevant to the question, with no irrelevant statements identified. It stays at the maximum score for directly addressing the topic clearly and appropriately.",,Skipped: empty context.,,Skipped: empty context.,,Skipped: empty context.,1.0,"The actual output matches the expected output in meaning for the input asking about the best ferramenta to identificar e descrever argilas mecanicamente infiltradas em sedimentos antigos. It correctly gives ""análise de lâminas delgadas"" and only adds a harmless introductory phrase (""A melhor ferramenta ... é""), with no factual contradictions or mistakes relative to the expected output.",1.0,"The actual output fully covers the essential expected content for the input asking the best tool to identify and describe argilas mecanicamente infiltradas em sedimentos antigos. It correctly gives “análise de lâminas delgadas,” with only minor added phrasing (“A melhor ferramenta... é”), which should not be penalized because the core entity and relation match exactly.",1.0,"The actual output matches the expected output in geological content by identifying ""análise de lâminas delgadas"" as the appropriate tool for recognizing and describing argilas mecanicamente infiltradas em sedimentos antigos. It uses correct domain terminology (argilas, sedimentos antigos, lâminas delgadas), preserves the intended geological interpretation, and introduces no misuse of lithologic, stratigraphic, facies, or reservoir concepts.",1.0,"The actual output is semantically identical to the expected output, correctly identifying ""análise de lâminas delgadas"" as the best tool for reconhecer e descrever argilas mecanicamente infiltradas em sedimentos antigos. It preserves the intended geological concept and tool-role relation without introducing confusion, inverted meaning, or domain misuse; the extra phrasing is harmless.",0.3,1.0,0.4615384615384615,0.2631578947368421,1.0,0.4166666666666667,0.3,1.0,0.4615384615384615,0.0,0.34782608695652173,
resultados/petrobras-4-0-com-ontologia-embeddingfirst/batch_f4d1f3cd-3f2e-41ca-b5af-611ea21bcf46-completo.csv,rag,1699,Quais são os depósitos que LOUCKS et alii invocam para explicar os day coats presentes em alguns arenitos?,"depositados em deltas e ilhas de barreira no Terciário da Costa do Golfo,",,LOUCKS et alii invocam depósitos em deltas e ilhas de barreira no Terciário da Costa do Golfo para explicar os day coats presentes em alguns arenitos.,1.0,"The score is 1.00 because the answer appears fully relevant to the question, with no irrelevant statements listed. It directly addresses the asked topic, so this is an excellent relevance score.",,Skipped: empty context.,,Skipped: empty context.,,Skipped: empty context.,1.0,"The actual output matches the expected meaning for the input about which depósitos LOUCKS et alii invoke: it correctly identifies 'deltas e ilhas de barreira no Terciário da Costa do Golfo'. The added framing ('LOUCKS et alii invocam depósitos... para explicar') is stylistic and consistent with the question, with no factual contradiction or mistake relative to the expected output.",1.0,"The actual output captures all essential elements from the expected output: it identifies the relevant depósitos as being em deltas e ilhas de barreira no Terciário da Costa do Golfo, matching the key entities and location/time relation in the test case. The extra framing with 'LOUCKS et alii invocam' and mention of 'day coats presentes em alguns arenitos' is consistent with the input and does not omit any important information.",1.0,"The response aligns very well with the expected geological content: it correctly identifies the invoked depositional settings as deltas and barrier islands and preserves the stratigraphic/geographic context of the Terciário da Costa do Golfo. It uses domain-appropriate terminology such as 'depósitos', 'deltas' and 'ilhas de barreira' without introducing incorrect lithologic, facies, or reservoir concepts. The only minor variation is a fuller sentence and the phrase 'invocam depósitos em' versus the expected participial form 'depositados em', which does not change the geological meaning.",1.0,"The actual output is semantically aligned with the expected output: it identifies the relevant depósitos as those em deltas e ilhas de barreira no Terciário da Costa do Golfo. It preserves the key geological entities and setting from the test case, and the added framing with “LOUCKS et alii invocam” correctly matches the question rather than altering the meaning. There is no concept confusion, relation inversion, or domain misuse.",0.4642857142857143,0.9285714285714286,0.6190476190476191,0.4444444444444444,0.9230769230769231,0.6,0.4642857142857143,0.9285714285714286,0.6190476190476191,0.0,0.6153846153846155,
resultados/petrobras-4-0-com-ontologia-embeddingfirst/batch_f4d1f3cd-3f2e-41ca-b5af-611ea21bcf46-completo.csv,graphrag,1699,Quais são os depósitos que LOUCKS et alii invocam para explicar os day coats presentes em alguns arenitos?,"depositados em deltas e ilhas de barreira no Terciário da Costa do Golfo,",,LOUCKS et alii invocam depósitos em deltas e ilhas de barreira no Terciário da Costa do Golfo para explicar os day coats presentes em alguns arenitos.,1.0,"The score is 1.00 because the answer appears fully relevant to the question, directly addressing quais depósitos LOUCKS et alii invocam para explicar os day coats nos arenitos, without irrelevant statements. Great job keeping the response focused and on topic.",,Skipped: empty context.,,Skipped: empty context.,,Skipped: empty context.,1.0,"The actual output matches the expected meaning for the input about quais depósitos LOUCKS et alii invocam: it correctly identifies depósitos em deltas e ilhas de barreira no Terciário da Costa do Golfo. The only differences are harmless wording changes such as adding 'LOUCKS et alii invocam' and 'para explicar os day coats presentes em alguns arenitos', with no factual contradiction or mistake.",1.0,"The actual output captures all essential elements from the expected output: it identifies the relevant depósitos as ""deltas e ilhas de barreira"" and includes the key context ""no Terciário da Costa do Golfo"" from the test case. The wording adds ""LOUCKS et alii invocam"" and ""para explicar os day coats presentes em alguns arenitos,"" which is consistent with the input question and does not omit any important expected information.",1.0,"The response closely matches the expected geological content: it identifies depósitos em deltas e ilhas de barreira no Terciário da Costa do Golfo, which is exactly the key relation requested by the input. It uses domain-appropriate terms such as arenitos, deltas, ilhas de barreira, and Terciário coherently, with no evident misuse of geological concepts or stratigraphic language. The only minor difference is added framing with 'LOUCKS et alii invocam', which remains semantically consistent.",1.0,"The actual output is semantically aligned with the expected answer: it identifies the relevant depósitos as those em deltas e ilhas de barreira no Terciário da Costa do Golfo. It preserves the key geological entities and context from the test case, with only a minor wording difference ('LOUCKS et alii invocam depósitos...') that does not alter the intended meaning or relations.",0.4642857142857143,0.9285714285714286,0.6190476190476191,0.4444444444444444,0.9230769230769231,0.6,0.4642857142857143,0.9285714285714286,0.6190476190476191,0.0,0.6153846153846155,
resultados/petrobras-4-0-com-ontologia-embeddingfirst/batch_f4d1f3cd-3f2e-41ca-b5af-611ea21bcf46-completo.csv,rag,1700,O que KESSLER identifica em arenitos de duna e wadi do Permiano do Mar do Norte?,cutículas de argila e hematita,,KESSLER identifica cutículas de argila e hematita em arenitos de duna e wadi do Permiano do Mar do Norte como acumuladas por infiltração mecânica.,1.0,"The score is 1.00 because the answer is fully relevant to the question, directly addressing what KESSLER identifies in arenitos de duna e wadi do Permiano do Mar do Norte, with no irrelevant statements. Great job staying focused and precise.",,Skipped: empty context.,,Skipped: empty context.,,Skipped: empty context.,0.9,"The actual output includes the expected key content, ""cutículas de argila e hematita"", and correctly ties it to arenitos de duna e wadi do Permiano do Mar do Norte mentioned in the input. The added phrase ""como acumuladas por infiltração mecânica"" goes beyond the expected output but does not contradict it, so it is a harmless elaboration rather than a factual mistake.",1.0,"The actual output fully includes the essential expected content, namely ""cutículas de argila e hematita"", and correctly ties it to what KESSLER identifies in ""arenitos de duna e wadi do Permiano do Mar do Norte"" from the input. The added detail about accumulation by mechanical infiltration is extra but does not omit or distort any required element.",0.9,"The response aligns strongly with the expected geological content: it correctly identifies ""cutículas de argila e hematita"" in ""arenitos de duna e wadi do Permiano do Mar do Norte,"" matching the key entities and context from the test case. It uses appropriate domain language such as arenitos, duna, wadi, Permiano, and Mar do Norte coherently. A minor limitation is that it adds the interpretation ""acumuladas por infiltração mecânica,"" which is not present in the expected output, but this does not contradict the geology or misuse concepts.",0.9,"The actual output correctly identifies the expected geological entities, ""cutículas de argila e hematita,"" and keeps them tied to the right context: arenitos de duna e wadi do Permiano do Mar do Norte mentioned in the input. It also adds a plausible relation (""acumuladas por infiltração mecânica"") that is not required by the expected output but does not contradict it. Semantic alignment is strong, with no concept confusion or inverted relations; the only minor issue is being more specific than the expected concise answer.",0.2222222222222222,1.0,0.3636363636363636,0.19230769230769232,1.0,0.32258064516129037,0.2222222222222222,1.0,0.3636363636363636,0.0,0.3448275862068966,
resultados/petrobras-4-0-com-ontologia-embeddingfirst/batch_f4d1f3cd-3f2e-41ca-b5af-611ea21bcf46-completo.csv,graphrag,1700,O que KESSLER identifica em arenitos de duna e wadi do Permiano do Mar do Norte?,cutículas de argila e hematita,,"KESSLER identifica cutículas de argila e hematita em arenitos de duna e wadi do Permiano do Mar do Norte, acumuladas por infiltração mecânica.",1.0,"The score is 1.00 because the response stays fully focused on what KESSLER identifies in Permian North Sea dune and wadi sandstones, with no irrelevant statements. It directly addresses the input clearly and completely.",,Skipped: empty context.,,Skipped: empty context.,,Skipped: empty context.,1.0,"The actual output matches the expected content for the input about what KESSLER identifies in arenitos de duna e wadi do Permiano do Mar do Norte: it correctly includes ""cutículas de argila e hematita."" The added detail about accumulation by mechanical infiltration does not contradict the expected output and is a harmless elaboration rather than a factual mistake.",1.0,"The actual output includes the full expected content, specifically “cutículas de argila e hematita,” which is the key fact KESSLER identifies in arenitos de duna e wadi do Permiano do Mar do Norte. It also correctly preserves the relevant entities from the input context and adds extra detail (“acumuladas por infiltração mecânica”) without omitting any essential element.",1.0,"The actual output correctly uses geological terminology such as ""arenitos de duna e wadi"", ""Permiano do Mar do Norte"", ""cutículas de argila e hematita"", and the process ""infiltração mecânica"" in a domain-appropriate way. It matches the expected entities exactly by identifying ""cutículas de argila e hematita"" and preserves the correct geological context from the input. The added interpretation about accumulation by mechanical infiltration is semantically coherent and does not introduce misuse of lithologies, facies, stratigraphic terms, or reservoir concepts.",0.9,"The actual output matches the expected core answer by identifying ""cutículas de argila e hematita"" as what KESSLER finds in ""arenitos de duna e wadi do Permiano do Mar do Norte."" It stays semantically aligned with the geological entities and setting, and the added detail about ""acumuladas por infiltração mecânica"" does not contradict the expected output. Minor deduction only because it includes extra information beyond the concise expected answer.",0.23076923076923078,1.0,0.375,0.2,1.0,0.33333333333333337,0.23076923076923078,1.0,0.375,0.0,0.3571428571428571,
resultados/petrobras-4-0-com-ontologia-embeddingfirst/batch_f4d1f3cd-3f2e-41ca-b5af-611ea21bcf46-completo.csv,rag,1701,"De acordo com WALKER et alii, quais são os depósitos que contêm comumente de 10 a 20% de argilas infiltradas?",depósitos terciários e pleistocênicos do Sudoeste americano,,"De acordo com WALKER et alii, os depósitos terciários e pleistocênicos do Sudoeste americano comumente contêm de 10 a 20% de argilas infiltradas.",1.0,"The score is 1.00 because the answer is fully relevant to the question, directly addressing which depósitos contêm comumente de 10 a 20% de argilas infiltradas, with no irrelevant statements. Great job staying precise and on-topic.",,Skipped: empty context.,,Skipped: empty context.,,Skipped: empty context.,1.0,"The actual output matches the expected content for the input asking which deposits, correctly identifying 'depósitos terciários e pleistocênicos do Sudoeste americano'. It also preserves the key detail that these deposits 'comumente contêm de 10 a 20% de argilas infiltradas', which is consistent with the prompt and introduces no factual contradiction. The extra framing 'De acordo com WALKER et alii' is harmless wording rather than an error.",1.0,"The actual output fully covers the essential entities and relation from the expected output: it identifies 'depósitos terciários e pleistocênicos do Sudoeste americano' as the deposits in question and correctly ties them to containing 'de 10 a 20% de argilas infiltradas,' which matches the input prompt. The extra framing 'De acordo com WALKER et alii' and complete sentence form do not add any error.",1.0,"The response matches the expected geological entities exactly: it identifies 'depósitos terciários e pleistocênicos do Sudoeste americano' as the deposits in question and correctly preserves the key quantitative relation of '10 a 20% de argilas infiltradas' from the input. The geological terminology is appropriate and semantically coherent, with no misuse of stratigraphic or lithologic concepts.",1.0,"The actual output is semantically aligned with the expected output: it correctly identifies “depósitos terciários e pleistocênicos do Sudoeste americano” as the deposits in question and preserves the geological entities and modifiers from the test case. It also correctly retains the relation that these deposits “comumente contêm de 10 a 20% de argilas infiltradas,” matching the input prompt without introducing concept confusion, inverted roles, or domain misuse. The added framing “De acordo com WALKER et alii” is consistent with the question and does not change the meaning.",0.37037037037037035,1.0,0.5405405405405406,0.34615384615384615,1.0,0.5142857142857142,0.37037037037037035,1.0,0.5405405405405406,0.0,0.4666666666666667,
resultados/petrobras-4-0-com-ontologia-embeddingfirst/batch_f4d1f3cd-3f2e-41ca-b5af-611ea21bcf46-completo.csv,graphrag,1701,"De acordo com WALKER et alii, quais são os depósitos que contêm comumente de 10 a 20% de argilas infiltradas?",depósitos terciários e pleistocênicos do Sudoeste americano,,"De acordo com WALKER et alii, os depósitos que contêm comumente de 10 a 20% de argilas infiltradas são os depósitos terciários e pleistocênicos do Sudoeste americano.",1.0,"The score is 1.00 because the answer is fully relevant to the question, directly addressing which depósitos contêm comumente de 10 a 20% de argilas infiltradas, with no irrelevant statements. Great job staying precise and on-topic.",,Skipped: empty context.,,Skipped: empty context.,,Skipped: empty context.,1.0,"The actual output matches the expected content: it identifies ""depósitos terciários e pleistocênicos do Sudoeste americano"" as the deposits mentioned by WALKER et alii. The extra introductory phrasing (""De acordo com WALKER et alii..."") is harmless wording and does not change the meaning. There are no factual contradictions or mistakes relative to the expected output for this input.",1.0,"The actual output fully captures the essential entity and relation from the expected output: it correctly identifies ""depósitos terciários e pleistocênicos do Sudoeste americano"" as the deposits that commonly contain 10 a 20% de argilas infiltradas according to WALKER et alii. It adds introductory phrasing from the question, but no important information is missing or altered.",1.0,"The response matches the expected geological entity exactly: it identifies ""depósitos terciários e pleistocênicos do Sudoeste americano"" as the deposits with 10 a 20% de argilas infiltradas, directly reflecting the test case parameters. It uses appropriate geological terminology (depósitos, terciários, pleistocênicos, argilas infiltradas) and preserves the correct relation from WALKER et alii without introducing incorrect lithologic, stratigraphic, or reservoir concepts.",1.0,"The actual output is semantically equivalent to the expected output, correctly identifying os ""depósitos terciários e pleistocênicos do Sudoeste americano"" as the deposits in question. It preserves the key geological entities and relation from the input about containing 10 a 20% de argilas infiltradas, with no concept confusion, role inversion, or domain misuse. The added framing phrase does not change the meaning.",0.30303030303030304,1.0,0.4651162790697675,0.28125,1.0,0.43902439024390244,0.30303030303030304,1.0,0.4651162790697675,0.0,0.4117647058823529,
resultados/petrobras-4-0-com-ontologia-embeddingfirst/batch_f4d1f3cd-3f2e-41ca-b5af-611ea21bcf46-completo.csv,rag,1702,O que o processo de infiltração mecânica promove nos sedimentos onde atua?,"modificações marcantes na textura, mineralogia e composição química dos sedimentos",,"O processo de infiltração mecânica promove modificações marcantes na textura, mineralogia e composição química dos sedimentos onde atua.",1.0,"The score is 1.00 because the answer stays fully focused on what the input asks about the effects of the processo de infiltração mecânica nos sedimentos, with no irrelevant statements. Great job keeping it directly on topic.",,Skipped: empty context.,,Skipped: empty context.,,Skipped: empty context.,1.0,"The actual output matches the expected meaning for the input question about what infiltração mecânica promotes in sedimentos. It correctly includes the key details: ""modificações marcantes na textura, mineralogia e composição química dos sedimentos"". The only difference is harmless extra wording like ""O processo de infiltração mecânica promove"" and ""onde atua"", with no factual contradiction or mistake.",1.0,"The actual output fully covers the essential elements from the expected output: it states that a infiltração mecânica promove ""modificações marcantes"" na textura, mineralogia e composição química dos sedimentos. It preserves all key facts, entities, and relations from the test case, with only minor added wording (""processo de"" and ""onde atua"") that does not change meaning.",1.0,"The actual output aligns almost exactly with the expected output, correctly stating that infiltração mecânica promotes ""modificações marcantes na textura, mineralogia e composição química dos sedimentos"". It uses appropriate geological terminology for the input, preserves the key entities and effects without introducing incorrect lithological, stratigraphic, facies, or reservoir concepts, and remains semantically coherent and domain-appropriate.",1.0,"The actual output matches the expected meaning exactly for the input about what the processo de infiltração mecânica promove nos sedimentos. It preserves all key geological elements and relations—'modificações marcantes' affecting 'textura, mineralogia e composição química dos sedimentos'—with no concept confusion or inverted roles. The only difference is added framing ('O processo de infiltração mecânica promove' and 'onde atua'), which remains fully aligned with the expected semantics.",0.5652173913043478,1.0,0.7222222222222222,0.5454545454545454,1.0,0.7058823529411764,0.5652173913043478,1.0,0.7222222222222222,0.0,0.7142857142857143,
resultados/petrobras-4-0-com-ontologia-embeddingfirst/batch_f4d1f3cd-3f2e-41ca-b5af-611ea21bcf46-completo.csv,graphrag,1702,O que o processo de infiltração mecânica promove nos sedimentos onde atua?,"modificações marcantes na textura, mineralogia e composição química dos sedimentos",,"O processo de infiltração mecânica promove modificações marcantes na textura, mineralogia e composição química dos sedimentos onde atua.",0.3333333333333333,"The score is 0.33 because the answer only partially addresses what a infiltração mecânica promove nos sedimentos, but it includes irrelevant claims about 'modificações marcantes na mineralogia' and 'modificações marcantes na composição química', which do not directly match the expected mainly physical effect on the sediments. So it is not higher due to those off-target points, but it still deserves some credit for attempting to describe changes caused by the process.",,Skipped: empty context.,,Skipped: empty context.,,Skipped: empty context.,1.0,"The actual output matches the expected meaning for the input question about what the processo de infiltração mecânica promotes in sedimentos. It correctly includes the key elements ""modificações marcantes na textura, mineralogia e composição química dos sedimentos"" and only adds harmless context like ""O processo de infiltração mecânica promove"" and ""onde atua"", with no factual contradictions or mistakes.",1.0,"The actual output fully covers the essential elements from the expected output: it states that a infiltração mecânica promotes ""modificações marcantes"" in the ""textura, mineralogia e composição química dos sedimentos"". It preserves the key facts, entities, and relation asked in the input, adding only a harmless completion (""onde atua"") without omitting any required information.",1.0,"The actual output aligns almost exactly with the expected output, correctly stating that infiltração mecânica promotes ""modificações marcantes na textura, mineralogia e composição química dos sedimentos"". It uses appropriate geological terminology such as textura, mineralogia, composição química, and sedimentos, with no misuse of lithologic, stratigraphic, facies, or reservoir concepts. The only difference is the added phrase ""onde atua,"" which preserves the intended meaning and remains semantically coherent.",1.0,"The actual output is semantically aligned with the expected output: it states that a infiltração mecânica promove ""modificações marcantes na textura, mineralogia e composição química dos sedimentos"", matching the key geological concepts and affected properties. It preserves the correct relation between the process and the sediments, adds only a harmless contextual phrase (""onde atua""), and introduces no concept confusion or domain misuse.",0.5652173913043478,1.0,0.7222222222222222,0.5454545454545454,1.0,0.7058823529411764,0.5652173913043478,1.0,0.7222222222222222,0.0,0.7142857142857143,
resultados/petrobras-4-0-com-ontologia-embeddingfirst/batch_f4d1f3cd-3f2e-41ca-b5af-611ea21bcf46-completo.csv,rag,1732,O que constitui um bom marco sismoestratigráfico em quase toda a Bacia de Campos?,Topo da biozona N-520,,O topo da biozona N-520 constitui um bom marco sismoestratigráfico em quase toda a Bacia de Campos.,1.0,"The score is 1.00 because the answer appears fully relevant to the question, directly addressing what constitutes a good marco sismoestratigráfico em quase toda a Bacia de Campos, with no irrelevant statements. Great job keeping the response focused and on-topic.",,Skipped: empty context.,,Skipped: empty context.,,Skipped: empty context.,1.0,"The actual output matches the expected content exactly in meaning: it identifies ""Topo da biozona N-520"" as the good marco sismoestratigráfico for quase toda a Bacia de Campos. The added phrasing (""O topo da biozona N-520 constitui..."") is only a harmless stylistic expansion of the expected short answer, with no factual contradiction or mistake.",1.0,"The expected output identifies the essential fact as ""Topo da biozona N-520"" being the marker. The actual output fully preserves this key entity and relation, stating that ""O topo da biozona N-520 constitui um bom marco sismoestratigráfico em quase toda a Bacia de Campos,"" which directly answers the input and adds only harmless context from the question. No important information is missing.",1.0,"The actual output matches the expected geological entity exactly: it identifies ""o topo da biozona N-520"" as the key sismoestratigráfico marker for quase toda a Bacia de Campos. It uses appropriate domain terminology (""topo"", ""biozona"", ""marco sismoestratigráfico"", ""Bacia de Campos"") without introducing incorrect lithologic, stratigraphic, or reservoir concepts. The only difference from the expected output is added natural-language framing, which remains semantically coherent and fully aligned with the input.",1.0,"The actual output is semantically identical to the expected output: it correctly identifies ""o topo da biozona N-520"" as the good sismoestratigráfico marker in quase toda a Bacia de Campos. The added sentence framing does not change the geological entity, class, or relation, and there is no concept confusion or inversion.",0.2631578947368421,1.0,0.4166666666666667,0.2222222222222222,1.0,0.3636363636363636,0.2631578947368421,1.0,0.4166666666666667,0.0,0.38095238095238093,
resultados/petrobras-4-0-com-ontologia-embeddingfirst/batch_f4d1f3cd-3f2e-41ca-b5af-611ea21bcf46-completo.csv,graphrag,1732,O que constitui um bom marco sismoestratigráfico em quase toda a Bacia de Campos?,Topo da biozona N-520,,"O refletor datado do Oligoceno Inferior, correspondente ao topo da biozona N-520, constitui um excelente marco sismoestratigráfico em quase toda a Bacia de Campos.",1.0,"The score is 1.00 because the response stays fully focused on what constitutes um bom marco sismoestratigráfico em quase toda a Bacia de Campos, with no irrelevant statements—clear and directly relevant.",,Skipped: empty context.,,Skipped: empty context.,,Skipped: empty context.,1.0,"The actual output aligns well with the expected output because it identifies ""topo da biozona N-520"" as the key marco sismoestratigráfico for quase toda a Bacia de Campos. It adds extra detail (""refletor datado do Oligoceno Inferior"" and ""constitui um excelente marco sismoestratigráfico""), but this does not contradict the expected answer or change its meaning. There are no factual inconsistencies relative to the expected output.",1.0,"The expected output identifies the essential element as “Topo da biozona N-520.” The actual output fully includes this key fact and correctly states that it is a marco sismoestratigráfico em quase toda a Bacia de Campos, while adding compatible details (“refletor datado do Oligoceno Inferior”). There are no omissions of the core expected content, so the extra specificity should not be penalized.",0.9,"The response aligns strongly with the expected geological marker by correctly identifying o ""topo da biozona N-520"" as the key marco sismoestratigráfico for quase toda a Bacia de Campos. It uses appropriate domain terminology such as ""refletor"", ""Oligoceno Inferior"" and ""biozona"", and the added stratigraphic detail is semantically coherent rather than misleading. A small limitation is that it is more specific than the expected output and adds information not required by the reference answer.",1.0,"The actual output is semantically aligned with the expected answer because it identifies ""Topo da biozona N-520"" as the key marco sismoestratigráfico for quase toda a Bacia de Campos. It adds consistent geological detail (""refletor datado do Oligoceno Inferior"") without changing the intended entity, class, or relation, and does not introduce concept confusion or inverted roles.",0.19230769230769232,1.0,0.32258064516129037,0.16,1.0,0.2758620689655173,0.19230769230769232,1.0,0.32258064516129037,0.0,0.2857142857142857,
resultados/petrobras-4-0-com-ontologia-embeddingfirst/batch_f4d1f3cd-3f2e-41ca-b5af-611ea21bcf46-completo.csv,rag,1733,Qual é o refletor localizado na zona N - 470?,Topo do Eoceno,,"O refletor localizado na zona N - 470 é o ""Topo do Eoceno"".",1.0,"The score is 1.00 because the answer stayed fully focused on identifying o refletor localizado na zona N - 470, with no irrelevant statements. Great job keeping the response directly on topic.",,Skipped: empty context.,,Skipped: empty context.,,Skipped: empty context.,0.9,"The actual output matches the expected answer for the input asking 'Qual é o refletor localizado na zona N - 470?', correctly identifying 'Topo do Eoceno'. There is no factual contradiction relative to the expected output. The only difference is added phrasing ('O refletor localizado na zona N - 470 é o ...'), which is stylistic and does not change the meaning.",1.0,"The actual output correctly identifies the entity requested in the input: the refletor localizado na zona N - 470 as ""Topo do Eoceno,"" which matches the expected output exactly in content. It includes all essential information with no omissions; the extra phrasing does not reduce alignment.",1.0,"The actual output matches the expected geological entity exactly: ""Topo do Eoceno"" for the zona N - 470. It uses appropriate stratigraphic terminology ('refletor' and 'Topo do Eoceno') with no misuse of geological concepts, lithologies, facies, or reservoir notions, and the relation between zone and reflector is semantically coherent.",1.0,"The actual output matches the expected geological entity exactly: it identifies the refletor na zona N - 470 as ""Topo do Eoceno"". It preserves the correct concept and relation (reflector located in that zone) with no concept confusion, inverted roles, or domain misuse. Although phrased as a full sentence rather than a bare label, it remains semantically fully aligned and concise.",0.2727272727272727,1.0,0.42857142857142855,0.2,1.0,0.33333333333333337,0.2727272727272727,1.0,0.42857142857142855,0.0,0.4,
resultados/petrobras-4-0-com-ontologia-embeddingfirst/batch_f4d1f3cd-3f2e-41ca-b5af-611ea21bcf46-completo.csv,graphrag,1733,Qual é o refletor localizado na zona N - 470?,Topo do Eoceno,,"O refletor localizado na zona N-470 é o ""Topo do Eoceno"".",1.0,"The score is 1.00 because the response is fully relevant to the question ""Qual é o refletor localizado na zona N - 470?"" and does not include any irrelevant information. Great job staying perfectly on topic.",,Skipped: empty context.,,Skipped: empty context.,,Skipped: empty context.,1.0,"The actual output matches the expected output in meaning for the input asking which refletor is in zona N-470: it correctly identifies ""Topo do Eoceno."" There are no factual contradictions or mistakes relative to the expected output. The only differences are harmless wording and formatting, since the expected output is just the reflector name while the actual output presents it in a full sentence.",1.0,"The actual output correctly identifies the reflector for the specified zone N-470 as ""Topo do Eoceno,"" which matches the expected output exactly in content. It includes the key entity and relation from the test case, with only extra phrasing around the answer, which should not be penalized.",1.0,"The response matches the expected geological entity exactly: it identifies the refletor in zona N-470 as ""Topo do Eoceno,"" using appropriate stratigraphic terminology and coherent domain language. There is no misuse of geological concepts or relations; the only difference is added sentence framing beyond the bare expected label.",1.0,"The actual output matches the expected geological entity exactly: it identifies the refletor in zona N-470 as ""Topo do Eoceno"". It preserves the correct concept, class, and relation from the input question, with no semantic confusion or inversion. Although phrased as a full sentence rather than a bare label, it remains fully aligned with the expected output.",0.2727272727272727,1.0,0.42857142857142855,0.2,1.0,0.33333333333333337,0.2727272727272727,1.0,0.42857142857142855,0.0,0.42857142857142855,
resultados/petrobras-4-0-com-ontologia-embeddingfirst/batch_f4d1f3cd-3f2e-41ca-b5af-611ea21bcf46-completo.csv,rag,1734,O que fez com que o topo do Eoceno Superior não fosse encontrado?,erosão,,O topo do Eoceno Superior não foi encontrado devido à erosão na região próxima à Falha de Charneira de Campos.,1.0,"The score is 1.00 because the answer stayed fully focused on explaining what prevented the topo do Eoceno Superior from being found, with no irrelevant statements. Great job keeping it directly on topic and completely relevant.",,Skipped: empty context.,,Skipped: empty context.,,Skipped: empty context.,1.0,"The actual output matches the expected meaning: it identifies ""erosão"" as the cause of the topo do Eoceno Superior not being found, which is exactly what the expected output requires for this input. The added detail about the região próxima à Falha de Charneira de Campos is not contradicted by the expected output, so it is a harmless elaboration rather than a factual mistake.",1.0,"The expected output only requires the essential fact ""erosão"" as the reason the topo do Eoceno Superior was not found. The actual output correctly includes this key cause and keeps the answer aligned with the input question. Although it adds extra detail about the região próxima à Falha de Charneira de Campos, this does not conflict with the expected answer, so coverage of the essential element is strong.",0.9,"The response aligns well with the expected interpretation by identifying 'erosão' as the cause for the missing topo do Eoceno Superior, using appropriate geological terminology such as 'Eoceno Superior', 'topo', and a structural reference to the 'Falha de Charneira de Campos'. However, it adds a specific location/detail not present in the expected output, so it is slightly less exact than the target answer.",1.0,"The actual output is semantically aligned with the expected output because it identifies 'erosão' as the cause of the missing topo do Eoceno Superior, which matches the expected geological concept. It preserves the correct causal relation asked in the input and does not invert roles or introduce conflicting domain meaning. The added detail about the região próxima à Falha de Charneira de Campos is extra but remains compatible with the expected answer.",0.09090909090909091,1.0,0.16666666666666669,0.047619047619047616,1.0,0.0909090909090909,0.09090909090909091,1.0,0.16666666666666669,0.0,0.09523809523809523,
resultados/petrobras-4-0-com-ontologia-embeddingfirst/batch_f4d1f3cd-3f2e-41ca-b5af-611ea21bcf46-completo.csv,graphrag,1734,O que fez com que o topo do Eoceno Superior não fosse encontrado?,erosão,,O topo do Eoceno Superior não foi encontrado porque a seção correspondente está ausente por erosão na região próxima à Falha de Charneira de Campos.,1.0,"The score is 1.00 because the answer stayed fully focused on explaining what fez com que o topo do Eoceno Superior não fosse encontrado, without adding irrelevant information. Clear and directly relevant.",,Skipped: empty context.,,Skipped: empty context.,,Skipped: empty context.,0.9,"The actual output matches the expected meaning for the input question about why the topo do Eoceno Superior was not found: it correctly identifies ""erosão,"" which is the entire expected output. The added detail about the section being absent near the ""Falha de Charneira de Campos"" is extra but does not contradict the expected answer, so only a slight deduction is warranted, if any, for being more specific than required.",1.0,"The expected output only requires the essential fact ""erosão"" as the cause for not finding the topo do Eoceno Superior. The actual output fully covers that key element and stays aligned with the input question, adding extra context about the ausência da seção and the Falha de Charneira de Campos without contradicting the expected relation. Concise wording was not required because all essential content is present.",0.9,"The response aligns well with the expected interpretation that the topo do Eoceno Superior was not found due to erosão, directly matching the expected output. It uses appropriate geological language such as 'seção correspondente', 'ausente por erosão', and references a structural element ('Falha de Charneira de Campos') coherently. A small limitation is that it adds location-specific detail not present in the expected output, but this does not conflict with the core geological relation required by the test case.",1.0,"The actual output is semantically aligned with the expected output because it identifies ""erosão"" as the cause for the missing topo do Eoceno Superior, which matches the expected geological concept. It also remains consistent with the input question and preserves the correct causal relation. The added detail about the seção estar ausente and the região próxima à Falha de Charneira de Campos is extra but does not contradict the expected answer.",0.06896551724137931,1.0,0.12903225806451613,0.03571428571428571,1.0,0.0689655172413793,0.06896551724137931,1.0,0.12903225806451613,0.0,0.07692307692307693,
resultados/petrobras-4-0-com-ontologia-embeddingfirst/batch_f4d1f3cd-3f2e-41ca-b5af-611ea21bcf46-completo.csv,rag,1735,O que mostra o mapeamento de detalhe realizado para confirmar essa afirmação?,rochas magmáticas intrusivas e extrusivas,,O mapeamento de detalhe confirma a afirmação ao indicar a presença de rochas magmáticas intrusivas e extrusivas também no Cretáceo Superior.,1.0,"The score is 1.00 because the answer appears fully relevant to the input, with no irrelevant statements listed. It stays at the maximum score since it directly addresses “O que mostra o mapeamento de detalhe realizado para confirmar essa afirmação?” without unnecessary detours—great job keeping it focused.",,Skipped: empty context.,,Skipped: empty context.,,Skipped: empty context.,1.0,"The actual output matches the expected content by explicitly stating 'rochas magmáticas intrusivas e extrusivas', which is exactly what the mapping detail shows for the input question. The added phrase about confirming the afirmação and occurring 'também no Cretáceo Superior' does not contradict the expected output and is only an extra detail, so it should not be penalized.",1.0,"The expected output requires the key elements ""rochas magmáticas intrusivas e extrusivas"". The actual output includes both rock types explicitly and correctly ties them to what the ""mapeamento de detalhe"" shows, so it fully covers the essential content. The added detail ""também no Cretáceo Superior"" is extra but does not conflict with the expected answer.",0.8,"The response aligns well with the expected geological content by correctly identifying ""rochas magmáticas intrusivas e extrusivas,"" which matches the expected output and uses appropriate geological terminology. However, it adds the interpretation ""também no Cretáceo Superior,"" which is not present in the expected output and introduces an unsupported stratigraphic detail, slightly reducing precision relative to the test case.",0.9,"The actual output is semantically aligned with the expected output because it identifies ""rochas magmáticas intrusivas e extrusivas,"" which is the key geological concept requested by the question and expected answer. It preserves the correct entities and classes without inverting relations or confusing domain meaning. However, it adds extra context (""também no Cretáceo Superior"" and that the mapping confirms the statement) that is not present in the expected output, so it is slightly less exact than a minimal answer.",0.23076923076923078,1.0,0.375,0.2,1.0,0.33333333333333337,0.23076923076923078,1.0,0.375,0.0,0.3846153846153846,
resultados/petrobras-4-0-com-ontologia-embeddingfirst/batch_f4d1f3cd-3f2e-41ca-b5af-611ea21bcf46-completo.csv,graphrag,1735,O que mostra o mapeamento de detalhe realizado para confirmar essa afirmação?,rochas magmáticas intrusivas e extrusivas,,"O mapeamento de detalhe confirma a afirmação ao indicar a presença de rochas magmáticas intrusivas e extrusivas no Cretáceo Superior, com base em dados paleontológicos.",1.0,"The score is 1.00 because the response appears fully relevant to the question ""O que mostra o mapeamento de detalhe realizado para confirmar essa afirmação?"" and there are no irrelevant statements listed. Great job staying focused and directly on topic.",,Skipped: empty context.,,Skipped: empty context.,,Skipped: empty context.,0.8,"The actual output matches the expected core content by stating ""rochas magmáticas intrusivas e extrusivas,"" which directly answers what the mapeamento de detalhe mostra. However, it adds unsupported details from the test case context, such as ""no Cretáceo Superior"" and ""com base em dados paleontológicos,"" which are not present in the expected output and introduce factual risk. The main meaning remains aligned, so the answer deserves substantial credit despite these extra potentially incorrect specifics.",1.0,"The expected output only requires the key content ""rochas magmáticas intrusivas e extrusivas"". The actual output includes that exact essential information and correctly states that the mapeamento de detalhe indicates their presence. Extra details like ""no Cretáceo Superior"" and ""com base em dados paleontológicos"" are not required, but they do not conflict with the expected answer, so coverage is strong and complete.",0.6,"The actual output correctly uses appropriate geological terminology such as ""rochas magmáticas intrusivas e extrusivas,"" which matches the expected entities and shows partial semantic alignment. However, it adds unsupported interpretation and relations not present in the expected output, especially ""no Cretáceo Superior"" and ""com base em dados paleontológicos,"" which are not grounded in the test case and introduce potentially inappropriate geological reasoning for a detail mapping result. This reduces precision compared with the expected concise identification of the mapped lithologies.",0.7,"The response captures the core expected content by identifying ""rochas magmáticas intrusivas e extrusivas"", which matches the geological entities requested in the test case. However, it adds unsupported details such as ""no Cretáceo Superior"" and ""com base em dados paleontológicos"", which are not present in the expected output and introduce extra geological relations that may distort the intended semantics of what the mapeamento de detalhe mostrou.",0.2,1.0,0.33333333333333337,0.1724137931034483,1.0,0.29411764705882354,0.2,1.0,0.33333333333333337,0.0,0.33333333333333337,
resultados/petrobras-4-0-com-ontologia-embeddingfirst/batch_f4d1f3cd-3f2e-41ca-b5af-611ea21bcf46-completo.csv,rag,1737,Qual refletor datado do Oligoceno Inferior constitui um excelente marco sismoestratigráfico em quase toda a Bacia de Campos?,Topo da biozona N-520,,Topo da biozona N-520.,1.0,The score is 1.00 because the response is fully relevant to the question and directly addresses the requested reflector with no irrelevant information. Great job staying precise and on topic.,,Skipped: empty context.,,Skipped: empty context.,,Skipped: empty context.,1.0,"The actual output matches the expected output in meaning for the input about the refletor do Oligoceno Inferior na Bacia de Campos: both state ""Topo da biozona N-520"". The only difference is a final period, which is a harmless punctuation variation and not a factual contradiction or mistake.",1.0,"The actual output matches the expected essential content exactly: it identifies the reflector as ""Topo da biozona N-520"", which is the key fact asked in the input about the Oligoceno Inferior marker in the Bacia de Campos. The only difference is a trailing period, which does not omit or alter any important information.",1.0,"The actual output matches the expected geological marker exactly in substance: it identifies ""Topo da biozona N-520"" as the Oligoceno Inferior reflector used as a sismoestratigráfico marco in quase toda a Bacia de Campos. It uses appropriate stratigraphic terminology (biozona, topo) with no misuse of geological concepts. The only minor difference is the final punctuation, which does not affect semantic alignment.",1.0,"The actual output matches the expected output semantically and in geological content: both identify ""Topo da biozona N-520"" as the reflector dated from the Oligoceno Inferior that is an excellent marco sismoestratigráfico in almost all of the Bacia de Campos. The only difference is final punctuation, which does not affect meaning, entities, class, or relation.",1.0,1.0,1.0,1.0,1.0,1.0,1.0,1.0,1.0,1.0,1.0,
resultados/petrobras-4-0-com-ontologia-embeddingfirst/batch_f4d1f3cd-3f2e-41ca-b5af-611ea21bcf46-completo.csv,graphrag,1737,Qual refletor datado do Oligoceno Inferior constitui um excelente marco sismoestratigráfico em quase toda a Bacia de Campos?,Topo da biozona N-520,,O refletor datado do Oligoceno Inferior que constitui um excelente marco sismoestratigráfico em quase toda a Bacia de Campos é o topo da biozona N-520.,1.0,"The score is 1.00 because the answer is fully relevant to the question and directly addresses the requested Oligoceno Inferior reflector in the Bacia de Campos, with no irrelevant statements. Great job staying precise and on topic.",,Skipped: empty context.,,Skipped: empty context.,,Skipped: empty context.,1.0,"The actual output matches the expected answer in meaning: it identifies ""o topo da biozona N-520"" as the refletor do Oligoceno Inferior que é um excelente marco sismoestratigráfico em quase toda a Bacia de Campos. There are no factual contradictions or mistakes; the only difference is added explanatory wording, which is harmless.",1.0,"The actual output fully captures the essential expected element for the input question about which Oligoceno Inferior reflector is an excellent sismoestratigráfico marker in almost all of the Bacia de Campos: it correctly identifies ""topo da biozona N-520."" The extra phrasing is concise and consistent with the question, so there are no important omissions or inaccuracies.",1.0,"The response aligns very well with the expected geological identification for the Input about a reflector from the Oligoceno Inferior in the Bacia de Campos. It correctly names ""o topo da biozona N-520,"" matching the Expected Output semantically and using appropriate stratigraphic and sismoestratigráfico terminology. There is no misuse of lithologic, facies, reservoir, or stratigraphic concepts; the only minor difference is that it is phrased as a full sentence rather than the shorter expected label.",1.0,"The actual output matches the expected geological entity exactly: it identifies ""o topo da biozona N-520"" as the reflector from the Oligoceno Inferior that serves as an excellent seismic-stratigraphic marker across almost all of the Bacia de Campos. It preserves the correct concept, class, and relation from the input, with no semantic inversion or domain misuse; the added phrasing is explanatory but fully aligned.",0.19230769230769232,1.0,0.32258064516129037,0.16,1.0,0.2758620689655173,0.19230769230769232,1.0,0.32258064516129037,0.0,0.2758620689655173,
resultados/petrobras-4-0-com-ontologia-embeddingfirst/batch_f4d1f3cd-3f2e-41ca-b5af-611ea21bcf46-completo.csv,rag,1740,O que o mapeamento de detalhe indica a presença no Cretáceo Superior?,rochas magmáticas intrusivas e extrusivas,,O mapeamento de detalhe indica a presença de rochas magmáticas intrusivas e extrusivas no Cretáceo Superior.,1.0,"The score is 1.00 because the response stayed fully focused on what the input asks about the Cretáceo Superior, with no irrelevant statements. Great job keeping it directly relevant and on-topic.",,Skipped: empty context.,,Skipped: empty context.,,Skipped: empty context.,1.0,"The actual output matches the expected content for the input about what the detailed mapping indicates in the Cretáceo Superior: it correctly states the presence of ""rochas magmáticas intrusivas e extrusivas"". The added framing words (""O mapeamento de detalhe indica a presença de"" and ""no Cretáceo Superior"") are consistent with the question and do not introduce any factual contradiction, so only harmless wording differences are present.",1.0,"The actual output fully covers the essential expected content: it identifies ""rochas magmáticas intrusivas e extrusivas"" as what the detailed mapping indicates for the Cretáceo Superior. It also correctly includes the relation to the input question about ""no Cretáceo Superior."" The extra phrasing is acceptable because all key elements from the expected output are present.",1.0,"The actual output matches the expected geological entities exactly, identifying 'rochas magmáticas intrusivas e extrusivas' for the Cretáceo Superior. It uses correct geological terminology, preserves the stratigraphic context from the input, and introduces no incorrect relations, facies, lithologies, or reservoir concepts.",1.0,"The actual output is semantically aligned with the expected output: it identifies ""rochas magmáticas intrusivas e extrusivas"" as what the ""mapeamento de detalhe"" indicates for the ""Cretáceo Superior."" It preserves the correct geological entities and relation of presence/indication, adds only harmless context from the question, and shows no concept confusion, inverted roles, or domain misuse.",0.3157894736842105,1.0,0.4799999999999999,0.2777777777777778,1.0,0.4347826086956522,0.3157894736842105,1.0,0.4799999999999999,0.0,0.47619047619047616,
resultados/petrobras-4-0-com-ontologia-embeddingfirst/batch_f4d1f3cd-3f2e-41ca-b5af-611ea21bcf46-completo.csv,graphrag,1740,O que o mapeamento de detalhe indica a presença no Cretáceo Superior?,rochas magmáticas intrusivas e extrusivas,,O mapeamento de detalhe indica a presença de rochas magmáticas intrusivas e extrusivas no Cretáceo Superior.,1.0,"The score is 1.00 because the response stays fully focused on what the question asks about the Cretáceo Superior, with no irrelevant statements. It is directly relevant and complete—great job.",,Skipped: empty context.,,Skipped: empty context.,,Skipped: empty context.,1.0,"The actual output matches the expected content for the input asking what the detailed mapping indicates in the Cretáceo Superior: it correctly states ""rochas magmáticas intrusivas e extrusivas."" The added phrasing (""O mapeamento de detalhe indica a presença de"" and ""no Cretáceo Superior"") is stylistic and consistent with the prompt, with no factual contradiction or mistake relative to the expected output.",1.0,"The actual output fully covers the essential expected content by correctly identifying ""rochas magmáticas intrusivas e extrusivas"" as what the detailed mapping indicates for the Cretáceo Superior. It preserves the key entities and relation from the input, adding only minimal contextual wording without omitting any important information.",1.0,"The actual output matches the expected geological content exactly, identifying ""rochas magmáticas intrusivas e extrusivas"" for the Cretáceo Superior and using appropriate domain terminology. It preserves the correct entities and interpretation from the input without introducing any incorrect lithologic, stratigraphic, or reservoir concepts; the only difference is a harmless sentence framing.",1.0,"The actual output is semantically aligned with the expected answer: it correctly identifies ""rochas magmáticas intrusivas e extrusivas"" as what the detailed mapping indicates for the ""Cretáceo Superior"". It preserves the key geological entities and relation from the input without introducing concept confusion or inverted meaning. The extra phrasing is acceptable because it remains concise and faithful to the expected geological content.",0.3157894736842105,1.0,0.4799999999999999,0.2777777777777778,1.0,0.4347826086956522,0.3157894736842105,1.0,0.4799999999999999,0.0,0.47619047619047616,
resultados/petrobras-4-0-com-ontologia-embeddingfirst/batch_f4d1f3cd-3f2e-41ca-b5af-611ea21bcf46-completo.csv,rag,1743,Por que a seção correspondente ao Eoceno Superior está ausente?,erosão na região próxima à Falha de Charneira de Campos,,A seção correspondente ao Eoceno Superior está ausente devido à erosão na região próxima à Falha de Charneira de Campos.,1.0,"The score is 1.00 because the answer appears fully relevant to the question, with no irrelevant statements identified. It stays at this score because it directly addresses the input cleanly and appropriately.",,Skipped: empty context.,,Skipped: empty context.,,Skipped: empty context.,1.0,"The actual output matches the expected meaning for the input asking why the Eoceno Superior section is absent: it correctly identifies ""erosão na região próxima à Falha de Charneira de Campos."" The extra framing sentence (""A seção correspondente ao Eoceno Superior está ausente devido à..."") is harmless wording and does not introduce any factual contradiction or mistake relative to the expected output.",1.0,"The actual output fully covers the essential expected content: it correctly identifies 'erosão' as the cause and specifies the location 'na região próxima à Falha de Charneira de Campos'. It adds brief framing about the ausência da seção correspondente ao Eoceno Superior, which is consistent with the input and does not omit any key expected element.",1.0,"The actual output aligns exactly with the expected geological interpretation for why the Eoceno Superior section is absent: erosão na região próxima à Falha de Charneira de Campos. It uses appropriate geological terminology such as 'erosão' and 'Falha', preserves the correct entity and causal relation, and adds only minimal contextual phrasing without introducing any incorrect lithologic, stratigraphic, facies, or reservoir concepts.",1.0,"The actual output semantically matches the expected output by identifying the same geological cause, 'erosão na região próxima à Falha de Charneira de Campos', for the absence of the Eoceno Superior section. It stays aligned with the relevant entity and relation from the input and expected output, adding only a harmless restatement that the section is absent. There is no concept confusion, inverted relation, or misuse of geological meaning.",0.5454545454545454,1.0,0.7058823529411764,0.5238095238095238,1.0,0.6875000000000001,0.5454545454545454,1.0,0.7058823529411764,0.0,0.6666666666666666,
resultados/petrobras-4-0-com-ontologia-embeddingfirst/batch_f4d1f3cd-3f2e-41ca-b5af-611ea21bcf46-completo.csv,graphrag,1743,Por que a seção correspondente ao Eoceno Superior está ausente?,erosão na região próxima à Falha de Charneira de Campos,,A seção correspondente ao Eoceno Superior está ausente devido à erosão na região próxima à Falha de Charneira de Campos.,1.0,"The score is 1.00 because the response stayed fully focused on answering why a seção correspondente ao Eoceno Superior está ausente, with no irrelevant statements. Great job keeping it directly relevant and on topic.",,Skipped: empty context.,,Skipped: empty context.,,Skipped: empty context.,1.0,"The actual output matches the expected content for the input asking why the Eoceno Superior section is absent: it correctly identifies ""erosão na região próxima à Falha de Charneira de Campos"" as the cause. The extra framing sentence is a harmless wording difference and does not introduce any factual contradiction or mistake relative to the expected output.",1.0,"The actual output fully covers the essential content from the expected output: the cause is ""erosão"" and the location/relation is ""na região próxima à Falha de Charneira de Campos"". It also directly answers why the seção do Eoceno Superior está ausente. The extra framing wording does not omit or distort any key detail from the test case.",1.0,"The actual output aligns exactly with the expected geological interpretation for the input about why the Eoceno Superior section is absent: it identifies ""erosão na região próxima à Falha de Charneira de Campos."" It uses appropriate stratigraphic and structural geology terms (""Eoceno Superior"", ""erosão"", ""Falha de Charneira de Campos"") and preserves the correct entity-relation structure without introducing misuse of lithology, facies, reservoir, or stratigraphic concepts.",1.0,"The actual output is semantically aligned with the expected output: it correctly identifies ""erosão na região próxima à Falha de Charneira de Campos"" as the reason why the seção correspondente ao Eoceno Superior está ausente. It preserves the key geological concept (erosão), location/entity (Falha de Charneira de Campos), and causal relation asked by the input. The extra framing text is acceptable and does not introduce concept confusion or incorrect relations.",0.5454545454545454,1.0,0.7058823529411764,0.5238095238095238,1.0,0.6875000000000001,0.5454545454545454,1.0,0.7058823529411764,0.0,0.6666666666666666,
resultados/petrobras-4-0-com-ontologia-embeddingfirst/batch_f4d1f3cd-3f2e-41ca-b5af-611ea21bcf46-completo.csv,rag,1745,O que constitui um excelente marco sismoestratigráfico em quase toda a Bacia de Campos?,"N-520 : esse refletor, datado do Oligoceno Inferior, constitui um",,"O topo da biozona N-520, datado do Oligoceno Inferior, constitui um excelente marco sismoestratigráfico em quase toda a Bacia de Campos.",1.0,The score is 1.00 because the response fully addresses what was asked about um excelente marco sismoestratigráfico na Bacia de Campos and includes no irrelevant statements. Great job staying precise and completely on topic.,,Skipped: empty context.,,Skipped: empty context.,,Skipped: empty context.,0.9,"The actual output matches the expected meaning for the input about what constitutes an excellent marco sismoestratigráfico in quase toda a Bacia de Campos: it identifies N-520 and notes it is dated to the Oligoceno Inferior. The added phrasing ""O topo da biozona"" and the full sentence are harmless wording differences, not factual contradictions. It omits the exact expected fragment ""esse refletor"" but preserves the core fact with no clear factual mistake.",1.0,"The actual output captures all essential elements from the expected output: it identifies ""N-520"" via ""o topo da biozona N-520"", states it is dated to the ""Oligoceno Inferior"", and says it ""constitui um excelente marco sismoestratigráfico em quase toda a Bacia de Campos,"" directly matching the input question. There are no meaningful omissions, and the added phrasing is consistent with the expected content.",0.9,"The response aligns strongly with the expected geological content: it identifies N-520 as the key sismoestratigráfico marker in the Bacia de Campos and correctly preserves the Oligoceno Inferior age. The terminology is domain-appropriate, using 'topo da biozona N-520' and 'marco sismoestratigráfico' coherently. A minor shortcoming is that it specifies 'topo da biozona' rather than matching the expected phrasing around 'N-520 : esse refletor', so the entity is slightly reframed, but the geological interpretation remains consistent.",0.9,"The actual output is strongly aligned with the expected geological meaning: it identifies N-520 as the key sismoestratigráfico marker in almost all of the Bacia de Campos and preserves the Oligoceno Inferior dating. The phrasing ""O topo da biozona N-520"" is a slightly more specific formulation than the expected ""N-520 : esse refletor,"" but it does not invert relations or introduce clear geological concept confusion. It remains concise while preserving the intended semantics from the input and expected output.",0.34782608695652173,0.8,0.48484848484848486,0.2727272727272727,0.6666666666666666,0.3870967741935484,0.34782608695652173,0.8,0.48484848484848486,0.0,0.4666666666666666,
resultados/petrobras-4-0-com-ontologia-embeddingfirst/batch_f4d1f3cd-3f2e-41ca-b5af-611ea21bcf46-completo.csv,graphrag,1745,O que constitui um excelente marco sismoestratigráfico em quase toda a Bacia de Campos?,"N-520 : esse refletor, datado do Oligoceno Inferior, constitui um",,"O refletor datado do Oligoceno Inferior, topo da biozona N-520, constitui um excelente marco sismoestratigráfico em quase toda a Bacia de Campos.",1.0,"The score is 1.00 because the response is fully relevant to the question, directly addressing what constitutes um excelente marco sismoestratigráfico em quase toda a Bacia de Campos, with no irrelevant statements. Great job staying precise and on topic.",,Skipped: empty context.,,Skipped: empty context.,,Skipped: empty context.,0.9,"The actual output aligns closely with the expected content: it identifies “N-520” as the key marco sismoestratigráfico and correctly includes the detail that the reflector is dated to the Oligoceno Inferior in quase toda a Bacia de Campos. There is no factual contradiction with the expected output. The main difference is wording and added phrasing (“topo da biozona N-520”), which is stylistic or slightly more specific rather than incorrect, so only a small penalty is warranted if any.",1.0,"The actual output captures all essential elements from the expected output and test input: it identifies the key marker as N-520 by stating ""topo da biozona N-520"", and includes the relation that this reflector is dated to the Oligoceno Inferior and is an excellent marco sismoestratigráfico em quase toda a Bacia de Campos. It is slightly more explicit than the expected output rather than missing anything important.",1.0,"The response aligns very well with the expected geological content: it identifies the key marker as N-520 and correctly describes it as a refletor datado do Oligoceno Inferior that serves as um excelente marco sismoestratigráfico na Bacia de Campos. It uses domain-appropriate stratigraphic and seismic terminology ('refletor', 'Oligoceno Inferior', 'biozona', 'marco sismoestratigráfico') coherently, with no misuse of lithologic, facies, reservoir, or stratigraphic concepts. The only difference is a fuller phrasing ('topo da biozona N-520'), which remains semantically consistent with the expected output.",1.0,"The actual output is semantically well aligned with the expected answer: it identifies the key geological entity as the refletor/topo da biozona N-520, dated to the Oligoceno Inferior, and states that it constitutes an excelente marco sismoestratigráfico em quase toda a Bacia de Campos. It preserves the intended concept, class, and relation from the test case without inverting roles or introducing geological confusion. Although phrased as a full sentence rather than the fragmentary expected output, the concise response fully retains the intended geological semantics.",0.375,0.9,0.5294117647058825,0.2608695652173913,0.6666666666666666,0.37500000000000006,0.2916666666666667,0.7,0.4117647058823529,0.0,0.5161290322580644,
resultados/petrobras-4-0-com-ontologia-embeddingfirst/batch_f4d1f3cd-3f2e-41ca-b5af-611ea21bcf46-completo.csv,rag,1746,O que aconteceu com a seção correspondente ao Eoceno Superior na região próxima à Falha de Charneira de Campos?,está ausente por erosão,,A seção correspondente ao Eoceno Superior está ausente por erosão na região próxima à Falha de Charneira de Campos.,1.0,"The score is 1.00 because the answer appears fully relevant to the question, with no irrelevant statements identified. It stays at this top score for directly addressing what happened to the seção correspondente ao Eoceno Superior near the Falha de Charneira de Campos—great job staying focused and on topic.",,Skipped: empty context.,,Skipped: empty context.,,Skipped: empty context.,1.0,"The actual output matches the expected meaning exactly for the input about the seção correspondente ao Eoceno Superior near the Falha de Charneira de Campos: it states that the section ""está ausente por erosão."" The added context (""A seção correspondente ao Eoceno Superior"" and ""na região próxima à Falha de Charneira de Campos"") is consistent with the question and does not introduce any factual contradiction. This aligns strongly with the expected output, with only harmless wording expansion.",1.0,"The actual output fully captures the essential expected content: that the seção correspondente ao Eoceno Superior na região próxima à Falha de Charneira de Campos ""está ausente por erosão"". It also correctly preserves the key entities from the input, adding contextual specificity without changing the meaning. There are no important omissions or contradictions.",1.0,"The actual output matches the expected interpretation exactly: the seção do Eoceno Superior na região próxima à Falha de Charneira de Campos 'está ausente por erosão'. It uses appropriate geological terminology ('Eoceno Superior', 'erosão', 'Falha de Charneira de Campos') and preserves the correct stratigraphic entity, spatial context, and geological relation without adding incorrect lithologic, facies, or reservoir concepts.",1.0,"The actual output matches the expected semantic content exactly: it states that the seção correspondente ao Eoceno Superior na região próxima à Falha de Charneira de Campos ""está ausente por erosão,"" which is the full expected geological relation. It preserves the correct entity, location context, and cause, with no concept confusion, inverted relation, or misuse of domain terms.",0.22727272727272727,1.0,0.37037037037037035,0.19047619047619047,1.0,0.32,0.22727272727272727,1.0,0.37037037037037035,0.0,0.34782608695652173,
resultados/petrobras-4-0-com-ontologia-embeddingfirst/batch_f4d1f3cd-3f2e-41ca-b5af-611ea21bcf46-completo.csv,graphrag,1746,O que aconteceu com a seção correspondente ao Eoceno Superior na região próxima à Falha de Charneira de Campos?,está ausente por erosão,,A seção correspondente ao Eoceno Superior está ausente na região próxima à Falha de Charneira de Campos devido à erosão.,1.0,"The score is 1.00 because the response appears fully relevant to the question, with no irrelevant statements identified. It stays focused on what happened to the seção correspondente ao Eoceno Superior near the Falha de Charneira de Campos, so this is a strong and complete match.",,Skipped: empty context.,,Skipped: empty context.,,Skipped: empty context.,1.0,"The actual output matches the expected meaning exactly for the input about the seção correspondente ao Eoceno Superior near the Falha de Charneira de Campos: it states that the section is absent due to erosion, which aligns with ""está ausente por erosão"". The extra wording about the region and full sentence structure is harmless stylistic expansion and introduces no factual contradiction.",1.0,"The actual output fully captures the essential facts from the expected output: that the seção correspondente ao Eoceno Superior, na região próxima à Falha de Charneira de Campos, está ausente and the cause is erosão. It preserves the key entity and relation from the test case, with only added contextual wording that does not change meaning.",1.0,"The response aligns very well with the expected geological interpretation: it states that the seção correspondente ao Eoceno Superior is ausente due to erosão, matching the expected output ""está ausente por erosão."" It uses appropriate geological and stratigraphic terminology such as ""Eoceno Superior,"" ""seção,"" and the structural location ""Falha de Charneira de Campos"" without introducing incorrect lithologies, facies, reservoir concepts, or domain relations. The wording is slightly more verbose than the expected output but remains semantically precise and coherent for the given input.",1.0,"The actual output is semantically aligned with the expected answer: it states that the seção correspondente ao Eoceno Superior ""está ausente"" and correctly gives the cause as ""devido à erosão,"" matching ""está ausente por erosão."" It also preserves the geological context from the input, including the região próxima à Falha de Charneira de Campos, without introducing concept confusion or incorrect relations.",0.18181818181818182,0.8,0.2962962962962963,0.09523809523809523,0.5,0.16,0.18181818181818182,0.8,0.2962962962962963,0.0,0.24999999999999997,
resultados/petrobras-4-0-com-ontologia-embeddingfirst/batch_f4d1f3cd-3f2e-41ca-b5af-611ea21bcf46-completo.csv,rag,1748,Em que período geológico ocorreu a presença de rochas magmáticas intrusivas e extrusivas na Bacia de Campos?,Cretáceo Superior,,As rochas magmáticas intrusivas e extrusivas na Bacia de Campos ocorreram no Cretáceo Superior.,1.0,"The score is 1.00 because the response stayed fully focused on the geological period of the presence of rochas magmáticas intrusivas e extrusivas na Bacia de Campos, with no irrelevant statements. Clear and directly relevant answer.",,Skipped: empty context.,,Skipped: empty context.,,Skipped: empty context.,1.0,"The actual output matches the expected output exactly in meaning for the input asking the geologic period of intrusive and extrusive magmatic rocks in the Bacia de Campos. It correctly states ""Cretáceo Superior,"" with only a harmless full-sentence phrasing difference and no factual contradictions or mistakes.",1.0,"The essential fact in the expected output is the geological period ""Cretáceo Superior"" for the presença de rochas magmáticas intrusivas e extrusivas na Bacia de Campos. The actual output states exactly that period and correctly preserves the key entities and relation from the input, with only added natural-language framing. No important information is missing.",1.0,"The actual output matches the expected output exactly in geological meaning, identifying the período as ""Cretáceo Superior"" for the presença de rochas magmáticas intrusivas e extrusivas na Bacia de Campos. It uses appropriate domain terminology (""rochas magmáticas intrusivas e extrusivas"", ""Bacia de Campos"") and introduces no incorrect lithologic, stratigraphic, or reservoir concepts.",1.0,"The actual output matches the expected geological period, identifying ""Cretáceo Superior"" for the presença de rochas magmáticas intrusivas e extrusivas na Bacia de Campos. It preserves the correct geological concept, entity, and relation from the input, with no concept confusion or inverted roles; the added sentence structure remains semantically aligned and concise.",0.1875,1.0,0.3157894736842105,0.13333333333333333,1.0,0.23529411764705882,0.1875,1.0,0.3157894736842105,0.0,0.25,
resultados/petrobras-4-0-com-ontologia-embeddingfirst/batch_f4d1f3cd-3f2e-41ca-b5af-611ea21bcf46-completo.csv,graphrag,1748,Em que período geológico ocorreu a presença de rochas magmáticas intrusivas e extrusivas na Bacia de Campos?,Cretáceo Superior,,A presença de rochas magmáticas intrusivas e extrusivas na Bacia de Campos ocorreu no Cretáceo Superior.,1.0,"The score is 1.00 because the answer is fully relevant to the question, directly addressing the período geológico das rochas magmáticas intrusivas e extrusivas na Bacia de Campos with no irrelevant statements. Great job staying precise and on topic.",,Skipped: empty context.,,Skipped: empty context.,,Skipped: empty context.,1.0,"The actual output matches the expected output on the key fact from the test case: it identifies the período geológico as ""Cretáceo Superior"" for the presença de rochas magmáticas intrusivas e extrusivas na Bacia de Campos. The added sentence framing is a harmless wording difference and does not introduce any factual contradiction or mistake.",1.0,"The actual output correctly identifies the key expected fact from the test case: that the presença de rochas magmáticas intrusivas e extrusivas na Bacia de Campos ocorreu no Cretáceo Superior. It includes the essential geological period and preserves the relevant entities and relation from the input, with only extra wording that does not reduce alignment.",1.0,"The actual output matches the expected output exactly in geological content by identifying the período geológico as ""Cretáceo Superior"" for the Bacia de Campos. It uses appropriate domain terms from the input, including ""rochas magmáticas intrusivas e extrusivas,"" without introducing incorrect lithologies, stratigraphic relations, or reservoir concepts. The response is semantically coherent and precise, with only minor added phrasing beyond the expected short answer.",1.0,"The actual output is semantically aligned with the expected output: it identifies the geological period as ""Cretáceo Superior,"" which exactly matches the expected answer for the presence of rochas magmáticas intrusivas e extrusivas na Bacia de Campos. It preserves the correct geological concept, entity, and relation, adding only harmless contextual phrasing without introducing confusion or domain errors.",0.15789473684210525,1.0,0.2727272727272727,0.1111111111111111,1.0,0.19999999999999998,0.15789473684210525,1.0,0.2727272727272727,0.0,0.2222222222222222,
resultados/petrobras-4-0-com-ontologia-embeddingfirst/batch_f4d1f3cd-3f2e-41ca-b5af-611ea21bcf46-completo.csv,rag,1750,Qual é a importância do topo da bio-zona N-470?,coincide com o topo da bio-zona N-470 e também constitui um excelente refletor,,O topo da bio-zona N-470 é importante porque coincide com o topo do Eoceno e constitui um excelente refletor.,1.0,The score is 1.00 because the response stayed fully focused on the importance of the topo da bio-zona N-470 and did not include any irrelevant statements. It directly addressed the question clearly and appropriately—great job.,,Skipped: empty context.,,Skipped: empty context.,,Skipped: empty context.,0.7,"The actual output captures the key idea from the expected output that it 'constitui um excelente refletor', and it addresses the importance asked in the input. However, it introduces a factual mismatch by saying 'coincide com o topo do Eoceno' instead of the expected 'coincide com o topo da bio-zona N-470'. This contradiction against the expected output should be penalized, though the rest of the meaning is aligned.",0.8,"The response captures the core relation that the topo da bio-zona N-470 'constitui um excelente refletor' and links its importance to a coinciding topo, which aligns with the expected output's main facts. However, it changes a key expected detail: instead of matching 'coincide com o topo da bio-zona N-470', it says 'coincide com o topo do Eoceno'. This substitution introduces a different entity from the test case and misses the exact expected relation, so it should be penalized for that omission/inaccuracy.",0.8,"The actual output uses appropriate geological terminology such as ""bio-zona N-470"", ""topo do Eoceno"" and ""excelente refletor"", which aligns well with the domain-focused evaluation. It captures the key expected relation that this boundary constitutes an excellent reflector, but it introduces an additional interpretation—""coincide com o topo do Eoceno""—instead of matching the expected phrasing ""coincide com o topo da bio-zona N-470"". This added stratigraphic correlation is plausible geological language, yet it is not supported by the expected output and creates a semantic mismatch.",0.7,"The actual output preserves the main geological relation that the topo da bio-zona N-470 is significant because it is associated with a boundary and is 'um excelente refletor', which aligns semantically with the expected emphasis on reflector quality. However, it changes the expected relation from 'coincide com o topo da bio-zona N-470' to 'coincide com o topo do Eoceno', introducing a different entity and altering the specific geological alignment in the test case. This is a meaningful domain-level mismatch, even though the response remains concise and partially aligned.",0.7,0.875,0.7777777777777777,0.5789473684210527,0.7333333333333333,0.6470588235294117,0.6,0.75,0.6666666666666665,0.0,0.7499999999999999,
resultados/petrobras-4-0-com-ontologia-embeddingfirst/batch_f4d1f3cd-3f2e-41ca-b5af-611ea21bcf46-completo.csv,graphrag,1750,Qual é a importância do topo da bio-zona N-470?,coincide com o topo da bio-zona N-470 e também constitui um excelente refletor,,O topo da bio-zona N-470 é importante porque coincide com o topo do Eoceno e atua como um forte refletor sísmico.,1.0,"The score is 1.00 because the answer stays fully focused on the importance of the topo da bio-zona N-470 and includes no irrelevant statements. It is directly relevant, clear, and well aligned with the question.",,Skipped: empty context.,,Skipped: empty context.,,Skipped: empty context.,0.6,"The actual output captures the core expected idea that the topo da bio-zona N-470 functions as a strong/excellent seismic reflector, which aligns well in meaning. However, it adds a factual claim not supported by the expected output—""coincide com o topo do Eoceno""—instead of matching the expected phrasing about coinciding with ""o topo da bio-zona N-470."" Because the evaluation prioritizes contradictions and factual mistakes, this unsupported substitution lowers alignment despite the correct reflector point.",0.8,"The actual output captures the main expected relation that the topo da bio-zona N-470 constitui um refletor, and even strengthens it with ""forte refletor sísmico,"" which aligns well with ""excelente refletor."" It also adds a plausible detail about coinciding with the topo do Eoceno, but it misses the exact expected phrasing ""coincide com o topo da bio-zona N-470,"" so there is a mismatch in one key relation from the expected output.",0.7,"The response uses appropriate geological language such as “bio-zona,” “topo do Eoceno,” and “refletor sísmico,” which aligns with the domain focus. It also captures the key expected interpretation that the topo da bio-zona N-470 constitutes a strong/excellent reflector. However, it introduces an extra relation—“coincide com o topo do Eoceno”—that is not supported by the expected output, which instead centers on coincidence with the topo da bio-zona N-470 itself. This added stratigraphic claim reduces alignment despite otherwise coherent terminology.",0.8,"The actual output is semantically close to the expected geological meaning: it identifies the importance of the topo da bio-zona N-470 as being associated with a boundary and as a strong/excellent seismic reflector, which aligns with 'constitui um excelente refletor'. However, it introduces 'topo do Eoceno' instead of preserving the expected relation centered on 'topo da bio-zona N-470', creating some concept shift in the geological reference. The response is concise and mostly preserves the intended semantics, but the boundary/entity alignment is not exact.",0.5217391304347826,0.75,0.6153846153846153,0.36363636363636365,0.5333333333333333,0.43243243243243246,0.43478260869565216,0.625,0.5128205128205128,0.0,0.588235294117647,
