id,domain,question,context,answer_text,span_start,span_end
1292,georegis,O que representa a fácies sísmica interpretada?,"construção de uma matriz de proporções de litotipos. Na figura 3 é mostrado um exemplo da matriz de proporções para a unidade genética superior do reservatório de Namorado e a posição de dois poços. Na região que domina o amarelo a curva vertical de proporções é guiada pela respectiva fácies sísmica, interpretada como arenitos muito porosos. Onde o verde aparece mais, a fácies sísmica interpretada é a correspondente a sedimentos clásticos finos e na região que predomina o azul, a fácies interpretada é a de margas e de calcilutitos. A questão fundamental é: como distribuir no volume do reservatório as CPVs conhecidas somente nos poços? Neste momento é que intervém o conceito de fácies sísmicas guiando a repartição espacial das CPVs, construindo a matriz de proporções. Ela é uma ferramenta muito importante para capturar o comportamento espacial dos litotipos, além disso, ela também é um instrumento complementar aos variogramas na análise estrutural das variáveis regionais na modelagem geoestatística.",sedimentos clásticos finos,422,448
1293,georegis,A que corresponde a fácies sísmica interpretada?,"construção de uma matriz de proporções de litotipos. Na figura 3 é mostrado um exemplo da matriz de proporções para a unidade genética superior do reservatório de Namorado e a posição de dois poços. Na região que domina o amarelo a curva vertical de proporções é guiada pela respectiva fácies sísmica, interpretada como arenitos muito porosos. Onde o verde aparece mais, a fácies sísmica interpretada é a correspondente a sedimentos clásticos finos e na região que predomina o azul, a fácies interpretada é a de margas e de calcilutitos. A questão fundamental é: como distribuir no volume do reservatório as CPVs conhecidas somente nos poços? Neste momento é que intervém o conceito de fácies sísmicas guiando a repartição espacial das CPVs, construindo a matriz de proporções. Ela é uma ferramenta muito importante para capturar o comportamento espacial dos litotipos, além disso, ela também é um instrumento complementar aos variogramas na análise estrutural das variáveis regionais na modelagem geoestatística.",sedimentos clásticos finos,422,448
1296,georegis,Qual é a principal questão quando o conceito de fácies sísmicas é usado para construir a matriz de proporções?,"construção de uma matriz de proporções de litotipos. Na figura 3 é mostrado um exemplo da matriz de proporções para a unidade genética superior do reservatório de Namorado e a posição de dois poços. Na região que domina o amarelo a curva vertical de proporções é guiada pela respectiva fácies sísmica, interpretada como arenitos muito porosos. Onde o verde aparece mais, a fácies sísmica interpretada é a correspondente a sedimentos clásticos finos e na região que predomina o azul, a fácies interpretada é a de margas e de calcilutitos. A questão fundamental é: como distribuir no volume do reservatório as CPVs conhecidas somente nos poços? Neste momento é que intervém o conceito de fácies sísmicas guiando a repartição espacial das CPVs, construindo a matriz de proporções. Ela é uma ferramenta muito importante para capturar o comportamento espacial dos litotipos, além disso, ela também é um instrumento complementar aos variogramas na análise estrutural das variáveis regionais na modelagem geoestatística.",como distribuir no volume do reservatório as CPVs conhecidas somente nos poços?,563,642
1297,georegis,O que é interpretado como fácies sísmica?,"construção de uma matriz de proporções de litotipos. Na figura 3 é mostrado um exemplo da matriz de proporções para a unidade genética superior do reservatório de Namorado e a posição de dois poços. Na região que domina o amarelo a curva vertical de proporções é guiada pela respectiva fácies sísmica, interpretada como arenitos muito porosos. Onde o verde aparece mais, a fácies sísmica interpretada é a correspondente a sedimentos clásticos finos e na região que predomina o azul, a fácies interpretada é a de margas e de calcilutitos. A questão fundamental é: como distribuir no volume do reservatório as CPVs conhecidas somente nos poços? Neste momento é que intervém o conceito de fácies sísmicas guiando a repartição espacial das CPVs, construindo a matriz de proporções. Ela é uma ferramenta muito importante para capturar o comportamento espacial dos litotipos, além disso, ela também é um instrumento complementar aos variogramas na análise estrutural das variáveis regionais na modelagem geoestatística.",arenitos muito porosos,320,342
1301,georegis,Qual é a principal questão que envolve o conceito de fácies sísmicas?,"construção de uma matriz de proporções de litotipos. Na figura 3 é mostrado um exemplo da matriz de proporções para a unidade genética superior do reservatório de Namorado e a posição de dois poços. Na região que domina o amarelo a curva vertical de proporções é guiada pela respectiva fácies sísmica, interpretada como arenitos muito porosos. Onde o verde aparece mais, a fácies sísmica interpretada é a correspondente a sedimentos clásticos finos e na região que predomina o azul, a fácies interpretada é a de margas e de calcilutitos. A questão fundamental é: como distribuir no volume do reservatório as CPVs conhecidas somente nos poços? Neste momento é que intervém o conceito de fácies sísmicas guiando a repartição espacial das CPVs, construindo a matriz de proporções. Ela é uma ferramenta muito importante para capturar o comportamento espacial dos litotipos, além disso, ela também é um instrumento complementar aos variogramas na análise estrutural das variáveis regionais na modelagem geoestatística.",como distribuir no volume do reservatório as CPVs conhecidas somente nos poços?,563,642
1304,georegis,O que guia a curva vertical de proporções na matriz de proporções para a unidade genética superior do reservatório de Namorado?,"construção de uma matriz de proporções de litotipos. Na figura 3 é mostrado um exemplo da matriz de proporções para a unidade genética superior do reservatório de Namorado e a posição de dois poços. Na região que domina o amarelo a curva vertical de proporções é guiada pela respectiva fácies sísmica, interpretada como arenitos muito porosos. Onde o verde aparece mais, a fácies sísmica interpretada é a correspondente a sedimentos clásticos finos e na região que predomina o azul, a fácies interpretada é a de margas e de calcilutitos. A questão fundamental é: como distribuir no volume do reservatório as CPVs conhecidas somente nos poços? Neste momento é que intervém o conceito de fácies sísmicas guiando a repartição espacial das CPVs, construindo a matriz de proporções. Ela é uma ferramenta muito importante para capturar o comportamento espacial dos litotipos, além disso, ela também é um instrumento complementar aos variogramas na análise estrutural das variáveis regionais na modelagem geoestatística.",respectiva fácies sísmica,275,300
1305,georegis,Qual fácies sísmica é interpretada como sedimentos clásticos finos na matriz de proporções?,"construção de uma matriz de proporções de litotipos. Na figura 3 é mostrado um exemplo da matriz de proporções para a unidade genética superior do reservatório de Namorado e a posição de dois poços. Na região que domina o amarelo a curva vertical de proporções é guiada pela respectiva fácies sísmica, interpretada como arenitos muito porosos. Onde o verde aparece mais, a fácies sísmica interpretada é a correspondente a sedimentos clásticos finos e na região que predomina o azul, a fácies interpretada é a de margas e de calcilutitos. A questão fundamental é: como distribuir no volume do reservatório as CPVs conhecidas somente nos poços? Neste momento é que intervém o conceito de fácies sísmicas guiando a repartição espacial das CPVs, construindo a matriz de proporções. Ela é uma ferramenta muito importante para capturar o comportamento espacial dos litotipos, além disso, ela também é um instrumento complementar aos variogramas na análise estrutural das variáveis regionais na modelagem geoestatística.",verde,351,356
1306,georegis,O que é utilizado para distribuir no volume do reservatório as CPVs conhecidas somente nos poços?,"construção de uma matriz de proporções de litotipos. Na figura 3 é mostrado um exemplo da matriz de proporções para a unidade genética superior do reservatório de Namorado e a posição de dois poços. Na região que domina o amarelo a curva vertical de proporções é guiada pela respectiva fácies sísmica, interpretada como arenitos muito porosos. Onde o verde aparece mais, a fácies sísmica interpretada é a correspondente a sedimentos clásticos finos e na região que predomina o azul, a fácies interpretada é a de margas e de calcilutitos. A questão fundamental é: como distribuir no volume do reservatório as CPVs conhecidas somente nos poços? Neste momento é que intervém o conceito de fácies sísmicas guiando a repartição espacial das CPVs, construindo a matriz de proporções. Ela é uma ferramenta muito importante para capturar o comportamento espacial dos litotipos, além disso, ela também é um instrumento complementar aos variogramas na análise estrutural das variáveis regionais na modelagem geoestatística.",conceito de fácies sísmicas,674,701
1309,georegis,O que é a matriz de proporções na construção de uma matriz de proporções de litotipos?,"construção de uma matriz de proporções de litotipos. Na figura 3 é mostrado um exemplo da matriz de proporções para a unidade genética superior do reservatório de Namorado e a posição de dois poços. Na região que domina o amarelo a curva vertical de proporções é guiada pela respectiva fácies sísmica, interpretada como arenitos muito porosos. Onde o verde aparece mais, a fácies sísmica interpretada é a correspondente a sedimentos clásticos finos e na região que predomina o azul, a fácies interpretada é a de margas e de calcilutitos. A questão fundamental é: como distribuir no volume do reservatório as CPVs conhecidas somente nos poços? Neste momento é que intervém o conceito de fácies sísmicas guiando a repartição espacial das CPVs, construindo a matriz de proporções. Ela é uma ferramenta muito importante para capturar o comportamento espacial dos litotipos, além disso, ela também é um instrumento complementar aos variogramas na análise estrutural das variáveis regionais na modelagem geoestatística.",uma ferramenta muito importante para capturar o comportamento espacial dos litotipos,784,868
1310,georegis,O que é interpretado como arenitos muito porosos na região que domina o amarelo?,"construção de uma matriz de proporções de litotipos. Na figura 3 é mostrado um exemplo da matriz de proporções para a unidade genética superior do reservatório de Namorado e a posição de dois poços. Na região que domina o amarelo a curva vertical de proporções é guiada pela respectiva fácies sísmica, interpretada como arenitos muito porosos. Onde o verde aparece mais, a fácies sísmica interpretada é a correspondente a sedimentos clásticos finos e na região que predomina o azul, a fácies interpretada é a de margas e de calcilutitos. A questão fundamental é: como distribuir no volume do reservatório as CPVs conhecidas somente nos poços? Neste momento é que intervém o conceito de fácies sísmicas guiando a repartição espacial das CPVs, construindo a matriz de proporções. Ela é uma ferramenta muito importante para capturar o comportamento espacial dos litotipos, além disso, ela também é um instrumento complementar aos variogramas na análise estrutural das variáveis regionais na modelagem geoestatística.",a curva vertical de proporções é guiada pela respectiva fácies sísmica,230,300
1313,georegis,Qual é a área da Bacia do Espírito Santo?,"A Bacia do Espírito Santo está situada no Estado do Espírito Santo, delimitada a sul com a Bacia de Campos, através do Alto de Vitória, e a norte com a Bacia de Mucuri. Possui uma área explorável de aproximadamente 41.500 km2, dos quais 3.000 km2 referem-se à bacia terrestre, considerando a fronteira leste coincidente com o limite crosta continental/oceânica. A existência do Banco de Abrolhos, a leste, atribui à bacia uma fisiografia particular, evidenciada por um alargamento da plataforma continental, que de uma média de 40 km de largura a sul alcança cerca de 240 km na porção centro-norte. O conhecimento adquirido ao longo de 50 anos de exploração, com centenas de poços exploratórios e inúmeras linhas sísmicas 2D e 3D, nas porções terrestre e marinha de águas rasas, profundas e ultraprofundas, somado a contínua integração de novos dados, foram fundamentais para a atualização da Carta Estratigráfica da Bacia. A primeira estratigrafia formal da Bacia do Espírito Santo foi apresentada por Asmus et al., seguida de várias alterações, culminando com a carta apresentada por Vieira et al.. Este trabalho resume o conhecimento adquirido desde a sua última publicação, enfatizando a cronoestratigrafia. Entretanto, os princípios litoestra-tigráficos que embasam este trabalho seguem os mesmos estabelecidos na última edição da carta es-tratigráfica.","41.500 km2,",215,226
1316,georegis,Quem apresentou a primeira estratigrafia formal da Bacia do Espírito Santo?,"A Bacia do Espírito Santo está situada no Estado do Espírito Santo, delimitada a sul com a Bacia de Campos, através do Alto de Vitória, e a norte com a Bacia de Mucuri. Possui uma área explorável de aproximadamente 41.500 km2, dos quais 3.000 km2 referem-se à bacia terrestre, considerando a fronteira leste coincidente com o limite crosta continental/oceânica. A existência do Banco de Abrolhos, a leste, atribui à bacia uma fisiografia particular, evidenciada por um alargamento da plataforma continental, que de uma média de 40 km de largura a sul alcança cerca de 240 km na porção centro-norte. O conhecimento adquirido ao longo de 50 anos de exploração, com centenas de poços exploratórios e inúmeras linhas sísmicas 2D e 3D, nas porções terrestre e marinha de águas rasas, profundas e ultraprofundas, somado a contínua integração de novos dados, foram fundamentais para a atualização da Carta Estratigráfica da Bacia. A primeira estratigrafia formal da Bacia do Espírito Santo foi apresentada por Asmus et al., seguida de várias alterações, culminando com a carta apresentada por Vieira et al.. Este trabalho resume o conhecimento adquirido desde a sua última publicação, enfatizando a cronoestratigrafia. Entretanto, os princípios litoestra-tigráficos que embasam este trabalho seguem os mesmos estabelecidos na última edição da carta es-tratigráfica.","Asmus et al.,",1003,1016
1317,georegis,Quantos km2 da Bacia do Espírito Santo são de exploração?,"A Bacia do Espírito Santo está situada no Estado do Espírito Santo, delimitada a sul com a Bacia de Campos, através do Alto de Vitória, e a norte com a Bacia de Mucuri. Possui uma área explorável de aproximadamente 41.500 km2, dos quais 3.000 km2 referem-se à bacia terrestre, considerando a fronteira leste coincidente com o limite crosta continental/oceânica. A existência do Banco de Abrolhos, a leste, atribui à bacia uma fisiografia particular, evidenciada por um alargamento da plataforma continental, que de uma média de 40 km de largura a sul alcança cerca de 240 km na porção centro-norte. O conhecimento adquirido ao longo de 50 anos de exploração, com centenas de poços exploratórios e inúmeras linhas sísmicas 2D e 3D, nas porções terrestre e marinha de águas rasas, profundas e ultraprofundas, somado a contínua integração de novos dados, foram fundamentais para a atualização da Carta Estratigráfica da Bacia. A primeira estratigrafia formal da Bacia do Espírito Santo foi apresentada por Asmus et al., seguida de várias alterações, culminando com a carta apresentada por Vieira et al.. Este trabalho resume o conhecimento adquirido desde a sua última publicação, enfatizando a cronoestratigrafia. Entretanto, os princípios litoestra-tigráficos que embasam este trabalho seguem os mesmos estabelecidos na última edição da carta es-tratigráfica.","41.500 km2,",215,226
1320,georegis,Qual é a área da Bacia do Espírito Santo?,"A Bacia do Espírito Santo está situada no Estado do Espírito Santo, delimitada a sul com a Bacia de Campos, através do Alto de Vitória, e a norte com a Bacia de Mucuri. Possui uma área explorável de aproximadamente 41.500 km2, dos quais 3.000 km2 referem-se à bacia terrestre, considerando a fronteira leste coincidente com o limite crosta continental/oceânica. A existência do Banco de Abrolhos, a leste, atribui à bacia uma fisiografia particular, evidenciada por um alargamento da plataforma continental, que de uma média de 40 km de largura a sul alcança cerca de 240 km na porção centro-norte. O conhecimento adquirido ao longo de 50 anos de exploração, com centenas de poços exploratórios e inúmeras linhas sísmicas 2D e 3D, nas porções terrestre e marinha de águas rasas, profundas e ultraprofundas, somado a contínua integração de novos dados, foram fundamentais para a atualização da Carta Estratigráfica da Bacia. A primeira estratigrafia formal da Bacia do Espírito Santo foi apresentada por Asmus et al., seguida de várias alterações, culminando com a carta apresentada por Vieira et al.. Este trabalho resume o conhecimento adquirido desde a sua última publicação, enfatizando a cronoestratigrafia. Entretanto, os princípios litoestra-tigráficos que embasam este trabalho seguem os mesmos estabelecidos na última edição da carta es-tratigráfica.",41.500 km2,215,225
1322,georegis,Quem apresentou a primeira estratigrafia formal da Bacia do Espírito Santo?,"A Bacia do Espírito Santo está situada no Estado do Espírito Santo, delimitada a sul com a Bacia de Campos, através do Alto de Vitória, e a norte com a Bacia de Mucuri. Possui uma área explorável de aproximadamente 41.500 km2, dos quais 3.000 km2 referem-se à bacia terrestre, considerando a fronteira leste coincidente com o limite crosta continental/oceânica. A existência do Banco de Abrolhos, a leste, atribui à bacia uma fisiografia particular, evidenciada por um alargamento da plataforma continental, que de uma média de 40 km de largura a sul alcança cerca de 240 km na porção centro-norte. O conhecimento adquirido ao longo de 50 anos de exploração, com centenas de poços exploratórios e inúmeras linhas sísmicas 2D e 3D, nas porções terrestre e marinha de águas rasas, profundas e ultraprofundas, somado a contínua integração de novos dados, foram fundamentais para a atualização da Carta Estratigráfica da Bacia. A primeira estratigrafia formal da Bacia do Espírito Santo foi apresentada por Asmus et al., seguida de várias alterações, culminando com a carta apresentada por Vieira et al.. Este trabalho resume o conhecimento adquirido desde a sua última publicação, enfatizando a cronoestratigrafia. Entretanto, os princípios litoestra-tigráficos que embasam este trabalho seguem os mesmos estabelecidos na última edição da carta es-tratigráfica.",Asmus et al.,1003,1015
1323,georegis,Quantos km2 da Bacia do Espírito Santo são de exploração?,"A Bacia do Espírito Santo está situada no Estado do Espírito Santo, delimitada a sul com a Bacia de Campos, através do Alto de Vitória, e a norte com a Bacia de Mucuri. Possui uma área explorável de aproximadamente 41.500 km2, dos quais 3.000 km2 referem-se à bacia terrestre, considerando a fronteira leste coincidente com o limite crosta continental/oceânica. A existência do Banco de Abrolhos, a leste, atribui à bacia uma fisiografia particular, evidenciada por um alargamento da plataforma continental, que de uma média de 40 km de largura a sul alcança cerca de 240 km na porção centro-norte. O conhecimento adquirido ao longo de 50 anos de exploração, com centenas de poços exploratórios e inúmeras linhas sísmicas 2D e 3D, nas porções terrestre e marinha de águas rasas, profundas e ultraprofundas, somado a contínua integração de novos dados, foram fundamentais para a atualização da Carta Estratigráfica da Bacia. A primeira estratigrafia formal da Bacia do Espírito Santo foi apresentada por Asmus et al., seguida de várias alterações, culminando com a carta apresentada por Vieira et al.. Este trabalho resume o conhecimento adquirido desde a sua última publicação, enfatizando a cronoestratigrafia. Entretanto, os princípios litoestra-tigráficos que embasam este trabalho seguem os mesmos estabelecidos na última edição da carta es-tratigráfica.",41.500,215,221
1325,georegis,Qual é o limite leste da Bacia do Espírito Santo?,"A Bacia do Espírito Santo está situada no Estado do Espírito Santo, delimitada a sul com a Bacia de Campos, através do Alto de Vitória, e a norte com a Bacia de Mucuri. Possui uma área explorável de aproximadamente 41.500 km2, dos quais 3.000 km2 referem-se à bacia terrestre, considerando a fronteira leste coincidente com o limite crosta continental/oceânica. A existência do Banco de Abrolhos, a leste, atribui à bacia uma fisiografia particular, evidenciada por um alargamento da plataforma continental, que de uma média de 40 km de largura a sul alcança cerca de 240 km na porção centro-norte. O conhecimento adquirido ao longo de 50 anos de exploração, com centenas de poços exploratórios e inúmeras linhas sísmicas 2D e 3D, nas porções terrestre e marinha de águas rasas, profundas e ultraprofundas, somado a contínua integração de novos dados, foram fundamentais para a atualização da Carta Estratigráfica da Bacia. A primeira estratigrafia formal da Bacia do Espírito Santo foi apresentada por Asmus et al., seguida de várias alterações, culminando com a carta apresentada por Vieira et al.. Este trabalho resume o conhecimento adquirido desde a sua última publicação, enfatizando a cronoestratigrafia. Entretanto, os princípios litoestra-tigráficos que embasam este trabalho seguem os mesmos estabelecidos na última edição da carta es-tratigráfica.",crosta continental/oceânica,333,360
1326,georegis,Qual é a área aproximada da Bacia do Espírito Santo?,"A Bacia do Espírito Santo está situada no Estado do Espírito Santo, delimitada a sul com a Bacia de Campos, através do Alto de Vitória, e a norte com a Bacia de Mucuri. Possui uma área explorável de aproximadamente 41.500 km2, dos quais 3.000 km2 referem-se à bacia terrestre, considerando a fronteira leste coincidente com o limite crosta continental/oceânica. A existência do Banco de Abrolhos, a leste, atribui à bacia uma fisiografia particular, evidenciada por um alargamento da plataforma continental, que de uma média de 40 km de largura a sul alcança cerca de 240 km na porção centro-norte. O conhecimento adquirido ao longo de 50 anos de exploração, com centenas de poços exploratórios e inúmeras linhas sísmicas 2D e 3D, nas porções terrestre e marinha de águas rasas, profundas e ultraprofundas, somado a contínua integração de novos dados, foram fundamentais para a atualização da Carta Estratigráfica da Bacia. A primeira estratigrafia formal da Bacia do Espírito Santo foi apresentada por Asmus et al., seguida de várias alterações, culminando com a carta apresentada por Vieira et al.. Este trabalho resume o conhecimento adquirido desde a sua última publicação, enfatizando a cronoestratigrafia. Entretanto, os princípios litoestra-tigráficos que embasam este trabalho seguem os mesmos estabelecidos na última edição da carta es-tratigráfica.",41.500 km2,215,225
1327,georegis,Qual é a largura da plataforma continental?,"A Bacia do Espírito Santo está situada no Estado do Espírito Santo, delimitada a sul com a Bacia de Campos, através do Alto de Vitória, e a norte com a Bacia de Mucuri. Possui uma área explorável de aproximadamente 41.500 km2, dos quais 3.000 km2 referem-se à bacia terrestre, considerando a fronteira leste coincidente com o limite crosta continental/oceânica. A existência do Banco de Abrolhos, a leste, atribui à bacia uma fisiografia particular, evidenciada por um alargamento da plataforma continental, que de uma média de 40 km de largura a sul alcança cerca de 240 km na porção centro-norte. O conhecimento adquirido ao longo de 50 anos de exploração, com centenas de poços exploratórios e inúmeras linhas sísmicas 2D e 3D, nas porções terrestre e marinha de águas rasas, profundas e ultraprofundas, somado a contínua integração de novos dados, foram fundamentais para a atualização da Carta Estratigráfica da Bacia. A primeira estratigrafia formal da Bacia do Espírito Santo foi apresentada por Asmus et al., seguida de várias alterações, culminando com a carta apresentada por Vieira et al.. Este trabalho resume o conhecimento adquirido desde a sua última publicação, enfatizando a cronoestratigrafia. Entretanto, os princípios litoestra-tigráficos que embasam este trabalho seguem os mesmos estabelecidos na última edição da carta es-tratigráfica.",240 km na porção centro-norte,568,597
1328,georegis,Quem apresentou a carta de costa da Bacia do Espírito Santo?,"A Bacia do Espírito Santo está situada no Estado do Espírito Santo, delimitada a sul com a Bacia de Campos, através do Alto de Vitória, e a norte com a Bacia de Mucuri. Possui uma área explorável de aproximadamente 41.500 km2, dos quais 3.000 km2 referem-se à bacia terrestre, considerando a fronteira leste coincidente com o limite crosta continental/oceânica. A existência do Banco de Abrolhos, a leste, atribui à bacia uma fisiografia particular, evidenciada por um alargamento da plataforma continental, que de uma média de 40 km de largura a sul alcança cerca de 240 km na porção centro-norte. O conhecimento adquirido ao longo de 50 anos de exploração, com centenas de poços exploratórios e inúmeras linhas sísmicas 2D e 3D, nas porções terrestre e marinha de águas rasas, profundas e ultraprofundas, somado a contínua integração de novos dados, foram fundamentais para a atualização da Carta Estratigráfica da Bacia. A primeira estratigrafia formal da Bacia do Espírito Santo foi apresentada por Asmus et al., seguida de várias alterações, culminando com a carta apresentada por Vieira et al.. Este trabalho resume o conhecimento adquirido desde a sua última publicação, enfatizando a cronoestratigrafia. Entretanto, os princípios litoestra-tigráficos que embasam este trabalho seguem os mesmos estabelecidos na última edição da carta es-tratigráfica.",Vieira et al.,1086,1099
1333,georegis,A que se refere a fronteira leste da Bacia do Espírito Santo?,"A Bacia do Espírito Santo está situada no Estado do Espírito Santo, delimitada a sul com a Bacia de Campos, através do Alto de Vitória, e a norte com a Bacia de Mucuri. Possui uma área explorável de aproximadamente 41.500 km2, dos quais 3.000 km2 referem-se à bacia terrestre, considerando a fronteira leste coincidente com o limite crosta continental/oceânica. A existência do Banco de Abrolhos, a leste, atribui à bacia uma fisiografia particular, evidenciada por um alargamento da plataforma continental, que de uma média de 40 km de largura a sul alcança cerca de 240 km na porção centro-norte. O conhecimento adquirido ao longo de 50 anos de exploração, com centenas de poços exploratórios e inúmeras linhas sísmicas 2D e 3D, nas porções terrestre e marinha de águas rasas, profundas e ultraprofundas, somado a contínua integração de novos dados, foram fundamentais para a atualização da Carta Estratigráfica da Bacia. A primeira estratigrafia formal da Bacia do Espírito Santo foi apresentada por Asmus et al., seguida de várias alterações, culminando com a carta apresentada por Vieira et al.. Este trabalho resume o conhecimento adquirido desde a sua última publicação, enfatizando a cronoestratigrafia. Entretanto, os princípios litoestra-tigráficos que embasam este trabalho seguem os mesmos estabelecidos na última edição da carta es-tratigráfica.",crosta continental/oceânica,333,360
1335,georegis,Quem apresentou a carta da Bacia do Espírito Santo?,"A Bacia do Espírito Santo está situada no Estado do Espírito Santo, delimitada a sul com a Bacia de Campos, através do Alto de Vitória, e a norte com a Bacia de Mucuri. Possui uma área explorável de aproximadamente 41.500 km2, dos quais 3.000 km2 referem-se à bacia terrestre, considerando a fronteira leste coincidente com o limite crosta continental/oceânica. A existência do Banco de Abrolhos, a leste, atribui à bacia uma fisiografia particular, evidenciada por um alargamento da plataforma continental, que de uma média de 40 km de largura a sul alcança cerca de 240 km na porção centro-norte. O conhecimento adquirido ao longo de 50 anos de exploração, com centenas de poços exploratórios e inúmeras linhas sísmicas 2D e 3D, nas porções terrestre e marinha de águas rasas, profundas e ultraprofundas, somado a contínua integração de novos dados, foram fundamentais para a atualização da Carta Estratigráfica da Bacia. A primeira estratigrafia formal da Bacia do Espírito Santo foi apresentada por Asmus et al., seguida de várias alterações, culminando com a carta apresentada por Vieira et al.. Este trabalho resume o conhecimento adquirido desde a sua última publicação, enfatizando a cronoestratigrafia. Entretanto, os princípios litoestra-tigráficos que embasam este trabalho seguem os mesmos estabelecidos na última edição da carta es-tratigráfica.",Vieira et al.,1086,1099
1338,georegis,Quantos quilômetros de área a Bacia do Espírito Santo tem a ver com a bacia terrestre?,"A Bacia do Espírito Santo está situada no Estado do Espírito Santo, delimitada a sul com a Bacia de Campos, através do Alto de Vitória, e a norte com a Bacia de Mucuri. Possui uma área explorável de aproximadamente 41.500 km2, dos quais 3.000 km2 referem-se à bacia terrestre, considerando a fronteira leste coincidente com o limite crosta continental/oceânica. A existência do Banco de Abrolhos, a leste, atribui à bacia uma fisiografia particular, evidenciada por um alargamento da plataforma continental, que de uma média de 40 km de largura a sul alcança cerca de 240 km na porção centro-norte. O conhecimento adquirido ao longo de 50 anos de exploração, com centenas de poços exploratórios e inúmeras linhas sísmicas 2D e 3D, nas porções terrestre e marinha de águas rasas, profundas e ultraprofundas, somado a contínua integração de novos dados, foram fundamentais para a atualização da Carta Estratigráfica da Bacia. A primeira estratigrafia formal da Bacia do Espírito Santo foi apresentada por Asmus et al., seguida de várias alterações, culminando com a carta apresentada por Vieira et al.. Este trabalho resume o conhecimento adquirido desde a sua última publicação, enfatizando a cronoestratigrafia. Entretanto, os princípios litoestra-tigráficos que embasam este trabalho seguem os mesmos estabelecidos na última edição da carta es-tratigráfica.",3.000,237,242
1339,georegis,O que evidencia a fisiografia do Banco de Abrolhos?,"A Bacia do Espírito Santo está situada no Estado do Espírito Santo, delimitada a sul com a Bacia de Campos, através do Alto de Vitória, e a norte com a Bacia de Mucuri. Possui uma área explorável de aproximadamente 41.500 km2, dos quais 3.000 km2 referem-se à bacia terrestre, considerando a fronteira leste coincidente com o limite crosta continental/oceânica. A existência do Banco de Abrolhos, a leste, atribui à bacia uma fisiografia particular, evidenciada por um alargamento da plataforma continental, que de uma média de 40 km de largura a sul alcança cerca de 240 km na porção centro-norte. O conhecimento adquirido ao longo de 50 anos de exploração, com centenas de poços exploratórios e inúmeras linhas sísmicas 2D e 3D, nas porções terrestre e marinha de águas rasas, profundas e ultraprofundas, somado a contínua integração de novos dados, foram fundamentais para a atualização da Carta Estratigráfica da Bacia. A primeira estratigrafia formal da Bacia do Espírito Santo foi apresentada por Asmus et al., seguida de várias alterações, culminando com a carta apresentada por Vieira et al.. Este trabalho resume o conhecimento adquirido desde a sua última publicação, enfatizando a cronoestratigrafia. Entretanto, os princípios litoestra-tigráficos que embasam este trabalho seguem os mesmos estabelecidos na última edição da carta es-tratigráfica.",alargamento da plataforma continental,469,506
1340,georegis,O que o trabalho de Vieira et al. enfatiza?,"A Bacia do Espírito Santo está situada no Estado do Espírito Santo, delimitada a sul com a Bacia de Campos, através do Alto de Vitória, e a norte com a Bacia de Mucuri. Possui uma área explorável de aproximadamente 41.500 km2, dos quais 3.000 km2 referem-se à bacia terrestre, considerando a fronteira leste coincidente com o limite crosta continental/oceânica. A existência do Banco de Abrolhos, a leste, atribui à bacia uma fisiografia particular, evidenciada por um alargamento da plataforma continental, que de uma média de 40 km de largura a sul alcança cerca de 240 km na porção centro-norte. O conhecimento adquirido ao longo de 50 anos de exploração, com centenas de poços exploratórios e inúmeras linhas sísmicas 2D e 3D, nas porções terrestre e marinha de águas rasas, profundas e ultraprofundas, somado a contínua integração de novos dados, foram fundamentais para a atualização da Carta Estratigráfica da Bacia. A primeira estratigrafia formal da Bacia do Espírito Santo foi apresentada por Asmus et al., seguida de várias alterações, culminando com a carta apresentada por Vieira et al.. Este trabalho resume o conhecimento adquirido desde a sua última publicação, enfatizando a cronoestratigrafia. Entretanto, os princípios litoestra-tigráficos que embasam este trabalho seguem os mesmos estabelecidos na última edição da carta es-tratigráfica.",a cronoestratigrafia,1190,1210
1341,georegis,O que é enfatizado neste trabalho?,"A Bacia do Espírito Santo está situada no Estado do Espírito Santo, delimitada a sul com a Bacia de Campos, através do Alto de Vitória, e a norte com a Bacia de Mucuri. Possui uma área explorável de aproximadamente 41.500 km2, dos quais 3.000 km2 referem-se à bacia terrestre, considerando a fronteira leste coincidente com o limite crosta continental/oceânica. A existência do Banco de Abrolhos, a leste, atribui à bacia uma fisiografia particular, evidenciada por um alargamento da plataforma continental, que de uma média de 40 km de largura a sul alcança cerca de 240 km na porção centro-norte. O conhecimento adquirido ao longo de 50 anos de exploração, com centenas de poços exploratórios e inúmeras linhas sísmicas 2D e 3D, nas porções terrestre e marinha de águas rasas, profundas e ultraprofundas, somado a contínua integração de novos dados, foram fundamentais para a atualização da Carta Estratigráfica da Bacia. A primeira estratigrafia formal da Bacia do Espírito Santo foi apresentada por Asmus et al., seguida de várias alterações, culminando com a carta apresentada por Vieira et al.. Este trabalho resume o conhecimento adquirido desde a sua última publicação, enfatizando a cronoestratigrafia. Entretanto, os princípios litoestra-tigráficos que embasam este trabalho seguem os mesmos estabelecidos na última edição da carta es-tratigráfica.",cronoestratigrafia,1192,1210
1343,georegis,O que evidencia a fisiografia do Banco de Abrolhos?,"A Bacia do Espírito Santo está situada no Estado do Espírito Santo, delimitada a sul com a Bacia de Campos, através do Alto de Vitória, e a norte com a Bacia de Mucuri. Possui uma área explorável de aproximadamente 41.500 km2, dos quais 3.000 km2 referem-se à bacia terrestre, considerando a fronteira leste coincidente com o limite crosta continental/oceânica. A existência do Banco de Abrolhos, a leste, atribui à bacia uma fisiografia particular, evidenciada por um alargamento da plataforma continental, que de uma média de 40 km de largura a sul alcança cerca de 240 km na porção centro-norte. O conhecimento adquirido ao longo de 50 anos de exploração, com centenas de poços exploratórios e inúmeras linhas sísmicas 2D e 3D, nas porções terrestre e marinha de águas rasas, profundas e ultraprofundas, somado a contínua integração de novos dados, foram fundamentais para a atualização da Carta Estratigráfica da Bacia. A primeira estratigrafia formal da Bacia do Espírito Santo foi apresentada por Asmus et al., seguida de várias alterações, culminando com a carta apresentada por Vieira et al.. Este trabalho resume o conhecimento adquirido desde a sua última publicação, enfatizando a cronoestratigrafia. Entretanto, os princípios litoestra-tigráficos que embasam este trabalho seguem os mesmos estabelecidos na última edição da carta es-tratigráfica.",um alargamento da plataforma continental,466,506
1344,georegis,O que o trabalho de Vieira et al. enfatiza?,"A Bacia do Espírito Santo está situada no Estado do Espírito Santo, delimitada a sul com a Bacia de Campos, através do Alto de Vitória, e a norte com a Bacia de Mucuri. Possui uma área explorável de aproximadamente 41.500 km2, dos quais 3.000 km2 referem-se à bacia terrestre, considerando a fronteira leste coincidente com o limite crosta continental/oceânica. A existência do Banco de Abrolhos, a leste, atribui à bacia uma fisiografia particular, evidenciada por um alargamento da plataforma continental, que de uma média de 40 km de largura a sul alcança cerca de 240 km na porção centro-norte. O conhecimento adquirido ao longo de 50 anos de exploração, com centenas de poços exploratórios e inúmeras linhas sísmicas 2D e 3D, nas porções terrestre e marinha de águas rasas, profundas e ultraprofundas, somado a contínua integração de novos dados, foram fundamentais para a atualização da Carta Estratigráfica da Bacia. A primeira estratigrafia formal da Bacia do Espírito Santo foi apresentada por Asmus et al., seguida de várias alterações, culminando com a carta apresentada por Vieira et al.. Este trabalho resume o conhecimento adquirido desde a sua última publicação, enfatizando a cronoestratigrafia. Entretanto, os princípios litoestra-tigráficos que embasam este trabalho seguem os mesmos estabelecidos na última edição da carta es-tratigráfica.",cronoestratigrafia,1192,1210
1345,georegis,Qual é a área explorável da Bacia do Espírito Santo?,"A Bacia do Espírito Santo está situada no Estado do Espírito Santo, delimitada a sul com a Bacia de Campos, através do Alto de Vitória, e a norte com a Bacia de Mucuri. Possui uma área explorável de aproximadamente 41.500 km2, dos quais 3.000 km2 referem-se à bacia terrestre, considerando a fronteira leste coincidente com o limite crosta continental/oceânica. A existência do Banco de Abrolhos, a leste, atribui à bacia uma fisiografia particular, evidenciada por um alargamento da plataforma continental, que de uma média de 40 km de largura a sul alcança cerca de 240 km na porção centro-norte. O conhecimento adquirido ao longo de 50 anos de exploração, com centenas de poços exploratórios e inúmeras linhas sísmicas 2D e 3D, nas porções terrestre e marinha de águas rasas, profundas e ultraprofundas, somado a contínua integração de novos dados, foram fundamentais para a atualização da Carta Estratigráfica da Bacia. A primeira estratigrafia formal da Bacia do Espírito Santo foi apresentada por Asmus et al., seguida de várias alterações, culminando com a carta apresentada por Vieira et al.. Este trabalho resume o conhecimento adquirido desde a sua última publicação, enfatizando a cronoestratigrafia. Entretanto, os princípios litoestra-tigráficos que embasam este trabalho seguem os mesmos estabelecidos na última edição da carta es-tratigráfica.",aproximadamente 41.500 km2,199,225
1346,georegis,O que atribui à bacia uma fisiografia particular?,"A Bacia do Espírito Santo está situada no Estado do Espírito Santo, delimitada a sul com a Bacia de Campos, através do Alto de Vitória, e a norte com a Bacia de Mucuri. Possui uma área explorável de aproximadamente 41.500 km2, dos quais 3.000 km2 referem-se à bacia terrestre, considerando a fronteira leste coincidente com o limite crosta continental/oceânica. A existência do Banco de Abrolhos, a leste, atribui à bacia uma fisiografia particular, evidenciada por um alargamento da plataforma continental, que de uma média de 40 km de largura a sul alcança cerca de 240 km na porção centro-norte. O conhecimento adquirido ao longo de 50 anos de exploração, com centenas de poços exploratórios e inúmeras linhas sísmicas 2D e 3D, nas porções terrestre e marinha de águas rasas, profundas e ultraprofundas, somado a contínua integração de novos dados, foram fundamentais para a atualização da Carta Estratigráfica da Bacia. A primeira estratigrafia formal da Bacia do Espírito Santo foi apresentada por Asmus et al., seguida de várias alterações, culminando com a carta apresentada por Vieira et al.. Este trabalho resume o conhecimento adquirido desde a sua última publicação, enfatizando a cronoestratigrafia. Entretanto, os princípios litoestra-tigráficos que embasam este trabalho seguem os mesmos estabelecidos na última edição da carta es-tratigráfica.","A existência do Banco de Abrolhos,",362,396
1348,georegis,O que foi fundamental para a atualização da Carta Estratigráfica da Bacia do Espírito Santo?,"A Bacia do Espírito Santo está situada no Estado do Espírito Santo, delimitada a sul com a Bacia de Campos, através do Alto de Vitória, e a norte com a Bacia de Mucuri. Possui uma área explorável de aproximadamente 41.500 km2, dos quais 3.000 km2 referem-se à bacia terrestre, considerando a fronteira leste coincidente com o limite crosta continental/oceânica. A existência do Banco de Abrolhos, a leste, atribui à bacia uma fisiografia particular, evidenciada por um alargamento da plataforma continental, que de uma média de 40 km de largura a sul alcança cerca de 240 km na porção centro-norte. O conhecimento adquirido ao longo de 50 anos de exploração, com centenas de poços exploratórios e inúmeras linhas sísmicas 2D e 3D, nas porções terrestre e marinha de águas rasas, profundas e ultraprofundas, somado a contínua integração de novos dados, foram fundamentais para a atualização da Carta Estratigráfica da Bacia. A primeira estratigrafia formal da Bacia do Espírito Santo foi apresentada por Asmus et al., seguida de várias alterações, culminando com a carta apresentada por Vieira et al.. Este trabalho resume o conhecimento adquirido desde a sua última publicação, enfatizando a cronoestratigrafia. Entretanto, os princípios litoestra-tigráficos que embasam este trabalho seguem os mesmos estabelecidos na última edição da carta es-tratigráfica.","O conhecimento adquirido ao longo de 50 anos de exploração,",599,658
1349,georegis,O que este trabalho enfatiza em relação à Bacia do Espírito Santo?,"A Bacia do Espírito Santo está situada no Estado do Espírito Santo, delimitada a sul com a Bacia de Campos, através do Alto de Vitória, e a norte com a Bacia de Mucuri. Possui uma área explorável de aproximadamente 41.500 km2, dos quais 3.000 km2 referem-se à bacia terrestre, considerando a fronteira leste coincidente com o limite crosta continental/oceânica. A existência do Banco de Abrolhos, a leste, atribui à bacia uma fisiografia particular, evidenciada por um alargamento da plataforma continental, que de uma média de 40 km de largura a sul alcança cerca de 240 km na porção centro-norte. O conhecimento adquirido ao longo de 50 anos de exploração, com centenas de poços exploratórios e inúmeras linhas sísmicas 2D e 3D, nas porções terrestre e marinha de águas rasas, profundas e ultraprofundas, somado a contínua integração de novos dados, foram fundamentais para a atualização da Carta Estratigráfica da Bacia. A primeira estratigrafia formal da Bacia do Espírito Santo foi apresentada por Asmus et al., seguida de várias alterações, culminando com a carta apresentada por Vieira et al.. Este trabalho resume o conhecimento adquirido desde a sua última publicação, enfatizando a cronoestratigrafia. Entretanto, os princípios litoestra-tigráficos que embasam este trabalho seguem os mesmos estabelecidos na última edição da carta es-tratigráfica.",a cronoestratigrafia,1190,1210
1350,georegis,Qual é a área total da Bacia do Espírito Santo?,"A Bacia do Espírito Santo está situada no Estado do Espírito Santo, delimitada a sul com a Bacia de Campos, através do Alto de Vitória, e a norte com a Bacia de Mucuri. Possui uma área explorável de aproximadamente 41.500 km2, dos quais 3.000 km2 referem-se à bacia terrestre, considerando a fronteira leste coincidente com o limite crosta continental/oceânica. A existência do Banco de Abrolhos, a leste, atribui à bacia uma fisiografia particular, evidenciada por um alargamento da plataforma continental, que de uma média de 40 km de largura a sul alcança cerca de 240 km na porção centro-norte. O conhecimento adquirido ao longo de 50 anos de exploração, com centenas de poços exploratórios e inúmeras linhas sísmicas 2D e 3D, nas porções terrestre e marinha de águas rasas, profundas e ultraprofundas, somado a contínua integração de novos dados, foram fundamentais para a atualização da Carta Estratigráfica da Bacia. A primeira estratigrafia formal da Bacia do Espírito Santo foi apresentada por Asmus et al., seguida de várias alterações, culminando com a carta apresentada por Vieira et al.. Este trabalho resume o conhecimento adquirido desde a sua última publicação, enfatizando a cronoestratigrafia. Entretanto, os princípios litoestra-tigráficos que embasam este trabalho seguem os mesmos estabelecidos na última edição da carta es-tratigráfica.",41.500 km2,215,225
1351,georegis,Qual é a área da bacia terrestre da Bacia do Espírito Santo?,"A Bacia do Espírito Santo está situada no Estado do Espírito Santo, delimitada a sul com a Bacia de Campos, através do Alto de Vitória, e a norte com a Bacia de Mucuri. Possui uma área explorável de aproximadamente 41.500 km2, dos quais 3.000 km2 referem-se à bacia terrestre, considerando a fronteira leste coincidente com o limite crosta continental/oceânica. A existência do Banco de Abrolhos, a leste, atribui à bacia uma fisiografia particular, evidenciada por um alargamento da plataforma continental, que de uma média de 40 km de largura a sul alcança cerca de 240 km na porção centro-norte. O conhecimento adquirido ao longo de 50 anos de exploração, com centenas de poços exploratórios e inúmeras linhas sísmicas 2D e 3D, nas porções terrestre e marinha de águas rasas, profundas e ultraprofundas, somado a contínua integração de novos dados, foram fundamentais para a atualização da Carta Estratigráfica da Bacia. A primeira estratigrafia formal da Bacia do Espírito Santo foi apresentada por Asmus et al., seguida de várias alterações, culminando com a carta apresentada por Vieira et al.. Este trabalho resume o conhecimento adquirido desde a sua última publicação, enfatizando a cronoestratigrafia. Entretanto, os princípios litoestra-tigráficos que embasam este trabalho seguem os mesmos estabelecidos na última edição da carta es-tratigráfica.",3.000 km2,237,246
1352,georegis,Onde a Bacia do Espírito Santo está situada?,"A Bacia do Espírito Santo está situada no Estado do Espírito Santo, delimitada a sul com a Bacia de Campos, através do Alto de Vitória, e a norte com a Bacia de Mucuri. Possui uma área explorável de aproximadamente 41.500 km2, dos quais 3.000 km2 referem-se à bacia terrestre, considerando a fronteira leste coincidente com o limite crosta continental/oceânica. A existência do Banco de Abrolhos, a leste, atribui à bacia uma fisiografia particular, evidenciada por um alargamento da plataforma continental, que de uma média de 40 km de largura a sul alcança cerca de 240 km na porção centro-norte. O conhecimento adquirido ao longo de 50 anos de exploração, com centenas de poços exploratórios e inúmeras linhas sísmicas 2D e 3D, nas porções terrestre e marinha de águas rasas, profundas e ultraprofundas, somado a contínua integração de novos dados, foram fundamentais para a atualização da Carta Estratigráfica da Bacia. A primeira estratigrafia formal da Bacia do Espírito Santo foi apresentada por Asmus et al., seguida de várias alterações, culminando com a carta apresentada por Vieira et al.. Este trabalho resume o conhecimento adquirido desde a sua última publicação, enfatizando a cronoestratigrafia. Entretanto, os princípios litoestra-tigráficos que embasam este trabalho seguem os mesmos estabelecidos na última edição da carta es-tratigráfica.",no Estado do Espírito Santo,39,66
1353,georegis,Quais são os limites da Bacia do Espírito Santo?,"A Bacia do Espírito Santo está situada no Estado do Espírito Santo, delimitada a sul com a Bacia de Campos, através do Alto de Vitória, e a norte com a Bacia de Mucuri. Possui uma área explorável de aproximadamente 41.500 km2, dos quais 3.000 km2 referem-se à bacia terrestre, considerando a fronteira leste coincidente com o limite crosta continental/oceânica. A existência do Banco de Abrolhos, a leste, atribui à bacia uma fisiografia particular, evidenciada por um alargamento da plataforma continental, que de uma média de 40 km de largura a sul alcança cerca de 240 km na porção centro-norte. O conhecimento adquirido ao longo de 50 anos de exploração, com centenas de poços exploratórios e inúmeras linhas sísmicas 2D e 3D, nas porções terrestre e marinha de águas rasas, profundas e ultraprofundas, somado a contínua integração de novos dados, foram fundamentais para a atualização da Carta Estratigráfica da Bacia. A primeira estratigrafia formal da Bacia do Espírito Santo foi apresentada por Asmus et al., seguida de várias alterações, culminando com a carta apresentada por Vieira et al.. Este trabalho resume o conhecimento adquirido desde a sua última publicação, enfatizando a cronoestratigrafia. Entretanto, os princípios litoestra-tigráficos que embasam este trabalho seguem os mesmos estabelecidos na última edição da carta es-tratigráfica.","a sul com a Bacia de Campos, através do Alto de Vitória, e a norte com a Bacia de Mucuri",79,167
1354,georegis,Quem foi o primeiro engenheiro a perfurar o primeiro poço de petróleo da América do Sul?,"d. Finalmente, em 1863, o engenheiro E. A. Prentice, empregado da fábrica de gás de Lima, perfura o que se considera ser o primeiro poço de petróleo da América do Sul. Deste ponto em diante, o capital americano começa a ser investido em Talara, motivando o rápido crescimento da indústria. Em 1871, foi fundada a Companhia Peruana de Refino de Petróleo que, no seu auge, chegou a perfurar 450 poços em 55 anos de operação. Em 1891, já havia 14 empresas petrolíferas atuando na região. Em 1916, entra em operação a primeira refinaria da América, localizada, ainda hoje, na cidade de Talara. Nesse mesmo período, também surge uma companhia que marcaria época, tanto pelas suas atividades exploratórias como de refino: a Internatio-nal Petroleum Company, precursora da Exxon. Em 1924, a IPC amplia a refinaria de Talara, passando a processar 20.000 boed. Inúmeros geólogos vieram dos Estados Unidos para trabalhar em Talara, uma vez que, devido à complexidade geológica, a IPC considerava a área como uma bacia-escola. A participação mais ativa do governo peruano ocorre somente no ano de 1939, com a criação da Empresa Petrolera Fiscal, através de um decreto do presidente Oscar Benavides. Uma associação entre a empresa americana Douglas Oil Company, da Califórnia, e a Companía Peruana del Pacífico marca o início das descobertas em direção ao mar através da perfuração de poços direcionais, cujas plataformas eram posicionadas na praia. Entretanto, o primeiro poço perfurado totalmente na plataforma peruana ocorreu em 1959 através das companhias Belco Petroleum Company e Peruvian Pacific Petroleum Company. Outro fato marcante na década de 1950 foram as constantes visitas do escritor americano Ernest Hemingway à região de Talara, onde pesca","E. A. Prentice, empregado da fábrica de gás de Lima, perfura o que se considera ser o primeiro poço de petróleo da América do Sul.",37,167
1355,georegis,Quantos poços a Companhia Peruana de Refino de Petróleo perfurava em 55 anos de operação?,"d. Finalmente, em 1863, o engenheiro E. A. Prentice, empregado da fábrica de gás de Lima, perfura o que se considera ser o primeiro poço de petróleo da América do Sul. Deste ponto em diante, o capital americano começa a ser investido em Talara, motivando o rápido crescimento da indústria. Em 1871, foi fundada a Companhia Peruana de Refino de Petróleo que, no seu auge, chegou a perfurar 450 poços em 55 anos de operação. Em 1891, já havia 14 empresas petrolíferas atuando na região. Em 1916, entra em operação a primeira refinaria da América, localizada, ainda hoje, na cidade de Talara. Nesse mesmo período, também surge uma companhia que marcaria época, tanto pelas suas atividades exploratórias como de refino: a Internatio-nal Petroleum Company, precursora da Exxon. Em 1924, a IPC amplia a refinaria de Talara, passando a processar 20.000 boed. Inúmeros geólogos vieram dos Estados Unidos para trabalhar em Talara, uma vez que, devido à complexidade geológica, a IPC considerava a área como uma bacia-escola. A participação mais ativa do governo peruano ocorre somente no ano de 1939, com a criação da Empresa Petrolera Fiscal, através de um decreto do presidente Oscar Benavides. Uma associação entre a empresa americana Douglas Oil Company, da Califórnia, e a Companía Peruana del Pacífico marca o início das descobertas em direção ao mar através da perfuração de poços direcionais, cujas plataformas eram posicionadas na praia. Entretanto, o primeiro poço perfurado totalmente na plataforma peruana ocorreu em 1959 através das companhias Belco Petroleum Company e Peruvian Pacific Petroleum Company. Outro fato marcante na década de 1950 foram as constantes visitas do escritor americano Ernest Hemingway à região de Talara, onde pesca",450,389,392
1356,georegis,Quantas empresas petrolíferas estavam operando em Talara em 1891?,"d. Finalmente, em 1863, o engenheiro E. A. Prentice, empregado da fábrica de gás de Lima, perfura o que se considera ser o primeiro poço de petróleo da América do Sul. Deste ponto em diante, o capital americano começa a ser investido em Talara, motivando o rápido crescimento da indústria. Em 1871, foi fundada a Companhia Peruana de Refino de Petróleo que, no seu auge, chegou a perfurar 450 poços em 55 anos de operação. Em 1891, já havia 14 empresas petrolíferas atuando na região. Em 1916, entra em operação a primeira refinaria da América, localizada, ainda hoje, na cidade de Talara. Nesse mesmo período, também surge uma companhia que marcaria época, tanto pelas suas atividades exploratórias como de refino: a Internatio-nal Petroleum Company, precursora da Exxon. Em 1924, a IPC amplia a refinaria de Talara, passando a processar 20.000 boed. Inúmeros geólogos vieram dos Estados Unidos para trabalhar em Talara, uma vez que, devido à complexidade geológica, a IPC considerava a área como uma bacia-escola. A participação mais ativa do governo peruano ocorre somente no ano de 1939, com a criação da Empresa Petrolera Fiscal, através de um decreto do presidente Oscar Benavides. Uma associação entre a empresa americana Douglas Oil Company, da Califórnia, e a Companía Peruana del Pacífico marca o início das descobertas em direção ao mar através da perfuração de poços direcionais, cujas plataformas eram posicionadas na praia. Entretanto, o primeiro poço perfurado totalmente na plataforma peruana ocorreu em 1959 através das companhias Belco Petroleum Company e Peruvian Pacific Petroleum Company. Outro fato marcante na década de 1950 foram as constantes visitas do escritor americano Ernest Hemingway à região de Talara, onde pesca",14,441,443
1359,georegis,Quantas empresas petrolíferas operavam na região de Talara em 1891?,"d. Finalmente, em 1863, o engenheiro E. A. Prentice, empregado da fábrica de gás de Lima, perfura o que se considera ser o primeiro poço de petróleo da América do Sul. Deste ponto em diante, o capital americano começa a ser investido em Talara, motivando o rápido crescimento da indústria. Em 1871, foi fundada a Companhia Peruana de Refino de Petróleo que, no seu auge, chegou a perfurar 450 poços em 55 anos de operação. Em 1891, já havia 14 empresas petrolíferas atuando na região. Em 1916, entra em operação a primeira refinaria da América, localizada, ainda hoje, na cidade de Talara. Nesse mesmo período, também surge uma companhia que marcaria época, tanto pelas suas atividades exploratórias como de refino: a Internatio-nal Petroleum Company, precursora da Exxon. Em 1924, a IPC amplia a refinaria de Talara, passando a processar 20.000 boed. Inúmeros geólogos vieram dos Estados Unidos para trabalhar em Talara, uma vez que, devido à complexidade geológica, a IPC considerava a área como uma bacia-escola. A participação mais ativa do governo peruano ocorre somente no ano de 1939, com a criação da Empresa Petrolera Fiscal, através de um decreto do presidente Oscar Benavides. Uma associação entre a empresa americana Douglas Oil Company, da Califórnia, e a Companía Peruana del Pacífico marca o início das descobertas em direção ao mar através da perfuração de poços direcionais, cujas plataformas eram posicionadas na praia. Entretanto, o primeiro poço perfurado totalmente na plataforma peruana ocorreu em 1959 através das companhias Belco Petroleum Company e Peruvian Pacific Petroleum Company. Outro fato marcante na década de 1950 foram as constantes visitas do escritor americano Ernest Hemingway à região de Talara, onde pesca",14,441,443
1362,georegis,Quem foi o primeiro engenheiro a perfurar o primeiro poço de petróleo da América do Sul?,"d. Finalmente, em 1863, o engenheiro E. A. Prentice, empregado da fábrica de gás de Lima, perfura o que se considera ser o primeiro poço de petróleo da América do Sul. Deste ponto em diante, o capital americano começa a ser investido em Talara, motivando o rápido crescimento da indústria. Em 1871, foi fundada a Companhia Peruana de Refino de Petróleo que, no seu auge, chegou a perfurar 450 poços em 55 anos de operação. Em 1891, já havia 14 empresas petrolíferas atuando na região. Em 1916, entra em operação a primeira refinaria da América, localizada, ainda hoje, na cidade de Talara. Nesse mesmo período, também surge uma companhia que marcaria época, tanto pelas suas atividades exploratórias como de refino: a Internatio-nal Petroleum Company, precursora da Exxon. Em 1924, a IPC amplia a refinaria de Talara, passando a processar 20.000 boed. Inúmeros geólogos vieram dos Estados Unidos para trabalhar em Talara, uma vez que, devido à complexidade geológica, a IPC considerava a área como uma bacia-escola. A participação mais ativa do governo peruano ocorre somente no ano de 1939, com a criação da Empresa Petrolera Fiscal, através de um decreto do presidente Oscar Benavides. Uma associação entre a empresa americana Douglas Oil Company, da Califórnia, e a Companía Peruana del Pacífico marca o início das descobertas em direção ao mar através da perfuração de poços direcionais, cujas plataformas eram posicionadas na praia. Entretanto, o primeiro poço perfurado totalmente na plataforma peruana ocorreu em 1959 através das companhias Belco Petroleum Company e Peruvian Pacific Petroleum Company. Outro fato marcante na década de 1950 foram as constantes visitas do escritor americano Ernest Hemingway à região de Talara, onde pesca",E. A. Prentice,37,51
1363,georegis,Quando foi perfurado o primeiro poço totalmente na plataforma peruana?,"d. Finalmente, em 1863, o engenheiro E. A. Prentice, empregado da fábrica de gás de Lima, perfura o que se considera ser o primeiro poço de petróleo da América do Sul. Deste ponto em diante, o capital americano começa a ser investido em Talara, motivando o rápido crescimento da indústria. Em 1871, foi fundada a Companhia Peruana de Refino de Petróleo que, no seu auge, chegou a perfurar 450 poços em 55 anos de operação. Em 1891, já havia 14 empresas petrolíferas atuando na região. Em 1916, entra em operação a primeira refinaria da América, localizada, ainda hoje, na cidade de Talara. Nesse mesmo período, também surge uma companhia que marcaria época, tanto pelas suas atividades exploratórias como de refino: a Internatio-nal Petroleum Company, precursora da Exxon. Em 1924, a IPC amplia a refinaria de Talara, passando a processar 20.000 boed. Inúmeros geólogos vieram dos Estados Unidos para trabalhar em Talara, uma vez que, devido à complexidade geológica, a IPC considerava a área como uma bacia-escola. A participação mais ativa do governo peruano ocorre somente no ano de 1939, com a criação da Empresa Petrolera Fiscal, através de um decreto do presidente Oscar Benavides. Uma associação entre a empresa americana Douglas Oil Company, da Califórnia, e a Companía Peruana del Pacífico marca o início das descobertas em direção ao mar através da perfuração de poços direcionais, cujas plataformas eram posicionadas na praia. Entretanto, o primeiro poço perfurado totalmente na plataforma peruana ocorreu em 1959 através das companhias Belco Petroleum Company e Peruvian Pacific Petroleum Company. Outro fato marcante na década de 1950 foram as constantes visitas do escritor americano Ernest Hemingway à região de Talara, onde pesca",1959,1520,1524
1365,georegis,Quando foi perfurado o primeiro poço de petróleo da América do Sul?,"d. Finalmente, em 1863, o engenheiro E. A. Prentice, empregado da fábrica de gás de Lima, perfura o que se considera ser o primeiro poço de petróleo da América do Sul. Deste ponto em diante, o capital americano começa a ser investido em Talara, motivando o rápido crescimento da indústria. Em 1871, foi fundada a Companhia Peruana de Refino de Petróleo que, no seu auge, chegou a perfurar 450 poços em 55 anos de operação. Em 1891, já havia 14 empresas petrolíferas atuando na região. Em 1916, entra em operação a primeira refinaria da América, localizada, ainda hoje, na cidade de Talara. Nesse mesmo período, também surge uma companhia que marcaria época, tanto pelas suas atividades exploratórias como de refino: a Internatio-nal Petroleum Company, precursora da Exxon. Em 1924, a IPC amplia a refinaria de Talara, passando a processar 20.000 boed. Inúmeros geólogos vieram dos Estados Unidos para trabalhar em Talara, uma vez que, devido à complexidade geológica, a IPC considerava a área como uma bacia-escola. A participação mais ativa do governo peruano ocorre somente no ano de 1939, com a criação da Empresa Petrolera Fiscal, através de um decreto do presidente Oscar Benavides. Uma associação entre a empresa americana Douglas Oil Company, da Califórnia, e a Companía Peruana del Pacífico marca o início das descobertas em direção ao mar através da perfuração de poços direcionais, cujas plataformas eram posicionadas na praia. Entretanto, o primeiro poço perfurado totalmente na plataforma peruana ocorreu em 1959 através das companhias Belco Petroleum Company e Peruvian Pacific Petroleum Company. Outro fato marcante na década de 1950 foram as constantes visitas do escritor americano Ernest Hemingway à região de Talara, onde pesca",1863,18,22
1367,georegis,Quantas empresas petrolíferas estavam operando na área em 1891?,"d. Finalmente, em 1863, o engenheiro E. A. Prentice, empregado da fábrica de gás de Lima, perfura o que se considera ser o primeiro poço de petróleo da América do Sul. Deste ponto em diante, o capital americano começa a ser investido em Talara, motivando o rápido crescimento da indústria. Em 1871, foi fundada a Companhia Peruana de Refino de Petróleo que, no seu auge, chegou a perfurar 450 poços em 55 anos de operação. Em 1891, já havia 14 empresas petrolíferas atuando na região. Em 1916, entra em operação a primeira refinaria da América, localizada, ainda hoje, na cidade de Talara. Nesse mesmo período, também surge uma companhia que marcaria época, tanto pelas suas atividades exploratórias como de refino: a Internatio-nal Petroleum Company, precursora da Exxon. Em 1924, a IPC amplia a refinaria de Talara, passando a processar 20.000 boed. Inúmeros geólogos vieram dos Estados Unidos para trabalhar em Talara, uma vez que, devido à complexidade geológica, a IPC considerava a área como uma bacia-escola. A participação mais ativa do governo peruano ocorre somente no ano de 1939, com a criação da Empresa Petrolera Fiscal, através de um decreto do presidente Oscar Benavides. Uma associação entre a empresa americana Douglas Oil Company, da Califórnia, e a Companía Peruana del Pacífico marca o início das descobertas em direção ao mar através da perfuração de poços direcionais, cujas plataformas eram posicionadas na praia. Entretanto, o primeiro poço perfurado totalmente na plataforma peruana ocorreu em 1959 através das companhias Belco Petroleum Company e Peruvian Pacific Petroleum Company. Outro fato marcante na década de 1950 foram as constantes visitas do escritor americano Ernest Hemingway à região de Talara, onde pesca",14,441,443
1368,georegis,Quando foi perfurado o primeiro poço totalmente em plataforma peruana?,"d. Finalmente, em 1863, o engenheiro E. A. Prentice, empregado da fábrica de gás de Lima, perfura o que se considera ser o primeiro poço de petróleo da América do Sul. Deste ponto em diante, o capital americano começa a ser investido em Talara, motivando o rápido crescimento da indústria. Em 1871, foi fundada a Companhia Peruana de Refino de Petróleo que, no seu auge, chegou a perfurar 450 poços em 55 anos de operação. Em 1891, já havia 14 empresas petrolíferas atuando na região. Em 1916, entra em operação a primeira refinaria da América, localizada, ainda hoje, na cidade de Talara. Nesse mesmo período, também surge uma companhia que marcaria época, tanto pelas suas atividades exploratórias como de refino: a Internatio-nal Petroleum Company, precursora da Exxon. Em 1924, a IPC amplia a refinaria de Talara, passando a processar 20.000 boed. Inúmeros geólogos vieram dos Estados Unidos para trabalhar em Talara, uma vez que, devido à complexidade geológica, a IPC considerava a área como uma bacia-escola. A participação mais ativa do governo peruano ocorre somente no ano de 1939, com a criação da Empresa Petrolera Fiscal, através de um decreto do presidente Oscar Benavides. Uma associação entre a empresa americana Douglas Oil Company, da Califórnia, e a Companía Peruana del Pacífico marca o início das descobertas em direção ao mar através da perfuração de poços direcionais, cujas plataformas eram posicionadas na praia. Entretanto, o primeiro poço perfurado totalmente na plataforma peruana ocorreu em 1959 através das companhias Belco Petroleum Company e Peruvian Pacific Petroleum Company. Outro fato marcante na década de 1950 foram as constantes visitas do escritor americano Ernest Hemingway à região de Talara, onde pesca",1959,1520,1524
1369,georegis,Quando foi fundada a primeira refinaria da América?,"d. Finalmente, em 1863, o engenheiro E. A. Prentice, empregado da fábrica de gás de Lima, perfura o que se considera ser o primeiro poço de petróleo da América do Sul. Deste ponto em diante, o capital americano começa a ser investido em Talara, motivando o rápido crescimento da indústria. Em 1871, foi fundada a Companhia Peruana de Refino de Petróleo que, no seu auge, chegou a perfurar 450 poços em 55 anos de operação. Em 1891, já havia 14 empresas petrolíferas atuando na região. Em 1916, entra em operação a primeira refinaria da América, localizada, ainda hoje, na cidade de Talara. Nesse mesmo período, também surge uma companhia que marcaria época, tanto pelas suas atividades exploratórias como de refino: a Internatio-nal Petroleum Company, precursora da Exxon. Em 1924, a IPC amplia a refinaria de Talara, passando a processar 20.000 boed. Inúmeros geólogos vieram dos Estados Unidos para trabalhar em Talara, uma vez que, devido à complexidade geológica, a IPC considerava a área como uma bacia-escola. A participação mais ativa do governo peruano ocorre somente no ano de 1939, com a criação da Empresa Petrolera Fiscal, através de um decreto do presidente Oscar Benavides. Uma associação entre a empresa americana Douglas Oil Company, da Califórnia, e a Companía Peruana del Pacífico marca o início das descobertas em direção ao mar através da perfuração de poços direcionais, cujas plataformas eram posicionadas na praia. Entretanto, o primeiro poço perfurado totalmente na plataforma peruana ocorreu em 1959 através das companhias Belco Petroleum Company e Peruvian Pacific Petroleum Company. Outro fato marcante na década de 1950 foram as constantes visitas do escritor americano Ernest Hemingway à região de Talara, onde pesca",1916,488,492
1370,georegis,Quantos poços a Companhia Peruana de Refino de Petróleo abriu durante seus 55 anos?,"d. Finalmente, em 1863, o engenheiro E. A. Prentice, empregado da fábrica de gás de Lima, perfura o que se considera ser o primeiro poço de petróleo da América do Sul. Deste ponto em diante, o capital americano começa a ser investido em Talara, motivando o rápido crescimento da indústria. Em 1871, foi fundada a Companhia Peruana de Refino de Petróleo que, no seu auge, chegou a perfurar 450 poços em 55 anos de operação. Em 1891, já havia 14 empresas petrolíferas atuando na região. Em 1916, entra em operação a primeira refinaria da América, localizada, ainda hoje, na cidade de Talara. Nesse mesmo período, também surge uma companhia que marcaria época, tanto pelas suas atividades exploratórias como de refino: a Internatio-nal Petroleum Company, precursora da Exxon. Em 1924, a IPC amplia a refinaria de Talara, passando a processar 20.000 boed. Inúmeros geólogos vieram dos Estados Unidos para trabalhar em Talara, uma vez que, devido à complexidade geológica, a IPC considerava a área como uma bacia-escola. A participação mais ativa do governo peruano ocorre somente no ano de 1939, com a criação da Empresa Petrolera Fiscal, através de um decreto do presidente Oscar Benavides. Uma associação entre a empresa americana Douglas Oil Company, da Califórnia, e a Companía Peruana del Pacífico marca o início das descobertas em direção ao mar através da perfuração de poços direcionais, cujas plataformas eram posicionadas na praia. Entretanto, o primeiro poço perfurado totalmente na plataforma peruana ocorreu em 1959 através das companhias Belco Petroleum Company e Peruvian Pacific Petroleum Company. Outro fato marcante na década de 1950 foram as constantes visitas do escritor americano Ernest Hemingway à região de Talara, onde pesca",450,389,392
1371,georegis,Quantos boeds a IPC aumentou a refinaria de Talara em 1924?,"d. Finalmente, em 1863, o engenheiro E. A. Prentice, empregado da fábrica de gás de Lima, perfura o que se considera ser o primeiro poço de petróleo da América do Sul. Deste ponto em diante, o capital americano começa a ser investido em Talara, motivando o rápido crescimento da indústria. Em 1871, foi fundada a Companhia Peruana de Refino de Petróleo que, no seu auge, chegou a perfurar 450 poços em 55 anos de operação. Em 1891, já havia 14 empresas petrolíferas atuando na região. Em 1916, entra em operação a primeira refinaria da América, localizada, ainda hoje, na cidade de Talara. Nesse mesmo período, também surge uma companhia que marcaria época, tanto pelas suas atividades exploratórias como de refino: a Internatio-nal Petroleum Company, precursora da Exxon. Em 1924, a IPC amplia a refinaria de Talara, passando a processar 20.000 boed. Inúmeros geólogos vieram dos Estados Unidos para trabalhar em Talara, uma vez que, devido à complexidade geológica, a IPC considerava a área como uma bacia-escola. A participação mais ativa do governo peruano ocorre somente no ano de 1939, com a criação da Empresa Petrolera Fiscal, através de um decreto do presidente Oscar Benavides. Uma associação entre a empresa americana Douglas Oil Company, da Califórnia, e a Companía Peruana del Pacífico marca o início das descobertas em direção ao mar através da perfuração de poços direcionais, cujas plataformas eram posicionadas na praia. Entretanto, o primeiro poço perfurado totalmente na plataforma peruana ocorreu em 1959 através das companhias Belco Petroleum Company e Peruvian Pacific Petroleum Company. Outro fato marcante na década de 1950 foram as constantes visitas do escritor americano Ernest Hemingway à região de Talara, onde pesca",20.000,839,845
1372,georegis,Em que ano foi perfurado o primeiro poço de petróleo da América do Sul?,"d. Finalmente, em 1863, o engenheiro E. A. Prentice, empregado da fábrica de gás de Lima, perfura o que se considera ser o primeiro poço de petróleo da América do Sul. Deste ponto em diante, o capital americano começa a ser investido em Talara, motivando o rápido crescimento da indústria. Em 1871, foi fundada a Companhia Peruana de Refino de Petróleo que, no seu auge, chegou a perfurar 450 poços em 55 anos de operação. Em 1891, já havia 14 empresas petrolíferas atuando na região. Em 1916, entra em operação a primeira refinaria da América, localizada, ainda hoje, na cidade de Talara. Nesse mesmo período, também surge uma companhia que marcaria época, tanto pelas suas atividades exploratórias como de refino: a Internatio-nal Petroleum Company, precursora da Exxon. Em 1924, a IPC amplia a refinaria de Talara, passando a processar 20.000 boed. Inúmeros geólogos vieram dos Estados Unidos para trabalhar em Talara, uma vez que, devido à complexidade geológica, a IPC considerava a área como uma bacia-escola. A participação mais ativa do governo peruano ocorre somente no ano de 1939, com a criação da Empresa Petrolera Fiscal, através de um decreto do presidente Oscar Benavides. Uma associação entre a empresa americana Douglas Oil Company, da Califórnia, e a Companía Peruana del Pacífico marca o início das descobertas em direção ao mar através da perfuração de poços direcionais, cujas plataformas eram posicionadas na praia. Entretanto, o primeiro poço perfurado totalmente na plataforma peruana ocorreu em 1959 através das companhias Belco Petroleum Company e Peruvian Pacific Petroleum Company. Outro fato marcante na década de 1950 foram as constantes visitas do escritor americano Ernest Hemingway à região de Talara, onde pesca",1863,18,22
1374,georegis,Quantas empresas petrolíferas estavam operando na região em 1891?,"d. Finalmente, em 1863, o engenheiro E. A. Prentice, empregado da fábrica de gás de Lima, perfura o que se considera ser o primeiro poço de petróleo da América do Sul. Deste ponto em diante, o capital americano começa a ser investido em Talara, motivando o rápido crescimento da indústria. Em 1871, foi fundada a Companhia Peruana de Refino de Petróleo que, no seu auge, chegou a perfurar 450 poços em 55 anos de operação. Em 1891, já havia 14 empresas petrolíferas atuando na região. Em 1916, entra em operação a primeira refinaria da América, localizada, ainda hoje, na cidade de Talara. Nesse mesmo período, também surge uma companhia que marcaria época, tanto pelas suas atividades exploratórias como de refino: a Internatio-nal Petroleum Company, precursora da Exxon. Em 1924, a IPC amplia a refinaria de Talara, passando a processar 20.000 boed. Inúmeros geólogos vieram dos Estados Unidos para trabalhar em Talara, uma vez que, devido à complexidade geológica, a IPC considerava a área como uma bacia-escola. A participação mais ativa do governo peruano ocorre somente no ano de 1939, com a criação da Empresa Petrolera Fiscal, através de um decreto do presidente Oscar Benavides. Uma associação entre a empresa americana Douglas Oil Company, da Califórnia, e a Companía Peruana del Pacífico marca o início das descobertas em direção ao mar através da perfuração de poços direcionais, cujas plataformas eram posicionadas na praia. Entretanto, o primeiro poço perfurado totalmente na plataforma peruana ocorreu em 1959 através das companhias Belco Petroleum Company e Peruvian Pacific Petroleum Company. Outro fato marcante na década de 1950 foram as constantes visitas do escritor americano Ernest Hemingway à região de Talara, onde pesca",14,441,443
1376,georegis,Quando foi inaugurada a primeira refinaria da América?,"d. Finalmente, em 1863, o engenheiro E. A. Prentice, empregado da fábrica de gás de Lima, perfura o que se considera ser o primeiro poço de petróleo da América do Sul. Deste ponto em diante, o capital americano começa a ser investido em Talara, motivando o rápido crescimento da indústria. Em 1871, foi fundada a Companhia Peruana de Refino de Petróleo que, no seu auge, chegou a perfurar 450 poços em 55 anos de operação. Em 1891, já havia 14 empresas petrolíferas atuando na região. Em 1916, entra em operação a primeira refinaria da América, localizada, ainda hoje, na cidade de Talara. Nesse mesmo período, também surge uma companhia que marcaria época, tanto pelas suas atividades exploratórias como de refino: a Internatio-nal Petroleum Company, precursora da Exxon. Em 1924, a IPC amplia a refinaria de Talara, passando a processar 20.000 boed. Inúmeros geólogos vieram dos Estados Unidos para trabalhar em Talara, uma vez que, devido à complexidade geológica, a IPC considerava a área como uma bacia-escola. A participação mais ativa do governo peruano ocorre somente no ano de 1939, com a criação da Empresa Petrolera Fiscal, através de um decreto do presidente Oscar Benavides. Uma associação entre a empresa americana Douglas Oil Company, da Califórnia, e a Companía Peruana del Pacífico marca o início das descobertas em direção ao mar através da perfuração de poços direcionais, cujas plataformas eram posicionadas na praia. Entretanto, o primeiro poço perfurado totalmente na plataforma peruana ocorreu em 1959 através das companhias Belco Petroleum Company e Peruvian Pacific Petroleum Company. Outro fato marcante na década de 1950 foram as constantes visitas do escritor americano Ernest Hemingway à região de Talara, onde pesca",1916,488,492
1378,georegis,Quem perfurou o primeiro poço de petróleo da América do Sul em 1863?,"d. Finalmente, em 1863, o engenheiro E. A. Prentice, empregado da fábrica de gás de Lima, perfura o que se considera ser o primeiro poço de petróleo da América do Sul. Deste ponto em diante, o capital americano começa a ser investido em Talara, motivando o rápido crescimento da indústria. Em 1871, foi fundada a Companhia Peruana de Refino de Petróleo que, no seu auge, chegou a perfurar 450 poços em 55 anos de operação. Em 1891, já havia 14 empresas petrolíferas atuando na região. Em 1916, entra em operação a primeira refinaria da América, localizada, ainda hoje, na cidade de Talara. Nesse mesmo período, também surge uma companhia que marcaria época, tanto pelas suas atividades exploratórias como de refino: a Internatio-nal Petroleum Company, precursora da Exxon. Em 1924, a IPC amplia a refinaria de Talara, passando a processar 20.000 boed. Inúmeros geólogos vieram dos Estados Unidos para trabalhar em Talara, uma vez que, devido à complexidade geológica, a IPC considerava a área como uma bacia-escola. A participação mais ativa do governo peruano ocorre somente no ano de 1939, com a criação da Empresa Petrolera Fiscal, através de um decreto do presidente Oscar Benavides. Uma associação entre a empresa americana Douglas Oil Company, da Califórnia, e a Companía Peruana del Pacífico marca o início das descobertas em direção ao mar através da perfuração de poços direcionais, cujas plataformas eram posicionadas na praia. Entretanto, o primeiro poço perfurado totalmente na plataforma peruana ocorreu em 1959 através das companhias Belco Petroleum Company e Peruvian Pacific Petroleum Company. Outro fato marcante na década de 1950 foram as constantes visitas do escritor americano Ernest Hemingway à região de Talara, onde pesca",o engenheiro E. A. Prentice,24,51
1379,georegis,"Em que ano entrou em operação a primeira refinaria da América, localizada em Talara?","d. Finalmente, em 1863, o engenheiro E. A. Prentice, empregado da fábrica de gás de Lima, perfura o que se considera ser o primeiro poço de petróleo da América do Sul. Deste ponto em diante, o capital americano começa a ser investido em Talara, motivando o rápido crescimento da indústria. Em 1871, foi fundada a Companhia Peruana de Refino de Petróleo que, no seu auge, chegou a perfurar 450 poços em 55 anos de operação. Em 1891, já havia 14 empresas petrolíferas atuando na região. Em 1916, entra em operação a primeira refinaria da América, localizada, ainda hoje, na cidade de Talara. Nesse mesmo período, também surge uma companhia que marcaria época, tanto pelas suas atividades exploratórias como de refino: a Internatio-nal Petroleum Company, precursora da Exxon. Em 1924, a IPC amplia a refinaria de Talara, passando a processar 20.000 boed. Inúmeros geólogos vieram dos Estados Unidos para trabalhar em Talara, uma vez que, devido à complexidade geológica, a IPC considerava a área como uma bacia-escola. A participação mais ativa do governo peruano ocorre somente no ano de 1939, com a criação da Empresa Petrolera Fiscal, através de um decreto do presidente Oscar Benavides. Uma associação entre a empresa americana Douglas Oil Company, da Califórnia, e a Companía Peruana del Pacífico marca o início das descobertas em direção ao mar através da perfuração de poços direcionais, cujas plataformas eram posicionadas na praia. Entretanto, o primeiro poço perfurado totalmente na plataforma peruana ocorreu em 1959 através das companhias Belco Petroleum Company e Peruvian Pacific Petroleum Company. Outro fato marcante na década de 1950 foram as constantes visitas do escritor americano Ernest Hemingway à região de Talara, onde pesca",1916,488,492
1380,georegis,Qual empresa foi precursora da Exxon e atuou em Talara realizando atividades exploratórias e de refino?,"d. Finalmente, em 1863, o engenheiro E. A. Prentice, empregado da fábrica de gás de Lima, perfura o que se considera ser o primeiro poço de petróleo da América do Sul. Deste ponto em diante, o capital americano começa a ser investido em Talara, motivando o rápido crescimento da indústria. Em 1871, foi fundada a Companhia Peruana de Refino de Petróleo que, no seu auge, chegou a perfurar 450 poços em 55 anos de operação. Em 1891, já havia 14 empresas petrolíferas atuando na região. Em 1916, entra em operação a primeira refinaria da América, localizada, ainda hoje, na cidade de Talara. Nesse mesmo período, também surge uma companhia que marcaria época, tanto pelas suas atividades exploratórias como de refino: a Internatio-nal Petroleum Company, precursora da Exxon. Em 1924, a IPC amplia a refinaria de Talara, passando a processar 20.000 boed. Inúmeros geólogos vieram dos Estados Unidos para trabalhar em Talara, uma vez que, devido à complexidade geológica, a IPC considerava a área como uma bacia-escola. A participação mais ativa do governo peruano ocorre somente no ano de 1939, com a criação da Empresa Petrolera Fiscal, através de um decreto do presidente Oscar Benavides. Uma associação entre a empresa americana Douglas Oil Company, da Califórnia, e a Companía Peruana del Pacífico marca o início das descobertas em direção ao mar através da perfuração de poços direcionais, cujas plataformas eram posicionadas na praia. Entretanto, o primeiro poço perfurado totalmente na plataforma peruana ocorreu em 1959 através das companhias Belco Petroleum Company e Peruvian Pacific Petroleum Company. Outro fato marcante na década de 1950 foram as constantes visitas do escritor americano Ernest Hemingway à região de Talara, onde pesca","Internatio-nal Petroleum Company,",718,751
1381,georegis,"Quando o governo peruano teve uma participação mais ativa na indústria petrolífera, criando a Empresa Petrolera Fiscal?","d. Finalmente, em 1863, o engenheiro E. A. Prentice, empregado da fábrica de gás de Lima, perfura o que se considera ser o primeiro poço de petróleo da América do Sul. Deste ponto em diante, o capital americano começa a ser investido em Talara, motivando o rápido crescimento da indústria. Em 1871, foi fundada a Companhia Peruana de Refino de Petróleo que, no seu auge, chegou a perfurar 450 poços em 55 anos de operação. Em 1891, já havia 14 empresas petrolíferas atuando na região. Em 1916, entra em operação a primeira refinaria da América, localizada, ainda hoje, na cidade de Talara. Nesse mesmo período, também surge uma companhia que marcaria época, tanto pelas suas atividades exploratórias como de refino: a Internatio-nal Petroleum Company, precursora da Exxon. Em 1924, a IPC amplia a refinaria de Talara, passando a processar 20.000 boed. Inúmeros geólogos vieram dos Estados Unidos para trabalhar em Talara, uma vez que, devido à complexidade geológica, a IPC considerava a área como uma bacia-escola. A participação mais ativa do governo peruano ocorre somente no ano de 1939, com a criação da Empresa Petrolera Fiscal, através de um decreto do presidente Oscar Benavides. Uma associação entre a empresa americana Douglas Oil Company, da Califórnia, e a Companía Peruana del Pacífico marca o início das descobertas em direção ao mar através da perfuração de poços direcionais, cujas plataformas eram posicionadas na praia. Entretanto, o primeiro poço perfurado totalmente na plataforma peruana ocorreu em 1959 através das companhias Belco Petroleum Company e Peruvian Pacific Petroleum Company. Outro fato marcante na década de 1950 foram as constantes visitas do escritor americano Ernest Hemingway à região de Talara, onde pesca",1939,1086,1090
1382,georegis,Quais companhias foram responsáveis pelo primeiro poço perfurado totalmente na plataforma peruana em 1959?,"d. Finalmente, em 1863, o engenheiro E. A. Prentice, empregado da fábrica de gás de Lima, perfura o que se considera ser o primeiro poço de petróleo da América do Sul. Deste ponto em diante, o capital americano começa a ser investido em Talara, motivando o rápido crescimento da indústria. Em 1871, foi fundada a Companhia Peruana de Refino de Petróleo que, no seu auge, chegou a perfurar 450 poços em 55 anos de operação. Em 1891, já havia 14 empresas petrolíferas atuando na região. Em 1916, entra em operação a primeira refinaria da América, localizada, ainda hoje, na cidade de Talara. Nesse mesmo período, também surge uma companhia que marcaria época, tanto pelas suas atividades exploratórias como de refino: a Internatio-nal Petroleum Company, precursora da Exxon. Em 1924, a IPC amplia a refinaria de Talara, passando a processar 20.000 boed. Inúmeros geólogos vieram dos Estados Unidos para trabalhar em Talara, uma vez que, devido à complexidade geológica, a IPC considerava a área como uma bacia-escola. A participação mais ativa do governo peruano ocorre somente no ano de 1939, com a criação da Empresa Petrolera Fiscal, através de um decreto do presidente Oscar Benavides. Uma associação entre a empresa americana Douglas Oil Company, da Califórnia, e a Companía Peruana del Pacífico marca o início das descobertas em direção ao mar através da perfuração de poços direcionais, cujas plataformas eram posicionadas na praia. Entretanto, o primeiro poço perfurado totalmente na plataforma peruana ocorreu em 1959 através das companhias Belco Petroleum Company e Peruvian Pacific Petroleum Company. Outro fato marcante na década de 1950 foram as constantes visitas do escritor americano Ernest Hemingway à região de Talara, onde pesca",Belco Petroleum Company e Peruvian Pacific Petroleum Company,1548,1608
1383,georegis,Quem é considerado o primeiro a perfurar um poço de petróleo na América do Sul?,"d. Finalmente, em 1863, o engenheiro E. A. Prentice, empregado da fábrica de gás de Lima, perfura o que se considera ser o primeiro poço de petróleo da América do Sul. Deste ponto em diante, o capital americano começa a ser investido em Talara, motivando o rápido crescimento da indústria. Em 1871, foi fundada a Companhia Peruana de Refino de Petróleo que, no seu auge, chegou a perfurar 450 poços em 55 anos de operação. Em 1891, já havia 14 empresas petrolíferas atuando na região. Em 1916, entra em operação a primeira refinaria da América, localizada, ainda hoje, na cidade de Talara. Nesse mesmo período, também surge uma companhia que marcaria época, tanto pelas suas atividades exploratórias como de refino: a Internatio-nal Petroleum Company, precursora da Exxon. Em 1924, a IPC amplia a refinaria de Talara, passando a processar 20.000 boed. Inúmeros geólogos vieram dos Estados Unidos para trabalhar em Talara, uma vez que, devido à complexidade geológica, a IPC considerava a área como uma bacia-escola. A participação mais ativa do governo peruano ocorre somente no ano de 1939, com a criação da Empresa Petrolera Fiscal, através de um decreto do presidente Oscar Benavides. Uma associação entre a empresa americana Douglas Oil Company, da Califórnia, e a Companía Peruana del Pacífico marca o início das descobertas em direção ao mar através da perfuração de poços direcionais, cujas plataformas eram posicionadas na praia. Entretanto, o primeiro poço perfurado totalmente na plataforma peruana ocorreu em 1959 através das companhias Belco Petroleum Company e Peruvian Pacific Petroleum Company. Outro fato marcante na década de 1950 foram as constantes visitas do escritor americano Ernest Hemingway à região de Talara, onde pesca",o engenheiro E. A. Prentice,24,51
1384,georegis,Em que ano foi fundada a Companhia Peruana de Refino de Petróleo?,"d. Finalmente, em 1863, o engenheiro E. A. Prentice, empregado da fábrica de gás de Lima, perfura o que se considera ser o primeiro poço de petróleo da América do Sul. Deste ponto em diante, o capital americano começa a ser investido em Talara, motivando o rápido crescimento da indústria. Em 1871, foi fundada a Companhia Peruana de Refino de Petróleo que, no seu auge, chegou a perfurar 450 poços em 55 anos de operação. Em 1891, já havia 14 empresas petrolíferas atuando na região. Em 1916, entra em operação a primeira refinaria da América, localizada, ainda hoje, na cidade de Talara. Nesse mesmo período, também surge uma companhia que marcaria época, tanto pelas suas atividades exploratórias como de refino: a Internatio-nal Petroleum Company, precursora da Exxon. Em 1924, a IPC amplia a refinaria de Talara, passando a processar 20.000 boed. Inúmeros geólogos vieram dos Estados Unidos para trabalhar em Talara, uma vez que, devido à complexidade geológica, a IPC considerava a área como uma bacia-escola. A participação mais ativa do governo peruano ocorre somente no ano de 1939, com a criação da Empresa Petrolera Fiscal, através de um decreto do presidente Oscar Benavides. Uma associação entre a empresa americana Douglas Oil Company, da Califórnia, e a Companía Peruana del Pacífico marca o início das descobertas em direção ao mar através da perfuração de poços direcionais, cujas plataformas eram posicionadas na praia. Entretanto, o primeiro poço perfurado totalmente na plataforma peruana ocorreu em 1959 através das companhias Belco Petroleum Company e Peruvian Pacific Petroleum Company. Outro fato marcante na década de 1950 foram as constantes visitas do escritor americano Ernest Hemingway à região de Talara, onde pesca",1871,293,297
1385,georegis,Quantos poços a Companhia Peruana de Refino de Petróleo chegou a perfurar em 55 anos de operação?,"d. Finalmente, em 1863, o engenheiro E. A. Prentice, empregado da fábrica de gás de Lima, perfura o que se considera ser o primeiro poço de petróleo da América do Sul. Deste ponto em diante, o capital americano começa a ser investido em Talara, motivando o rápido crescimento da indústria. Em 1871, foi fundada a Companhia Peruana de Refino de Petróleo que, no seu auge, chegou a perfurar 450 poços em 55 anos de operação. Em 1891, já havia 14 empresas petrolíferas atuando na região. Em 1916, entra em operação a primeira refinaria da América, localizada, ainda hoje, na cidade de Talara. Nesse mesmo período, também surge uma companhia que marcaria época, tanto pelas suas atividades exploratórias como de refino: a Internatio-nal Petroleum Company, precursora da Exxon. Em 1924, a IPC amplia a refinaria de Talara, passando a processar 20.000 boed. Inúmeros geólogos vieram dos Estados Unidos para trabalhar em Talara, uma vez que, devido à complexidade geológica, a IPC considerava a área como uma bacia-escola. A participação mais ativa do governo peruano ocorre somente no ano de 1939, com a criação da Empresa Petrolera Fiscal, através de um decreto do presidente Oscar Benavides. Uma associação entre a empresa americana Douglas Oil Company, da Califórnia, e a Companía Peruana del Pacífico marca o início das descobertas em direção ao mar através da perfuração de poços direcionais, cujas plataformas eram posicionadas na praia. Entretanto, o primeiro poço perfurado totalmente na plataforma peruana ocorreu em 1959 através das companhias Belco Petroleum Company e Peruvian Pacific Petroleum Company. Outro fato marcante na década de 1950 foram as constantes visitas do escritor americano Ernest Hemingway à região de Talara, onde pesca",450 poços,389,398
1386,georegis,Em que ano entrou em operação a primeira refinaria da América?,"d. Finalmente, em 1863, o engenheiro E. A. Prentice, empregado da fábrica de gás de Lima, perfura o que se considera ser o primeiro poço de petróleo da América do Sul. Deste ponto em diante, o capital americano começa a ser investido em Talara, motivando o rápido crescimento da indústria. Em 1871, foi fundada a Companhia Peruana de Refino de Petróleo que, no seu auge, chegou a perfurar 450 poços em 55 anos de operação. Em 1891, já havia 14 empresas petrolíferas atuando na região. Em 1916, entra em operação a primeira refinaria da América, localizada, ainda hoje, na cidade de Talara. Nesse mesmo período, também surge uma companhia que marcaria época, tanto pelas suas atividades exploratórias como de refino: a Internatio-nal Petroleum Company, precursora da Exxon. Em 1924, a IPC amplia a refinaria de Talara, passando a processar 20.000 boed. Inúmeros geólogos vieram dos Estados Unidos para trabalhar em Talara, uma vez que, devido à complexidade geológica, a IPC considerava a área como uma bacia-escola. A participação mais ativa do governo peruano ocorre somente no ano de 1939, com a criação da Empresa Petrolera Fiscal, através de um decreto do presidente Oscar Benavides. Uma associação entre a empresa americana Douglas Oil Company, da Califórnia, e a Companía Peruana del Pacífico marca o início das descobertas em direção ao mar através da perfuração de poços direcionais, cujas plataformas eram posicionadas na praia. Entretanto, o primeiro poço perfurado totalmente na plataforma peruana ocorreu em 1959 através das companhias Belco Petroleum Company e Peruvian Pacific Petroleum Company. Outro fato marcante na década de 1950 foram as constantes visitas do escritor americano Ernest Hemingway à região de Talara, onde pesca",1916,488,492
1387,georegis,"Qual é o nome da companhia que marcaria época, tanto pelas suas atividades exploratórias como de refino?","d. Finalmente, em 1863, o engenheiro E. A. Prentice, empregado da fábrica de gás de Lima, perfura o que se considera ser o primeiro poço de petróleo da América do Sul. Deste ponto em diante, o capital americano começa a ser investido em Talara, motivando o rápido crescimento da indústria. Em 1871, foi fundada a Companhia Peruana de Refino de Petróleo que, no seu auge, chegou a perfurar 450 poços em 55 anos de operação. Em 1891, já havia 14 empresas petrolíferas atuando na região. Em 1916, entra em operação a primeira refinaria da América, localizada, ainda hoje, na cidade de Talara. Nesse mesmo período, também surge uma companhia que marcaria época, tanto pelas suas atividades exploratórias como de refino: a Internatio-nal Petroleum Company, precursora da Exxon. Em 1924, a IPC amplia a refinaria de Talara, passando a processar 20.000 boed. Inúmeros geólogos vieram dos Estados Unidos para trabalhar em Talara, uma vez que, devido à complexidade geológica, a IPC considerava a área como uma bacia-escola. A participação mais ativa do governo peruano ocorre somente no ano de 1939, com a criação da Empresa Petrolera Fiscal, através de um decreto do presidente Oscar Benavides. Uma associação entre a empresa americana Douglas Oil Company, da Califórnia, e a Companía Peruana del Pacífico marca o início das descobertas em direção ao mar através da perfuração de poços direcionais, cujas plataformas eram posicionadas na praia. Entretanto, o primeiro poço perfurado totalmente na plataforma peruana ocorreu em 1959 através das companhias Belco Petroleum Company e Peruvian Pacific Petroleum Company. Outro fato marcante na década de 1950 foram as constantes visitas do escritor americano Ernest Hemingway à região de Talara, onde pesca",a Internatio-nal Petroleum Company,716,750
1390,georegis,O que poderia ser considerado compatível com a cinemática definida pelos outros elementos estruturais?,"oblíquo ou transpressivo, o que produziría uma rotação progressiva dos indicadores cinemáticos. Para a área estudada, a hipótese a não justifica a cinemática contrária, comparando-se os dois flancos das dobras D1, já que as camadas apresentam sempre um deslocamento em direção à zona de charneira. A hipótese b é pouco provável, pois deveria ocorrer também uma dispersão dos valores de acamamento que amostrassem uma suposta deformação tardia. Por fim, a hipótese c, considerando-se a condição de obliqüidade constante em toda a área, seria compatível com a cinemática definida pelos outros elementos estruturais. Outro fato importante relaciona-se ao secciona-mento da zona de falha de Perimbó pelas falhas trans-correntes, principalmente pelas falhas dextrais. Isto sugere uma evolução direcional posterior à nucleação frontal da referida zona de falha, situação contrária à que ocorrería se o regime fosse transpressivo. Com base no exposto, pode-se concluir que a evolução da primeira fase de deformação deu-se a partir de uma convergência, com vetor tectônico direcionado de SE para NW. Assim, verifica-se que no início ocorrería uma deformação predominantemente frontal, quando então seriam desenvolvidas as dobras F1, a zona de falha de Perimbó com características reversas e um sistema conjugado de falhas transcor-rentes, conforme mostrado na figura 42. A continuação do campo compressivo provocaria o achatamento desse par conjugado e a concentração do movimento ao longo das falhas transcorrentes dextrais. O encurtamento podería ser quantificado tomando-se como base um marcador linear, paralelo à direção de compressão máxima. Essa hipótese seria uma alternativa para explicar a abertura do ângulo entre o par conjugado de 60° para 100°. Para o caso bidimensional, e considerando um mecanismo de",a condição de obliqüidade constante,483,518
1391,georegis,O que sugere que a evolução direcional posterior à nucleação frontal da zona de falha desenvolva uma evolução direcional posterior à nucleação frontal?,"oblíquo ou transpressivo, o que produziría uma rotação progressiva dos indicadores cinemáticos. Para a área estudada, a hipótese a não justifica a cinemática contrária, comparando-se os dois flancos das dobras D1, já que as camadas apresentam sempre um deslocamento em direção à zona de charneira. A hipótese b é pouco provável, pois deveria ocorrer também uma dispersão dos valores de acamamento que amostrassem uma suposta deformação tardia. Por fim, a hipótese c, considerando-se a condição de obliqüidade constante em toda a área, seria compatível com a cinemática definida pelos outros elementos estruturais. Outro fato importante relaciona-se ao secciona-mento da zona de falha de Perimbó pelas falhas trans-correntes, principalmente pelas falhas dextrais. Isto sugere uma evolução direcional posterior à nucleação frontal da referida zona de falha, situação contrária à que ocorrería se o regime fosse transpressivo. Com base no exposto, pode-se concluir que a evolução da primeira fase de deformação deu-se a partir de uma convergência, com vetor tectônico direcionado de SE para NW. Assim, verifica-se que no início ocorrería uma deformação predominantemente frontal, quando então seriam desenvolvidas as dobras F1, a zona de falha de Perimbó com características reversas e um sistema conjugado de falhas transcor-rentes, conforme mostrado na figura 42. A continuação do campo compressivo provocaria o achatamento desse par conjugado e a concentração do movimento ao longo das falhas transcorrentes dextrais. O encurtamento podería ser quantificado tomando-se como base um marcador linear, paralelo à direção de compressão máxima. Essa hipótese seria uma alternativa para explicar a abertura do ângulo entre o par conjugado de 60° para 100°. Para o caso bidimensional, e considerando um mecanismo de",secciona-mento da zona de falha de Perimbó,652,694
1392,georegis,O encurtamento podería ser quantificado tomando-se como base qual marcador linear?,"oblíquo ou transpressivo, o que produziría uma rotação progressiva dos indicadores cinemáticos. Para a área estudada, a hipótese a não justifica a cinemática contrária, comparando-se os dois flancos das dobras D1, já que as camadas apresentam sempre um deslocamento em direção à zona de charneira. A hipótese b é pouco provável, pois deveria ocorrer também uma dispersão dos valores de acamamento que amostrassem uma suposta deformação tardia. Por fim, a hipótese c, considerando-se a condição de obliqüidade constante em toda a área, seria compatível com a cinemática definida pelos outros elementos estruturais. Outro fato importante relaciona-se ao secciona-mento da zona de falha de Perimbó pelas falhas trans-correntes, principalmente pelas falhas dextrais. Isto sugere uma evolução direcional posterior à nucleação frontal da referida zona de falha, situação contrária à que ocorrería se o regime fosse transpressivo. Com base no exposto, pode-se concluir que a evolução da primeira fase de deformação deu-se a partir de uma convergência, com vetor tectônico direcionado de SE para NW. Assim, verifica-se que no início ocorrería uma deformação predominantemente frontal, quando então seriam desenvolvidas as dobras F1, a zona de falha de Perimbó com características reversas e um sistema conjugado de falhas transcor-rentes, conforme mostrado na figura 42. A continuação do campo compressivo provocaria o achatamento desse par conjugado e a concentração do movimento ao longo das falhas transcorrentes dextrais. O encurtamento podería ser quantificado tomando-se como base um marcador linear, paralelo à direção de compressão máxima. Essa hipótese seria uma alternativa para explicar a abertura do ângulo entre o par conjugado de 60° para 100°. Para o caso bidimensional, e considerando um mecanismo de","um marcador linear, paralelo à direção de compressão máxima.",1579,1639
1396,georegis,O encurtamento podería ser quantificado tomando-se como base qual marcador linear?,"oblíquo ou transpressivo, o que produziría uma rotação progressiva dos indicadores cinemáticos. Para a área estudada, a hipótese a não justifica a cinemática contrária, comparando-se os dois flancos das dobras D1, já que as camadas apresentam sempre um deslocamento em direção à zona de charneira. A hipótese b é pouco provável, pois deveria ocorrer também uma dispersão dos valores de acamamento que amostrassem uma suposta deformação tardia. Por fim, a hipótese c, considerando-se a condição de obliqüidade constante em toda a área, seria compatível com a cinemática definida pelos outros elementos estruturais. Outro fato importante relaciona-se ao secciona-mento da zona de falha de Perimbó pelas falhas trans-correntes, principalmente pelas falhas dextrais. Isto sugere uma evolução direcional posterior à nucleação frontal da referida zona de falha, situação contrária à que ocorrería se o regime fosse transpressivo. Com base no exposto, pode-se concluir que a evolução da primeira fase de deformação deu-se a partir de uma convergência, com vetor tectônico direcionado de SE para NW. Assim, verifica-se que no início ocorrería uma deformação predominantemente frontal, quando então seriam desenvolvidas as dobras F1, a zona de falha de Perimbó com características reversas e um sistema conjugado de falhas transcor-rentes, conforme mostrado na figura 42. A continuação do campo compressivo provocaria o achatamento desse par conjugado e a concentração do movimento ao longo das falhas transcorrentes dextrais. O encurtamento podería ser quantificado tomando-se como base um marcador linear, paralelo à direção de compressão máxima. Essa hipótese seria uma alternativa para explicar a abertura do ângulo entre o par conjugado de 60° para 100°. Para o caso bidimensional, e considerando um mecanismo de","um marcador linear, paralelo à direção de compressão máxima",1579,1638
1398,georegis,Quais regimes produziriam uma rotação progressiva dos indicadores cinemáticos?,"oblíquo ou transpressivo, o que produziría uma rotação progressiva dos indicadores cinemáticos. Para a área estudada, a hipótese a não justifica a cinemática contrária, comparando-se os dois flancos das dobras D1, já que as camadas apresentam sempre um deslocamento em direção à zona de charneira. A hipótese b é pouco provável, pois deveria ocorrer também uma dispersão dos valores de acamamento que amostrassem uma suposta deformação tardia. Por fim, a hipótese c, considerando-se a condição de obliqüidade constante em toda a área, seria compatível com a cinemática definida pelos outros elementos estruturais. Outro fato importante relaciona-se ao secciona-mento da zona de falha de Perimbó pelas falhas trans-correntes, principalmente pelas falhas dextrais. Isto sugere uma evolução direcional posterior à nucleação frontal da referida zona de falha, situação contrária à que ocorrería se o regime fosse transpressivo. Com base no exposto, pode-se concluir que a evolução da primeira fase de deformação deu-se a partir de uma convergência, com vetor tectônico direcionado de SE para NW. Assim, verifica-se que no início ocorrería uma deformação predominantemente frontal, quando então seriam desenvolvidas as dobras F1, a zona de falha de Perimbó com características reversas e um sistema conjugado de falhas transcor-rentes, conforme mostrado na figura 42. A continuação do campo compressivo provocaria o achatamento desse par conjugado e a concentração do movimento ao longo das falhas transcorrentes dextrais. O encurtamento podería ser quantificado tomando-se como base um marcador linear, paralelo à direção de compressão máxima. Essa hipótese seria uma alternativa para explicar a abertura do ângulo entre o par conjugado de 60° para 100°. Para o caso bidimensional, e considerando um mecanismo de",oblíquo ou transpressivo,0,24
1399,georegis,Como o encurtamento pode ser quantificado?,"oblíquo ou transpressivo, o que produziría uma rotação progressiva dos indicadores cinemáticos. Para a área estudada, a hipótese a não justifica a cinemática contrária, comparando-se os dois flancos das dobras D1, já que as camadas apresentam sempre um deslocamento em direção à zona de charneira. A hipótese b é pouco provável, pois deveria ocorrer também uma dispersão dos valores de acamamento que amostrassem uma suposta deformação tardia. Por fim, a hipótese c, considerando-se a condição de obliqüidade constante em toda a área, seria compatível com a cinemática definida pelos outros elementos estruturais. Outro fato importante relaciona-se ao secciona-mento da zona de falha de Perimbó pelas falhas trans-correntes, principalmente pelas falhas dextrais. Isto sugere uma evolução direcional posterior à nucleação frontal da referida zona de falha, situação contrária à que ocorrería se o regime fosse transpressivo. Com base no exposto, pode-se concluir que a evolução da primeira fase de deformação deu-se a partir de uma convergência, com vetor tectônico direcionado de SE para NW. Assim, verifica-se que no início ocorrería uma deformação predominantemente frontal, quando então seriam desenvolvidas as dobras F1, a zona de falha de Perimbó com características reversas e um sistema conjugado de falhas transcor-rentes, conforme mostrado na figura 42. A continuação do campo compressivo provocaria o achatamento desse par conjugado e a concentração do movimento ao longo das falhas transcorrentes dextrais. O encurtamento podería ser quantificado tomando-se como base um marcador linear, paralelo à direção de compressão máxima. Essa hipótese seria uma alternativa para explicar a abertura do ângulo entre o par conjugado de 60° para 100°. Para o caso bidimensional, e considerando um mecanismo de","tomando-se como base um marcador linear, paralelo à direção de compressão máxima",1558,1638
1401,georegis,Qual é a base para quantificar o encurtamento?,"oblíquo ou transpressivo, o que produziría uma rotação progressiva dos indicadores cinemáticos. Para a área estudada, a hipótese a não justifica a cinemática contrária, comparando-se os dois flancos das dobras D1, já que as camadas apresentam sempre um deslocamento em direção à zona de charneira. A hipótese b é pouco provável, pois deveria ocorrer também uma dispersão dos valores de acamamento que amostrassem uma suposta deformação tardia. Por fim, a hipótese c, considerando-se a condição de obliqüidade constante em toda a área, seria compatível com a cinemática definida pelos outros elementos estruturais. Outro fato importante relaciona-se ao secciona-mento da zona de falha de Perimbó pelas falhas trans-correntes, principalmente pelas falhas dextrais. Isto sugere uma evolução direcional posterior à nucleação frontal da referida zona de falha, situação contrária à que ocorrería se o regime fosse transpressivo. Com base no exposto, pode-se concluir que a evolução da primeira fase de deformação deu-se a partir de uma convergência, com vetor tectônico direcionado de SE para NW. Assim, verifica-se que no início ocorrería uma deformação predominantemente frontal, quando então seriam desenvolvidas as dobras F1, a zona de falha de Perimbó com características reversas e um sistema conjugado de falhas transcor-rentes, conforme mostrado na figura 42. A continuação do campo compressivo provocaria o achatamento desse par conjugado e a concentração do movimento ao longo das falhas transcorrentes dextrais. O encurtamento podería ser quantificado tomando-se como base um marcador linear, paralelo à direção de compressão máxima. Essa hipótese seria uma alternativa para explicar a abertura do ângulo entre o par conjugado de 60° para 100°. Para o caso bidimensional, e considerando um mecanismo de","um marcador linear, paralelo à direção de compressão máxima",1579,1638
1402,georegis,Quais são os dois regimes que produziriam uma rotação progressiva dos indicadores cinemáticos?,"oblíquo ou transpressivo, o que produziría uma rotação progressiva dos indicadores cinemáticos. Para a área estudada, a hipótese a não justifica a cinemática contrária, comparando-se os dois flancos das dobras D1, já que as camadas apresentam sempre um deslocamento em direção à zona de charneira. A hipótese b é pouco provável, pois deveria ocorrer também uma dispersão dos valores de acamamento que amostrassem uma suposta deformação tardia. Por fim, a hipótese c, considerando-se a condição de obliqüidade constante em toda a área, seria compatível com a cinemática definida pelos outros elementos estruturais. Outro fato importante relaciona-se ao secciona-mento da zona de falha de Perimbó pelas falhas trans-correntes, principalmente pelas falhas dextrais. Isto sugere uma evolução direcional posterior à nucleação frontal da referida zona de falha, situação contrária à que ocorrería se o regime fosse transpressivo. Com base no exposto, pode-se concluir que a evolução da primeira fase de deformação deu-se a partir de uma convergência, com vetor tectônico direcionado de SE para NW. Assim, verifica-se que no início ocorrería uma deformação predominantemente frontal, quando então seriam desenvolvidas as dobras F1, a zona de falha de Perimbó com características reversas e um sistema conjugado de falhas transcor-rentes, conforme mostrado na figura 42. A continuação do campo compressivo provocaria o achatamento desse par conjugado e a concentração do movimento ao longo das falhas transcorrentes dextrais. O encurtamento podería ser quantificado tomando-se como base um marcador linear, paralelo à direção de compressão máxima. Essa hipótese seria uma alternativa para explicar a abertura do ângulo entre o par conjugado de 60° para 100°. Para o caso bidimensional, e considerando um mecanismo de",oblíquo ou transpressivo,0,24
1406,georegis,Qual é a direção do vetor tectônico na primeira fase de deformação?,"oblíquo ou transpressivo, o que produziría uma rotação progressiva dos indicadores cinemáticos. Para a área estudada, a hipótese a não justifica a cinemática contrária, comparando-se os dois flancos das dobras D1, já que as camadas apresentam sempre um deslocamento em direção à zona de charneira. A hipótese b é pouco provável, pois deveria ocorrer também uma dispersão dos valores de acamamento que amostrassem uma suposta deformação tardia. Por fim, a hipótese c, considerando-se a condição de obliqüidade constante em toda a área, seria compatível com a cinemática definida pelos outros elementos estruturais. Outro fato importante relaciona-se ao secciona-mento da zona de falha de Perimbó pelas falhas trans-correntes, principalmente pelas falhas dextrais. Isto sugere uma evolução direcional posterior à nucleação frontal da referida zona de falha, situação contrária à que ocorrería se o regime fosse transpressivo. Com base no exposto, pode-se concluir que a evolução da primeira fase de deformação deu-se a partir de uma convergência, com vetor tectônico direcionado de SE para NW. Assim, verifica-se que no início ocorrería uma deformação predominantemente frontal, quando então seriam desenvolvidas as dobras F1, a zona de falha de Perimbó com características reversas e um sistema conjugado de falhas transcor-rentes, conforme mostrado na figura 42. A continuação do campo compressivo provocaria o achatamento desse par conjugado e a concentração do movimento ao longo das falhas transcorrentes dextrais. O encurtamento podería ser quantificado tomando-se como base um marcador linear, paralelo à direção de compressão máxima. Essa hipótese seria uma alternativa para explicar a abertura do ângulo entre o par conjugado de 60° para 100°. Para o caso bidimensional, e considerando um mecanismo de",de SE para NW,1077,1090
1407,georegis,O que sugere o seccionamento da zona de falha de Perimbó pelas falhas transcorrentes?,"oblíquo ou transpressivo, o que produziría uma rotação progressiva dos indicadores cinemáticos. Para a área estudada, a hipótese a não justifica a cinemática contrária, comparando-se os dois flancos das dobras D1, já que as camadas apresentam sempre um deslocamento em direção à zona de charneira. A hipótese b é pouco provável, pois deveria ocorrer também uma dispersão dos valores de acamamento que amostrassem uma suposta deformação tardia. Por fim, a hipótese c, considerando-se a condição de obliqüidade constante em toda a área, seria compatível com a cinemática definida pelos outros elementos estruturais. Outro fato importante relaciona-se ao secciona-mento da zona de falha de Perimbó pelas falhas trans-correntes, principalmente pelas falhas dextrais. Isto sugere uma evolução direcional posterior à nucleação frontal da referida zona de falha, situação contrária à que ocorrería se o regime fosse transpressivo. Com base no exposto, pode-se concluir que a evolução da primeira fase de deformação deu-se a partir de uma convergência, com vetor tectônico direcionado de SE para NW. Assim, verifica-se que no início ocorrería uma deformação predominantemente frontal, quando então seriam desenvolvidas as dobras F1, a zona de falha de Perimbó com características reversas e um sistema conjugado de falhas transcor-rentes, conforme mostrado na figura 42. A continuação do campo compressivo provocaria o achatamento desse par conjugado e a concentração do movimento ao longo das falhas transcorrentes dextrais. O encurtamento podería ser quantificado tomando-se como base um marcador linear, paralelo à direção de compressão máxima. Essa hipótese seria uma alternativa para explicar a abertura do ângulo entre o par conjugado de 60° para 100°. Para o caso bidimensional, e considerando um mecanismo de",uma evolução direcional posterior à nucleação frontal da referida zona de falha,775,854
1409,georegis,Como seria quantificado o encurtamento de acordo com o texto?,"oblíquo ou transpressivo, o que produziría uma rotação progressiva dos indicadores cinemáticos. Para a área estudada, a hipótese a não justifica a cinemática contrária, comparando-se os dois flancos das dobras D1, já que as camadas apresentam sempre um deslocamento em direção à zona de charneira. A hipótese b é pouco provável, pois deveria ocorrer também uma dispersão dos valores de acamamento que amostrassem uma suposta deformação tardia. Por fim, a hipótese c, considerando-se a condição de obliqüidade constante em toda a área, seria compatível com a cinemática definida pelos outros elementos estruturais. Outro fato importante relaciona-se ao secciona-mento da zona de falha de Perimbó pelas falhas trans-correntes, principalmente pelas falhas dextrais. Isto sugere uma evolução direcional posterior à nucleação frontal da referida zona de falha, situação contrária à que ocorrería se o regime fosse transpressivo. Com base no exposto, pode-se concluir que a evolução da primeira fase de deformação deu-se a partir de uma convergência, com vetor tectônico direcionado de SE para NW. Assim, verifica-se que no início ocorrería uma deformação predominantemente frontal, quando então seriam desenvolvidas as dobras F1, a zona de falha de Perimbó com características reversas e um sistema conjugado de falhas transcor-rentes, conforme mostrado na figura 42. A continuação do campo compressivo provocaria o achatamento desse par conjugado e a concentração do movimento ao longo das falhas transcorrentes dextrais. O encurtamento podería ser quantificado tomando-se como base um marcador linear, paralelo à direção de compressão máxima. Essa hipótese seria uma alternativa para explicar a abertura do ângulo entre o par conjugado de 60° para 100°. Para o caso bidimensional, e considerando um mecanismo de","tomando-se como base um marcador linear, paralelo à direção de compressão máxima",1558,1638
1412,georegis,O que a hipótese b sugere que deveria ocorrer também?,"oblíquo ou transpressivo, o que produziría uma rotação progressiva dos indicadores cinemáticos. Para a área estudada, a hipótese a não justifica a cinemática contrária, comparando-se os dois flancos das dobras D1, já que as camadas apresentam sempre um deslocamento em direção à zona de charneira. A hipótese b é pouco provável, pois deveria ocorrer também uma dispersão dos valores de acamamento que amostrassem uma suposta deformação tardia. Por fim, a hipótese c, considerando-se a condição de obliqüidade constante em toda a área, seria compatível com a cinemática definida pelos outros elementos estruturais. Outro fato importante relaciona-se ao secciona-mento da zona de falha de Perimbó pelas falhas trans-correntes, principalmente pelas falhas dextrais. Isto sugere uma evolução direcional posterior à nucleação frontal da referida zona de falha, situação contrária à que ocorrería se o regime fosse transpressivo. Com base no exposto, pode-se concluir que a evolução da primeira fase de deformação deu-se a partir de uma convergência, com vetor tectônico direcionado de SE para NW. Assim, verifica-se que no início ocorrería uma deformação predominantemente frontal, quando então seriam desenvolvidas as dobras F1, a zona de falha de Perimbó com características reversas e um sistema conjugado de falhas transcor-rentes, conforme mostrado na figura 42. A continuação do campo compressivo provocaria o achatamento desse par conjugado e a concentração do movimento ao longo das falhas transcorrentes dextrais. O encurtamento podería ser quantificado tomando-se como base um marcador linear, paralelo à direção de compressão máxima. Essa hipótese seria uma alternativa para explicar a abertura do ângulo entre o par conjugado de 60° para 100°. Para o caso bidimensional, e considerando um mecanismo de",uma dispersão dos valores de acamamento,357,396
1413,georegis,Qual é a condição que a hipótese c considera constante em toda a área?,"oblíquo ou transpressivo, o que produziría uma rotação progressiva dos indicadores cinemáticos. Para a área estudada, a hipótese a não justifica a cinemática contrária, comparando-se os dois flancos das dobras D1, já que as camadas apresentam sempre um deslocamento em direção à zona de charneira. A hipótese b é pouco provável, pois deveria ocorrer também uma dispersão dos valores de acamamento que amostrassem uma suposta deformação tardia. Por fim, a hipótese c, considerando-se a condição de obliqüidade constante em toda a área, seria compatível com a cinemática definida pelos outros elementos estruturais. Outro fato importante relaciona-se ao secciona-mento da zona de falha de Perimbó pelas falhas trans-correntes, principalmente pelas falhas dextrais. Isto sugere uma evolução direcional posterior à nucleação frontal da referida zona de falha, situação contrária à que ocorrería se o regime fosse transpressivo. Com base no exposto, pode-se concluir que a evolução da primeira fase de deformação deu-se a partir de uma convergência, com vetor tectônico direcionado de SE para NW. Assim, verifica-se que no início ocorrería uma deformação predominantemente frontal, quando então seriam desenvolvidas as dobras F1, a zona de falha de Perimbó com características reversas e um sistema conjugado de falhas transcor-rentes, conforme mostrado na figura 42. A continuação do campo compressivo provocaria o achatamento desse par conjugado e a concentração do movimento ao longo das falhas transcorrentes dextrais. O encurtamento podería ser quantificado tomando-se como base um marcador linear, paralelo à direção de compressão máxima. Essa hipótese seria uma alternativa para explicar a abertura do ângulo entre o par conjugado de 60° para 100°. Para o caso bidimensional, e considerando um mecanismo de",a condição de obliqüidade,483,508
1414,georegis,Qual é o nome da descontinuidade crustal?,"a uma descontinuidade crustal denominada Arco de São Mateus, que constituiria uma zona de profundas fissuras na crosta. As reativações posteriores desta estrutura controlariam os fenômenos neotectônicos, o padrão de drenagem e a circulação de fluidos. Datação Ar-Ar de um fragmento máfico indicou uma idade de 69,4 ± 1,3 Ma, geocro-nologicamente compatível com a do poço 1-ESS-4, próximo à foz do Rio São Mateus. Novais etal. admitem que há uma interrelação entre a sequência vulcanoclástica da Fm. Abrolhos e sedimentos terciários da Fm. Rio Doce que próxima do contato com as vulcânicas, encontra-se totalmente silicificada ""cozida"". A Fm. Rio Doce corresponde a arenitos médios a muito grossos, quartzozos, feldspáticos, com cores cinza-esverdeadas, maciços ou com estratificações cruzadas. Os sedimentos são mal selecionados, pouco lamosos e extremamente litificados, com os grãos cimentados por sílica criptocristalina. Recentemente, Raposo etal. descrevem uma expressiva ocorrência de rochas piroclásticas ácidas, de provável idade fanerozoica, na região nordeste do estado de Minas Gerais. As rochas ocupam uma área de 75km de comprimento por 25km de largura, com direção NE-SW, cuja origem estaria, segundo os autores, relacionada à ruptura do Atlântico Sul. As rochas traquíticas e riolíticas, que ocorrem tanto na parte emersa quanto na parte submersa da bacia, podem estar relacionadas a dois mecanismos genéticos: 1) diferenciação do magmatismo básico de tendência alcalina de idade terciária; 2) fusão de crosta mais","Arco de São Mateus,",41,60
1415,georegis,Qual é a idade do fragmento máfico?,"a uma descontinuidade crustal denominada Arco de São Mateus, que constituiria uma zona de profundas fissuras na crosta. As reativações posteriores desta estrutura controlariam os fenômenos neotectônicos, o padrão de drenagem e a circulação de fluidos. Datação Ar-Ar de um fragmento máfico indicou uma idade de 69,4 ± 1,3 Ma, geocro-nologicamente compatível com a do poço 1-ESS-4, próximo à foz do Rio São Mateus. Novais etal. admitem que há uma interrelação entre a sequência vulcanoclástica da Fm. Abrolhos e sedimentos terciários da Fm. Rio Doce que próxima do contato com as vulcânicas, encontra-se totalmente silicificada ""cozida"". A Fm. Rio Doce corresponde a arenitos médios a muito grossos, quartzozos, feldspáticos, com cores cinza-esverdeadas, maciços ou com estratificações cruzadas. Os sedimentos são mal selecionados, pouco lamosos e extremamente litificados, com os grãos cimentados por sílica criptocristalina. Recentemente, Raposo etal. descrevem uma expressiva ocorrência de rochas piroclásticas ácidas, de provável idade fanerozoica, na região nordeste do estado de Minas Gerais. As rochas ocupam uma área de 75km de comprimento por 25km de largura, com direção NE-SW, cuja origem estaria, segundo os autores, relacionada à ruptura do Atlântico Sul. As rochas traquíticas e riolíticas, que ocorrem tanto na parte emersa quanto na parte submersa da bacia, podem estar relacionadas a dois mecanismos genéticos: 1) diferenciação do magmatismo básico de tendência alcalina de idade terciária; 2) fusão de crosta mais","69,4 ± 1,3 Ma, geocro-nologicamente compatível",310,356
1416,georegis,Qual é a sequência vulcanoclástica da Fm. Rio Doce?,"a uma descontinuidade crustal denominada Arco de São Mateus, que constituiria uma zona de profundas fissuras na crosta. As reativações posteriores desta estrutura controlariam os fenômenos neotectônicos, o padrão de drenagem e a circulação de fluidos. Datação Ar-Ar de um fragmento máfico indicou uma idade de 69,4 ± 1,3 Ma, geocro-nologicamente compatível com a do poço 1-ESS-4, próximo à foz do Rio São Mateus. Novais etal. admitem que há uma interrelação entre a sequência vulcanoclástica da Fm. Abrolhos e sedimentos terciários da Fm. Rio Doce que próxima do contato com as vulcânicas, encontra-se totalmente silicificada ""cozida"". A Fm. Rio Doce corresponde a arenitos médios a muito grossos, quartzozos, feldspáticos, com cores cinza-esverdeadas, maciços ou com estratificações cruzadas. Os sedimentos são mal selecionados, pouco lamosos e extremamente litificados, com os grãos cimentados por sílica criptocristalina. Recentemente, Raposo etal. descrevem uma expressiva ocorrência de rochas piroclásticas ácidas, de provável idade fanerozoica, na região nordeste do estado de Minas Gerais. As rochas ocupam uma área de 75km de comprimento por 25km de largura, com direção NE-SW, cuja origem estaria, segundo os autores, relacionada à ruptura do Atlântico Sul. As rochas traquíticas e riolíticas, que ocorrem tanto na parte emersa quanto na parte submersa da bacia, podem estar relacionadas a dois mecanismos genéticos: 1) diferenciação do magmatismo básico de tendência alcalina de idade terciária; 2) fusão de crosta mais",Abrolhos,499,507
1419,georegis,Qual é a idade da amostra?,"a uma descontinuidade crustal denominada Arco de São Mateus, que constituiria uma zona de profundas fissuras na crosta. As reativações posteriores desta estrutura controlariam os fenômenos neotectônicos, o padrão de drenagem e a circulação de fluidos. Datação Ar-Ar de um fragmento máfico indicou uma idade de 69,4 ± 1,3 Ma, geocro-nologicamente compatível com a do poço 1-ESS-4, próximo à foz do Rio São Mateus. Novais etal. admitem que há uma interrelação entre a sequência vulcanoclástica da Fm. Abrolhos e sedimentos terciários da Fm. Rio Doce que próxima do contato com as vulcânicas, encontra-se totalmente silicificada ""cozida"". A Fm. Rio Doce corresponde a arenitos médios a muito grossos, quartzozos, feldspáticos, com cores cinza-esverdeadas, maciços ou com estratificações cruzadas. Os sedimentos são mal selecionados, pouco lamosos e extremamente litificados, com os grãos cimentados por sílica criptocristalina. Recentemente, Raposo etal. descrevem uma expressiva ocorrência de rochas piroclásticas ácidas, de provável idade fanerozoica, na região nordeste do estado de Minas Gerais. As rochas ocupam uma área de 75km de comprimento por 25km de largura, com direção NE-SW, cuja origem estaria, segundo os autores, relacionada à ruptura do Atlântico Sul. As rochas traquíticas e riolíticas, que ocorrem tanto na parte emersa quanto na parte submersa da bacia, podem estar relacionadas a dois mecanismos genéticos: 1) diferenciação do magmatismo básico de tendência alcalina de idade terciária; 2) fusão de crosta mais","69,4 ± 1,3 Ma, geocro-nologicamente compatível",310,356
1421,georegis,Qual é o nome da descontinuidade crustal?,"a uma descontinuidade crustal denominada Arco de São Mateus, que constituiria uma zona de profundas fissuras na crosta. As reativações posteriores desta estrutura controlariam os fenômenos neotectônicos, o padrão de drenagem e a circulação de fluidos. Datação Ar-Ar de um fragmento máfico indicou uma idade de 69,4 ± 1,3 Ma, geocro-nologicamente compatível com a do poço 1-ESS-4, próximo à foz do Rio São Mateus. Novais etal. admitem que há uma interrelação entre a sequência vulcanoclástica da Fm. Abrolhos e sedimentos terciários da Fm. Rio Doce que próxima do contato com as vulcânicas, encontra-se totalmente silicificada ""cozida"". A Fm. Rio Doce corresponde a arenitos médios a muito grossos, quartzozos, feldspáticos, com cores cinza-esverdeadas, maciços ou com estratificações cruzadas. Os sedimentos são mal selecionados, pouco lamosos e extremamente litificados, com os grãos cimentados por sílica criptocristalina. Recentemente, Raposo etal. descrevem uma expressiva ocorrência de rochas piroclásticas ácidas, de provável idade fanerozoica, na região nordeste do estado de Minas Gerais. As rochas ocupam uma área de 75km de comprimento por 25km de largura, com direção NE-SW, cuja origem estaria, segundo os autores, relacionada à ruptura do Atlântico Sul. As rochas traquíticas e riolíticas, que ocorrem tanto na parte emersa quanto na parte submersa da bacia, podem estar relacionadas a dois mecanismos genéticos: 1) diferenciação do magmatismo básico de tendência alcalina de idade terciária; 2) fusão de crosta mais",Arco de São Mateus,41,59
1422,georegis,Qual é a idade do fragmento máfico?,"a uma descontinuidade crustal denominada Arco de São Mateus, que constituiria uma zona de profundas fissuras na crosta. As reativações posteriores desta estrutura controlariam os fenômenos neotectônicos, o padrão de drenagem e a circulação de fluidos. Datação Ar-Ar de um fragmento máfico indicou uma idade de 69,4 ± 1,3 Ma, geocro-nologicamente compatível com a do poço 1-ESS-4, próximo à foz do Rio São Mateus. Novais etal. admitem que há uma interrelação entre a sequência vulcanoclástica da Fm. Abrolhos e sedimentos terciários da Fm. Rio Doce que próxima do contato com as vulcânicas, encontra-se totalmente silicificada ""cozida"". A Fm. Rio Doce corresponde a arenitos médios a muito grossos, quartzozos, feldspáticos, com cores cinza-esverdeadas, maciços ou com estratificações cruzadas. Os sedimentos são mal selecionados, pouco lamosos e extremamente litificados, com os grãos cimentados por sílica criptocristalina. Recentemente, Raposo etal. descrevem uma expressiva ocorrência de rochas piroclásticas ácidas, de provável idade fanerozoica, na região nordeste do estado de Minas Gerais. As rochas ocupam uma área de 75km de comprimento por 25km de largura, com direção NE-SW, cuja origem estaria, segundo os autores, relacionada à ruptura do Atlântico Sul. As rochas traquíticas e riolíticas, que ocorrem tanto na parte emersa quanto na parte submersa da bacia, podem estar relacionadas a dois mecanismos genéticos: 1) diferenciação do magmatismo básico de tendência alcalina de idade terciária; 2) fusão de crosta mais","69,4 ± 1,3 Ma",310,323
1425,georegis,Qual é a idade da amostra?,"a uma descontinuidade crustal denominada Arco de São Mateus, que constituiria uma zona de profundas fissuras na crosta. As reativações posteriores desta estrutura controlariam os fenômenos neotectônicos, o padrão de drenagem e a circulação de fluidos. Datação Ar-Ar de um fragmento máfico indicou uma idade de 69,4 ± 1,3 Ma, geocro-nologicamente compatível com a do poço 1-ESS-4, próximo à foz do Rio São Mateus. Novais etal. admitem que há uma interrelação entre a sequência vulcanoclástica da Fm. Abrolhos e sedimentos terciários da Fm. Rio Doce que próxima do contato com as vulcânicas, encontra-se totalmente silicificada ""cozida"". A Fm. Rio Doce corresponde a arenitos médios a muito grossos, quartzozos, feldspáticos, com cores cinza-esverdeadas, maciços ou com estratificações cruzadas. Os sedimentos são mal selecionados, pouco lamosos e extremamente litificados, com os grãos cimentados por sílica criptocristalina. Recentemente, Raposo etal. descrevem uma expressiva ocorrência de rochas piroclásticas ácidas, de provável idade fanerozoica, na região nordeste do estado de Minas Gerais. As rochas ocupam uma área de 75km de comprimento por 25km de largura, com direção NE-SW, cuja origem estaria, segundo os autores, relacionada à ruptura do Atlântico Sul. As rochas traquíticas e riolíticas, que ocorrem tanto na parte emersa quanto na parte submersa da bacia, podem estar relacionadas a dois mecanismos genéticos: 1) diferenciação do magmatismo básico de tendência alcalina de idade terciária; 2) fusão de crosta mais","69,4 ± 1,3 Ma",310,323
1426,georegis,Qual foi a data de um fragmento mafico de uma rocha?,"a uma descontinuidade crustal denominada Arco de São Mateus, que constituiria uma zona de profundas fissuras na crosta. As reativações posteriores desta estrutura controlariam os fenômenos neotectônicos, o padrão de drenagem e a circulação de fluidos. Datação Ar-Ar de um fragmento máfico indicou uma idade de 69,4 ± 1,3 Ma, geocro-nologicamente compatível com a do poço 1-ESS-4, próximo à foz do Rio São Mateus. Novais etal. admitem que há uma interrelação entre a sequência vulcanoclástica da Fm. Abrolhos e sedimentos terciários da Fm. Rio Doce que próxima do contato com as vulcânicas, encontra-se totalmente silicificada ""cozida"". A Fm. Rio Doce corresponde a arenitos médios a muito grossos, quartzozos, feldspáticos, com cores cinza-esverdeadas, maciços ou com estratificações cruzadas. Os sedimentos são mal selecionados, pouco lamosos e extremamente litificados, com os grãos cimentados por sílica criptocristalina. Recentemente, Raposo etal. descrevem uma expressiva ocorrência de rochas piroclásticas ácidas, de provável idade fanerozoica, na região nordeste do estado de Minas Gerais. As rochas ocupam uma área de 75km de comprimento por 25km de largura, com direção NE-SW, cuja origem estaria, segundo os autores, relacionada à ruptura do Atlântico Sul. As rochas traquíticas e riolíticas, que ocorrem tanto na parte emersa quanto na parte submersa da bacia, podem estar relacionadas a dois mecanismos genéticos: 1) diferenciação do magmatismo básico de tendência alcalina de idade terciária; 2) fusão de crosta mais","69,4 ± 1,3 Ma",310,323
1427,georegis,Quem descreve uma forte ocorrência de rochas piroclásticas ácidas na região nordeste do estado de Minas Gerais?,"a uma descontinuidade crustal denominada Arco de São Mateus, que constituiria uma zona de profundas fissuras na crosta. As reativações posteriores desta estrutura controlariam os fenômenos neotectônicos, o padrão de drenagem e a circulação de fluidos. Datação Ar-Ar de um fragmento máfico indicou uma idade de 69,4 ± 1,3 Ma, geocro-nologicamente compatível com a do poço 1-ESS-4, próximo à foz do Rio São Mateus. Novais etal. admitem que há uma interrelação entre a sequência vulcanoclástica da Fm. Abrolhos e sedimentos terciários da Fm. Rio Doce que próxima do contato com as vulcânicas, encontra-se totalmente silicificada ""cozida"". A Fm. Rio Doce corresponde a arenitos médios a muito grossos, quartzozos, feldspáticos, com cores cinza-esverdeadas, maciços ou com estratificações cruzadas. Os sedimentos são mal selecionados, pouco lamosos e extremamente litificados, com os grãos cimentados por sílica criptocristalina. Recentemente, Raposo etal. descrevem uma expressiva ocorrência de rochas piroclásticas ácidas, de provável idade fanerozoica, na região nordeste do estado de Minas Gerais. As rochas ocupam uma área de 75km de comprimento por 25km de largura, com direção NE-SW, cuja origem estaria, segundo os autores, relacionada à ruptura do Atlântico Sul. As rochas traquíticas e riolíticas, que ocorrem tanto na parte emersa quanto na parte submersa da bacia, podem estar relacionadas a dois mecanismos genéticos: 1) diferenciação do magmatismo básico de tendência alcalina de idade terciária; 2) fusão de crosta mais",Raposo etal.,939,951
1428,georegis,Quem admitiu que há uma interrelação entre a sequência vulcanoclástica da Fm. Abrolhos e os sedimentos terciários da Fm. Rio Doce?,"a uma descontinuidade crustal denominada Arco de São Mateus, que constituiria uma zona de profundas fissuras na crosta. As reativações posteriores desta estrutura controlariam os fenômenos neotectônicos, o padrão de drenagem e a circulação de fluidos. Datação Ar-Ar de um fragmento máfico indicou uma idade de 69,4 ± 1,3 Ma, geocro-nologicamente compatível com a do poço 1-ESS-4, próximo à foz do Rio São Mateus. Novais etal. admitem que há uma interrelação entre a sequência vulcanoclástica da Fm. Abrolhos e sedimentos terciários da Fm. Rio Doce que próxima do contato com as vulcânicas, encontra-se totalmente silicificada ""cozida"". A Fm. Rio Doce corresponde a arenitos médios a muito grossos, quartzozos, feldspáticos, com cores cinza-esverdeadas, maciços ou com estratificações cruzadas. Os sedimentos são mal selecionados, pouco lamosos e extremamente litificados, com os grãos cimentados por sílica criptocristalina. Recentemente, Raposo etal. descrevem uma expressiva ocorrência de rochas piroclásticas ácidas, de provável idade fanerozoica, na região nordeste do estado de Minas Gerais. As rochas ocupam uma área de 75km de comprimento por 25km de largura, com direção NE-SW, cuja origem estaria, segundo os autores, relacionada à ruptura do Atlântico Sul. As rochas traquíticas e riolíticas, que ocorrem tanto na parte emersa quanto na parte submersa da bacia, podem estar relacionadas a dois mecanismos genéticos: 1) diferenciação do magmatismo básico de tendência alcalina de idade terciária; 2) fusão de crosta mais",Novais etal.,413,425
1429,georegis,Como é chamada a descontinuidade crustal?,"a uma descontinuidade crustal denominada Arco de São Mateus, que constituiria uma zona de profundas fissuras na crosta. As reativações posteriores desta estrutura controlariam os fenômenos neotectônicos, o padrão de drenagem e a circulação de fluidos. Datação Ar-Ar de um fragmento máfico indicou uma idade de 69,4 ± 1,3 Ma, geocro-nologicamente compatível com a do poço 1-ESS-4, próximo à foz do Rio São Mateus. Novais etal. admitem que há uma interrelação entre a sequência vulcanoclástica da Fm. Abrolhos e sedimentos terciários da Fm. Rio Doce que próxima do contato com as vulcânicas, encontra-se totalmente silicificada ""cozida"". A Fm. Rio Doce corresponde a arenitos médios a muito grossos, quartzozos, feldspáticos, com cores cinza-esverdeadas, maciços ou com estratificações cruzadas. Os sedimentos são mal selecionados, pouco lamosos e extremamente litificados, com os grãos cimentados por sílica criptocristalina. Recentemente, Raposo etal. descrevem uma expressiva ocorrência de rochas piroclásticas ácidas, de provável idade fanerozoica, na região nordeste do estado de Minas Gerais. As rochas ocupam uma área de 75km de comprimento por 25km de largura, com direção NE-SW, cuja origem estaria, segundo os autores, relacionada à ruptura do Atlântico Sul. As rochas traquíticas e riolíticas, que ocorrem tanto na parte emersa quanto na parte submersa da bacia, podem estar relacionadas a dois mecanismos genéticos: 1) diferenciação do magmatismo básico de tendência alcalina de idade terciária; 2) fusão de crosta mais",Arco de São Mateus,41,59
1430,georegis,Qual é a área das rochas piroclásticas ácidas encontradas na região nordeste de Minas Gerais?,"a uma descontinuidade crustal denominada Arco de São Mateus, que constituiria uma zona de profundas fissuras na crosta. As reativações posteriores desta estrutura controlariam os fenômenos neotectônicos, o padrão de drenagem e a circulação de fluidos. Datação Ar-Ar de um fragmento máfico indicou uma idade de 69,4 ± 1,3 Ma, geocro-nologicamente compatível com a do poço 1-ESS-4, próximo à foz do Rio São Mateus. Novais etal. admitem que há uma interrelação entre a sequência vulcanoclástica da Fm. Abrolhos e sedimentos terciários da Fm. Rio Doce que próxima do contato com as vulcânicas, encontra-se totalmente silicificada ""cozida"". A Fm. Rio Doce corresponde a arenitos médios a muito grossos, quartzozos, feldspáticos, com cores cinza-esverdeadas, maciços ou com estratificações cruzadas. Os sedimentos são mal selecionados, pouco lamosos e extremamente litificados, com os grãos cimentados por sílica criptocristalina. Recentemente, Raposo etal. descrevem uma expressiva ocorrência de rochas piroclásticas ácidas, de provável idade fanerozoica, na região nordeste do estado de Minas Gerais. As rochas ocupam uma área de 75km de comprimento por 25km de largura, com direção NE-SW, cuja origem estaria, segundo os autores, relacionada à ruptura do Atlântico Sul. As rochas traquíticas e riolíticas, que ocorrem tanto na parte emersa quanto na parte submersa da bacia, podem estar relacionadas a dois mecanismos genéticos: 1) diferenciação do magmatismo básico de tendência alcalina de idade terciária; 2) fusão de crosta mais",75km de comprimento por 25km de largura,1126,1165
1431,georegis,Quem descreveu uma grande ocorrência de rochas piroclásticas ácidas na região nordeste de Minas Gerais?,"a uma descontinuidade crustal denominada Arco de São Mateus, que constituiria uma zona de profundas fissuras na crosta. As reativações posteriores desta estrutura controlariam os fenômenos neotectônicos, o padrão de drenagem e a circulação de fluidos. Datação Ar-Ar de um fragmento máfico indicou uma idade de 69,4 ± 1,3 Ma, geocro-nologicamente compatível com a do poço 1-ESS-4, próximo à foz do Rio São Mateus. Novais etal. admitem que há uma interrelação entre a sequência vulcanoclástica da Fm. Abrolhos e sedimentos terciários da Fm. Rio Doce que próxima do contato com as vulcânicas, encontra-se totalmente silicificada ""cozida"". A Fm. Rio Doce corresponde a arenitos médios a muito grossos, quartzozos, feldspáticos, com cores cinza-esverdeadas, maciços ou com estratificações cruzadas. Os sedimentos são mal selecionados, pouco lamosos e extremamente litificados, com os grãos cimentados por sílica criptocristalina. Recentemente, Raposo etal. descrevem uma expressiva ocorrência de rochas piroclásticas ácidas, de provável idade fanerozoica, na região nordeste do estado de Minas Gerais. As rochas ocupam uma área de 75km de comprimento por 25km de largura, com direção NE-SW, cuja origem estaria, segundo os autores, relacionada à ruptura do Atlântico Sul. As rochas traquíticas e riolíticas, que ocorrem tanto na parte emersa quanto na parte submersa da bacia, podem estar relacionadas a dois mecanismos genéticos: 1) diferenciação do magmatismo básico de tendência alcalina de idade terciária; 2) fusão de crosta mais",Raposo etal.,939,951
1432,georegis,Quem admite que há uma interrelação entre a sequência vulcanoclástica da Fm. Abrolhos e os sedimentos terciários da Fm. Rio Doce?,"a uma descontinuidade crustal denominada Arco de São Mateus, que constituiria uma zona de profundas fissuras na crosta. As reativações posteriores desta estrutura controlariam os fenômenos neotectônicos, o padrão de drenagem e a circulação de fluidos. Datação Ar-Ar de um fragmento máfico indicou uma idade de 69,4 ± 1,3 Ma, geocro-nologicamente compatível com a do poço 1-ESS-4, próximo à foz do Rio São Mateus. Novais etal. admitem que há uma interrelação entre a sequência vulcanoclástica da Fm. Abrolhos e sedimentos terciários da Fm. Rio Doce que próxima do contato com as vulcânicas, encontra-se totalmente silicificada ""cozida"". A Fm. Rio Doce corresponde a arenitos médios a muito grossos, quartzozos, feldspáticos, com cores cinza-esverdeadas, maciços ou com estratificações cruzadas. Os sedimentos são mal selecionados, pouco lamosos e extremamente litificados, com os grãos cimentados por sílica criptocristalina. Recentemente, Raposo etal. descrevem uma expressiva ocorrência de rochas piroclásticas ácidas, de provável idade fanerozoica, na região nordeste do estado de Minas Gerais. As rochas ocupam uma área de 75km de comprimento por 25km de largura, com direção NE-SW, cuja origem estaria, segundo os autores, relacionada à ruptura do Atlântico Sul. As rochas traquíticas e riolíticas, que ocorrem tanto na parte emersa quanto na parte submersa da bacia, podem estar relacionadas a dois mecanismos genéticos: 1) diferenciação do magmatismo básico de tendência alcalina de idade terciária; 2) fusão de crosta mais",Novais etal.,413,425
1435,georegis,Quanta área as rochas piroclásticas ácidas ocupam?,"a uma descontinuidade crustal denominada Arco de São Mateus, que constituiria uma zona de profundas fissuras na crosta. As reativações posteriores desta estrutura controlariam os fenômenos neotectônicos, o padrão de drenagem e a circulação de fluidos. Datação Ar-Ar de um fragmento máfico indicou uma idade de 69,4 ± 1,3 Ma, geocro-nologicamente compatível com a do poço 1-ESS-4, próximo à foz do Rio São Mateus. Novais etal. admitem que há uma interrelação entre a sequência vulcanoclástica da Fm. Abrolhos e sedimentos terciários da Fm. Rio Doce que próxima do contato com as vulcânicas, encontra-se totalmente silicificada ""cozida"". A Fm. Rio Doce corresponde a arenitos médios a muito grossos, quartzozos, feldspáticos, com cores cinza-esverdeadas, maciços ou com estratificações cruzadas. Os sedimentos são mal selecionados, pouco lamosos e extremamente litificados, com os grãos cimentados por sílica criptocristalina. Recentemente, Raposo etal. descrevem uma expressiva ocorrência de rochas piroclásticas ácidas, de provável idade fanerozoica, na região nordeste do estado de Minas Gerais. As rochas ocupam uma área de 75km de comprimento por 25km de largura, com direção NE-SW, cuja origem estaria, segundo os autores, relacionada à ruptura do Atlântico Sul. As rochas traquíticas e riolíticas, que ocorrem tanto na parte emersa quanto na parte submersa da bacia, podem estar relacionadas a dois mecanismos genéticos: 1) diferenciação do magmatismo básico de tendência alcalina de idade terciária; 2) fusão de crosta mais",75km de comprimento por 25km de largura,1126,1165
1436,georegis,Qual a idade geocronológica indicada pela datação Ar-Ar de um fragmento máfico?,"a uma descontinuidade crustal denominada Arco de São Mateus, que constituiria uma zona de profundas fissuras na crosta. As reativações posteriores desta estrutura controlariam os fenômenos neotectônicos, o padrão de drenagem e a circulação de fluidos. Datação Ar-Ar de um fragmento máfico indicou uma idade de 69,4 ± 1,3 Ma, geocro-nologicamente compatível com a do poço 1-ESS-4, próximo à foz do Rio São Mateus. Novais etal. admitem que há uma interrelação entre a sequência vulcanoclástica da Fm. Abrolhos e sedimentos terciários da Fm. Rio Doce que próxima do contato com as vulcânicas, encontra-se totalmente silicificada ""cozida"". A Fm. Rio Doce corresponde a arenitos médios a muito grossos, quartzozos, feldspáticos, com cores cinza-esverdeadas, maciços ou com estratificações cruzadas. Os sedimentos são mal selecionados, pouco lamosos e extremamente litificados, com os grãos cimentados por sílica criptocristalina. Recentemente, Raposo etal. descrevem uma expressiva ocorrência de rochas piroclásticas ácidas, de provável idade fanerozoica, na região nordeste do estado de Minas Gerais. As rochas ocupam uma área de 75km de comprimento por 25km de largura, com direção NE-SW, cuja origem estaria, segundo os autores, relacionada à ruptura do Atlântico Sul. As rochas traquíticas e riolíticas, que ocorrem tanto na parte emersa quanto na parte submersa da bacia, podem estar relacionadas a dois mecanismos genéticos: 1) diferenciação do magmatismo básico de tendência alcalina de idade terciária; 2) fusão de crosta mais","69,4 ± 1,3 Ma",310,323
1437,georegis,O que é a Fm. Rio Doce?,"a uma descontinuidade crustal denominada Arco de São Mateus, que constituiria uma zona de profundas fissuras na crosta. As reativações posteriores desta estrutura controlariam os fenômenos neotectônicos, o padrão de drenagem e a circulação de fluidos. Datação Ar-Ar de um fragmento máfico indicou uma idade de 69,4 ± 1,3 Ma, geocro-nologicamente compatível com a do poço 1-ESS-4, próximo à foz do Rio São Mateus. Novais etal. admitem que há uma interrelação entre a sequência vulcanoclástica da Fm. Abrolhos e sedimentos terciários da Fm. Rio Doce que próxima do contato com as vulcânicas, encontra-se totalmente silicificada ""cozida"". A Fm. Rio Doce corresponde a arenitos médios a muito grossos, quartzozos, feldspáticos, com cores cinza-esverdeadas, maciços ou com estratificações cruzadas. Os sedimentos são mal selecionados, pouco lamosos e extremamente litificados, com os grãos cimentados por sílica criptocristalina. Recentemente, Raposo etal. descrevem uma expressiva ocorrência de rochas piroclásticas ácidas, de provável idade fanerozoica, na região nordeste do estado de Minas Gerais. As rochas ocupam uma área de 75km de comprimento por 25km de largura, com direção NE-SW, cuja origem estaria, segundo os autores, relacionada à ruptura do Atlântico Sul. As rochas traquíticas e riolíticas, que ocorrem tanto na parte emersa quanto na parte submersa da bacia, podem estar relacionadas a dois mecanismos genéticos: 1) diferenciação do magmatismo básico de tendência alcalina de idade terciária; 2) fusão de crosta mais","corresponde a arenitos médios a muito grossos, quartzozos, feldspáticos, com cores cinza-esverdeadas, maciços ou com estratificações cruzadas",651,792
1438,georegis,O que descrevem Raposo etal. sobre a região nordeste do estado de Minas Gerais?,"a uma descontinuidade crustal denominada Arco de São Mateus, que constituiria uma zona de profundas fissuras na crosta. As reativações posteriores desta estrutura controlariam os fenômenos neotectônicos, o padrão de drenagem e a circulação de fluidos. Datação Ar-Ar de um fragmento máfico indicou uma idade de 69,4 ± 1,3 Ma, geocro-nologicamente compatível com a do poço 1-ESS-4, próximo à foz do Rio São Mateus. Novais etal. admitem que há uma interrelação entre a sequência vulcanoclástica da Fm. Abrolhos e sedimentos terciários da Fm. Rio Doce que próxima do contato com as vulcânicas, encontra-se totalmente silicificada ""cozida"". A Fm. Rio Doce corresponde a arenitos médios a muito grossos, quartzozos, feldspáticos, com cores cinza-esverdeadas, maciços ou com estratificações cruzadas. Os sedimentos são mal selecionados, pouco lamosos e extremamente litificados, com os grãos cimentados por sílica criptocristalina. Recentemente, Raposo etal. descrevem uma expressiva ocorrência de rochas piroclásticas ácidas, de provável idade fanerozoica, na região nordeste do estado de Minas Gerais. As rochas ocupam uma área de 75km de comprimento por 25km de largura, com direção NE-SW, cuja origem estaria, segundo os autores, relacionada à ruptura do Atlântico Sul. As rochas traquíticas e riolíticas, que ocorrem tanto na parte emersa quanto na parte submersa da bacia, podem estar relacionadas a dois mecanismos genéticos: 1) diferenciação do magmatismo básico de tendência alcalina de idade terciária; 2) fusão de crosta mais","uma expressiva ocorrência de rochas piroclásticas ácidas, de provável idade fanerozoica",962,1049
1439,georegis,"O que controlaria os fenômenos neotectônicos, o padrão de drenagem e a circulação de fluidos na região?","a uma descontinuidade crustal denominada Arco de São Mateus, que constituiria uma zona de profundas fissuras na crosta. As reativações posteriores desta estrutura controlariam os fenômenos neotectônicos, o padrão de drenagem e a circulação de fluidos. Datação Ar-Ar de um fragmento máfico indicou uma idade de 69,4 ± 1,3 Ma, geocro-nologicamente compatível com a do poço 1-ESS-4, próximo à foz do Rio São Mateus. Novais etal. admitem que há uma interrelação entre a sequência vulcanoclástica da Fm. Abrolhos e sedimentos terciários da Fm. Rio Doce que próxima do contato com as vulcânicas, encontra-se totalmente silicificada ""cozida"". A Fm. Rio Doce corresponde a arenitos médios a muito grossos, quartzozos, feldspáticos, com cores cinza-esverdeadas, maciços ou com estratificações cruzadas. Os sedimentos são mal selecionados, pouco lamosos e extremamente litificados, com os grãos cimentados por sílica criptocristalina. Recentemente, Raposo etal. descrevem uma expressiva ocorrência de rochas piroclásticas ácidas, de provável idade fanerozoica, na região nordeste do estado de Minas Gerais. As rochas ocupam uma área de 75km de comprimento por 25km de largura, com direção NE-SW, cuja origem estaria, segundo os autores, relacionada à ruptura do Atlântico Sul. As rochas traquíticas e riolíticas, que ocorrem tanto na parte emersa quanto na parte submersa da bacia, podem estar relacionadas a dois mecanismos genéticos: 1) diferenciação do magmatismo básico de tendência alcalina de idade terciária; 2) fusão de crosta mais","a uma descontinuidade crustal denominada Arco de São Mateus,",0,60
1440,georegis,Qual é a idade do fragmento máfico mencionado no texto?,"a uma descontinuidade crustal denominada Arco de São Mateus, que constituiria uma zona de profundas fissuras na crosta. As reativações posteriores desta estrutura controlariam os fenômenos neotectônicos, o padrão de drenagem e a circulação de fluidos. Datação Ar-Ar de um fragmento máfico indicou uma idade de 69,4 ± 1,3 Ma, geocro-nologicamente compatível com a do poço 1-ESS-4, próximo à foz do Rio São Mateus. Novais etal. admitem que há uma interrelação entre a sequência vulcanoclástica da Fm. Abrolhos e sedimentos terciários da Fm. Rio Doce que próxima do contato com as vulcânicas, encontra-se totalmente silicificada ""cozida"". A Fm. Rio Doce corresponde a arenitos médios a muito grossos, quartzozos, feldspáticos, com cores cinza-esverdeadas, maciços ou com estratificações cruzadas. Os sedimentos são mal selecionados, pouco lamosos e extremamente litificados, com os grãos cimentados por sílica criptocristalina. Recentemente, Raposo etal. descrevem uma expressiva ocorrência de rochas piroclásticas ácidas, de provável idade fanerozoica, na região nordeste do estado de Minas Gerais. As rochas ocupam uma área de 75km de comprimento por 25km de largura, com direção NE-SW, cuja origem estaria, segundo os autores, relacionada à ruptura do Atlântico Sul. As rochas traquíticas e riolíticas, que ocorrem tanto na parte emersa quanto na parte submersa da bacia, podem estar relacionadas a dois mecanismos genéticos: 1) diferenciação do magmatismo básico de tendência alcalina de idade terciária; 2) fusão de crosta mais","69,4 ± 1,3 Ma",310,323
1441,georegis,O que é a Fm. Rio Doce?,"a uma descontinuidade crustal denominada Arco de São Mateus, que constituiria uma zona de profundas fissuras na crosta. As reativações posteriores desta estrutura controlariam os fenômenos neotectônicos, o padrão de drenagem e a circulação de fluidos. Datação Ar-Ar de um fragmento máfico indicou uma idade de 69,4 ± 1,3 Ma, geocro-nologicamente compatível com a do poço 1-ESS-4, próximo à foz do Rio São Mateus. Novais etal. admitem que há uma interrelação entre a sequência vulcanoclástica da Fm. Abrolhos e sedimentos terciários da Fm. Rio Doce que próxima do contato com as vulcânicas, encontra-se totalmente silicificada ""cozida"". A Fm. Rio Doce corresponde a arenitos médios a muito grossos, quartzozos, feldspáticos, com cores cinza-esverdeadas, maciços ou com estratificações cruzadas. Os sedimentos são mal selecionados, pouco lamosos e extremamente litificados, com os grãos cimentados por sílica criptocristalina. Recentemente, Raposo etal. descrevem uma expressiva ocorrência de rochas piroclásticas ácidas, de provável idade fanerozoica, na região nordeste do estado de Minas Gerais. As rochas ocupam uma área de 75km de comprimento por 25km de largura, com direção NE-SW, cuja origem estaria, segundo os autores, relacionada à ruptura do Atlântico Sul. As rochas traquíticas e riolíticas, que ocorrem tanto na parte emersa quanto na parte submersa da bacia, podem estar relacionadas a dois mecanismos genéticos: 1) diferenciação do magmatismo básico de tendência alcalina de idade terciária; 2) fusão de crosta mais","arenitos médios a muito grossos, quartzozos, feldspáticos, com cores cinza-esverdeadas, maciços ou com estratificações cruzadas",665,792
1442,georegis,Como são os sedimentos da Fm. Rio Doce?,"a uma descontinuidade crustal denominada Arco de São Mateus, que constituiria uma zona de profundas fissuras na crosta. As reativações posteriores desta estrutura controlariam os fenômenos neotectônicos, o padrão de drenagem e a circulação de fluidos. Datação Ar-Ar de um fragmento máfico indicou uma idade de 69,4 ± 1,3 Ma, geocro-nologicamente compatível com a do poço 1-ESS-4, próximo à foz do Rio São Mateus. Novais etal. admitem que há uma interrelação entre a sequência vulcanoclástica da Fm. Abrolhos e sedimentos terciários da Fm. Rio Doce que próxima do contato com as vulcânicas, encontra-se totalmente silicificada ""cozida"". A Fm. Rio Doce corresponde a arenitos médios a muito grossos, quartzozos, feldspáticos, com cores cinza-esverdeadas, maciços ou com estratificações cruzadas. Os sedimentos são mal selecionados, pouco lamosos e extremamente litificados, com os grãos cimentados por sílica criptocristalina. Recentemente, Raposo etal. descrevem uma expressiva ocorrência de rochas piroclásticas ácidas, de provável idade fanerozoica, na região nordeste do estado de Minas Gerais. As rochas ocupam uma área de 75km de comprimento por 25km de largura, com direção NE-SW, cuja origem estaria, segundo os autores, relacionada à ruptura do Atlântico Sul. As rochas traquíticas e riolíticas, que ocorrem tanto na parte emersa quanto na parte submersa da bacia, podem estar relacionadas a dois mecanismos genéticos: 1) diferenciação do magmatismo básico de tendência alcalina de idade terciária; 2) fusão de crosta mais","mal selecionados, pouco lamosos e extremamente litificados, com os grãos cimentados por sílica criptocristalina",812,923
1443,georegis,Qual é a direção das rochas piroclásticas ácidas mencionadas por Raposo et al.?,"a uma descontinuidade crustal denominada Arco de São Mateus, que constituiria uma zona de profundas fissuras na crosta. As reativações posteriores desta estrutura controlariam os fenômenos neotectônicos, o padrão de drenagem e a circulação de fluidos. Datação Ar-Ar de um fragmento máfico indicou uma idade de 69,4 ± 1,3 Ma, geocro-nologicamente compatível com a do poço 1-ESS-4, próximo à foz do Rio São Mateus. Novais etal. admitem que há uma interrelação entre a sequência vulcanoclástica da Fm. Abrolhos e sedimentos terciários da Fm. Rio Doce que próxima do contato com as vulcânicas, encontra-se totalmente silicificada ""cozida"". A Fm. Rio Doce corresponde a arenitos médios a muito grossos, quartzozos, feldspáticos, com cores cinza-esverdeadas, maciços ou com estratificações cruzadas. Os sedimentos são mal selecionados, pouco lamosos e extremamente litificados, com os grãos cimentados por sílica criptocristalina. Recentemente, Raposo etal. descrevem uma expressiva ocorrência de rochas piroclásticas ácidas, de provável idade fanerozoica, na região nordeste do estado de Minas Gerais. As rochas ocupam uma área de 75km de comprimento por 25km de largura, com direção NE-SW, cuja origem estaria, segundo os autores, relacionada à ruptura do Atlântico Sul. As rochas traquíticas e riolíticas, que ocorrem tanto na parte emersa quanto na parte submersa da bacia, podem estar relacionadas a dois mecanismos genéticos: 1) diferenciação do magmatismo básico de tendência alcalina de idade terciária; 2) fusão de crosta mais",NE-SW,1179,1184
1444,georegis,Quem foi o responsável pela descoberta do campo de Tubarão?,"detentor do direito de exploração sob regime de contrato de risco, que perfurou apenas um poço e a considerou não atrativa, permitiu que no início de 1988 a PETROBRÁS descobrisse, com a perfuração do pioneiro 1-PRS-4, a acumulação de hidrocarbonetos do Campo de Tubarão. As rochas-reservatório encontram-se no topo da seqüência carbonáti- ca Guarujá Inferior, identificada a partir de -4 540 m. A coluna de hidrocarbonetos constatada foi de 255 m, e a grande surpresa foi o desenvolvimento de uma série de níveis estratigráficos com porosi-dades variando de 12% a 24% e permeabilidades de até 1 400 md, quando os valores preditivos de porosidade, em função do rearranjo e obliteração do espaço poroso, impostos pelo soterramento, deveríam situar-se em torno de 7%. A continuidade do processo exploratório permitiu identificar a constância das fácies potencial mente reservatórios, adotando-se a subdivisão em zonas produtoras diferenciadas proposta por Andrade e Saito. Utilizaram-se os códigos B1, B2 e B3, respectivamente, para os reservatórios da porção superior, média e inferior da acumulação. Uma série de marcos elétricos são reconhecidos e rastreados dentro do campo. Eles tém caráter cronoestratigráfico, o que permite","detentor do direito de exploração sob regime de contrato de risco, que perfurou apenas um poço e a considerou não atrativa, permitiu que no início de 1988 a PETROBRÁS descobrisse, com a perfuração do pioneiro 1-PRS-4, a acumulação de hidrocarbonetos do Campo de Tubarão. As",0,273
1445,georegis,Qual é a coluna de hidrocarbonetos constatada?,"detentor do direito de exploração sob regime de contrato de risco, que perfurou apenas um poço e a considerou não atrativa, permitiu que no início de 1988 a PETROBRÁS descobrisse, com a perfuração do pioneiro 1-PRS-4, a acumulação de hidrocarbonetos do Campo de Tubarão. As rochas-reservatório encontram-se no topo da seqüência carbonáti- ca Guarujá Inferior, identificada a partir de -4 540 m. A coluna de hidrocarbonetos constatada foi de 255 m, e a grande surpresa foi o desenvolvimento de uma série de níveis estratigráficos com porosi-dades variando de 12% a 24% e permeabilidades de até 1 400 md, quando os valores preditivos de porosidade, em função do rearranjo e obliteração do espaço poroso, impostos pelo soterramento, deveríam situar-se em torno de 7%. A continuidade do processo exploratório permitiu identificar a constância das fácies potencial mente reservatórios, adotando-se a subdivisão em zonas produtoras diferenciadas proposta por Andrade e Saito. Utilizaram-se os códigos B1, B2 e B3, respectivamente, para os reservatórios da porção superior, média e inferior da acumulação. Uma série de marcos elétricos são reconhecidos e rastreados dentro do campo. Eles tém caráter cronoestratigráfico, o que permite","255 m,",441,447
1446,georegis,O que foi adotado para identificar a constância dos reservatórios?,"detentor do direito de exploração sob regime de contrato de risco, que perfurou apenas um poço e a considerou não atrativa, permitiu que no início de 1988 a PETROBRÁS descobrisse, com a perfuração do pioneiro 1-PRS-4, a acumulação de hidrocarbonetos do Campo de Tubarão. As rochas-reservatório encontram-se no topo da seqüência carbonáti- ca Guarujá Inferior, identificada a partir de -4 540 m. A coluna de hidrocarbonetos constatada foi de 255 m, e a grande surpresa foi o desenvolvimento de uma série de níveis estratigráficos com porosi-dades variando de 12% a 24% e permeabilidades de até 1 400 md, quando os valores preditivos de porosidade, em função do rearranjo e obliteração do espaço poroso, impostos pelo soterramento, deveríam situar-se em torno de 7%. A continuidade do processo exploratório permitiu identificar a constância das fácies potencial mente reservatórios, adotando-se a subdivisão em zonas produtoras diferenciadas proposta por Andrade e Saito. Utilizaram-se os códigos B1, B2 e B3, respectivamente, para os reservatórios da porção superior, média e inferior da acumulação. Uma série de marcos elétricos são reconhecidos e rastreados dentro do campo. Eles tém caráter cronoestratigráfico, o que permite",a subdivisão em zonas produtoras diferenciadas,893,939
1447,georegis,Qual é a coluna de hidrocarbonetos constatada?,"detentor do direito de exploração sob regime de contrato de risco, que perfurou apenas um poço e a considerou não atrativa, permitiu que no início de 1988 a PETROBRÁS descobrisse, com a perfuração do pioneiro 1-PRS-4, a acumulação de hidrocarbonetos do Campo de Tubarão. As rochas-reservatório encontram-se no topo da seqüência carbonáti- ca Guarujá Inferior, identificada a partir de -4 540 m. A coluna de hidrocarbonetos constatada foi de 255 m, e a grande surpresa foi o desenvolvimento de uma série de níveis estratigráficos com porosi-dades variando de 12% a 24% e permeabilidades de até 1 400 md, quando os valores preditivos de porosidade, em função do rearranjo e obliteração do espaço poroso, impostos pelo soterramento, deveríam situar-se em torno de 7%. A continuidade do processo exploratório permitiu identificar a constância das fácies potencial mente reservatórios, adotando-se a subdivisão em zonas produtoras diferenciadas proposta por Andrade e Saito. Utilizaram-se os códigos B1, B2 e B3, respectivamente, para os reservatórios da porção superior, média e inferior da acumulação. Uma série de marcos elétricos são reconhecidos e rastreados dentro do campo. Eles tém caráter cronoestratigráfico, o que permite",255 m,441,446
1449,georegis,Qual é o tamanho da coluna de hidrocarbonetos constatada?,"detentor do direito de exploração sob regime de contrato de risco, que perfurou apenas um poço e a considerou não atrativa, permitiu que no início de 1988 a PETROBRÁS descobrisse, com a perfuração do pioneiro 1-PRS-4, a acumulação de hidrocarbonetos do Campo de Tubarão. As rochas-reservatório encontram-se no topo da seqüência carbonáti- ca Guarujá Inferior, identificada a partir de -4 540 m. A coluna de hidrocarbonetos constatada foi de 255 m, e a grande surpresa foi o desenvolvimento de uma série de níveis estratigráficos com porosi-dades variando de 12% a 24% e permeabilidades de até 1 400 md, quando os valores preditivos de porosidade, em função do rearranjo e obliteração do espaço poroso, impostos pelo soterramento, deveríam situar-se em torno de 7%. A continuidade do processo exploratório permitiu identificar a constância das fácies potencial mente reservatórios, adotando-se a subdivisão em zonas produtoras diferenciadas proposta por Andrade e Saito. Utilizaram-se os códigos B1, B2 e B3, respectivamente, para os reservatórios da porção superior, média e inferior da acumulação. Uma série de marcos elétricos são reconhecidos e rastreados dentro do campo. Eles tém caráter cronoestratigráfico, o que permite",255 m,441,446
1450,georegis,Qual é o caráter dos marcos elétricos?,"detentor do direito de exploração sob regime de contrato de risco, que perfurou apenas um poço e a considerou não atrativa, permitiu que no início de 1988 a PETROBRÁS descobrisse, com a perfuração do pioneiro 1-PRS-4, a acumulação de hidrocarbonetos do Campo de Tubarão. As rochas-reservatório encontram-se no topo da seqüência carbonáti- ca Guarujá Inferior, identificada a partir de -4 540 m. A coluna de hidrocarbonetos constatada foi de 255 m, e a grande surpresa foi o desenvolvimento de uma série de níveis estratigráficos com porosi-dades variando de 12% a 24% e permeabilidades de até 1 400 md, quando os valores preditivos de porosidade, em função do rearranjo e obliteração do espaço poroso, impostos pelo soterramento, deveríam situar-se em torno de 7%. A continuidade do processo exploratório permitiu identificar a constância das fácies potencial mente reservatórios, adotando-se a subdivisão em zonas produtoras diferenciadas proposta por Andrade e Saito. Utilizaram-se os códigos B1, B2 e B3, respectivamente, para os reservatórios da porção superior, média e inferior da acumulação. Uma série de marcos elétricos são reconhecidos e rastreados dentro do campo. Eles tém caráter cronoestratigráfico, o que permite",caráter cronoestratigráfico,1185,1212
1451,georegis,Qual foi o valor preditivo de porosidade previsto?,"detentor do direito de exploração sob regime de contrato de risco, que perfurou apenas um poço e a considerou não atrativa, permitiu que no início de 1988 a PETROBRÁS descobrisse, com a perfuração do pioneiro 1-PRS-4, a acumulação de hidrocarbonetos do Campo de Tubarão. As rochas-reservatório encontram-se no topo da seqüência carbonáti- ca Guarujá Inferior, identificada a partir de -4 540 m. A coluna de hidrocarbonetos constatada foi de 255 m, e a grande surpresa foi o desenvolvimento de uma série de níveis estratigráficos com porosi-dades variando de 12% a 24% e permeabilidades de até 1 400 md, quando os valores preditivos de porosidade, em função do rearranjo e obliteração do espaço poroso, impostos pelo soterramento, deveríam situar-se em torno de 7%. A continuidade do processo exploratório permitiu identificar a constância das fácies potencial mente reservatórios, adotando-se a subdivisão em zonas produtoras diferenciadas proposta por Andrade e Saito. Utilizaram-se os códigos B1, B2 e B3, respectivamente, para os reservatórios da porção superior, média e inferior da acumulação. Uma série de marcos elétricos são reconhecidos e rastreados dentro do campo. Eles tém caráter cronoestratigráfico, o que permite",7%,761,763
1452,georegis,Quantos poços a PETROBRÁS perfurou sob contrato de contrato de risco?,"detentor do direito de exploração sob regime de contrato de risco, que perfurou apenas um poço e a considerou não atrativa, permitiu que no início de 1988 a PETROBRÁS descobrisse, com a perfuração do pioneiro 1-PRS-4, a acumulação de hidrocarbonetos do Campo de Tubarão. As rochas-reservatório encontram-se no topo da seqüência carbonáti- ca Guarujá Inferior, identificada a partir de -4 540 m. A coluna de hidrocarbonetos constatada foi de 255 m, e a grande surpresa foi o desenvolvimento de uma série de níveis estratigráficos com porosi-dades variando de 12% a 24% e permeabilidades de até 1 400 md, quando os valores preditivos de porosidade, em função do rearranjo e obliteração do espaço poroso, impostos pelo soterramento, deveríam situar-se em torno de 7%. A continuidade do processo exploratório permitiu identificar a constância das fácies potencial mente reservatórios, adotando-se a subdivisão em zonas produtoras diferenciadas proposta por Andrade e Saito. Utilizaram-se os códigos B1, B2 e B3, respectivamente, para os reservatórios da porção superior, média e inferior da acumulação. Uma série de marcos elétricos são reconhecidos e rastreados dentro do campo. Eles tém caráter cronoestratigráfico, o que permite",um,87,89
1453,georegis,Quem propôs a subdivisão em zonas produtoras diferenciadas?,"detentor do direito de exploração sob regime de contrato de risco, que perfurou apenas um poço e a considerou não atrativa, permitiu que no início de 1988 a PETROBRÁS descobrisse, com a perfuração do pioneiro 1-PRS-4, a acumulação de hidrocarbonetos do Campo de Tubarão. As rochas-reservatório encontram-se no topo da seqüência carbonáti- ca Guarujá Inferior, identificada a partir de -4 540 m. A coluna de hidrocarbonetos constatada foi de 255 m, e a grande surpresa foi o desenvolvimento de uma série de níveis estratigráficos com porosi-dades variando de 12% a 24% e permeabilidades de até 1 400 md, quando os valores preditivos de porosidade, em função do rearranjo e obliteração do espaço poroso, impostos pelo soterramento, deveríam situar-se em torno de 7%. A continuidade do processo exploratório permitiu identificar a constância das fácies potencial mente reservatórios, adotando-se a subdivisão em zonas produtoras diferenciadas proposta por Andrade e Saito. Utilizaram-se os códigos B1, B2 e B3, respectivamente, para os reservatórios da porção superior, média e inferior da acumulação. Uma série de marcos elétricos são reconhecidos e rastreados dentro do campo. Eles tém caráter cronoestratigráfico, o que permite",Andrade e Saito,953,968
1454,georegis,O que a PETROBRÁS descobriu com o poço pioneiro 1 - PRS - 4?,"detentor do direito de exploração sob regime de contrato de risco, que perfurou apenas um poço e a considerou não atrativa, permitiu que no início de 1988 a PETROBRÁS descobrisse, com a perfuração do pioneiro 1-PRS-4, a acumulação de hidrocarbonetos do Campo de Tubarão. As rochas-reservatório encontram-se no topo da seqüência carbonáti- ca Guarujá Inferior, identificada a partir de -4 540 m. A coluna de hidrocarbonetos constatada foi de 255 m, e a grande surpresa foi o desenvolvimento de uma série de níveis estratigráficos com porosi-dades variando de 12% a 24% e permeabilidades de até 1 400 md, quando os valores preditivos de porosidade, em função do rearranjo e obliteração do espaço poroso, impostos pelo soterramento, deveríam situar-se em torno de 7%. A continuidade do processo exploratório permitiu identificar a constância das fácies potencial mente reservatórios, adotando-se a subdivisão em zonas produtoras diferenciadas proposta por Andrade e Saito. Utilizaram-se os códigos B1, B2 e B3, respectivamente, para os reservatórios da porção superior, média e inferior da acumulação. Uma série de marcos elétricos são reconhecidos e rastreados dentro do campo. Eles tém caráter cronoestratigráfico, o que permite",a acumulação de hidrocarbonetos do Campo de Tubarão,218,269
1456,georegis,Onde as rochas do reservatório de Tubarão se encontram?,"detentor do direito de exploração sob regime de contrato de risco, que perfurou apenas um poço e a considerou não atrativa, permitiu que no início de 1988 a PETROBRÁS descobrisse, com a perfuração do pioneiro 1-PRS-4, a acumulação de hidrocarbonetos do Campo de Tubarão. As rochas-reservatório encontram-se no topo da seqüência carbonáti- ca Guarujá Inferior, identificada a partir de -4 540 m. A coluna de hidrocarbonetos constatada foi de 255 m, e a grande surpresa foi o desenvolvimento de uma série de níveis estratigráficos com porosi-dades variando de 12% a 24% e permeabilidades de até 1 400 md, quando os valores preditivos de porosidade, em função do rearranjo e obliteração do espaço poroso, impostos pelo soterramento, deveríam situar-se em torno de 7%. A continuidade do processo exploratório permitiu identificar a constância das fácies potencial mente reservatórios, adotando-se a subdivisão em zonas produtoras diferenciadas proposta por Andrade e Saito. Utilizaram-se os códigos B1, B2 e B3, respectivamente, para os reservatórios da porção superior, média e inferior da acumulação. Uma série de marcos elétricos são reconhecidos e rastreados dentro do campo. Eles tém caráter cronoestratigráfico, o que permite",Guarujá Inferior,342,358
1457,georegis,O que os marcos elétricos têm?,"detentor do direito de exploração sob regime de contrato de risco, que perfurou apenas um poço e a considerou não atrativa, permitiu que no início de 1988 a PETROBRÁS descobrisse, com a perfuração do pioneiro 1-PRS-4, a acumulação de hidrocarbonetos do Campo de Tubarão. As rochas-reservatório encontram-se no topo da seqüência carbonáti- ca Guarujá Inferior, identificada a partir de -4 540 m. A coluna de hidrocarbonetos constatada foi de 255 m, e a grande surpresa foi o desenvolvimento de uma série de níveis estratigráficos com porosi-dades variando de 12% a 24% e permeabilidades de até 1 400 md, quando os valores preditivos de porosidade, em função do rearranjo e obliteração do espaço poroso, impostos pelo soterramento, deveríam situar-se em torno de 7%. A continuidade do processo exploratório permitiu identificar a constância das fácies potencial mente reservatórios, adotando-se a subdivisão em zonas produtoras diferenciadas proposta por Andrade e Saito. Utilizaram-se os códigos B1, B2 e B3, respectivamente, para os reservatórios da porção superior, média e inferior da acumulação. Uma série de marcos elétricos são reconhecidos e rastreados dentro do campo. Eles tém caráter cronoestratigráfico, o que permite",caráter cronoestratigráfico,1185,1212
1458,georegis,Qual foi o valor preditivo de porosidade?,"detentor do direito de exploração sob regime de contrato de risco, que perfurou apenas um poço e a considerou não atrativa, permitiu que no início de 1988 a PETROBRÁS descobrisse, com a perfuração do pioneiro 1-PRS-4, a acumulação de hidrocarbonetos do Campo de Tubarão. As rochas-reservatório encontram-se no topo da seqüência carbonáti- ca Guarujá Inferior, identificada a partir de -4 540 m. A coluna de hidrocarbonetos constatada foi de 255 m, e a grande surpresa foi o desenvolvimento de uma série de níveis estratigráficos com porosi-dades variando de 12% a 24% e permeabilidades de até 1 400 md, quando os valores preditivos de porosidade, em função do rearranjo e obliteração do espaço poroso, impostos pelo soterramento, deveríam situar-se em torno de 7%. A continuidade do processo exploratório permitiu identificar a constância das fácies potencial mente reservatórios, adotando-se a subdivisão em zonas produtoras diferenciadas proposta por Andrade e Saito. Utilizaram-se os códigos B1, B2 e B3, respectivamente, para os reservatórios da porção superior, média e inferior da acumulação. Uma série de marcos elétricos são reconhecidos e rastreados dentro do campo. Eles tém caráter cronoestratigráfico, o que permite",7%,761,763
1459,georegis,Quantos poços a PETROBRÁS perfurava sob regime de contrato de risco?,"detentor do direito de exploração sob regime de contrato de risco, que perfurou apenas um poço e a considerou não atrativa, permitiu que no início de 1988 a PETROBRÁS descobrisse, com a perfuração do pioneiro 1-PRS-4, a acumulação de hidrocarbonetos do Campo de Tubarão. As rochas-reservatório encontram-se no topo da seqüência carbonáti- ca Guarujá Inferior, identificada a partir de -4 540 m. A coluna de hidrocarbonetos constatada foi de 255 m, e a grande surpresa foi o desenvolvimento de uma série de níveis estratigráficos com porosi-dades variando de 12% a 24% e permeabilidades de até 1 400 md, quando os valores preditivos de porosidade, em função do rearranjo e obliteração do espaço poroso, impostos pelo soterramento, deveríam situar-se em torno de 7%. A continuidade do processo exploratório permitiu identificar a constância das fácies potencial mente reservatórios, adotando-se a subdivisão em zonas produtoras diferenciadas proposta por Andrade e Saito. Utilizaram-se os códigos B1, B2 e B3, respectivamente, para os reservatórios da porção superior, média e inferior da acumulação. Uma série de marcos elétricos são reconhecidos e rastreados dentro do campo. Eles tém caráter cronoestratigráfico, o que permite",um,87,89
1462,georegis,O que a PETROBRÁS descobriu com o primeiro poço?,"detentor do direito de exploração sob regime de contrato de risco, que perfurou apenas um poço e a considerou não atrativa, permitiu que no início de 1988 a PETROBRÁS descobrisse, com a perfuração do pioneiro 1-PRS-4, a acumulação de hidrocarbonetos do Campo de Tubarão. As rochas-reservatório encontram-se no topo da seqüência carbonáti- ca Guarujá Inferior, identificada a partir de -4 540 m. A coluna de hidrocarbonetos constatada foi de 255 m, e a grande surpresa foi o desenvolvimento de uma série de níveis estratigráficos com porosi-dades variando de 12% a 24% e permeabilidades de até 1 400 md, quando os valores preditivos de porosidade, em função do rearranjo e obliteração do espaço poroso, impostos pelo soterramento, deveríam situar-se em torno de 7%. A continuidade do processo exploratório permitiu identificar a constância das fácies potencial mente reservatórios, adotando-se a subdivisão em zonas produtoras diferenciadas proposta por Andrade e Saito. Utilizaram-se os códigos B1, B2 e B3, respectivamente, para os reservatórios da porção superior, média e inferior da acumulação. Uma série de marcos elétricos são reconhecidos e rastreados dentro do campo. Eles tém caráter cronoestratigráfico, o que permite",a acumulação de hidrocarbonetos do Campo de Tubarão,218,269
1464,georegis,O que a continuidade do processo de exploração permitiu identificar a constância?,"detentor do direito de exploração sob regime de contrato de risco, que perfurou apenas um poço e a considerou não atrativa, permitiu que no início de 1988 a PETROBRÁS descobrisse, com a perfuração do pioneiro 1-PRS-4, a acumulação de hidrocarbonetos do Campo de Tubarão. As rochas-reservatório encontram-se no topo da seqüência carbonáti- ca Guarujá Inferior, identificada a partir de -4 540 m. A coluna de hidrocarbonetos constatada foi de 255 m, e a grande surpresa foi o desenvolvimento de uma série de níveis estratigráficos com porosi-dades variando de 12% a 24% e permeabilidades de até 1 400 md, quando os valores preditivos de porosidade, em função do rearranjo e obliteração do espaço poroso, impostos pelo soterramento, deveríam situar-se em torno de 7%. A continuidade do processo exploratório permitiu identificar a constância das fácies potencial mente reservatórios, adotando-se a subdivisão em zonas produtoras diferenciadas proposta por Andrade e Saito. Utilizaram-se os códigos B1, B2 e B3, respectivamente, para os reservatórios da porção superior, média e inferior da acumulação. Uma série de marcos elétricos são reconhecidos e rastreados dentro do campo. Eles tém caráter cronoestratigráfico, o que permite",reservatórios,866,879
1465,georegis,Quantos poços foram perfurados na acumulação de hidrocarbonetos do Campo de Tubarão?,"detentor do direito de exploração sob regime de contrato de risco, que perfurou apenas um poço e a considerou não atrativa, permitiu que no início de 1988 a PETROBRÁS descobrisse, com a perfuração do pioneiro 1-PRS-4, a acumulação de hidrocarbonetos do Campo de Tubarão. As rochas-reservatório encontram-se no topo da seqüência carbonáti- ca Guarujá Inferior, identificada a partir de -4 540 m. A coluna de hidrocarbonetos constatada foi de 255 m, e a grande surpresa foi o desenvolvimento de uma série de níveis estratigráficos com porosi-dades variando de 12% a 24% e permeabilidades de até 1 400 md, quando os valores preditivos de porosidade, em função do rearranjo e obliteração do espaço poroso, impostos pelo soterramento, deveríam situar-se em torno de 7%. A continuidade do processo exploratório permitiu identificar a constância das fácies potencial mente reservatórios, adotando-se a subdivisão em zonas produtoras diferenciadas proposta por Andrade e Saito. Utilizaram-se os códigos B1, B2 e B3, respectivamente, para os reservatórios da porção superior, média e inferior da acumulação. Uma série de marcos elétricos são reconhecidos e rastreados dentro do campo. Eles tém caráter cronoestratigráfico, o que permite",um,87,89
1466,georegis,Quantos poços a PETROBRÁS perfurava no início de 1988?,"detentor do direito de exploração sob regime de contrato de risco, que perfurou apenas um poço e a considerou não atrativa, permitiu que no início de 1988 a PETROBRÁS descobrisse, com a perfuração do pioneiro 1-PRS-4, a acumulação de hidrocarbonetos do Campo de Tubarão. As rochas-reservatório encontram-se no topo da seqüência carbonáti- ca Guarujá Inferior, identificada a partir de -4 540 m. A coluna de hidrocarbonetos constatada foi de 255 m, e a grande surpresa foi o desenvolvimento de uma série de níveis estratigráficos com porosi-dades variando de 12% a 24% e permeabilidades de até 1 400 md, quando os valores preditivos de porosidade, em função do rearranjo e obliteração do espaço poroso, impostos pelo soterramento, deveríam situar-se em torno de 7%. A continuidade do processo exploratório permitiu identificar a constância das fácies potencial mente reservatórios, adotando-se a subdivisão em zonas produtoras diferenciadas proposta por Andrade e Saito. Utilizaram-se os códigos B1, B2 e B3, respectivamente, para os reservatórios da porção superior, média e inferior da acumulação. Uma série de marcos elétricos são reconhecidos e rastreados dentro do campo. Eles tém caráter cronoestratigráfico, o que permite",um,87,89
1467,georegis,Quem descobriu a acumulação de hidrocarbonetos do Campo de Tubarão?,"detentor do direito de exploração sob regime de contrato de risco, que perfurou apenas um poço e a considerou não atrativa, permitiu que no início de 1988 a PETROBRÁS descobrisse, com a perfuração do pioneiro 1-PRS-4, a acumulação de hidrocarbonetos do Campo de Tubarão. As rochas-reservatório encontram-se no topo da seqüência carbonáti- ca Guarujá Inferior, identificada a partir de -4 540 m. A coluna de hidrocarbonetos constatada foi de 255 m, e a grande surpresa foi o desenvolvimento de uma série de níveis estratigráficos com porosi-dades variando de 12% a 24% e permeabilidades de até 1 400 md, quando os valores preditivos de porosidade, em função do rearranjo e obliteração do espaço poroso, impostos pelo soterramento, deveríam situar-se em torno de 7%. A continuidade do processo exploratório permitiu identificar a constância das fácies potencial mente reservatórios, adotando-se a subdivisão em zonas produtoras diferenciadas proposta por Andrade e Saito. Utilizaram-se os códigos B1, B2 e B3, respectivamente, para os reservatórios da porção superior, média e inferior da acumulação. Uma série de marcos elétricos são reconhecidos e rastreados dentro do campo. Eles tém caráter cronoestratigráfico, o que permite",a PETROBRÁS,155,166
1468,georegis,A que profundidade foram identificadas as rochas-reservatório do Campo de Tubarão?,"detentor do direito de exploração sob regime de contrato de risco, que perfurou apenas um poço e a considerou não atrativa, permitiu que no início de 1988 a PETROBRÁS descobrisse, com a perfuração do pioneiro 1-PRS-4, a acumulação de hidrocarbonetos do Campo de Tubarão. As rochas-reservatório encontram-se no topo da seqüência carbonáti- ca Guarujá Inferior, identificada a partir de -4 540 m. A coluna de hidrocarbonetos constatada foi de 255 m, e a grande surpresa foi o desenvolvimento de uma série de níveis estratigráficos com porosi-dades variando de 12% a 24% e permeabilidades de até 1 400 md, quando os valores preditivos de porosidade, em função do rearranjo e obliteração do espaço poroso, impostos pelo soterramento, deveríam situar-se em torno de 7%. A continuidade do processo exploratório permitiu identificar a constância das fácies potencial mente reservatórios, adotando-se a subdivisão em zonas produtoras diferenciadas proposta por Andrade e Saito. Utilizaram-se os códigos B1, B2 e B3, respectivamente, para os reservatórios da porção superior, média e inferior da acumulação. Uma série de marcos elétricos são reconhecidos e rastreados dentro do campo. Eles tém caráter cronoestratigráfico, o que permite",a partir de -4 540 m,373,393
1469,georegis,Qual foi a coluna de hidrocarbonetos constatada no Campo de Tubarão?,"detentor do direito de exploração sob regime de contrato de risco, que perfurou apenas um poço e a considerou não atrativa, permitiu que no início de 1988 a PETROBRÁS descobrisse, com a perfuração do pioneiro 1-PRS-4, a acumulação de hidrocarbonetos do Campo de Tubarão. As rochas-reservatório encontram-se no topo da seqüência carbonáti- ca Guarujá Inferior, identificada a partir de -4 540 m. A coluna de hidrocarbonetos constatada foi de 255 m, e a grande surpresa foi o desenvolvimento de uma série de níveis estratigráficos com porosi-dades variando de 12% a 24% e permeabilidades de até 1 400 md, quando os valores preditivos de porosidade, em função do rearranjo e obliteração do espaço poroso, impostos pelo soterramento, deveríam situar-se em torno de 7%. A continuidade do processo exploratório permitiu identificar a constância das fácies potencial mente reservatórios, adotando-se a subdivisão em zonas produtoras diferenciadas proposta por Andrade e Saito. Utilizaram-se os códigos B1, B2 e B3, respectivamente, para os reservatórios da porção superior, média e inferior da acumulação. Uma série de marcos elétricos são reconhecidos e rastreados dentro do campo. Eles tém caráter cronoestratigráfico, o que permite",255 m,441,446
1471,georegis,"Quais códigos foram utilizados para os reservatórios da porção superior, média e inferior da acumulação no Campo de Tubarão?","detentor do direito de exploração sob regime de contrato de risco, que perfurou apenas um poço e a considerou não atrativa, permitiu que no início de 1988 a PETROBRÁS descobrisse, com a perfuração do pioneiro 1-PRS-4, a acumulação de hidrocarbonetos do Campo de Tubarão. As rochas-reservatório encontram-se no topo da seqüência carbonáti- ca Guarujá Inferior, identificada a partir de -4 540 m. A coluna de hidrocarbonetos constatada foi de 255 m, e a grande surpresa foi o desenvolvimento de uma série de níveis estratigráficos com porosi-dades variando de 12% a 24% e permeabilidades de até 1 400 md, quando os valores preditivos de porosidade, em função do rearranjo e obliteração do espaço poroso, impostos pelo soterramento, deveríam situar-se em torno de 7%. A continuidade do processo exploratório permitiu identificar a constância das fácies potencial mente reservatórios, adotando-se a subdivisão em zonas produtoras diferenciadas proposta por Andrade e Saito. Utilizaram-se os códigos B1, B2 e B3, respectivamente, para os reservatórios da porção superior, média e inferior da acumulação. Uma série de marcos elétricos são reconhecidos e rastreados dentro do campo. Eles tém caráter cronoestratigráfico, o que permite","B1, B2 e B3",995,1006
1472,georegis,Quem descobriu a acumulação de hidrocarbonetos do Campo de Tubarão?,"detentor do direito de exploração sob regime de contrato de risco, que perfurou apenas um poço e a considerou não atrativa, permitiu que no início de 1988 a PETROBRÁS descobrisse, com a perfuração do pioneiro 1-PRS-4, a acumulação de hidrocarbonetos do Campo de Tubarão. As rochas-reservatório encontram-se no topo da seqüência carbonáti- ca Guarujá Inferior, identificada a partir de -4 540 m. A coluna de hidrocarbonetos constatada foi de 255 m, e a grande surpresa foi o desenvolvimento de uma série de níveis estratigráficos com porosi-dades variando de 12% a 24% e permeabilidades de até 1 400 md, quando os valores preditivos de porosidade, em função do rearranjo e obliteração do espaço poroso, impostos pelo soterramento, deveríam situar-se em torno de 7%. A continuidade do processo exploratório permitiu identificar a constância das fácies potencial mente reservatórios, adotando-se a subdivisão em zonas produtoras diferenciadas proposta por Andrade e Saito. Utilizaram-se os códigos B1, B2 e B3, respectivamente, para os reservatórios da porção superior, média e inferior da acumulação. Uma série de marcos elétricos são reconhecidos e rastreados dentro do campo. Eles tém caráter cronoestratigráfico, o que permite",PETROBRÁS,157,166
1473,georegis,Em que profundidade foi identificada a seqüência carbonática Guarujá Inferior?,"detentor do direito de exploração sob regime de contrato de risco, que perfurou apenas um poço e a considerou não atrativa, permitiu que no início de 1988 a PETROBRÁS descobrisse, com a perfuração do pioneiro 1-PRS-4, a acumulação de hidrocarbonetos do Campo de Tubarão. As rochas-reservatório encontram-se no topo da seqüência carbonáti- ca Guarujá Inferior, identificada a partir de -4 540 m. A coluna de hidrocarbonetos constatada foi de 255 m, e a grande surpresa foi o desenvolvimento de uma série de níveis estratigráficos com porosi-dades variando de 12% a 24% e permeabilidades de até 1 400 md, quando os valores preditivos de porosidade, em função do rearranjo e obliteração do espaço poroso, impostos pelo soterramento, deveríam situar-se em torno de 7%. A continuidade do processo exploratório permitiu identificar a constância das fácies potencial mente reservatórios, adotando-se a subdivisão em zonas produtoras diferenciadas proposta por Andrade e Saito. Utilizaram-se os códigos B1, B2 e B3, respectivamente, para os reservatórios da porção superior, média e inferior da acumulação. Uma série de marcos elétricos são reconhecidos e rastreados dentro do campo. Eles tém caráter cronoestratigráfico, o que permite",-4 540 m,385,393
1474,georegis,Qual é a extensão da coluna de hidrocarbonetos encontrada no Campo de Tubarão?,"detentor do direito de exploração sob regime de contrato de risco, que perfurou apenas um poço e a considerou não atrativa, permitiu que no início de 1988 a PETROBRÁS descobrisse, com a perfuração do pioneiro 1-PRS-4, a acumulação de hidrocarbonetos do Campo de Tubarão. As rochas-reservatório encontram-se no topo da seqüência carbonáti- ca Guarujá Inferior, identificada a partir de -4 540 m. A coluna de hidrocarbonetos constatada foi de 255 m, e a grande surpresa foi o desenvolvimento de uma série de níveis estratigráficos com porosi-dades variando de 12% a 24% e permeabilidades de até 1 400 md, quando os valores preditivos de porosidade, em função do rearranjo e obliteração do espaço poroso, impostos pelo soterramento, deveríam situar-se em torno de 7%. A continuidade do processo exploratório permitiu identificar a constância das fácies potencial mente reservatórios, adotando-se a subdivisão em zonas produtoras diferenciadas proposta por Andrade e Saito. Utilizaram-se os códigos B1, B2 e B3, respectivamente, para os reservatórios da porção superior, média e inferior da acumulação. Uma série de marcos elétricos são reconhecidos e rastreados dentro do campo. Eles tém caráter cronoestratigráfico, o que permite",255 m,441,446
1475,georegis,Quais são os valores preditivos de porosidade para as rochas-reservatório do Campo de Tubarão?,"detentor do direito de exploração sob regime de contrato de risco, que perfurou apenas um poço e a considerou não atrativa, permitiu que no início de 1988 a PETROBRÁS descobrisse, com a perfuração do pioneiro 1-PRS-4, a acumulação de hidrocarbonetos do Campo de Tubarão. As rochas-reservatório encontram-se no topo da seqüência carbonáti- ca Guarujá Inferior, identificada a partir de -4 540 m. A coluna de hidrocarbonetos constatada foi de 255 m, e a grande surpresa foi o desenvolvimento de uma série de níveis estratigráficos com porosi-dades variando de 12% a 24% e permeabilidades de até 1 400 md, quando os valores preditivos de porosidade, em função do rearranjo e obliteração do espaço poroso, impostos pelo soterramento, deveríam situar-se em torno de 7%. A continuidade do processo exploratório permitiu identificar a constância das fácies potencial mente reservatórios, adotando-se a subdivisão em zonas produtoras diferenciadas proposta por Andrade e Saito. Utilizaram-se os códigos B1, B2 e B3, respectivamente, para os reservatórios da porção superior, média e inferior da acumulação. Uma série de marcos elétricos são reconhecidos e rastreados dentro do campo. Eles tém caráter cronoestratigráfico, o que permite",em torno de 7%,749,763
1476,georegis,Como os reservatórios do Campo de Tubarão foram subdivididos?,"detentor do direito de exploração sob regime de contrato de risco, que perfurou apenas um poço e a considerou não atrativa, permitiu que no início de 1988 a PETROBRÁS descobrisse, com a perfuração do pioneiro 1-PRS-4, a acumulação de hidrocarbonetos do Campo de Tubarão. As rochas-reservatório encontram-se no topo da seqüência carbonáti- ca Guarujá Inferior, identificada a partir de -4 540 m. A coluna de hidrocarbonetos constatada foi de 255 m, e a grande surpresa foi o desenvolvimento de uma série de níveis estratigráficos com porosi-dades variando de 12% a 24% e permeabilidades de até 1 400 md, quando os valores preditivos de porosidade, em função do rearranjo e obliteração do espaço poroso, impostos pelo soterramento, deveríam situar-se em torno de 7%. A continuidade do processo exploratório permitiu identificar a constância das fácies potencial mente reservatórios, adotando-se a subdivisão em zonas produtoras diferenciadas proposta por Andrade e Saito. Utilizaram-se os códigos B1, B2 e B3, respectivamente, para os reservatórios da porção superior, média e inferior da acumulação. Uma série de marcos elétricos são reconhecidos e rastreados dentro do campo. Eles tém caráter cronoestratigráfico, o que permite","Utilizaram-se os códigos B1, B2 e B3,",970,1007
1477,georegis,Qual é o termo usado para descrever a geologia das seqüências fanerozóicas ocorrentes dentro das fronteiras da Bacia do São Francisco?,"A geologia das seqüências fanerozóicas ocorrentes dentro dos limites da Bacia do São Francisco foi revista de maneira abrangente e objetiva por Sgarbi et al.. Estes autores utilizam o termo Bacia Sanfranciscana para o registro sedimentar/ vulcânico fanerozóico da Bacia do São Francisco. A litoestratigrafia, espessuras, interpretações paleoam-bientais e idades dessas unidades aqui apresentadas na carta estratigráfica, e o breve texto descritivo que segue adiante, foram totalmente baseadas nos trabalhos desses autores. O Grupo Santa Fé é o único remanescente erosional paleozóico de coberturas intracratônicas mais amplas, que eventualmente existiram sobre a bacia ligando as Bacias do Paraná e do Parnaíba. Seus diamictitos/tilitos/fácies tilóides e folhelhos com dropstones basais apontam para uma unidade crono-correlata aos sedimentos permocarboníferos glaciais do Grupo Itararé da Bacia do Paraná. Três unidades cretácicas, de natureza continental formam chapadas e tabuleiros na Bacia do São Francisco. O Grupo Areado representa paleoambien-tes lacustres assoreados por arenitos flúvio-deltaicos, fluviais diversos e eólicos. O ambiente tectônico prevalente durante a sua sedimentação foi distensional, provável reflexo intracontinental do quebramento do Supercontinente Gondwana exatamente nessa época. O Grupo Mata da Corda inicia-se com extrusão de rochas vulcânicas e subvulcânicas kamafugíticas datadas em torno de 90-80 Ma, coincidentes em tempo com o início do magmatismo alcalino da região sudeste do Brasil. Intrusões",Bacia Sanfranciscana,190,210
1478,georegis,Qual grupo é o único remanescente erosional paleozóico de coberturas intracratônicas mais amplas?,"A geologia das seqüências fanerozóicas ocorrentes dentro dos limites da Bacia do São Francisco foi revista de maneira abrangente e objetiva por Sgarbi et al.. Estes autores utilizam o termo Bacia Sanfranciscana para o registro sedimentar/ vulcânico fanerozóico da Bacia do São Francisco. A litoestratigrafia, espessuras, interpretações paleoam-bientais e idades dessas unidades aqui apresentadas na carta estratigráfica, e o breve texto descritivo que segue adiante, foram totalmente baseadas nos trabalhos desses autores. O Grupo Santa Fé é o único remanescente erosional paleozóico de coberturas intracratônicas mais amplas, que eventualmente existiram sobre a bacia ligando as Bacias do Paraná e do Parnaíba. Seus diamictitos/tilitos/fácies tilóides e folhelhos com dropstones basais apontam para uma unidade crono-correlata aos sedimentos permocarboníferos glaciais do Grupo Itararé da Bacia do Paraná. Três unidades cretácicas, de natureza continental formam chapadas e tabuleiros na Bacia do São Francisco. O Grupo Areado representa paleoambien-tes lacustres assoreados por arenitos flúvio-deltaicos, fluviais diversos e eólicos. O ambiente tectônico prevalente durante a sua sedimentação foi distensional, provável reflexo intracontinental do quebramento do Supercontinente Gondwana exatamente nessa época. O Grupo Mata da Corda inicia-se com extrusão de rochas vulcânicas e subvulcânicas kamafugíticas datadas em torno de 90-80 Ma, coincidentes em tempo com o início do magmatismo alcalino da região sudeste do Brasil. Intrusões",Grupo Santa Fé,525,539
1479,georegis,Quantas unidades cretácicas formam chapadas e tabuleiros na Bacia do São Francisco?,"A geologia das seqüências fanerozóicas ocorrentes dentro dos limites da Bacia do São Francisco foi revista de maneira abrangente e objetiva por Sgarbi et al.. Estes autores utilizam o termo Bacia Sanfranciscana para o registro sedimentar/ vulcânico fanerozóico da Bacia do São Francisco. A litoestratigrafia, espessuras, interpretações paleoam-bientais e idades dessas unidades aqui apresentadas na carta estratigráfica, e o breve texto descritivo que segue adiante, foram totalmente baseadas nos trabalhos desses autores. O Grupo Santa Fé é o único remanescente erosional paleozóico de coberturas intracratônicas mais amplas, que eventualmente existiram sobre a bacia ligando as Bacias do Paraná e do Parnaíba. Seus diamictitos/tilitos/fácies tilóides e folhelhos com dropstones basais apontam para uma unidade crono-correlata aos sedimentos permocarboníferos glaciais do Grupo Itararé da Bacia do Paraná. Três unidades cretácicas, de natureza continental formam chapadas e tabuleiros na Bacia do São Francisco. O Grupo Areado representa paleoambien-tes lacustres assoreados por arenitos flúvio-deltaicos, fluviais diversos e eólicos. O ambiente tectônico prevalente durante a sua sedimentação foi distensional, provável reflexo intracontinental do quebramento do Supercontinente Gondwana exatamente nessa época. O Grupo Mata da Corda inicia-se com extrusão de rochas vulcânicas e subvulcânicas kamafugíticas datadas em torno de 90-80 Ma, coincidentes em tempo com o início do magmatismo alcalino da região sudeste do Brasil. Intrusões",Três,907,911
1480,georegis,Que grupo foi quebrado durante a sedimentação do Grupo Areado?,"A geologia das seqüências fanerozóicas ocorrentes dentro dos limites da Bacia do São Francisco foi revista de maneira abrangente e objetiva por Sgarbi et al.. Estes autores utilizam o termo Bacia Sanfranciscana para o registro sedimentar/ vulcânico fanerozóico da Bacia do São Francisco. A litoestratigrafia, espessuras, interpretações paleoam-bientais e idades dessas unidades aqui apresentadas na carta estratigráfica, e o breve texto descritivo que segue adiante, foram totalmente baseadas nos trabalhos desses autores. O Grupo Santa Fé é o único remanescente erosional paleozóico de coberturas intracratônicas mais amplas, que eventualmente existiram sobre a bacia ligando as Bacias do Paraná e do Parnaíba. Seus diamictitos/tilitos/fácies tilóides e folhelhos com dropstones basais apontam para uma unidade crono-correlata aos sedimentos permocarboníferos glaciais do Grupo Itararé da Bacia do Paraná. Três unidades cretácicas, de natureza continental formam chapadas e tabuleiros na Bacia do São Francisco. O Grupo Areado representa paleoambien-tes lacustres assoreados por arenitos flúvio-deltaicos, fluviais diversos e eólicos. O ambiente tectônico prevalente durante a sua sedimentação foi distensional, provável reflexo intracontinental do quebramento do Supercontinente Gondwana exatamente nessa época. O Grupo Mata da Corda inicia-se com extrusão de rochas vulcânicas e subvulcânicas kamafugíticas datadas em torno de 90-80 Ma, coincidentes em tempo com o início do magmatismo alcalino da região sudeste do Brasil. Intrusões",Supercontinente Gondwana,1265,1289
1481,georegis,Que estudo foi realizado em Sgarbi et al.?,"A geologia das seqüências fanerozóicas ocorrentes dentro dos limites da Bacia do São Francisco foi revista de maneira abrangente e objetiva por Sgarbi et al.. Estes autores utilizam o termo Bacia Sanfranciscana para o registro sedimentar/ vulcânico fanerozóico da Bacia do São Francisco. A litoestratigrafia, espessuras, interpretações paleoam-bientais e idades dessas unidades aqui apresentadas na carta estratigráfica, e o breve texto descritivo que segue adiante, foram totalmente baseadas nos trabalhos desses autores. O Grupo Santa Fé é o único remanescente erosional paleozóico de coberturas intracratônicas mais amplas, que eventualmente existiram sobre a bacia ligando as Bacias do Paraná e do Parnaíba. Seus diamictitos/tilitos/fácies tilóides e folhelhos com dropstones basais apontam para uma unidade crono-correlata aos sedimentos permocarboníferos glaciais do Grupo Itararé da Bacia do Paraná. Três unidades cretácicas, de natureza continental formam chapadas e tabuleiros na Bacia do São Francisco. O Grupo Areado representa paleoambien-tes lacustres assoreados por arenitos flúvio-deltaicos, fluviais diversos e eólicos. O ambiente tectônico prevalente durante a sua sedimentação foi distensional, provável reflexo intracontinental do quebramento do Supercontinente Gondwana exatamente nessa época. O Grupo Mata da Corda inicia-se com extrusão de rochas vulcânicas e subvulcânicas kamafugíticas datadas em torno de 90-80 Ma, coincidentes em tempo com o início do magmatismo alcalino da região sudeste do Brasil. Intrusões",A geologia das seqüências fanerozóicas ocorrentes dentro dos limites da Bacia do São Francisco,0,94
1482,georegis,Qual é o termo usado para descrever o registro geológico fanerozóico da Bacia do São Francisco?,"A geologia das seqüências fanerozóicas ocorrentes dentro dos limites da Bacia do São Francisco foi revista de maneira abrangente e objetiva por Sgarbi et al.. Estes autores utilizam o termo Bacia Sanfranciscana para o registro sedimentar/ vulcânico fanerozóico da Bacia do São Francisco. A litoestratigrafia, espessuras, interpretações paleoam-bientais e idades dessas unidades aqui apresentadas na carta estratigráfica, e o breve texto descritivo que segue adiante, foram totalmente baseadas nos trabalhos desses autores. O Grupo Santa Fé é o único remanescente erosional paleozóico de coberturas intracratônicas mais amplas, que eventualmente existiram sobre a bacia ligando as Bacias do Paraná e do Parnaíba. Seus diamictitos/tilitos/fácies tilóides e folhelhos com dropstones basais apontam para uma unidade crono-correlata aos sedimentos permocarboníferos glaciais do Grupo Itararé da Bacia do Paraná. Três unidades cretácicas, de natureza continental formam chapadas e tabuleiros na Bacia do São Francisco. O Grupo Areado representa paleoambien-tes lacustres assoreados por arenitos flúvio-deltaicos, fluviais diversos e eólicos. O ambiente tectônico prevalente durante a sua sedimentação foi distensional, provável reflexo intracontinental do quebramento do Supercontinente Gondwana exatamente nessa época. O Grupo Mata da Corda inicia-se com extrusão de rochas vulcânicas e subvulcânicas kamafugíticas datadas em torno de 90-80 Ma, coincidentes em tempo com o início do magmatismo alcalino da região sudeste do Brasil. Intrusões",Bacia Sanfranciscana,190,210
1483,georegis,Qual grupo é o único remanescente erosional paleozóico que possui coberturas intracratônicas mais amplas?,"A geologia das seqüências fanerozóicas ocorrentes dentro dos limites da Bacia do São Francisco foi revista de maneira abrangente e objetiva por Sgarbi et al.. Estes autores utilizam o termo Bacia Sanfranciscana para o registro sedimentar/ vulcânico fanerozóico da Bacia do São Francisco. A litoestratigrafia, espessuras, interpretações paleoam-bientais e idades dessas unidades aqui apresentadas na carta estratigráfica, e o breve texto descritivo que segue adiante, foram totalmente baseadas nos trabalhos desses autores. O Grupo Santa Fé é o único remanescente erosional paleozóico de coberturas intracratônicas mais amplas, que eventualmente existiram sobre a bacia ligando as Bacias do Paraná e do Parnaíba. Seus diamictitos/tilitos/fácies tilóides e folhelhos com dropstones basais apontam para uma unidade crono-correlata aos sedimentos permocarboníferos glaciais do Grupo Itararé da Bacia do Paraná. Três unidades cretácicas, de natureza continental formam chapadas e tabuleiros na Bacia do São Francisco. O Grupo Areado representa paleoambien-tes lacustres assoreados por arenitos flúvio-deltaicos, fluviais diversos e eólicos. O ambiente tectônico prevalente durante a sua sedimentação foi distensional, provável reflexo intracontinental do quebramento do Supercontinente Gondwana exatamente nessa época. O Grupo Mata da Corda inicia-se com extrusão de rochas vulcânicas e subvulcânicas kamafugíticas datadas em torno de 90-80 Ma, coincidentes em tempo com o início do magmatismo alcalino da região sudeste do Brasil. Intrusões",Grupo Santa Fé,525,539
1485,georegis,Qual é a única seqüência erosional paleozóica que existe em toda a bacia?,"A geologia das seqüências fanerozóicas ocorrentes dentro dos limites da Bacia do São Francisco foi revista de maneira abrangente e objetiva por Sgarbi et al.. Estes autores utilizam o termo Bacia Sanfranciscana para o registro sedimentar/ vulcânico fanerozóico da Bacia do São Francisco. A litoestratigrafia, espessuras, interpretações paleoam-bientais e idades dessas unidades aqui apresentadas na carta estratigráfica, e o breve texto descritivo que segue adiante, foram totalmente baseadas nos trabalhos desses autores. O Grupo Santa Fé é o único remanescente erosional paleozóico de coberturas intracratônicas mais amplas, que eventualmente existiram sobre a bacia ligando as Bacias do Paraná e do Parnaíba. Seus diamictitos/tilitos/fácies tilóides e folhelhos com dropstones basais apontam para uma unidade crono-correlata aos sedimentos permocarboníferos glaciais do Grupo Itararé da Bacia do Paraná. Três unidades cretácicas, de natureza continental formam chapadas e tabuleiros na Bacia do São Francisco. O Grupo Areado representa paleoambien-tes lacustres assoreados por arenitos flúvio-deltaicos, fluviais diversos e eólicos. O ambiente tectônico prevalente durante a sua sedimentação foi distensional, provável reflexo intracontinental do quebramento do Supercontinente Gondwana exatamente nessa época. O Grupo Mata da Corda inicia-se com extrusão de rochas vulcânicas e subvulcânicas kamafugíticas datadas em torno de 90-80 Ma, coincidentes em tempo com o início do magmatismo alcalino da região sudeste do Brasil. Intrusões",O Grupo Santa Fé,523,539
1486,georegis,Qual grupo é o único remanescente erosional paleozóico que possui coberturas intracratônicas mais amplas?,"A geologia das seqüências fanerozóicas ocorrentes dentro dos limites da Bacia do São Francisco foi revista de maneira abrangente e objetiva por Sgarbi et al.. Estes autores utilizam o termo Bacia Sanfranciscana para o registro sedimentar/ vulcânico fanerozóico da Bacia do São Francisco. A litoestratigrafia, espessuras, interpretações paleoam-bientais e idades dessas unidades aqui apresentadas na carta estratigráfica, e o breve texto descritivo que segue adiante, foram totalmente baseadas nos trabalhos desses autores. O Grupo Santa Fé é o único remanescente erosional paleozóico de coberturas intracratônicas mais amplas, que eventualmente existiram sobre a bacia ligando as Bacias do Paraná e do Parnaíba. Seus diamictitos/tilitos/fácies tilóides e folhelhos com dropstones basais apontam para uma unidade crono-correlata aos sedimentos permocarboníferos glaciais do Grupo Itararé da Bacia do Paraná. Três unidades cretácicas, de natureza continental formam chapadas e tabuleiros na Bacia do São Francisco. O Grupo Areado representa paleoambien-tes lacustres assoreados por arenitos flúvio-deltaicos, fluviais diversos e eólicos. O ambiente tectônico prevalente durante a sua sedimentação foi distensional, provável reflexo intracontinental do quebramento do Supercontinente Gondwana exatamente nessa época. O Grupo Mata da Corda inicia-se com extrusão de rochas vulcânicas e subvulcânicas kamafugíticas datadas em torno de 90-80 Ma, coincidentes em tempo com o início do magmatismo alcalino da região sudeste do Brasil. Intrusões",O Grupo Santa Fé,523,539
1487,georegis,Qual é o nome da seqüência fanerozóica da Bacia do São Francisco?,"A geologia das seqüências fanerozóicas ocorrentes dentro dos limites da Bacia do São Francisco foi revista de maneira abrangente e objetiva por Sgarbi et al.. Estes autores utilizam o termo Bacia Sanfranciscana para o registro sedimentar/ vulcânico fanerozóico da Bacia do São Francisco. A litoestratigrafia, espessuras, interpretações paleoam-bientais e idades dessas unidades aqui apresentadas na carta estratigráfica, e o breve texto descritivo que segue adiante, foram totalmente baseadas nos trabalhos desses autores. O Grupo Santa Fé é o único remanescente erosional paleozóico de coberturas intracratônicas mais amplas, que eventualmente existiram sobre a bacia ligando as Bacias do Paraná e do Parnaíba. Seus diamictitos/tilitos/fácies tilóides e folhelhos com dropstones basais apontam para uma unidade crono-correlata aos sedimentos permocarboníferos glaciais do Grupo Itararé da Bacia do Paraná. Três unidades cretácicas, de natureza continental formam chapadas e tabuleiros na Bacia do São Francisco. O Grupo Areado representa paleoambien-tes lacustres assoreados por arenitos flúvio-deltaicos, fluviais diversos e eólicos. O ambiente tectônico prevalente durante a sua sedimentação foi distensional, provável reflexo intracontinental do quebramento do Supercontinente Gondwana exatamente nessa época. O Grupo Mata da Corda inicia-se com extrusão de rochas vulcânicas e subvulcânicas kamafugíticas datadas em torno de 90-80 Ma, coincidentes em tempo com o início do magmatismo alcalino da região sudeste do Brasil. Intrusões",Bacia Sanfranciscana,190,210
1488,georegis,Quem escreveu a geologia das seqüências fanerozóicas?,"A geologia das seqüências fanerozóicas ocorrentes dentro dos limites da Bacia do São Francisco foi revista de maneira abrangente e objetiva por Sgarbi et al.. Estes autores utilizam o termo Bacia Sanfranciscana para o registro sedimentar/ vulcânico fanerozóico da Bacia do São Francisco. A litoestratigrafia, espessuras, interpretações paleoam-bientais e idades dessas unidades aqui apresentadas na carta estratigráfica, e o breve texto descritivo que segue adiante, foram totalmente baseadas nos trabalhos desses autores. O Grupo Santa Fé é o único remanescente erosional paleozóico de coberturas intracratônicas mais amplas, que eventualmente existiram sobre a bacia ligando as Bacias do Paraná e do Parnaíba. Seus diamictitos/tilitos/fácies tilóides e folhelhos com dropstones basais apontam para uma unidade crono-correlata aos sedimentos permocarboníferos glaciais do Grupo Itararé da Bacia do Paraná. Três unidades cretácicas, de natureza continental formam chapadas e tabuleiros na Bacia do São Francisco. O Grupo Areado representa paleoambien-tes lacustres assoreados por arenitos flúvio-deltaicos, fluviais diversos e eólicos. O ambiente tectônico prevalente durante a sua sedimentação foi distensional, provável reflexo intracontinental do quebramento do Supercontinente Gondwana exatamente nessa época. O Grupo Mata da Corda inicia-se com extrusão de rochas vulcânicas e subvulcânicas kamafugíticas datadas em torno de 90-80 Ma, coincidentes em tempo com o início do magmatismo alcalino da região sudeste do Brasil. Intrusões",Sgarbi et al.,144,157
1489,georegis,Que tipo de ambiente tectônico prevalecia durante a sedimentação do Grupo Areado?,"A geologia das seqüências fanerozóicas ocorrentes dentro dos limites da Bacia do São Francisco foi revista de maneira abrangente e objetiva por Sgarbi et al.. Estes autores utilizam o termo Bacia Sanfranciscana para o registro sedimentar/ vulcânico fanerozóico da Bacia do São Francisco. A litoestratigrafia, espessuras, interpretações paleoam-bientais e idades dessas unidades aqui apresentadas na carta estratigráfica, e o breve texto descritivo que segue adiante, foram totalmente baseadas nos trabalhos desses autores. O Grupo Santa Fé é o único remanescente erosional paleozóico de coberturas intracratônicas mais amplas, que eventualmente existiram sobre a bacia ligando as Bacias do Paraná e do Parnaíba. Seus diamictitos/tilitos/fácies tilóides e folhelhos com dropstones basais apontam para uma unidade crono-correlata aos sedimentos permocarboníferos glaciais do Grupo Itararé da Bacia do Paraná. Três unidades cretácicas, de natureza continental formam chapadas e tabuleiros na Bacia do São Francisco. O Grupo Areado representa paleoambien-tes lacustres assoreados por arenitos flúvio-deltaicos, fluviais diversos e eólicos. O ambiente tectônico prevalente durante a sua sedimentação foi distensional, provável reflexo intracontinental do quebramento do Supercontinente Gondwana exatamente nessa época. O Grupo Mata da Corda inicia-se com extrusão de rochas vulcânicas e subvulcânicas kamafugíticas datadas em torno de 90-80 Ma, coincidentes em tempo com o início do magmatismo alcalino da região sudeste do Brasil. Intrusões",distensional,1199,1211
1491,georegis,Qual é o único remanescente paleozóico de coberturas intracratônicas mais amplas?,"A geologia das seqüências fanerozóicas ocorrentes dentro dos limites da Bacia do São Francisco foi revista de maneira abrangente e objetiva por Sgarbi et al.. Estes autores utilizam o termo Bacia Sanfranciscana para o registro sedimentar/ vulcânico fanerozóico da Bacia do São Francisco. A litoestratigrafia, espessuras, interpretações paleoam-bientais e idades dessas unidades aqui apresentadas na carta estratigráfica, e o breve texto descritivo que segue adiante, foram totalmente baseadas nos trabalhos desses autores. O Grupo Santa Fé é o único remanescente erosional paleozóico de coberturas intracratônicas mais amplas, que eventualmente existiram sobre a bacia ligando as Bacias do Paraná e do Parnaíba. Seus diamictitos/tilitos/fácies tilóides e folhelhos com dropstones basais apontam para uma unidade crono-correlata aos sedimentos permocarboníferos glaciais do Grupo Itararé da Bacia do Paraná. Três unidades cretácicas, de natureza continental formam chapadas e tabuleiros na Bacia do São Francisco. O Grupo Areado representa paleoambien-tes lacustres assoreados por arenitos flúvio-deltaicos, fluviais diversos e eólicos. O ambiente tectônico prevalente durante a sua sedimentação foi distensional, provável reflexo intracontinental do quebramento do Supercontinente Gondwana exatamente nessa época. O Grupo Mata da Corda inicia-se com extrusão de rochas vulcânicas e subvulcânicas kamafugíticas datadas em torno de 90-80 Ma, coincidentes em tempo com o início do magmatismo alcalino da região sudeste do Brasil. Intrusões",O Grupo Santa Fé,523,539
1492,georegis,Qual grupo começa com extrusão de rochas vulcânicas e subvulcânicas kamafugíticas datadas em torno de 90 a 80 Ma?,"A geologia das seqüências fanerozóicas ocorrentes dentro dos limites da Bacia do São Francisco foi revista de maneira abrangente e objetiva por Sgarbi et al.. Estes autores utilizam o termo Bacia Sanfranciscana para o registro sedimentar/ vulcânico fanerozóico da Bacia do São Francisco. A litoestratigrafia, espessuras, interpretações paleoam-bientais e idades dessas unidades aqui apresentadas na carta estratigráfica, e o breve texto descritivo que segue adiante, foram totalmente baseadas nos trabalhos desses autores. O Grupo Santa Fé é o único remanescente erosional paleozóico de coberturas intracratônicas mais amplas, que eventualmente existiram sobre a bacia ligando as Bacias do Paraná e do Parnaíba. Seus diamictitos/tilitos/fácies tilóides e folhelhos com dropstones basais apontam para uma unidade crono-correlata aos sedimentos permocarboníferos glaciais do Grupo Itararé da Bacia do Paraná. Três unidades cretácicas, de natureza continental formam chapadas e tabuleiros na Bacia do São Francisco. O Grupo Areado representa paleoambien-tes lacustres assoreados por arenitos flúvio-deltaicos, fluviais diversos e eólicos. O ambiente tectônico prevalente durante a sua sedimentação foi distensional, provável reflexo intracontinental do quebramento do Supercontinente Gondwana exatamente nessa época. O Grupo Mata da Corda inicia-se com extrusão de rochas vulcânicas e subvulcânicas kamafugíticas datadas em torno de 90-80 Ma, coincidentes em tempo com o início do magmatismo alcalino da região sudeste do Brasil. Intrusões",Grupo Mata da Corda,1316,1335
1493,georegis,Qual é o termo para o registro sedimentar fanerozóico da Bacia do São Francisco?,"A geologia das seqüências fanerozóicas ocorrentes dentro dos limites da Bacia do São Francisco foi revista de maneira abrangente e objetiva por Sgarbi et al.. Estes autores utilizam o termo Bacia Sanfranciscana para o registro sedimentar/ vulcânico fanerozóico da Bacia do São Francisco. A litoestratigrafia, espessuras, interpretações paleoam-bientais e idades dessas unidades aqui apresentadas na carta estratigráfica, e o breve texto descritivo que segue adiante, foram totalmente baseadas nos trabalhos desses autores. O Grupo Santa Fé é o único remanescente erosional paleozóico de coberturas intracratônicas mais amplas, que eventualmente existiram sobre a bacia ligando as Bacias do Paraná e do Parnaíba. Seus diamictitos/tilitos/fácies tilóides e folhelhos com dropstones basais apontam para uma unidade crono-correlata aos sedimentos permocarboníferos glaciais do Grupo Itararé da Bacia do Paraná. Três unidades cretácicas, de natureza continental formam chapadas e tabuleiros na Bacia do São Francisco. O Grupo Areado representa paleoambien-tes lacustres assoreados por arenitos flúvio-deltaicos, fluviais diversos e eólicos. O ambiente tectônico prevalente durante a sua sedimentação foi distensional, provável reflexo intracontinental do quebramento do Supercontinente Gondwana exatamente nessa época. O Grupo Mata da Corda inicia-se com extrusão de rochas vulcânicas e subvulcânicas kamafugíticas datadas em torno de 90-80 Ma, coincidentes em tempo com o início do magmatismo alcalino da região sudeste do Brasil. Intrusões",Bacia Sanfranciscana,190,210
1494,georegis,Quem revisou a geologia das seqüências fanerozóicas da Bacia do São Francisco?,"A geologia das seqüências fanerozóicas ocorrentes dentro dos limites da Bacia do São Francisco foi revista de maneira abrangente e objetiva por Sgarbi et al.. Estes autores utilizam o termo Bacia Sanfranciscana para o registro sedimentar/ vulcânico fanerozóico da Bacia do São Francisco. A litoestratigrafia, espessuras, interpretações paleoam-bientais e idades dessas unidades aqui apresentadas na carta estratigráfica, e o breve texto descritivo que segue adiante, foram totalmente baseadas nos trabalhos desses autores. O Grupo Santa Fé é o único remanescente erosional paleozóico de coberturas intracratônicas mais amplas, que eventualmente existiram sobre a bacia ligando as Bacias do Paraná e do Parnaíba. Seus diamictitos/tilitos/fácies tilóides e folhelhos com dropstones basais apontam para uma unidade crono-correlata aos sedimentos permocarboníferos glaciais do Grupo Itararé da Bacia do Paraná. Três unidades cretácicas, de natureza continental formam chapadas e tabuleiros na Bacia do São Francisco. O Grupo Areado representa paleoambien-tes lacustres assoreados por arenitos flúvio-deltaicos, fluviais diversos e eólicos. O ambiente tectônico prevalente durante a sua sedimentação foi distensional, provável reflexo intracontinental do quebramento do Supercontinente Gondwana exatamente nessa época. O Grupo Mata da Corda inicia-se com extrusão de rochas vulcânicas e subvulcânicas kamafugíticas datadas em torno de 90-80 Ma, coincidentes em tempo com o início do magmatismo alcalino da região sudeste do Brasil. Intrusões",Sgarbi et al.,144,157
1495,georegis,Qual foi o ambiente tectônico prevalente durante a sedimentação do Grupo Areado?,"A geologia das seqüências fanerozóicas ocorrentes dentro dos limites da Bacia do São Francisco foi revista de maneira abrangente e objetiva por Sgarbi et al.. Estes autores utilizam o termo Bacia Sanfranciscana para o registro sedimentar/ vulcânico fanerozóico da Bacia do São Francisco. A litoestratigrafia, espessuras, interpretações paleoam-bientais e idades dessas unidades aqui apresentadas na carta estratigráfica, e o breve texto descritivo que segue adiante, foram totalmente baseadas nos trabalhos desses autores. O Grupo Santa Fé é o único remanescente erosional paleozóico de coberturas intracratônicas mais amplas, que eventualmente existiram sobre a bacia ligando as Bacias do Paraná e do Parnaíba. Seus diamictitos/tilitos/fácies tilóides e folhelhos com dropstones basais apontam para uma unidade crono-correlata aos sedimentos permocarboníferos glaciais do Grupo Itararé da Bacia do Paraná. Três unidades cretácicas, de natureza continental formam chapadas e tabuleiros na Bacia do São Francisco. O Grupo Areado representa paleoambien-tes lacustres assoreados por arenitos flúvio-deltaicos, fluviais diversos e eólicos. O ambiente tectônico prevalente durante a sua sedimentação foi distensional, provável reflexo intracontinental do quebramento do Supercontinente Gondwana exatamente nessa época. O Grupo Mata da Corda inicia-se com extrusão de rochas vulcânicas e subvulcânicas kamafugíticas datadas em torno de 90-80 Ma, coincidentes em tempo com o início do magmatismo alcalino da região sudeste do Brasil. Intrusões",distensional,1199,1211
1496,georegis,Qual grupo iniciou - se com extrusão de rochas vulcânicas e subvulcânicas kamafugíticas datadas em torno de 90 - 80 Ma?,"A geologia das seqüências fanerozóicas ocorrentes dentro dos limites da Bacia do São Francisco foi revista de maneira abrangente e objetiva por Sgarbi et al.. Estes autores utilizam o termo Bacia Sanfranciscana para o registro sedimentar/ vulcânico fanerozóico da Bacia do São Francisco. A litoestratigrafia, espessuras, interpretações paleoam-bientais e idades dessas unidades aqui apresentadas na carta estratigráfica, e o breve texto descritivo que segue adiante, foram totalmente baseadas nos trabalhos desses autores. O Grupo Santa Fé é o único remanescente erosional paleozóico de coberturas intracratônicas mais amplas, que eventualmente existiram sobre a bacia ligando as Bacias do Paraná e do Parnaíba. Seus diamictitos/tilitos/fácies tilóides e folhelhos com dropstones basais apontam para uma unidade crono-correlata aos sedimentos permocarboníferos glaciais do Grupo Itararé da Bacia do Paraná. Três unidades cretácicas, de natureza continental formam chapadas e tabuleiros na Bacia do São Francisco. O Grupo Areado representa paleoambien-tes lacustres assoreados por arenitos flúvio-deltaicos, fluviais diversos e eólicos. O ambiente tectônico prevalente durante a sua sedimentação foi distensional, provável reflexo intracontinental do quebramento do Supercontinente Gondwana exatamente nessa época. O Grupo Mata da Corda inicia-se com extrusão de rochas vulcânicas e subvulcânicas kamafugíticas datadas em torno de 90-80 Ma, coincidentes em tempo com o início do magmatismo alcalino da região sudeste do Brasil. Intrusões",O Grupo Mata da Corda,1314,1335
1497,georegis,Qual é o único remanescente erosional paleozóico de coberturas intracratônicas mais amplas que eventualmente existiu na Bacia do São Francisco?,"A geologia das seqüências fanerozóicas ocorrentes dentro dos limites da Bacia do São Francisco foi revista de maneira abrangente e objetiva por Sgarbi et al.. Estes autores utilizam o termo Bacia Sanfranciscana para o registro sedimentar/ vulcânico fanerozóico da Bacia do São Francisco. A litoestratigrafia, espessuras, interpretações paleoam-bientais e idades dessas unidades aqui apresentadas na carta estratigráfica, e o breve texto descritivo que segue adiante, foram totalmente baseadas nos trabalhos desses autores. O Grupo Santa Fé é o único remanescente erosional paleozóico de coberturas intracratônicas mais amplas, que eventualmente existiram sobre a bacia ligando as Bacias do Paraná e do Parnaíba. Seus diamictitos/tilitos/fácies tilóides e folhelhos com dropstones basais apontam para uma unidade crono-correlata aos sedimentos permocarboníferos glaciais do Grupo Itararé da Bacia do Paraná. Três unidades cretácicas, de natureza continental formam chapadas e tabuleiros na Bacia do São Francisco. O Grupo Areado representa paleoambien-tes lacustres assoreados por arenitos flúvio-deltaicos, fluviais diversos e eólicos. O ambiente tectônico prevalente durante a sua sedimentação foi distensional, provável reflexo intracontinental do quebramento do Supercontinente Gondwana exatamente nessa época. O Grupo Mata da Corda inicia-se com extrusão de rochas vulcânicas e subvulcânicas kamafugíticas datadas em torno de 90-80 Ma, coincidentes em tempo com o início do magmatismo alcalino da região sudeste do Brasil. Intrusões",O Grupo Santa Fé,523,539
1498,georegis,Qual grupo iniciou - se com extrusão de rochas vulcânicas e subvulcânicas kamafugíticas datadas em torno de 90 - 80 Ma?,"A geologia das seqüências fanerozóicas ocorrentes dentro dos limites da Bacia do São Francisco foi revista de maneira abrangente e objetiva por Sgarbi et al.. Estes autores utilizam o termo Bacia Sanfranciscana para o registro sedimentar/ vulcânico fanerozóico da Bacia do São Francisco. A litoestratigrafia, espessuras, interpretações paleoam-bientais e idades dessas unidades aqui apresentadas na carta estratigráfica, e o breve texto descritivo que segue adiante, foram totalmente baseadas nos trabalhos desses autores. O Grupo Santa Fé é o único remanescente erosional paleozóico de coberturas intracratônicas mais amplas, que eventualmente existiram sobre a bacia ligando as Bacias do Paraná e do Parnaíba. Seus diamictitos/tilitos/fácies tilóides e folhelhos com dropstones basais apontam para uma unidade crono-correlata aos sedimentos permocarboníferos glaciais do Grupo Itararé da Bacia do Paraná. Três unidades cretácicas, de natureza continental formam chapadas e tabuleiros na Bacia do São Francisco. O Grupo Areado representa paleoambien-tes lacustres assoreados por arenitos flúvio-deltaicos, fluviais diversos e eólicos. O ambiente tectônico prevalente durante a sua sedimentação foi distensional, provável reflexo intracontinental do quebramento do Supercontinente Gondwana exatamente nessa época. O Grupo Mata da Corda inicia-se com extrusão de rochas vulcânicas e subvulcânicas kamafugíticas datadas em torno de 90-80 Ma, coincidentes em tempo com o início do magmatismo alcalino da região sudeste do Brasil. Intrusões",Grupo Mata da Corda,1316,1335
1499,georegis,Quais autores utilizam o termo Bacia Sanfranciscana para o registro sedimentar/vulcânico fanerozóico da Bacia do São Francisco?,"A geologia das seqüências fanerozóicas ocorrentes dentro dos limites da Bacia do São Francisco foi revista de maneira abrangente e objetiva por Sgarbi et al.. Estes autores utilizam o termo Bacia Sanfranciscana para o registro sedimentar/ vulcânico fanerozóico da Bacia do São Francisco. A litoestratigrafia, espessuras, interpretações paleoam-bientais e idades dessas unidades aqui apresentadas na carta estratigráfica, e o breve texto descritivo que segue adiante, foram totalmente baseadas nos trabalhos desses autores. O Grupo Santa Fé é o único remanescente erosional paleozóico de coberturas intracratônicas mais amplas, que eventualmente existiram sobre a bacia ligando as Bacias do Paraná e do Parnaíba. Seus diamictitos/tilitos/fácies tilóides e folhelhos com dropstones basais apontam para uma unidade crono-correlata aos sedimentos permocarboníferos glaciais do Grupo Itararé da Bacia do Paraná. Três unidades cretácicas, de natureza continental formam chapadas e tabuleiros na Bacia do São Francisco. O Grupo Areado representa paleoambien-tes lacustres assoreados por arenitos flúvio-deltaicos, fluviais diversos e eólicos. O ambiente tectônico prevalente durante a sua sedimentação foi distensional, provável reflexo intracontinental do quebramento do Supercontinente Gondwana exatamente nessa época. O Grupo Mata da Corda inicia-se com extrusão de rochas vulcânicas e subvulcânicas kamafugíticas datadas em torno de 90-80 Ma, coincidentes em tempo com o início do magmatismo alcalino da região sudeste do Brasil. Intrusões",Sgarbi et al.,144,157
1500,georegis,O que o Grupo Santa Fé representa na geologia da Bacia do São Francisco?,"A geologia das seqüências fanerozóicas ocorrentes dentro dos limites da Bacia do São Francisco foi revista de maneira abrangente e objetiva por Sgarbi et al.. Estes autores utilizam o termo Bacia Sanfranciscana para o registro sedimentar/ vulcânico fanerozóico da Bacia do São Francisco. A litoestratigrafia, espessuras, interpretações paleoam-bientais e idades dessas unidades aqui apresentadas na carta estratigráfica, e o breve texto descritivo que segue adiante, foram totalmente baseadas nos trabalhos desses autores. O Grupo Santa Fé é o único remanescente erosional paleozóico de coberturas intracratônicas mais amplas, que eventualmente existiram sobre a bacia ligando as Bacias do Paraná e do Parnaíba. Seus diamictitos/tilitos/fácies tilóides e folhelhos com dropstones basais apontam para uma unidade crono-correlata aos sedimentos permocarboníferos glaciais do Grupo Itararé da Bacia do Paraná. Três unidades cretácicas, de natureza continental formam chapadas e tabuleiros na Bacia do São Francisco. O Grupo Areado representa paleoambien-tes lacustres assoreados por arenitos flúvio-deltaicos, fluviais diversos e eólicos. O ambiente tectônico prevalente durante a sua sedimentação foi distensional, provável reflexo intracontinental do quebramento do Supercontinente Gondwana exatamente nessa época. O Grupo Mata da Corda inicia-se com extrusão de rochas vulcânicas e subvulcânicas kamafugíticas datadas em torno de 90-80 Ma, coincidentes em tempo com o início do magmatismo alcalino da região sudeste do Brasil. Intrusões",o único remanescente erosional paleozóico de coberturas intracratônicas mais amplas,542,625
1501,georegis,Qual a natureza das três unidades cretácicas que formam chapadas e tabuleiros na Bacia do São Francisco?,"A geologia das seqüências fanerozóicas ocorrentes dentro dos limites da Bacia do São Francisco foi revista de maneira abrangente e objetiva por Sgarbi et al.. Estes autores utilizam o termo Bacia Sanfranciscana para o registro sedimentar/ vulcânico fanerozóico da Bacia do São Francisco. A litoestratigrafia, espessuras, interpretações paleoam-bientais e idades dessas unidades aqui apresentadas na carta estratigráfica, e o breve texto descritivo que segue adiante, foram totalmente baseadas nos trabalhos desses autores. O Grupo Santa Fé é o único remanescente erosional paleozóico de coberturas intracratônicas mais amplas, que eventualmente existiram sobre a bacia ligando as Bacias do Paraná e do Parnaíba. Seus diamictitos/tilitos/fácies tilóides e folhelhos com dropstones basais apontam para uma unidade crono-correlata aos sedimentos permocarboníferos glaciais do Grupo Itararé da Bacia do Paraná. Três unidades cretácicas, de natureza continental formam chapadas e tabuleiros na Bacia do São Francisco. O Grupo Areado representa paleoambien-tes lacustres assoreados por arenitos flúvio-deltaicos, fluviais diversos e eólicos. O ambiente tectônico prevalente durante a sua sedimentação foi distensional, provável reflexo intracontinental do quebramento do Supercontinente Gondwana exatamente nessa época. O Grupo Mata da Corda inicia-se com extrusão de rochas vulcânicas e subvulcânicas kamafugíticas datadas em torno de 90-80 Ma, coincidentes em tempo com o início do magmatismo alcalino da região sudeste do Brasil. Intrusões",de natureza continental,933,956
1502,georegis,Qual o ambiente tectônico prevalente durante a sedimentação do Grupo Areado na Bacia do São Francisco?,"A geologia das seqüências fanerozóicas ocorrentes dentro dos limites da Bacia do São Francisco foi revista de maneira abrangente e objetiva por Sgarbi et al.. Estes autores utilizam o termo Bacia Sanfranciscana para o registro sedimentar/ vulcânico fanerozóico da Bacia do São Francisco. A litoestratigrafia, espessuras, interpretações paleoam-bientais e idades dessas unidades aqui apresentadas na carta estratigráfica, e o breve texto descritivo que segue adiante, foram totalmente baseadas nos trabalhos desses autores. O Grupo Santa Fé é o único remanescente erosional paleozóico de coberturas intracratônicas mais amplas, que eventualmente existiram sobre a bacia ligando as Bacias do Paraná e do Parnaíba. Seus diamictitos/tilitos/fácies tilóides e folhelhos com dropstones basais apontam para uma unidade crono-correlata aos sedimentos permocarboníferos glaciais do Grupo Itararé da Bacia do Paraná. Três unidades cretácicas, de natureza continental formam chapadas e tabuleiros na Bacia do São Francisco. O Grupo Areado representa paleoambien-tes lacustres assoreados por arenitos flúvio-deltaicos, fluviais diversos e eólicos. O ambiente tectônico prevalente durante a sua sedimentação foi distensional, provável reflexo intracontinental do quebramento do Supercontinente Gondwana exatamente nessa época. O Grupo Mata da Corda inicia-se com extrusão de rochas vulcânicas e subvulcânicas kamafugíticas datadas em torno de 90-80 Ma, coincidentes em tempo com o início do magmatismo alcalino da região sudeste do Brasil. Intrusões",distensional,1199,1211
1504,georegis,Quais autores revisaram a geologia das seqüências fanerozóicas da Bacia do São Francisco de maneira abrangente?,"A geologia das seqüências fanerozóicas ocorrentes dentro dos limites da Bacia do São Francisco foi revista de maneira abrangente e objetiva por Sgarbi et al.. Estes autores utilizam o termo Bacia Sanfranciscana para o registro sedimentar/ vulcânico fanerozóico da Bacia do São Francisco. A litoestratigrafia, espessuras, interpretações paleoam-bientais e idades dessas unidades aqui apresentadas na carta estratigráfica, e o breve texto descritivo que segue adiante, foram totalmente baseadas nos trabalhos desses autores. O Grupo Santa Fé é o único remanescente erosional paleozóico de coberturas intracratônicas mais amplas, que eventualmente existiram sobre a bacia ligando as Bacias do Paraná e do Parnaíba. Seus diamictitos/tilitos/fácies tilóides e folhelhos com dropstones basais apontam para uma unidade crono-correlata aos sedimentos permocarboníferos glaciais do Grupo Itararé da Bacia do Paraná. Três unidades cretácicas, de natureza continental formam chapadas e tabuleiros na Bacia do São Francisco. O Grupo Areado representa paleoambien-tes lacustres assoreados por arenitos flúvio-deltaicos, fluviais diversos e eólicos. O ambiente tectônico prevalente durante a sua sedimentação foi distensional, provável reflexo intracontinental do quebramento do Supercontinente Gondwana exatamente nessa época. O Grupo Mata da Corda inicia-se com extrusão de rochas vulcânicas e subvulcânicas kamafugíticas datadas em torno de 90-80 Ma, coincidentes em tempo com o início do magmatismo alcalino da região sudeste do Brasil. Intrusões",Sgarbi et al.,144,157
1505,georegis,O que é o Grupo Santa Fé?,"A geologia das seqüências fanerozóicas ocorrentes dentro dos limites da Bacia do São Francisco foi revista de maneira abrangente e objetiva por Sgarbi et al.. Estes autores utilizam o termo Bacia Sanfranciscana para o registro sedimentar/ vulcânico fanerozóico da Bacia do São Francisco. A litoestratigrafia, espessuras, interpretações paleoam-bientais e idades dessas unidades aqui apresentadas na carta estratigráfica, e o breve texto descritivo que segue adiante, foram totalmente baseadas nos trabalhos desses autores. O Grupo Santa Fé é o único remanescente erosional paleozóico de coberturas intracratônicas mais amplas, que eventualmente existiram sobre a bacia ligando as Bacias do Paraná e do Parnaíba. Seus diamictitos/tilitos/fácies tilóides e folhelhos com dropstones basais apontam para uma unidade crono-correlata aos sedimentos permocarboníferos glaciais do Grupo Itararé da Bacia do Paraná. Três unidades cretácicas, de natureza continental formam chapadas e tabuleiros na Bacia do São Francisco. O Grupo Areado representa paleoambien-tes lacustres assoreados por arenitos flúvio-deltaicos, fluviais diversos e eólicos. O ambiente tectônico prevalente durante a sua sedimentação foi distensional, provável reflexo intracontinental do quebramento do Supercontinente Gondwana exatamente nessa época. O Grupo Mata da Corda inicia-se com extrusão de rochas vulcânicas e subvulcânicas kamafugíticas datadas em torno de 90-80 Ma, coincidentes em tempo com o início do magmatismo alcalino da região sudeste do Brasil. Intrusões",o único remanescente erosional paleozóico de coberturas intracratônicas mais amplas,542,625
1506,georegis,O que os diamictitos/tilitos/fácies tilóides e folhelhos com dropstones basais do Grupo Santa Fé apontam?,"A geologia das seqüências fanerozóicas ocorrentes dentro dos limites da Bacia do São Francisco foi revista de maneira abrangente e objetiva por Sgarbi et al.. Estes autores utilizam o termo Bacia Sanfranciscana para o registro sedimentar/ vulcânico fanerozóico da Bacia do São Francisco. A litoestratigrafia, espessuras, interpretações paleoam-bientais e idades dessas unidades aqui apresentadas na carta estratigráfica, e o breve texto descritivo que segue adiante, foram totalmente baseadas nos trabalhos desses autores. O Grupo Santa Fé é o único remanescente erosional paleozóico de coberturas intracratônicas mais amplas, que eventualmente existiram sobre a bacia ligando as Bacias do Paraná e do Parnaíba. Seus diamictitos/tilitos/fácies tilóides e folhelhos com dropstones basais apontam para uma unidade crono-correlata aos sedimentos permocarboníferos glaciais do Grupo Itararé da Bacia do Paraná. Três unidades cretácicas, de natureza continental formam chapadas e tabuleiros na Bacia do São Francisco. O Grupo Areado representa paleoambien-tes lacustres assoreados por arenitos flúvio-deltaicos, fluviais diversos e eólicos. O ambiente tectônico prevalente durante a sua sedimentação foi distensional, provável reflexo intracontinental do quebramento do Supercontinente Gondwana exatamente nessa época. O Grupo Mata da Corda inicia-se com extrusão de rochas vulcânicas e subvulcânicas kamafugíticas datadas em torno de 90-80 Ma, coincidentes em tempo com o início do magmatismo alcalino da região sudeste do Brasil. Intrusões",para uma unidade crono-correlata aos sedimentos permocarboníferos glaciais do Grupo Itararé da Bacia do Paraná,795,905
1508,georegis,Em que ambiente tectônico ocorreu a sedimentação do Grupo Areado?,"A geologia das seqüências fanerozóicas ocorrentes dentro dos limites da Bacia do São Francisco foi revista de maneira abrangente e objetiva por Sgarbi et al.. Estes autores utilizam o termo Bacia Sanfranciscana para o registro sedimentar/ vulcânico fanerozóico da Bacia do São Francisco. A litoestratigrafia, espessuras, interpretações paleoam-bientais e idades dessas unidades aqui apresentadas na carta estratigráfica, e o breve texto descritivo que segue adiante, foram totalmente baseadas nos trabalhos desses autores. O Grupo Santa Fé é o único remanescente erosional paleozóico de coberturas intracratônicas mais amplas, que eventualmente existiram sobre a bacia ligando as Bacias do Paraná e do Parnaíba. Seus diamictitos/tilitos/fácies tilóides e folhelhos com dropstones basais apontam para uma unidade crono-correlata aos sedimentos permocarboníferos glaciais do Grupo Itararé da Bacia do Paraná. Três unidades cretácicas, de natureza continental formam chapadas e tabuleiros na Bacia do São Francisco. O Grupo Areado representa paleoambien-tes lacustres assoreados por arenitos flúvio-deltaicos, fluviais diversos e eólicos. O ambiente tectônico prevalente durante a sua sedimentação foi distensional, provável reflexo intracontinental do quebramento do Supercontinente Gondwana exatamente nessa época. O Grupo Mata da Corda inicia-se com extrusão de rochas vulcânicas e subvulcânicas kamafugíticas datadas em torno de 90-80 Ma, coincidentes em tempo com o início do magmatismo alcalino da região sudeste do Brasil. Intrusões","distensional, provável reflexo intracontinental do quebramento do Supercontinente Gondwana",1199,1289
1510,georegis,Que documento alterou o direito de propriedade dos recursos minerais do Brasil?,"do em 1889, em substituição ao monárquico, manteve para a pesquisa e exploração de minérios e petróleo o instrumento jurídico das concessões outorgadas a empreendedores privados. No entanto, a Constituição de 1891 altera substancialmente o direito de propriedade dos recursos minerais do Brasil, que passavam do domínio da Nação para o domínio particular do proprietário do solo. Este retrocesso só seria corrigido com a Constituição e o Código de Minas de 1934, sob a égide do Governo Vargas, que voltam a separar as propriedades do solo e do subsolo, sendo a última da União. Em 10 de janeiro de 1907, o presidente Afonso Augusto Penna cria o primeiro órgão brasileiro dedicado à Geologia - o Serviço Geológico e Mi-neralógico do Brasil. A sugestão deve-se ao ministro da Indústria, Viação e Obras Públicas, engenheiro Miguel Calmon du Pin e Almeida, tendo como paradigma um serviço geológico com amplo espectro de atuação, incluindo a missão de responder institucionalmente pela questão do petróleo no Brasil. É sob a égide do SGMB que o Estado brasileiro investe pela primeira vez na exploração petrolífera, com a perfuração de um poço em Marechal Mallet, no Paraná, nos anos 1919 e 1920. É interessante registrar a intensa discussão científica quanto à potencialidade dos terrenos gonduânicos, tendo à frente o geólogo Euzébio de Oliveira, então integrante do SGMB, utilizando inclusive referências à deriva continental como argumentos. Além da ação do Estado, formam-se companhias privadas que se propunham a operar em São Paulo, Bahia, na faixa costeira do Nordeste e na região amazônica. É conveniente lembrar que, esta época, após a Primeira Guerra Mundial, o petróleo mostra-se um bem essencial e estratégico, com uso em larga escala, fazendo com que a procura deste insumo natural recebesse um novo impulso mundial, inclusive no Brasil. Dentre as várias empresas",a Constituição de 1891,191,213
1511,georegis,Quem criou o primeiro órgão brasileiro dedicado à Geologia?,"do em 1889, em substituição ao monárquico, manteve para a pesquisa e exploração de minérios e petróleo o instrumento jurídico das concessões outorgadas a empreendedores privados. No entanto, a Constituição de 1891 altera substancialmente o direito de propriedade dos recursos minerais do Brasil, que passavam do domínio da Nação para o domínio particular do proprietário do solo. Este retrocesso só seria corrigido com a Constituição e o Código de Minas de 1934, sob a égide do Governo Vargas, que voltam a separar as propriedades do solo e do subsolo, sendo a última da União. Em 10 de janeiro de 1907, o presidente Afonso Augusto Penna cria o primeiro órgão brasileiro dedicado à Geologia - o Serviço Geológico e Mi-neralógico do Brasil. A sugestão deve-se ao ministro da Indústria, Viação e Obras Públicas, engenheiro Miguel Calmon du Pin e Almeida, tendo como paradigma um serviço geológico com amplo espectro de atuação, incluindo a missão de responder institucionalmente pela questão do petróleo no Brasil. É sob a égide do SGMB que o Estado brasileiro investe pela primeira vez na exploração petrolífera, com a perfuração de um poço em Marechal Mallet, no Paraná, nos anos 1919 e 1920. É interessante registrar a intensa discussão científica quanto à potencialidade dos terrenos gonduânicos, tendo à frente o geólogo Euzébio de Oliveira, então integrante do SGMB, utilizando inclusive referências à deriva continental como argumentos. Além da ação do Estado, formam-se companhias privadas que se propunham a operar em São Paulo, Bahia, na faixa costeira do Nordeste e na região amazônica. É conveniente lembrar que, esta época, após a Primeira Guerra Mundial, o petróleo mostra-se um bem essencial e estratégico, com uso em larga escala, fazendo com que a procura deste insumo natural recebesse um novo impulso mundial, inclusive no Brasil. Dentre as várias empresas",Afonso Augusto Penna,617,637
1512,georegis,Onde foi perfurado o primeiro poço de petróleo?,"do em 1889, em substituição ao monárquico, manteve para a pesquisa e exploração de minérios e petróleo o instrumento jurídico das concessões outorgadas a empreendedores privados. No entanto, a Constituição de 1891 altera substancialmente o direito de propriedade dos recursos minerais do Brasil, que passavam do domínio da Nação para o domínio particular do proprietário do solo. Este retrocesso só seria corrigido com a Constituição e o Código de Minas de 1934, sob a égide do Governo Vargas, que voltam a separar as propriedades do solo e do subsolo, sendo a última da União. Em 10 de janeiro de 1907, o presidente Afonso Augusto Penna cria o primeiro órgão brasileiro dedicado à Geologia - o Serviço Geológico e Mi-neralógico do Brasil. A sugestão deve-se ao ministro da Indústria, Viação e Obras Públicas, engenheiro Miguel Calmon du Pin e Almeida, tendo como paradigma um serviço geológico com amplo espectro de atuação, incluindo a missão de responder institucionalmente pela questão do petróleo no Brasil. É sob a égide do SGMB que o Estado brasileiro investe pela primeira vez na exploração petrolífera, com a perfuração de um poço em Marechal Mallet, no Paraná, nos anos 1919 e 1920. É interessante registrar a intensa discussão científica quanto à potencialidade dos terrenos gonduânicos, tendo à frente o geólogo Euzébio de Oliveira, então integrante do SGMB, utilizando inclusive referências à deriva continental como argumentos. Além da ação do Estado, formam-se companhias privadas que se propunham a operar em São Paulo, Bahia, na faixa costeira do Nordeste e na região amazônica. É conveniente lembrar que, esta época, após a Primeira Guerra Mundial, o petróleo mostra-se um bem essencial e estratégico, com uso em larga escala, fazendo com que a procura deste insumo natural recebesse um novo impulso mundial, inclusive no Brasil. Dentre as várias empresas","Marechal Mallet, no Paraná,",1143,1170
1514,georegis,Qual foi o código de 1934 que revogou o direito de propriedade mineral do solo?,"do em 1889, em substituição ao monárquico, manteve para a pesquisa e exploração de minérios e petróleo o instrumento jurídico das concessões outorgadas a empreendedores privados. No entanto, a Constituição de 1891 altera substancialmente o direito de propriedade dos recursos minerais do Brasil, que passavam do domínio da Nação para o domínio particular do proprietário do solo. Este retrocesso só seria corrigido com a Constituição e o Código de Minas de 1934, sob a égide do Governo Vargas, que voltam a separar as propriedades do solo e do subsolo, sendo a última da União. Em 10 de janeiro de 1907, o presidente Afonso Augusto Penna cria o primeiro órgão brasileiro dedicado à Geologia - o Serviço Geológico e Mi-neralógico do Brasil. A sugestão deve-se ao ministro da Indústria, Viação e Obras Públicas, engenheiro Miguel Calmon du Pin e Almeida, tendo como paradigma um serviço geológico com amplo espectro de atuação, incluindo a missão de responder institucionalmente pela questão do petróleo no Brasil. É sob a égide do SGMB que o Estado brasileiro investe pela primeira vez na exploração petrolífera, com a perfuração de um poço em Marechal Mallet, no Paraná, nos anos 1919 e 1920. É interessante registrar a intensa discussão científica quanto à potencialidade dos terrenos gonduânicos, tendo à frente o geólogo Euzébio de Oliveira, então integrante do SGMB, utilizando inclusive referências à deriva continental como argumentos. Além da ação do Estado, formam-se companhias privadas que se propunham a operar em São Paulo, Bahia, na faixa costeira do Nordeste e na região amazônica. É conveniente lembrar que, esta época, após a Primeira Guerra Mundial, o petróleo mostra-se um bem essencial e estratégico, com uso em larga escala, fazendo com que a procura deste insumo natural recebesse um novo impulso mundial, inclusive no Brasil. Dentre as várias empresas","o Código de Minas de 1934,",436,462
1516,georegis,Onde foi perfurado o primeiro poço de petróleo?,"do em 1889, em substituição ao monárquico, manteve para a pesquisa e exploração de minérios e petróleo o instrumento jurídico das concessões outorgadas a empreendedores privados. No entanto, a Constituição de 1891 altera substancialmente o direito de propriedade dos recursos minerais do Brasil, que passavam do domínio da Nação para o domínio particular do proprietário do solo. Este retrocesso só seria corrigido com a Constituição e o Código de Minas de 1934, sob a égide do Governo Vargas, que voltam a separar as propriedades do solo e do subsolo, sendo a última da União. Em 10 de janeiro de 1907, o presidente Afonso Augusto Penna cria o primeiro órgão brasileiro dedicado à Geologia - o Serviço Geológico e Mi-neralógico do Brasil. A sugestão deve-se ao ministro da Indústria, Viação e Obras Públicas, engenheiro Miguel Calmon du Pin e Almeida, tendo como paradigma um serviço geológico com amplo espectro de atuação, incluindo a missão de responder institucionalmente pela questão do petróleo no Brasil. É sob a égide do SGMB que o Estado brasileiro investe pela primeira vez na exploração petrolífera, com a perfuração de um poço em Marechal Mallet, no Paraná, nos anos 1919 e 1920. É interessante registrar a intensa discussão científica quanto à potencialidade dos terrenos gonduânicos, tendo à frente o geólogo Euzébio de Oliveira, então integrante do SGMB, utilizando inclusive referências à deriva continental como argumentos. Além da ação do Estado, formam-se companhias privadas que se propunham a operar em São Paulo, Bahia, na faixa costeira do Nordeste e na região amazônica. É conveniente lembrar que, esta época, após a Primeira Guerra Mundial, o petróleo mostra-se um bem essencial e estratégico, com uso em larga escala, fazendo com que a procura deste insumo natural recebesse um novo impulso mundial, inclusive no Brasil. Dentre as várias empresas","Marechal Mallet, no Paraná",1143,1169
1518,georegis,Qual foi o primeiro órgão brasileiro dedicado à geologia?,"do em 1889, em substituição ao monárquico, manteve para a pesquisa e exploração de minérios e petróleo o instrumento jurídico das concessões outorgadas a empreendedores privados. No entanto, a Constituição de 1891 altera substancialmente o direito de propriedade dos recursos minerais do Brasil, que passavam do domínio da Nação para o domínio particular do proprietário do solo. Este retrocesso só seria corrigido com a Constituição e o Código de Minas de 1934, sob a égide do Governo Vargas, que voltam a separar as propriedades do solo e do subsolo, sendo a última da União. Em 10 de janeiro de 1907, o presidente Afonso Augusto Penna cria o primeiro órgão brasileiro dedicado à Geologia - o Serviço Geológico e Mi-neralógico do Brasil. A sugestão deve-se ao ministro da Indústria, Viação e Obras Públicas, engenheiro Miguel Calmon du Pin e Almeida, tendo como paradigma um serviço geológico com amplo espectro de atuação, incluindo a missão de responder institucionalmente pela questão do petróleo no Brasil. É sob a égide do SGMB que o Estado brasileiro investe pela primeira vez na exploração petrolífera, com a perfuração de um poço em Marechal Mallet, no Paraná, nos anos 1919 e 1920. É interessante registrar a intensa discussão científica quanto à potencialidade dos terrenos gonduânicos, tendo à frente o geólogo Euzébio de Oliveira, então integrante do SGMB, utilizando inclusive referências à deriva continental como argumentos. Além da ação do Estado, formam-se companhias privadas que se propunham a operar em São Paulo, Bahia, na faixa costeira do Nordeste e na região amazônica. É conveniente lembrar que, esta época, após a Primeira Guerra Mundial, o petróleo mostra-se um bem essencial e estratégico, com uso em larga escala, fazendo com que a procura deste insumo natural recebesse um novo impulso mundial, inclusive no Brasil. Dentre as várias empresas",Serviço Geológico e Mi-neralógico do Brasil,695,738
1520,georegis,"Quem foi o ministro da Indústria, Viação e Obras Públicas?","do em 1889, em substituição ao monárquico, manteve para a pesquisa e exploração de minérios e petróleo o instrumento jurídico das concessões outorgadas a empreendedores privados. No entanto, a Constituição de 1891 altera substancialmente o direito de propriedade dos recursos minerais do Brasil, que passavam do domínio da Nação para o domínio particular do proprietário do solo. Este retrocesso só seria corrigido com a Constituição e o Código de Minas de 1934, sob a égide do Governo Vargas, que voltam a separar as propriedades do solo e do subsolo, sendo a última da União. Em 10 de janeiro de 1907, o presidente Afonso Augusto Penna cria o primeiro órgão brasileiro dedicado à Geologia - o Serviço Geológico e Mi-neralógico do Brasil. A sugestão deve-se ao ministro da Indústria, Viação e Obras Públicas, engenheiro Miguel Calmon du Pin e Almeida, tendo como paradigma um serviço geológico com amplo espectro de atuação, incluindo a missão de responder institucionalmente pela questão do petróleo no Brasil. É sob a égide do SGMB que o Estado brasileiro investe pela primeira vez na exploração petrolífera, com a perfuração de um poço em Marechal Mallet, no Paraná, nos anos 1919 e 1920. É interessante registrar a intensa discussão científica quanto à potencialidade dos terrenos gonduânicos, tendo à frente o geólogo Euzébio de Oliveira, então integrante do SGMB, utilizando inclusive referências à deriva continental como argumentos. Além da ação do Estado, formam-se companhias privadas que se propunham a operar em São Paulo, Bahia, na faixa costeira do Nordeste e na região amazônica. É conveniente lembrar que, esta época, após a Primeira Guerra Mundial, o petróleo mostra-se um bem essencial e estratégico, com uso em larga escala, fazendo com que a procura deste insumo natural recebesse um novo impulso mundial, inclusive no Brasil. Dentre as várias empresas",Miguel Calmon du Pin e Almeida,821,851
1521,georegis,Que documento alterou a propriedade dos recursos minerais do Brasil?,"do em 1889, em substituição ao monárquico, manteve para a pesquisa e exploração de minérios e petróleo o instrumento jurídico das concessões outorgadas a empreendedores privados. No entanto, a Constituição de 1891 altera substancialmente o direito de propriedade dos recursos minerais do Brasil, que passavam do domínio da Nação para o domínio particular do proprietário do solo. Este retrocesso só seria corrigido com a Constituição e o Código de Minas de 1934, sob a égide do Governo Vargas, que voltam a separar as propriedades do solo e do subsolo, sendo a última da União. Em 10 de janeiro de 1907, o presidente Afonso Augusto Penna cria o primeiro órgão brasileiro dedicado à Geologia - o Serviço Geológico e Mi-neralógico do Brasil. A sugestão deve-se ao ministro da Indústria, Viação e Obras Públicas, engenheiro Miguel Calmon du Pin e Almeida, tendo como paradigma um serviço geológico com amplo espectro de atuação, incluindo a missão de responder institucionalmente pela questão do petróleo no Brasil. É sob a égide do SGMB que o Estado brasileiro investe pela primeira vez na exploração petrolífera, com a perfuração de um poço em Marechal Mallet, no Paraná, nos anos 1919 e 1920. É interessante registrar a intensa discussão científica quanto à potencialidade dos terrenos gonduânicos, tendo à frente o geólogo Euzébio de Oliveira, então integrante do SGMB, utilizando inclusive referências à deriva continental como argumentos. Além da ação do Estado, formam-se companhias privadas que se propunham a operar em São Paulo, Bahia, na faixa costeira do Nordeste e na região amazônica. É conveniente lembrar que, esta época, após a Primeira Guerra Mundial, o petróleo mostra-se um bem essencial e estratégico, com uso em larga escala, fazendo com que a procura deste insumo natural recebesse um novo impulso mundial, inclusive no Brasil. Dentre as várias empresas",a Constituição de 1891,191,213
1522,georegis,Quando os empresários privados mantiveram a concessão de minérios e petróleo?,"do em 1889, em substituição ao monárquico, manteve para a pesquisa e exploração de minérios e petróleo o instrumento jurídico das concessões outorgadas a empreendedores privados. No entanto, a Constituição de 1891 altera substancialmente o direito de propriedade dos recursos minerais do Brasil, que passavam do domínio da Nação para o domínio particular do proprietário do solo. Este retrocesso só seria corrigido com a Constituição e o Código de Minas de 1934, sob a égide do Governo Vargas, que voltam a separar as propriedades do solo e do subsolo, sendo a última da União. Em 10 de janeiro de 1907, o presidente Afonso Augusto Penna cria o primeiro órgão brasileiro dedicado à Geologia - o Serviço Geológico e Mi-neralógico do Brasil. A sugestão deve-se ao ministro da Indústria, Viação e Obras Públicas, engenheiro Miguel Calmon du Pin e Almeida, tendo como paradigma um serviço geológico com amplo espectro de atuação, incluindo a missão de responder institucionalmente pela questão do petróleo no Brasil. É sob a égide do SGMB que o Estado brasileiro investe pela primeira vez na exploração petrolífera, com a perfuração de um poço em Marechal Mallet, no Paraná, nos anos 1919 e 1920. É interessante registrar a intensa discussão científica quanto à potencialidade dos terrenos gonduânicos, tendo à frente o geólogo Euzébio de Oliveira, então integrante do SGMB, utilizando inclusive referências à deriva continental como argumentos. Além da ação do Estado, formam-se companhias privadas que se propunham a operar em São Paulo, Bahia, na faixa costeira do Nordeste e na região amazônica. É conveniente lembrar que, esta época, após a Primeira Guerra Mundial, o petróleo mostra-se um bem essencial e estratégico, com uso em larga escala, fazendo com que a procura deste insumo natural recebesse um novo impulso mundial, inclusive no Brasil. Dentre as várias empresas",em 1889,3,10
1523,georegis,Em que ano foi promulgada a Constituição?,"do em 1889, em substituição ao monárquico, manteve para a pesquisa e exploração de minérios e petróleo o instrumento jurídico das concessões outorgadas a empreendedores privados. No entanto, a Constituição de 1891 altera substancialmente o direito de propriedade dos recursos minerais do Brasil, que passavam do domínio da Nação para o domínio particular do proprietário do solo. Este retrocesso só seria corrigido com a Constituição e o Código de Minas de 1934, sob a égide do Governo Vargas, que voltam a separar as propriedades do solo e do subsolo, sendo a última da União. Em 10 de janeiro de 1907, o presidente Afonso Augusto Penna cria o primeiro órgão brasileiro dedicado à Geologia - o Serviço Geológico e Mi-neralógico do Brasil. A sugestão deve-se ao ministro da Indústria, Viação e Obras Públicas, engenheiro Miguel Calmon du Pin e Almeida, tendo como paradigma um serviço geológico com amplo espectro de atuação, incluindo a missão de responder institucionalmente pela questão do petróleo no Brasil. É sob a égide do SGMB que o Estado brasileiro investe pela primeira vez na exploração petrolífera, com a perfuração de um poço em Marechal Mallet, no Paraná, nos anos 1919 e 1920. É interessante registrar a intensa discussão científica quanto à potencialidade dos terrenos gonduânicos, tendo à frente o geólogo Euzébio de Oliveira, então integrante do SGMB, utilizando inclusive referências à deriva continental como argumentos. Além da ação do Estado, formam-se companhias privadas que se propunham a operar em São Paulo, Bahia, na faixa costeira do Nordeste e na região amazônica. É conveniente lembrar que, esta época, após a Primeira Guerra Mundial, o petróleo mostra-se um bem essencial e estratégico, com uso em larga escala, fazendo com que a procura deste insumo natural recebesse um novo impulso mundial, inclusive no Brasil. Dentre as várias empresas",1891,209,213
1524,georegis,Em substituição a que regime o governo Vargas substituiu?,"do em 1889, em substituição ao monárquico, manteve para a pesquisa e exploração de minérios e petróleo o instrumento jurídico das concessões outorgadas a empreendedores privados. No entanto, a Constituição de 1891 altera substancialmente o direito de propriedade dos recursos minerais do Brasil, que passavam do domínio da Nação para o domínio particular do proprietário do solo. Este retrocesso só seria corrigido com a Constituição e o Código de Minas de 1934, sob a égide do Governo Vargas, que voltam a separar as propriedades do solo e do subsolo, sendo a última da União. Em 10 de janeiro de 1907, o presidente Afonso Augusto Penna cria o primeiro órgão brasileiro dedicado à Geologia - o Serviço Geológico e Mi-neralógico do Brasil. A sugestão deve-se ao ministro da Indústria, Viação e Obras Públicas, engenheiro Miguel Calmon du Pin e Almeida, tendo como paradigma um serviço geológico com amplo espectro de atuação, incluindo a missão de responder institucionalmente pela questão do petróleo no Brasil. É sob a égide do SGMB que o Estado brasileiro investe pela primeira vez na exploração petrolífera, com a perfuração de um poço em Marechal Mallet, no Paraná, nos anos 1919 e 1920. É interessante registrar a intensa discussão científica quanto à potencialidade dos terrenos gonduânicos, tendo à frente o geólogo Euzébio de Oliveira, então integrante do SGMB, utilizando inclusive referências à deriva continental como argumentos. Além da ação do Estado, formam-se companhias privadas que se propunham a operar em São Paulo, Bahia, na faixa costeira do Nordeste e na região amazônica. É conveniente lembrar que, esta época, após a Primeira Guerra Mundial, o petróleo mostra-se um bem essencial e estratégico, com uso em larga escala, fazendo com que a procura deste insumo natural recebesse um novo impulso mundial, inclusive no Brasil. Dentre as várias empresas",monárquico,31,41
1526,georegis,Em que ano o regime monárquico foi substituído pelo regime de concessões?,"do em 1889, em substituição ao monárquico, manteve para a pesquisa e exploração de minérios e petróleo o instrumento jurídico das concessões outorgadas a empreendedores privados. No entanto, a Constituição de 1891 altera substancialmente o direito de propriedade dos recursos minerais do Brasil, que passavam do domínio da Nação para o domínio particular do proprietário do solo. Este retrocesso só seria corrigido com a Constituição e o Código de Minas de 1934, sob a égide do Governo Vargas, que voltam a separar as propriedades do solo e do subsolo, sendo a última da União. Em 10 de janeiro de 1907, o presidente Afonso Augusto Penna cria o primeiro órgão brasileiro dedicado à Geologia - o Serviço Geológico e Mi-neralógico do Brasil. A sugestão deve-se ao ministro da Indústria, Viação e Obras Públicas, engenheiro Miguel Calmon du Pin e Almeida, tendo como paradigma um serviço geológico com amplo espectro de atuação, incluindo a missão de responder institucionalmente pela questão do petróleo no Brasil. É sob a égide do SGMB que o Estado brasileiro investe pela primeira vez na exploração petrolífera, com a perfuração de um poço em Marechal Mallet, no Paraná, nos anos 1919 e 1920. É interessante registrar a intensa discussão científica quanto à potencialidade dos terrenos gonduânicos, tendo à frente o geólogo Euzébio de Oliveira, então integrante do SGMB, utilizando inclusive referências à deriva continental como argumentos. Além da ação do Estado, formam-se companhias privadas que se propunham a operar em São Paulo, Bahia, na faixa costeira do Nordeste e na região amazônica. É conveniente lembrar que, esta época, após a Primeira Guerra Mundial, o petróleo mostra-se um bem essencial e estratégico, com uso em larga escala, fazendo com que a procura deste insumo natural recebesse um novo impulso mundial, inclusive no Brasil. Dentre as várias empresas",1889,6,10
1528,georegis,O que alterou o direito de propriedade dos recursos minerais do Brasil?,"do em 1889, em substituição ao monárquico, manteve para a pesquisa e exploração de minérios e petróleo o instrumento jurídico das concessões outorgadas a empreendedores privados. No entanto, a Constituição de 1891 altera substancialmente o direito de propriedade dos recursos minerais do Brasil, que passavam do domínio da Nação para o domínio particular do proprietário do solo. Este retrocesso só seria corrigido com a Constituição e o Código de Minas de 1934, sob a égide do Governo Vargas, que voltam a separar as propriedades do solo e do subsolo, sendo a última da União. Em 10 de janeiro de 1907, o presidente Afonso Augusto Penna cria o primeiro órgão brasileiro dedicado à Geologia - o Serviço Geológico e Mi-neralógico do Brasil. A sugestão deve-se ao ministro da Indústria, Viação e Obras Públicas, engenheiro Miguel Calmon du Pin e Almeida, tendo como paradigma um serviço geológico com amplo espectro de atuação, incluindo a missão de responder institucionalmente pela questão do petróleo no Brasil. É sob a égide do SGMB que o Estado brasileiro investe pela primeira vez na exploração petrolífera, com a perfuração de um poço em Marechal Mallet, no Paraná, nos anos 1919 e 1920. É interessante registrar a intensa discussão científica quanto à potencialidade dos terrenos gonduânicos, tendo à frente o geólogo Euzébio de Oliveira, então integrante do SGMB, utilizando inclusive referências à deriva continental como argumentos. Além da ação do Estado, formam-se companhias privadas que se propunham a operar em São Paulo, Bahia, na faixa costeira do Nordeste e na região amazônica. É conveniente lembrar que, esta época, após a Primeira Guerra Mundial, o petróleo mostra-se um bem essencial e estratégico, com uso em larga escala, fazendo com que a procura deste insumo natural recebesse um novo impulso mundial, inclusive no Brasil. Dentre as várias empresas",a Constituição de 1891,191,213
1529,georegis,Quando foi promulgada a Constituição do Brasil?,"do em 1889, em substituição ao monárquico, manteve para a pesquisa e exploração de minérios e petróleo o instrumento jurídico das concessões outorgadas a empreendedores privados. No entanto, a Constituição de 1891 altera substancialmente o direito de propriedade dos recursos minerais do Brasil, que passavam do domínio da Nação para o domínio particular do proprietário do solo. Este retrocesso só seria corrigido com a Constituição e o Código de Minas de 1934, sob a égide do Governo Vargas, que voltam a separar as propriedades do solo e do subsolo, sendo a última da União. Em 10 de janeiro de 1907, o presidente Afonso Augusto Penna cria o primeiro órgão brasileiro dedicado à Geologia - o Serviço Geológico e Mi-neralógico do Brasil. A sugestão deve-se ao ministro da Indústria, Viação e Obras Públicas, engenheiro Miguel Calmon du Pin e Almeida, tendo como paradigma um serviço geológico com amplo espectro de atuação, incluindo a missão de responder institucionalmente pela questão do petróleo no Brasil. É sob a égide do SGMB que o Estado brasileiro investe pela primeira vez na exploração petrolífera, com a perfuração de um poço em Marechal Mallet, no Paraná, nos anos 1919 e 1920. É interessante registrar a intensa discussão científica quanto à potencialidade dos terrenos gonduânicos, tendo à frente o geólogo Euzébio de Oliveira, então integrante do SGMB, utilizando inclusive referências à deriva continental como argumentos. Além da ação do Estado, formam-se companhias privadas que se propunham a operar em São Paulo, Bahia, na faixa costeira do Nordeste e na região amazônica. É conveniente lembrar que, esta época, após a Primeira Guerra Mundial, o petróleo mostra-se um bem essencial e estratégico, com uso em larga escala, fazendo com que a procura deste insumo natural recebesse um novo impulso mundial, inclusive no Brasil. Dentre as várias empresas",1891,209,213
1530,georegis,Em que ano foi criado o Serviço Geológico e Mineralógico do Brasil?,"do em 1889, em substituição ao monárquico, manteve para a pesquisa e exploração de minérios e petróleo o instrumento jurídico das concessões outorgadas a empreendedores privados. No entanto, a Constituição de 1891 altera substancialmente o direito de propriedade dos recursos minerais do Brasil, que passavam do domínio da Nação para o domínio particular do proprietário do solo. Este retrocesso só seria corrigido com a Constituição e o Código de Minas de 1934, sob a égide do Governo Vargas, que voltam a separar as propriedades do solo e do subsolo, sendo a última da União. Em 10 de janeiro de 1907, o presidente Afonso Augusto Penna cria o primeiro órgão brasileiro dedicado à Geologia - o Serviço Geológico e Mi-neralógico do Brasil. A sugestão deve-se ao ministro da Indústria, Viação e Obras Públicas, engenheiro Miguel Calmon du Pin e Almeida, tendo como paradigma um serviço geológico com amplo espectro de atuação, incluindo a missão de responder institucionalmente pela questão do petróleo no Brasil. É sob a égide do SGMB que o Estado brasileiro investe pela primeira vez na exploração petrolífera, com a perfuração de um poço em Marechal Mallet, no Paraná, nos anos 1919 e 1920. É interessante registrar a intensa discussão científica quanto à potencialidade dos terrenos gonduânicos, tendo à frente o geólogo Euzébio de Oliveira, então integrante do SGMB, utilizando inclusive referências à deriva continental como argumentos. Além da ação do Estado, formam-se companhias privadas que se propunham a operar em São Paulo, Bahia, na faixa costeira do Nordeste e na região amazônica. É conveniente lembrar que, esta época, após a Primeira Guerra Mundial, o petróleo mostra-se um bem essencial e estratégico, com uso em larga escala, fazendo com que a procura deste insumo natural recebesse um novo impulso mundial, inclusive no Brasil. Dentre as várias empresas",Em 10 de janeiro de 1907,578,602
1531,georegis,Quem foi o presidente que criou o Serviço Geológico e Mineralógico do Brasil?,"do em 1889, em substituição ao monárquico, manteve para a pesquisa e exploração de minérios e petróleo o instrumento jurídico das concessões outorgadas a empreendedores privados. No entanto, a Constituição de 1891 altera substancialmente o direito de propriedade dos recursos minerais do Brasil, que passavam do domínio da Nação para o domínio particular do proprietário do solo. Este retrocesso só seria corrigido com a Constituição e o Código de Minas de 1934, sob a égide do Governo Vargas, que voltam a separar as propriedades do solo e do subsolo, sendo a última da União. Em 10 de janeiro de 1907, o presidente Afonso Augusto Penna cria o primeiro órgão brasileiro dedicado à Geologia - o Serviço Geológico e Mi-neralógico do Brasil. A sugestão deve-se ao ministro da Indústria, Viação e Obras Públicas, engenheiro Miguel Calmon du Pin e Almeida, tendo como paradigma um serviço geológico com amplo espectro de atuação, incluindo a missão de responder institucionalmente pela questão do petróleo no Brasil. É sob a égide do SGMB que o Estado brasileiro investe pela primeira vez na exploração petrolífera, com a perfuração de um poço em Marechal Mallet, no Paraná, nos anos 1919 e 1920. É interessante registrar a intensa discussão científica quanto à potencialidade dos terrenos gonduânicos, tendo à frente o geólogo Euzébio de Oliveira, então integrante do SGMB, utilizando inclusive referências à deriva continental como argumentos. Além da ação do Estado, formam-se companhias privadas que se propunham a operar em São Paulo, Bahia, na faixa costeira do Nordeste e na região amazônica. É conveniente lembrar que, esta época, após a Primeira Guerra Mundial, o petróleo mostra-se um bem essencial e estratégico, com uso em larga escala, fazendo com que a procura deste insumo natural recebesse um novo impulso mundial, inclusive no Brasil. Dentre as várias empresas",Afonso Augusto Penna,617,637
1532,georegis,Quem foi o ministro responsável pela sugestão de criação do Serviço Geológico e Mineralógico do Brasil?,"do em 1889, em substituição ao monárquico, manteve para a pesquisa e exploração de minérios e petróleo o instrumento jurídico das concessões outorgadas a empreendedores privados. No entanto, a Constituição de 1891 altera substancialmente o direito de propriedade dos recursos minerais do Brasil, que passavam do domínio da Nação para o domínio particular do proprietário do solo. Este retrocesso só seria corrigido com a Constituição e o Código de Minas de 1934, sob a égide do Governo Vargas, que voltam a separar as propriedades do solo e do subsolo, sendo a última da União. Em 10 de janeiro de 1907, o presidente Afonso Augusto Penna cria o primeiro órgão brasileiro dedicado à Geologia - o Serviço Geológico e Mi-neralógico do Brasil. A sugestão deve-se ao ministro da Indústria, Viação e Obras Públicas, engenheiro Miguel Calmon du Pin e Almeida, tendo como paradigma um serviço geológico com amplo espectro de atuação, incluindo a missão de responder institucionalmente pela questão do petróleo no Brasil. É sob a égide do SGMB que o Estado brasileiro investe pela primeira vez na exploração petrolífera, com a perfuração de um poço em Marechal Mallet, no Paraná, nos anos 1919 e 1920. É interessante registrar a intensa discussão científica quanto à potencialidade dos terrenos gonduânicos, tendo à frente o geólogo Euzébio de Oliveira, então integrante do SGMB, utilizando inclusive referências à deriva continental como argumentos. Além da ação do Estado, formam-se companhias privadas que se propunham a operar em São Paulo, Bahia, na faixa costeira do Nordeste e na região amazônica. É conveniente lembrar que, esta época, após a Primeira Guerra Mundial, o petróleo mostra-se um bem essencial e estratégico, com uso em larga escala, fazendo com que a procura deste insumo natural recebesse um novo impulso mundial, inclusive no Brasil. Dentre as várias empresas",engenheiro Miguel Calmon du Pin e Almeida,810,851
1533,georegis,O que o Serviço Geológico e Mineralógico do Brasil tinha como missão institucional?,"do em 1889, em substituição ao monárquico, manteve para a pesquisa e exploração de minérios e petróleo o instrumento jurídico das concessões outorgadas a empreendedores privados. No entanto, a Constituição de 1891 altera substancialmente o direito de propriedade dos recursos minerais do Brasil, que passavam do domínio da Nação para o domínio particular do proprietário do solo. Este retrocesso só seria corrigido com a Constituição e o Código de Minas de 1934, sob a égide do Governo Vargas, que voltam a separar as propriedades do solo e do subsolo, sendo a última da União. Em 10 de janeiro de 1907, o presidente Afonso Augusto Penna cria o primeiro órgão brasileiro dedicado à Geologia - o Serviço Geológico e Mi-neralógico do Brasil. A sugestão deve-se ao ministro da Indústria, Viação e Obras Públicas, engenheiro Miguel Calmon du Pin e Almeida, tendo como paradigma um serviço geológico com amplo espectro de atuação, incluindo a missão de responder institucionalmente pela questão do petróleo no Brasil. É sob a égide do SGMB que o Estado brasileiro investe pela primeira vez na exploração petrolífera, com a perfuração de um poço em Marechal Mallet, no Paraná, nos anos 1919 e 1920. É interessante registrar a intensa discussão científica quanto à potencialidade dos terrenos gonduânicos, tendo à frente o geólogo Euzébio de Oliveira, então integrante do SGMB, utilizando inclusive referências à deriva continental como argumentos. Além da ação do Estado, formam-se companhias privadas que se propunham a operar em São Paulo, Bahia, na faixa costeira do Nordeste e na região amazônica. É conveniente lembrar que, esta época, após a Primeira Guerra Mundial, o petróleo mostra-se um bem essencial e estratégico, com uso em larga escala, fazendo com que a procura deste insumo natural recebesse um novo impulso mundial, inclusive no Brasil. Dentre as várias empresas",pela questão do petróleo no Brasil. É,977,1014
1534,georegis,Onde foi feita a primeira perfuração de um poço para exploração petrolífera pelo Estado brasileiro?,"do em 1889, em substituição ao monárquico, manteve para a pesquisa e exploração de minérios e petróleo o instrumento jurídico das concessões outorgadas a empreendedores privados. No entanto, a Constituição de 1891 altera substancialmente o direito de propriedade dos recursos minerais do Brasil, que passavam do domínio da Nação para o domínio particular do proprietário do solo. Este retrocesso só seria corrigido com a Constituição e o Código de Minas de 1934, sob a égide do Governo Vargas, que voltam a separar as propriedades do solo e do subsolo, sendo a última da União. Em 10 de janeiro de 1907, o presidente Afonso Augusto Penna cria o primeiro órgão brasileiro dedicado à Geologia - o Serviço Geológico e Mi-neralógico do Brasil. A sugestão deve-se ao ministro da Indústria, Viação e Obras Públicas, engenheiro Miguel Calmon du Pin e Almeida, tendo como paradigma um serviço geológico com amplo espectro de atuação, incluindo a missão de responder institucionalmente pela questão do petróleo no Brasil. É sob a égide do SGMB que o Estado brasileiro investe pela primeira vez na exploração petrolífera, com a perfuração de um poço em Marechal Mallet, no Paraná, nos anos 1919 e 1920. É interessante registrar a intensa discussão científica quanto à potencialidade dos terrenos gonduânicos, tendo à frente o geólogo Euzébio de Oliveira, então integrante do SGMB, utilizando inclusive referências à deriva continental como argumentos. Além da ação do Estado, formam-se companhias privadas que se propunham a operar em São Paulo, Bahia, na faixa costeira do Nordeste e na região amazônica. É conveniente lembrar que, esta época, após a Primeira Guerra Mundial, o petróleo mostra-se um bem essencial e estratégico, com uso em larga escala, fazendo com que a procura deste insumo natural recebesse um novo impulso mundial, inclusive no Brasil. Dentre as várias empresas","em Marechal Mallet, no Paraná",1140,1169
1536,georegis,Quem foi o presidente que criou o primeiro órgão brasileiro dedicado à Geologia?,"do em 1889, em substituição ao monárquico, manteve para a pesquisa e exploração de minérios e petróleo o instrumento jurídico das concessões outorgadas a empreendedores privados. No entanto, a Constituição de 1891 altera substancialmente o direito de propriedade dos recursos minerais do Brasil, que passavam do domínio da Nação para o domínio particular do proprietário do solo. Este retrocesso só seria corrigido com a Constituição e o Código de Minas de 1934, sob a égide do Governo Vargas, que voltam a separar as propriedades do solo e do subsolo, sendo a última da União. Em 10 de janeiro de 1907, o presidente Afonso Augusto Penna cria o primeiro órgão brasileiro dedicado à Geologia - o Serviço Geológico e Mi-neralógico do Brasil. A sugestão deve-se ao ministro da Indústria, Viação e Obras Públicas, engenheiro Miguel Calmon du Pin e Almeida, tendo como paradigma um serviço geológico com amplo espectro de atuação, incluindo a missão de responder institucionalmente pela questão do petróleo no Brasil. É sob a égide do SGMB que o Estado brasileiro investe pela primeira vez na exploração petrolífera, com a perfuração de um poço em Marechal Mallet, no Paraná, nos anos 1919 e 1920. É interessante registrar a intensa discussão científica quanto à potencialidade dos terrenos gonduânicos, tendo à frente o geólogo Euzébio de Oliveira, então integrante do SGMB, utilizando inclusive referências à deriva continental como argumentos. Além da ação do Estado, formam-se companhias privadas que se propunham a operar em São Paulo, Bahia, na faixa costeira do Nordeste e na região amazônica. É conveniente lembrar que, esta época, após a Primeira Guerra Mundial, o petróleo mostra-se um bem essencial e estratégico, com uso em larga escala, fazendo com que a procura deste insumo natural recebesse um novo impulso mundial, inclusive no Brasil. Dentre as várias empresas",Afonso Augusto Penna,617,637
1537,georegis,Em que ano o Estado brasileiro investiu pela primeira vez na exploração petrolífera?,"do em 1889, em substituição ao monárquico, manteve para a pesquisa e exploração de minérios e petróleo o instrumento jurídico das concessões outorgadas a empreendedores privados. No entanto, a Constituição de 1891 altera substancialmente o direito de propriedade dos recursos minerais do Brasil, que passavam do domínio da Nação para o domínio particular do proprietário do solo. Este retrocesso só seria corrigido com a Constituição e o Código de Minas de 1934, sob a égide do Governo Vargas, que voltam a separar as propriedades do solo e do subsolo, sendo a última da União. Em 10 de janeiro de 1907, o presidente Afonso Augusto Penna cria o primeiro órgão brasileiro dedicado à Geologia - o Serviço Geológico e Mi-neralógico do Brasil. A sugestão deve-se ao ministro da Indústria, Viação e Obras Públicas, engenheiro Miguel Calmon du Pin e Almeida, tendo como paradigma um serviço geológico com amplo espectro de atuação, incluindo a missão de responder institucionalmente pela questão do petróleo no Brasil. É sob a égide do SGMB que o Estado brasileiro investe pela primeira vez na exploração petrolífera, com a perfuração de um poço em Marechal Mallet, no Paraná, nos anos 1919 e 1920. É interessante registrar a intensa discussão científica quanto à potencialidade dos terrenos gonduânicos, tendo à frente o geólogo Euzébio de Oliveira, então integrante do SGMB, utilizando inclusive referências à deriva continental como argumentos. Além da ação do Estado, formam-se companhias privadas que se propunham a operar em São Paulo, Bahia, na faixa costeira do Nordeste e na região amazônica. É conveniente lembrar que, esta época, após a Primeira Guerra Mundial, o petróleo mostra-se um bem essencial e estratégico, com uso em larga escala, fazendo com que a procura deste insumo natural recebesse um novo impulso mundial, inclusive no Brasil. Dentre as várias empresas",1919 e 1920,1180,1191
1538,georegis,Quem foi o geólogo que utilizou referências à deriva continental como argumentos?,"do em 1889, em substituição ao monárquico, manteve para a pesquisa e exploração de minérios e petróleo o instrumento jurídico das concessões outorgadas a empreendedores privados. No entanto, a Constituição de 1891 altera substancialmente o direito de propriedade dos recursos minerais do Brasil, que passavam do domínio da Nação para o domínio particular do proprietário do solo. Este retrocesso só seria corrigido com a Constituição e o Código de Minas de 1934, sob a égide do Governo Vargas, que voltam a separar as propriedades do solo e do subsolo, sendo a última da União. Em 10 de janeiro de 1907, o presidente Afonso Augusto Penna cria o primeiro órgão brasileiro dedicado à Geologia - o Serviço Geológico e Mi-neralógico do Brasil. A sugestão deve-se ao ministro da Indústria, Viação e Obras Públicas, engenheiro Miguel Calmon du Pin e Almeida, tendo como paradigma um serviço geológico com amplo espectro de atuação, incluindo a missão de responder institucionalmente pela questão do petróleo no Brasil. É sob a égide do SGMB que o Estado brasileiro investe pela primeira vez na exploração petrolífera, com a perfuração de um poço em Marechal Mallet, no Paraná, nos anos 1919 e 1920. É interessante registrar a intensa discussão científica quanto à potencialidade dos terrenos gonduânicos, tendo à frente o geólogo Euzébio de Oliveira, então integrante do SGMB, utilizando inclusive referências à deriva continental como argumentos. Além da ação do Estado, formam-se companhias privadas que se propunham a operar em São Paulo, Bahia, na faixa costeira do Nordeste e na região amazônica. É conveniente lembrar que, esta época, após a Primeira Guerra Mundial, o petróleo mostra-se um bem essencial e estratégico, com uso em larga escala, fazendo com que a procura deste insumo natural recebesse um novo impulso mundial, inclusive no Brasil. Dentre as várias empresas",Euzébio de Oliveira,1324,1343
1539,georegis,Qual é o nome do órgão brasileiro dedicado à Geologia criado em 1907?,"do em 1889, em substituição ao monárquico, manteve para a pesquisa e exploração de minérios e petróleo o instrumento jurídico das concessões outorgadas a empreendedores privados. No entanto, a Constituição de 1891 altera substancialmente o direito de propriedade dos recursos minerais do Brasil, que passavam do domínio da Nação para o domínio particular do proprietário do solo. Este retrocesso só seria corrigido com a Constituição e o Código de Minas de 1934, sob a égide do Governo Vargas, que voltam a separar as propriedades do solo e do subsolo, sendo a última da União. Em 10 de janeiro de 1907, o presidente Afonso Augusto Penna cria o primeiro órgão brasileiro dedicado à Geologia - o Serviço Geológico e Mi-neralógico do Brasil. A sugestão deve-se ao ministro da Indústria, Viação e Obras Públicas, engenheiro Miguel Calmon du Pin e Almeida, tendo como paradigma um serviço geológico com amplo espectro de atuação, incluindo a missão de responder institucionalmente pela questão do petróleo no Brasil. É sob a égide do SGMB que o Estado brasileiro investe pela primeira vez na exploração petrolífera, com a perfuração de um poço em Marechal Mallet, no Paraná, nos anos 1919 e 1920. É interessante registrar a intensa discussão científica quanto à potencialidade dos terrenos gonduânicos, tendo à frente o geólogo Euzébio de Oliveira, então integrante do SGMB, utilizando inclusive referências à deriva continental como argumentos. Além da ação do Estado, formam-se companhias privadas que se propunham a operar em São Paulo, Bahia, na faixa costeira do Nordeste e na região amazônica. É conveniente lembrar que, esta época, após a Primeira Guerra Mundial, o petróleo mostra-se um bem essencial e estratégico, com uso em larga escala, fazendo com que a procura deste insumo natural recebesse um novo impulso mundial, inclusive no Brasil. Dentre as várias empresas",Serviço Geológico e Mi-neralógico do Brasil.,695,739
1541,georegis,Quais são as duas ordens que não apresentam conteúdo de resolução suficientemente alto para permitir discriminar padrões de terminação de refletores sísmicos?,"A utilização de um arcabouço estratigráfico de alta frequência para a Sequência A seguindo os preceitos da Moderna Estratigrafia (Catunea-nu, 2006; Catuneanu et al. 2009, Hunt e Tucker, 1992; VanWagoner et al., 1988; Galloway, 1989; Posamentier e Allen, 1999) foi dificultada pelo difícil rastreamento dos refletores e marcadores de um rollover para outro, principalmente no sentido dlp, em um intervalo estratigráfico dominado por intensa halocinese. Além disso, as seções sísmicas disponíveis não apresentam conteúdo de resolução suficientemente alto para permitir discriminar padrões de terminação de refletores sísmicos na 4a e 5a ordens. Esses padrões, se perceptíveis, poderiam auxiliar na determinação das principais superfícies estratigráficas correlativas às flutuações do nível de base, nesse caso viabilizando um estudo sismoestratigráfico mais apurado. A descrição dos testemunhos e a interpretação dos perfis de poços mostraram que as descontinuidades erosivas registradas nos canais incisos, que poderiam indicar exposições su-baéreas de alta frequência, não ocorrem, nos poços analisados, de forma cíclica, impossibilitando sua utilização como superfícies delimitadoras de sequências de alta frequência. Optou-se, assim, pelo uso das superfícies transgressivas ou de afogamento que recobrem os carbonatos de plataforma, como limites de parassequências, estas últimas compostas por uma sucessão basal transgressiva e uma sucessão superior regressiva.",4a e 5a ordens.,627,642
1542,georegis,O que não permite discriminar padrões de terminação de refletores sísmicos na 4a e 5a ordens?,"A utilização de um arcabouço estratigráfico de alta frequência para a Sequência A seguindo os preceitos da Moderna Estratigrafia (Catunea-nu, 2006; Catuneanu et al. 2009, Hunt e Tucker, 1992; VanWagoner et al., 1988; Galloway, 1989; Posamentier e Allen, 1999) foi dificultada pelo difícil rastreamento dos refletores e marcadores de um rollover para outro, principalmente no sentido dlp, em um intervalo estratigráfico dominado por intensa halocinese. Além disso, as seções sísmicas disponíveis não apresentam conteúdo de resolução suficientemente alto para permitir discriminar padrões de terminação de refletores sísmicos na 4a e 5a ordens. Esses padrões, se perceptíveis, poderiam auxiliar na determinação das principais superfícies estratigráficas correlativas às flutuações do nível de base, nesse caso viabilizando um estudo sismoestratigráfico mais apurado. A descrição dos testemunhos e a interpretação dos perfis de poços mostraram que as descontinuidades erosivas registradas nos canais incisos, que poderiam indicar exposições su-baéreas de alta frequência, não ocorrem, nos poços analisados, de forma cíclica, impossibilitando sua utilização como superfícies delimitadoras de sequências de alta frequência. Optou-se, assim, pelo uso das superfícies transgressivas ou de afogamento que recobrem os carbonatos de plataforma, como limites de parassequências, estas últimas compostas por uma sucessão basal transgressiva e uma sucessão superior regressiva.",as seções sísmicas disponíveis,464,494
1543,georegis,Quais são as duas ordens que não apresentam conteúdo de resolução suficientemente alto para permitir discriminar padrões de terminação de refletores sísmicos?,"A utilização de um arcabouço estratigráfico de alta frequência para a Sequência A seguindo os preceitos da Moderna Estratigrafia (Catunea-nu, 2006; Catuneanu et al. 2009, Hunt e Tucker, 1992; VanWagoner et al., 1988; Galloway, 1989; Posamentier e Allen, 1999) foi dificultada pelo difícil rastreamento dos refletores e marcadores de um rollover para outro, principalmente no sentido dlp, em um intervalo estratigráfico dominado por intensa halocinese. Além disso, as seções sísmicas disponíveis não apresentam conteúdo de resolução suficientemente alto para permitir discriminar padrões de terminação de refletores sísmicos na 4a e 5a ordens. Esses padrões, se perceptíveis, poderiam auxiliar na determinação das principais superfícies estratigráficas correlativas às flutuações do nível de base, nesse caso viabilizando um estudo sismoestratigráfico mais apurado. A descrição dos testemunhos e a interpretação dos perfis de poços mostraram que as descontinuidades erosivas registradas nos canais incisos, que poderiam indicar exposições su-baéreas de alta frequência, não ocorrem, nos poços analisados, de forma cíclica, impossibilitando sua utilização como superfícies delimitadoras de sequências de alta frequência. Optou-se, assim, pelo uso das superfícies transgressivas ou de afogamento que recobrem os carbonatos de plataforma, como limites de parassequências, estas últimas compostas por uma sucessão basal transgressiva e uma sucessão superior regressiva.",4a e 5a,627,634
1544,georegis,"Qual foi a dificuldade de rastrear os refletores e marcadores de um rollover para outro, principalmente no sentido dlp?","A utilização de um arcabouço estratigráfico de alta frequência para a Sequência A seguindo os preceitos da Moderna Estratigrafia (Catunea-nu, 2006; Catuneanu et al. 2009, Hunt e Tucker, 1992; VanWagoner et al., 1988; Galloway, 1989; Posamentier e Allen, 1999) foi dificultada pelo difícil rastreamento dos refletores e marcadores de um rollover para outro, principalmente no sentido dlp, em um intervalo estratigráfico dominado por intensa halocinese. Além disso, as seções sísmicas disponíveis não apresentam conteúdo de resolução suficientemente alto para permitir discriminar padrões de terminação de refletores sísmicos na 4a e 5a ordens. Esses padrões, se perceptíveis, poderiam auxiliar na determinação das principais superfícies estratigráficas correlativas às flutuações do nível de base, nesse caso viabilizando um estudo sismoestratigráfico mais apurado. A descrição dos testemunhos e a interpretação dos perfis de poços mostraram que as descontinuidades erosivas registradas nos canais incisos, que poderiam indicar exposições su-baéreas de alta frequência, não ocorrem, nos poços analisados, de forma cíclica, impossibilitando sua utilização como superfícies delimitadoras de sequências de alta frequência. Optou-se, assim, pelo uso das superfícies transgressivas ou de afogamento que recobrem os carbonatos de plataforma, como limites de parassequências, estas últimas compostas por uma sucessão basal transgressiva e uma sucessão superior regressiva.",intensa halocinese,432,450
1545,georegis,O que não permite discriminar padrões de terminação de refletores sísmicos na 4a e 5a ordens?,"A utilização de um arcabouço estratigráfico de alta frequência para a Sequência A seguindo os preceitos da Moderna Estratigrafia (Catunea-nu, 2006; Catuneanu et al. 2009, Hunt e Tucker, 1992; VanWagoner et al., 1988; Galloway, 1989; Posamentier e Allen, 1999) foi dificultada pelo difícil rastreamento dos refletores e marcadores de um rollover para outro, principalmente no sentido dlp, em um intervalo estratigráfico dominado por intensa halocinese. Além disso, as seções sísmicas disponíveis não apresentam conteúdo de resolução suficientemente alto para permitir discriminar padrões de terminação de refletores sísmicos na 4a e 5a ordens. Esses padrões, se perceptíveis, poderiam auxiliar na determinação das principais superfícies estratigráficas correlativas às flutuações do nível de base, nesse caso viabilizando um estudo sismoestratigráfico mais apurado. A descrição dos testemunhos e a interpretação dos perfis de poços mostraram que as descontinuidades erosivas registradas nos canais incisos, que poderiam indicar exposições su-baéreas de alta frequência, não ocorrem, nos poços analisados, de forma cíclica, impossibilitando sua utilização como superfícies delimitadoras de sequências de alta frequência. Optou-se, assim, pelo uso das superfícies transgressivas ou de afogamento que recobrem os carbonatos de plataforma, como limites de parassequências, estas últimas compostas por uma sucessão basal transgressiva e uma sucessão superior regressiva.",conteúdo de resolução suficientemente alto,510,552
1546,georegis,O que foi difícil de identificar?,"A utilização de um arcabouço estratigráfico de alta frequência para a Sequência A seguindo os preceitos da Moderna Estratigrafia (Catunea-nu, 2006; Catuneanu et al. 2009, Hunt e Tucker, 1992; VanWagoner et al., 1988; Galloway, 1989; Posamentier e Allen, 1999) foi dificultada pelo difícil rastreamento dos refletores e marcadores de um rollover para outro, principalmente no sentido dlp, em um intervalo estratigráfico dominado por intensa halocinese. Além disso, as seções sísmicas disponíveis não apresentam conteúdo de resolução suficientemente alto para permitir discriminar padrões de terminação de refletores sísmicos na 4a e 5a ordens. Esses padrões, se perceptíveis, poderiam auxiliar na determinação das principais superfícies estratigráficas correlativas às flutuações do nível de base, nesse caso viabilizando um estudo sismoestratigráfico mais apurado. A descrição dos testemunhos e a interpretação dos perfis de poços mostraram que as descontinuidades erosivas registradas nos canais incisos, que poderiam indicar exposições su-baéreas de alta frequência, não ocorrem, nos poços analisados, de forma cíclica, impossibilitando sua utilização como superfícies delimitadoras de sequências de alta frequência. Optou-se, assim, pelo uso das superfícies transgressivas ou de afogamento que recobrem os carbonatos de plataforma, como limites de parassequências, estas últimas compostas por uma sucessão basal transgressiva e uma sucessão superior regressiva.",um arcabouço estratigráfico de alta frequência,16,62
1547,georegis,O que as seções sísmicas disponíveis não permitiram discriminar?,"A utilização de um arcabouço estratigráfico de alta frequência para a Sequência A seguindo os preceitos da Moderna Estratigrafia (Catunea-nu, 2006; Catuneanu et al. 2009, Hunt e Tucker, 1992; VanWagoner et al., 1988; Galloway, 1989; Posamentier e Allen, 1999) foi dificultada pelo difícil rastreamento dos refletores e marcadores de um rollover para outro, principalmente no sentido dlp, em um intervalo estratigráfico dominado por intensa halocinese. Além disso, as seções sísmicas disponíveis não apresentam conteúdo de resolução suficientemente alto para permitir discriminar padrões de terminação de refletores sísmicos na 4a e 5a ordens. Esses padrões, se perceptíveis, poderiam auxiliar na determinação das principais superfícies estratigráficas correlativas às flutuações do nível de base, nesse caso viabilizando um estudo sismoestratigráfico mais apurado. A descrição dos testemunhos e a interpretação dos perfis de poços mostraram que as descontinuidades erosivas registradas nos canais incisos, que poderiam indicar exposições su-baéreas de alta frequência, não ocorrem, nos poços analisados, de forma cíclica, impossibilitando sua utilização como superfícies delimitadoras de sequências de alta frequência. Optou-se, assim, pelo uso das superfícies transgressivas ou de afogamento que recobrem os carbonatos de plataforma, como limites de parassequências, estas últimas compostas por uma sucessão basal transgressiva e uma sucessão superior regressiva.",padrões de terminação de refletores sísmicos,579,623
1548,georegis,Em que ano Catunea - nu publicou seus estudos?,"A utilização de um arcabouço estratigráfico de alta frequência para a Sequência A seguindo os preceitos da Moderna Estratigrafia (Catunea-nu, 2006; Catuneanu et al. 2009, Hunt e Tucker, 1992; VanWagoner et al., 1988; Galloway, 1989; Posamentier e Allen, 1999) foi dificultada pelo difícil rastreamento dos refletores e marcadores de um rollover para outro, principalmente no sentido dlp, em um intervalo estratigráfico dominado por intensa halocinese. Além disso, as seções sísmicas disponíveis não apresentam conteúdo de resolução suficientemente alto para permitir discriminar padrões de terminação de refletores sísmicos na 4a e 5a ordens. Esses padrões, se perceptíveis, poderiam auxiliar na determinação das principais superfícies estratigráficas correlativas às flutuações do nível de base, nesse caso viabilizando um estudo sismoestratigráfico mais apurado. A descrição dos testemunhos e a interpretação dos perfis de poços mostraram que as descontinuidades erosivas registradas nos canais incisos, que poderiam indicar exposições su-baéreas de alta frequência, não ocorrem, nos poços analisados, de forma cíclica, impossibilitando sua utilização como superfícies delimitadoras de sequências de alta frequência. Optou-se, assim, pelo uso das superfícies transgressivas ou de afogamento que recobrem os carbonatos de plataforma, como limites de parassequências, estas últimas compostas por uma sucessão basal transgressiva e uma sucessão superior regressiva.",2006,142,146
1549,georegis,O que foi responsável pelo rastreamento dos refletores e marcadores de um rollover para outro?,"A utilização de um arcabouço estratigráfico de alta frequência para a Sequência A seguindo os preceitos da Moderna Estratigrafia (Catunea-nu, 2006; Catuneanu et al. 2009, Hunt e Tucker, 1992; VanWagoner et al., 1988; Galloway, 1989; Posamentier e Allen, 1999) foi dificultada pelo difícil rastreamento dos refletores e marcadores de um rollover para outro, principalmente no sentido dlp, em um intervalo estratigráfico dominado por intensa halocinese. Além disso, as seções sísmicas disponíveis não apresentam conteúdo de resolução suficientemente alto para permitir discriminar padrões de terminação de refletores sísmicos na 4a e 5a ordens. Esses padrões, se perceptíveis, poderiam auxiliar na determinação das principais superfícies estratigráficas correlativas às flutuações do nível de base, nesse caso viabilizando um estudo sismoestratigráfico mais apurado. A descrição dos testemunhos e a interpretação dos perfis de poços mostraram que as descontinuidades erosivas registradas nos canais incisos, que poderiam indicar exposições su-baéreas de alta frequência, não ocorrem, nos poços analisados, de forma cíclica, impossibilitando sua utilização como superfícies delimitadoras de sequências de alta frequência. Optou-se, assim, pelo uso das superfícies transgressivas ou de afogamento que recobrem os carbonatos de plataforma, como limites de parassequências, estas últimas compostas por uma sucessão basal transgressiva e uma sucessão superior regressiva.",intensa halocinese,432,450
1550,georegis,O que foi dificultado para traçar sequências de alta frequência?,"A utilização de um arcabouço estratigráfico de alta frequência para a Sequência A seguindo os preceitos da Moderna Estratigrafia (Catunea-nu, 2006; Catuneanu et al. 2009, Hunt e Tucker, 1992; VanWagoner et al., 1988; Galloway, 1989; Posamentier e Allen, 1999) foi dificultada pelo difícil rastreamento dos refletores e marcadores de um rollover para outro, principalmente no sentido dlp, em um intervalo estratigráfico dominado por intensa halocinese. Além disso, as seções sísmicas disponíveis não apresentam conteúdo de resolução suficientemente alto para permitir discriminar padrões de terminação de refletores sísmicos na 4a e 5a ordens. Esses padrões, se perceptíveis, poderiam auxiliar na determinação das principais superfícies estratigráficas correlativas às flutuações do nível de base, nesse caso viabilizando um estudo sismoestratigráfico mais apurado. A descrição dos testemunhos e a interpretação dos perfis de poços mostraram que as descontinuidades erosivas registradas nos canais incisos, que poderiam indicar exposições su-baéreas de alta frequência, não ocorrem, nos poços analisados, de forma cíclica, impossibilitando sua utilização como superfícies delimitadoras de sequências de alta frequência. Optou-se, assim, pelo uso das superfícies transgressivas ou de afogamento que recobrem os carbonatos de plataforma, como limites de parassequências, estas últimas compostas por uma sucessão basal transgressiva e uma sucessão superior regressiva.",um arcabouço estratigráfico de alta frequência,16,62
1551,georegis,O que foi dificultado para rastrear refletores e marcadores de um rollover para outro?,"A utilização de um arcabouço estratigráfico de alta frequência para a Sequência A seguindo os preceitos da Moderna Estratigrafia (Catunea-nu, 2006; Catuneanu et al. 2009, Hunt e Tucker, 1992; VanWagoner et al., 1988; Galloway, 1989; Posamentier e Allen, 1999) foi dificultada pelo difícil rastreamento dos refletores e marcadores de um rollover para outro, principalmente no sentido dlp, em um intervalo estratigráfico dominado por intensa halocinese. Além disso, as seções sísmicas disponíveis não apresentam conteúdo de resolução suficientemente alto para permitir discriminar padrões de terminação de refletores sísmicos na 4a e 5a ordens. Esses padrões, se perceptíveis, poderiam auxiliar na determinação das principais superfícies estratigráficas correlativas às flutuações do nível de base, nesse caso viabilizando um estudo sismoestratigráfico mais apurado. A descrição dos testemunhos e a interpretação dos perfis de poços mostraram que as descontinuidades erosivas registradas nos canais incisos, que poderiam indicar exposições su-baéreas de alta frequência, não ocorrem, nos poços analisados, de forma cíclica, impossibilitando sua utilização como superfícies delimitadoras de sequências de alta frequência. Optou-se, assim, pelo uso das superfícies transgressivas ou de afogamento que recobrem os carbonatos de plataforma, como limites de parassequências, estas últimas compostas por uma sucessão basal transgressiva e uma sucessão superior regressiva.",arcabouço estratigráfico de alta frequência,19,62
1552,georegis,O que as seções sísmicas disponíveis não permitem discriminar?,"A utilização de um arcabouço estratigráfico de alta frequência para a Sequência A seguindo os preceitos da Moderna Estratigrafia (Catunea-nu, 2006; Catuneanu et al. 2009, Hunt e Tucker, 1992; VanWagoner et al., 1988; Galloway, 1989; Posamentier e Allen, 1999) foi dificultada pelo difícil rastreamento dos refletores e marcadores de um rollover para outro, principalmente no sentido dlp, em um intervalo estratigráfico dominado por intensa halocinese. Além disso, as seções sísmicas disponíveis não apresentam conteúdo de resolução suficientemente alto para permitir discriminar padrões de terminação de refletores sísmicos na 4a e 5a ordens. Esses padrões, se perceptíveis, poderiam auxiliar na determinação das principais superfícies estratigráficas correlativas às flutuações do nível de base, nesse caso viabilizando um estudo sismoestratigráfico mais apurado. A descrição dos testemunhos e a interpretação dos perfis de poços mostraram que as descontinuidades erosivas registradas nos canais incisos, que poderiam indicar exposições su-baéreas de alta frequência, não ocorrem, nos poços analisados, de forma cíclica, impossibilitando sua utilização como superfícies delimitadoras de sequências de alta frequência. Optou-se, assim, pelo uso das superfícies transgressivas ou de afogamento que recobrem os carbonatos de plataforma, como limites de parassequências, estas últimas compostas por uma sucessão basal transgressiva e uma sucessão superior regressiva.",padrões de terminação de refletores sísmicos,579,623
1553,georegis,Quando Catunea - nu escreveu sobre a Estratigrafia Moderna?,"A utilização de um arcabouço estratigráfico de alta frequência para a Sequência A seguindo os preceitos da Moderna Estratigrafia (Catunea-nu, 2006; Catuneanu et al. 2009, Hunt e Tucker, 1992; VanWagoner et al., 1988; Galloway, 1989; Posamentier e Allen, 1999) foi dificultada pelo difícil rastreamento dos refletores e marcadores de um rollover para outro, principalmente no sentido dlp, em um intervalo estratigráfico dominado por intensa halocinese. Além disso, as seções sísmicas disponíveis não apresentam conteúdo de resolução suficientemente alto para permitir discriminar padrões de terminação de refletores sísmicos na 4a e 5a ordens. Esses padrões, se perceptíveis, poderiam auxiliar na determinação das principais superfícies estratigráficas correlativas às flutuações do nível de base, nesse caso viabilizando um estudo sismoestratigráfico mais apurado. A descrição dos testemunhos e a interpretação dos perfis de poços mostraram que as descontinuidades erosivas registradas nos canais incisos, que poderiam indicar exposições su-baéreas de alta frequência, não ocorrem, nos poços analisados, de forma cíclica, impossibilitando sua utilização como superfícies delimitadoras de sequências de alta frequência. Optou-se, assim, pelo uso das superfícies transgressivas ou de afogamento que recobrem os carbonatos de plataforma, como limites de parassequências, estas últimas compostas por uma sucessão basal transgressiva e uma sucessão superior regressiva.",2006,142,146
1554,georegis,O que os autores modernos usaram para segui-la?,"A utilização de um arcabouço estratigráfico de alta frequência para a Sequência A seguindo os preceitos da Moderna Estratigrafia (Catunea-nu, 2006; Catuneanu et al. 2009, Hunt e Tucker, 1992; VanWagoner et al., 1988; Galloway, 1989; Posamentier e Allen, 1999) foi dificultada pelo difícil rastreamento dos refletores e marcadores de um rollover para outro, principalmente no sentido dlp, em um intervalo estratigráfico dominado por intensa halocinese. Além disso, as seções sísmicas disponíveis não apresentam conteúdo de resolução suficientemente alto para permitir discriminar padrões de terminação de refletores sísmicos na 4a e 5a ordens. Esses padrões, se perceptíveis, poderiam auxiliar na determinação das principais superfícies estratigráficas correlativas às flutuações do nível de base, nesse caso viabilizando um estudo sismoestratigráfico mais apurado. A descrição dos testemunhos e a interpretação dos perfis de poços mostraram que as descontinuidades erosivas registradas nos canais incisos, que poderiam indicar exposições su-baéreas de alta frequência, não ocorrem, nos poços analisados, de forma cíclica, impossibilitando sua utilização como superfícies delimitadoras de sequências de alta frequência. Optou-se, assim, pelo uso das superfícies transgressivas ou de afogamento que recobrem os carbonatos de plataforma, como limites de parassequências, estas últimas compostas por uma sucessão basal transgressiva e uma sucessão superior regressiva.",Estratigrafia,115,128
1555,georegis,O que foi dificultado para traçar sequências de alta frequência?,"A utilização de um arcabouço estratigráfico de alta frequência para a Sequência A seguindo os preceitos da Moderna Estratigrafia (Catunea-nu, 2006; Catuneanu et al. 2009, Hunt e Tucker, 1992; VanWagoner et al., 1988; Galloway, 1989; Posamentier e Allen, 1999) foi dificultada pelo difícil rastreamento dos refletores e marcadores de um rollover para outro, principalmente no sentido dlp, em um intervalo estratigráfico dominado por intensa halocinese. Além disso, as seções sísmicas disponíveis não apresentam conteúdo de resolução suficientemente alto para permitir discriminar padrões de terminação de refletores sísmicos na 4a e 5a ordens. Esses padrões, se perceptíveis, poderiam auxiliar na determinação das principais superfícies estratigráficas correlativas às flutuações do nível de base, nesse caso viabilizando um estudo sismoestratigráfico mais apurado. A descrição dos testemunhos e a interpretação dos perfis de poços mostraram que as descontinuidades erosivas registradas nos canais incisos, que poderiam indicar exposições su-baéreas de alta frequência, não ocorrem, nos poços analisados, de forma cíclica, impossibilitando sua utilização como superfícies delimitadoras de sequências de alta frequência. Optou-se, assim, pelo uso das superfícies transgressivas ou de afogamento que recobrem os carbonatos de plataforma, como limites de parassequências, estas últimas compostas por uma sucessão basal transgressiva e uma sucessão superior regressiva.",rastreamento dos refletores e marcadores,289,329
1556,georegis,Quais são os preceitos utilizados para a utilização de um arcabouço estratigráfico de alta frequência na Sequência A?,"A utilização de um arcabouço estratigráfico de alta frequência para a Sequência A seguindo os preceitos da Moderna Estratigrafia (Catunea-nu, 2006; Catuneanu et al. 2009, Hunt e Tucker, 1992; VanWagoner et al., 1988; Galloway, 1989; Posamentier e Allen, 1999) foi dificultada pelo difícil rastreamento dos refletores e marcadores de um rollover para outro, principalmente no sentido dlp, em um intervalo estratigráfico dominado por intensa halocinese. Além disso, as seções sísmicas disponíveis não apresentam conteúdo de resolução suficientemente alto para permitir discriminar padrões de terminação de refletores sísmicos na 4a e 5a ordens. Esses padrões, se perceptíveis, poderiam auxiliar na determinação das principais superfícies estratigráficas correlativas às flutuações do nível de base, nesse caso viabilizando um estudo sismoestratigráfico mais apurado. A descrição dos testemunhos e a interpretação dos perfis de poços mostraram que as descontinuidades erosivas registradas nos canais incisos, que poderiam indicar exposições su-baéreas de alta frequência, não ocorrem, nos poços analisados, de forma cíclica, impossibilitando sua utilização como superfícies delimitadoras de sequências de alta frequência. Optou-se, assim, pelo uso das superfícies transgressivas ou de afogamento que recobrem os carbonatos de plataforma, como limites de parassequências, estas últimas compostas por uma sucessão basal transgressiva e uma sucessão superior regressiva.","Moderna Estratigrafia (Catunea-nu, 2006; Catuneanu et al. 2009, Hunt e Tucker, 1992; VanWagoner et al., 1988; Galloway, 1989; Posamentier e Allen, 1999)",107,259
1557,georegis,Por que a utilização de um arcabouço estratigráfico de alta frequência para a Sequência A foi dificultada?,"A utilização de um arcabouço estratigráfico de alta frequência para a Sequência A seguindo os preceitos da Moderna Estratigrafia (Catunea-nu, 2006; Catuneanu et al. 2009, Hunt e Tucker, 1992; VanWagoner et al., 1988; Galloway, 1989; Posamentier e Allen, 1999) foi dificultada pelo difícil rastreamento dos refletores e marcadores de um rollover para outro, principalmente no sentido dlp, em um intervalo estratigráfico dominado por intensa halocinese. Além disso, as seções sísmicas disponíveis não apresentam conteúdo de resolução suficientemente alto para permitir discriminar padrões de terminação de refletores sísmicos na 4a e 5a ordens. Esses padrões, se perceptíveis, poderiam auxiliar na determinação das principais superfícies estratigráficas correlativas às flutuações do nível de base, nesse caso viabilizando um estudo sismoestratigráfico mais apurado. A descrição dos testemunhos e a interpretação dos perfis de poços mostraram que as descontinuidades erosivas registradas nos canais incisos, que poderiam indicar exposições su-baéreas de alta frequência, não ocorrem, nos poços analisados, de forma cíclica, impossibilitando sua utilização como superfícies delimitadoras de sequências de alta frequência. Optou-se, assim, pelo uso das superfícies transgressivas ou de afogamento que recobrem os carbonatos de plataforma, como limites de parassequências, estas últimas compostas por uma sucessão basal transgressiva e uma sucessão superior regressiva.","pelo difícil rastreamento dos refletores e marcadores de um rollover para outro, principalmente no sentido dlp, em um intervalo estratigráfico dominado por intensa halocinese",276,450
1558,georegis,O que as seções sísmicas disponíveis não apresentam para permitir discriminar padrões de terminação de refletores sísmicos na 4a e 5a ordens?,"A utilização de um arcabouço estratigráfico de alta frequência para a Sequência A seguindo os preceitos da Moderna Estratigrafia (Catunea-nu, 2006; Catuneanu et al. 2009, Hunt e Tucker, 1992; VanWagoner et al., 1988; Galloway, 1989; Posamentier e Allen, 1999) foi dificultada pelo difícil rastreamento dos refletores e marcadores de um rollover para outro, principalmente no sentido dlp, em um intervalo estratigráfico dominado por intensa halocinese. Além disso, as seções sísmicas disponíveis não apresentam conteúdo de resolução suficientemente alto para permitir discriminar padrões de terminação de refletores sísmicos na 4a e 5a ordens. Esses padrões, se perceptíveis, poderiam auxiliar na determinação das principais superfícies estratigráficas correlativas às flutuações do nível de base, nesse caso viabilizando um estudo sismoestratigráfico mais apurado. A descrição dos testemunhos e a interpretação dos perfis de poços mostraram que as descontinuidades erosivas registradas nos canais incisos, que poderiam indicar exposições su-baéreas de alta frequência, não ocorrem, nos poços analisados, de forma cíclica, impossibilitando sua utilização como superfícies delimitadoras de sequências de alta frequência. Optou-se, assim, pelo uso das superfícies transgressivas ou de afogamento que recobrem os carbonatos de plataforma, como limites de parassequências, estas últimas compostas por uma sucessão basal transgressiva e uma sucessão superior regressiva.",conteúdo de resolução suficientemente alto,510,552
1559,georegis,Por que as descontinuidades erosivas registradas nos canais incisos não puderam ser utilizadas como superfícies delimitadoras de sequências de alta frequência?,"A utilização de um arcabouço estratigráfico de alta frequência para a Sequência A seguindo os preceitos da Moderna Estratigrafia (Catunea-nu, 2006; Catuneanu et al. 2009, Hunt e Tucker, 1992; VanWagoner et al., 1988; Galloway, 1989; Posamentier e Allen, 1999) foi dificultada pelo difícil rastreamento dos refletores e marcadores de um rollover para outro, principalmente no sentido dlp, em um intervalo estratigráfico dominado por intensa halocinese. Além disso, as seções sísmicas disponíveis não apresentam conteúdo de resolução suficientemente alto para permitir discriminar padrões de terminação de refletores sísmicos na 4a e 5a ordens. Esses padrões, se perceptíveis, poderiam auxiliar na determinação das principais superfícies estratigráficas correlativas às flutuações do nível de base, nesse caso viabilizando um estudo sismoestratigráfico mais apurado. A descrição dos testemunhos e a interpretação dos perfis de poços mostraram que as descontinuidades erosivas registradas nos canais incisos, que poderiam indicar exposições su-baéreas de alta frequência, não ocorrem, nos poços analisados, de forma cíclica, impossibilitando sua utilização como superfícies delimitadoras de sequências de alta frequência. Optou-se, assim, pelo uso das superfícies transgressivas ou de afogamento que recobrem os carbonatos de plataforma, como limites de parassequências, estas últimas compostas por uma sucessão basal transgressiva e uma sucessão superior regressiva.","não ocorrem, nos poços analisados, de forma cíclica, impossibilitando sua utilização como superfícies delimitadoras de sequências de alta frequência",1069,1217
1560,georegis,"O que foi utilizado como limites de parassequências, compostas por uma sucessão basal transgressiva e uma sucessão superior regressiva?","A utilização de um arcabouço estratigráfico de alta frequência para a Sequência A seguindo os preceitos da Moderna Estratigrafia (Catunea-nu, 2006; Catuneanu et al. 2009, Hunt e Tucker, 1992; VanWagoner et al., 1988; Galloway, 1989; Posamentier e Allen, 1999) foi dificultada pelo difícil rastreamento dos refletores e marcadores de um rollover para outro, principalmente no sentido dlp, em um intervalo estratigráfico dominado por intensa halocinese. Além disso, as seções sísmicas disponíveis não apresentam conteúdo de resolução suficientemente alto para permitir discriminar padrões de terminação de refletores sísmicos na 4a e 5a ordens. Esses padrões, se perceptíveis, poderiam auxiliar na determinação das principais superfícies estratigráficas correlativas às flutuações do nível de base, nesse caso viabilizando um estudo sismoestratigráfico mais apurado. A descrição dos testemunhos e a interpretação dos perfis de poços mostraram que as descontinuidades erosivas registradas nos canais incisos, que poderiam indicar exposições su-baéreas de alta frequência, não ocorrem, nos poços analisados, de forma cíclica, impossibilitando sua utilização como superfícies delimitadoras de sequências de alta frequência. Optou-se, assim, pelo uso das superfícies transgressivas ou de afogamento que recobrem os carbonatos de plataforma, como limites de parassequências, estas últimas compostas por uma sucessão basal transgressiva e uma sucessão superior regressiva.",as superfícies transgressivas ou de afogamento que recobrem os carbonatos de plataforma,1246,1333
1561,georegis,Quais autores são citados como preceitos da Moderna Estratigrafia?,"A utilização de um arcabouço estratigráfico de alta frequência para a Sequência A seguindo os preceitos da Moderna Estratigrafia (Catunea-nu, 2006; Catuneanu et al. 2009, Hunt e Tucker, 1992; VanWagoner et al., 1988; Galloway, 1989; Posamentier e Allen, 1999) foi dificultada pelo difícil rastreamento dos refletores e marcadores de um rollover para outro, principalmente no sentido dlp, em um intervalo estratigráfico dominado por intensa halocinese. Além disso, as seções sísmicas disponíveis não apresentam conteúdo de resolução suficientemente alto para permitir discriminar padrões de terminação de refletores sísmicos na 4a e 5a ordens. Esses padrões, se perceptíveis, poderiam auxiliar na determinação das principais superfícies estratigráficas correlativas às flutuações do nível de base, nesse caso viabilizando um estudo sismoestratigráfico mais apurado. A descrição dos testemunhos e a interpretação dos perfis de poços mostraram que as descontinuidades erosivas registradas nos canais incisos, que poderiam indicar exposições su-baéreas de alta frequência, não ocorrem, nos poços analisados, de forma cíclica, impossibilitando sua utilização como superfícies delimitadoras de sequências de alta frequência. Optou-se, assim, pelo uso das superfícies transgressivas ou de afogamento que recobrem os carbonatos de plataforma, como limites de parassequências, estas últimas compostas por uma sucessão basal transgressiva e uma sucessão superior regressiva.","Catunea-nu, 2006; Catuneanu et al. 2009, Hunt e Tucker, 1992; VanWagoner et al., 1988; Galloway, 1989; Posamentier e Allen, 1999",130,258
1562,georegis,O que dificultou a utilização de um arcabouço estratigráfico de alta frequência para a Sequência A?,"A utilização de um arcabouço estratigráfico de alta frequência para a Sequência A seguindo os preceitos da Moderna Estratigrafia (Catunea-nu, 2006; Catuneanu et al. 2009, Hunt e Tucker, 1992; VanWagoner et al., 1988; Galloway, 1989; Posamentier e Allen, 1999) foi dificultada pelo difícil rastreamento dos refletores e marcadores de um rollover para outro, principalmente no sentido dlp, em um intervalo estratigráfico dominado por intensa halocinese. Além disso, as seções sísmicas disponíveis não apresentam conteúdo de resolução suficientemente alto para permitir discriminar padrões de terminação de refletores sísmicos na 4a e 5a ordens. Esses padrões, se perceptíveis, poderiam auxiliar na determinação das principais superfícies estratigráficas correlativas às flutuações do nível de base, nesse caso viabilizando um estudo sismoestratigráfico mais apurado. A descrição dos testemunhos e a interpretação dos perfis de poços mostraram que as descontinuidades erosivas registradas nos canais incisos, que poderiam indicar exposições su-baéreas de alta frequência, não ocorrem, nos poços analisados, de forma cíclica, impossibilitando sua utilização como superfícies delimitadoras de sequências de alta frequência. Optou-se, assim, pelo uso das superfícies transgressivas ou de afogamento que recobrem os carbonatos de plataforma, como limites de parassequências, estas últimas compostas por uma sucessão basal transgressiva e uma sucessão superior regressiva.","o difícil rastreamento dos refletores e marcadores de um rollover para outro, principalmente no sentido dlp, em um intervalo estratigráfico dominado por intensa halocinese",279,450
1563,georegis,O que poderia auxiliar na determinação das principais superfícies estratigráficas correlativas às flutuações do nível de base?,"A utilização de um arcabouço estratigráfico de alta frequência para a Sequência A seguindo os preceitos da Moderna Estratigrafia (Catunea-nu, 2006; Catuneanu et al. 2009, Hunt e Tucker, 1992; VanWagoner et al., 1988; Galloway, 1989; Posamentier e Allen, 1999) foi dificultada pelo difícil rastreamento dos refletores e marcadores de um rollover para outro, principalmente no sentido dlp, em um intervalo estratigráfico dominado por intensa halocinese. Além disso, as seções sísmicas disponíveis não apresentam conteúdo de resolução suficientemente alto para permitir discriminar padrões de terminação de refletores sísmicos na 4a e 5a ordens. Esses padrões, se perceptíveis, poderiam auxiliar na determinação das principais superfícies estratigráficas correlativas às flutuações do nível de base, nesse caso viabilizando um estudo sismoestratigráfico mais apurado. A descrição dos testemunhos e a interpretação dos perfis de poços mostraram que as descontinuidades erosivas registradas nos canais incisos, que poderiam indicar exposições su-baéreas de alta frequência, não ocorrem, nos poços analisados, de forma cíclica, impossibilitando sua utilização como superfícies delimitadoras de sequências de alta frequência. Optou-se, assim, pelo uso das superfícies transgressivas ou de afogamento que recobrem os carbonatos de plataforma, como limites de parassequências, estas últimas compostas por uma sucessão basal transgressiva e uma sucessão superior regressiva.",padrões de terminação de refletores sísmicos na 4a e 5a ordens,579,641
1564,georegis,O que não ocorrem de forma cíclica nos poços analisados?,"A utilização de um arcabouço estratigráfico de alta frequência para a Sequência A seguindo os preceitos da Moderna Estratigrafia (Catunea-nu, 2006; Catuneanu et al. 2009, Hunt e Tucker, 1992; VanWagoner et al., 1988; Galloway, 1989; Posamentier e Allen, 1999) foi dificultada pelo difícil rastreamento dos refletores e marcadores de um rollover para outro, principalmente no sentido dlp, em um intervalo estratigráfico dominado por intensa halocinese. Além disso, as seções sísmicas disponíveis não apresentam conteúdo de resolução suficientemente alto para permitir discriminar padrões de terminação de refletores sísmicos na 4a e 5a ordens. Esses padrões, se perceptíveis, poderiam auxiliar na determinação das principais superfícies estratigráficas correlativas às flutuações do nível de base, nesse caso viabilizando um estudo sismoestratigráfico mais apurado. A descrição dos testemunhos e a interpretação dos perfis de poços mostraram que as descontinuidades erosivas registradas nos canais incisos, que poderiam indicar exposições su-baéreas de alta frequência, não ocorrem, nos poços analisados, de forma cíclica, impossibilitando sua utilização como superfícies delimitadoras de sequências de alta frequência. Optou-se, assim, pelo uso das superfícies transgressivas ou de afogamento que recobrem os carbonatos de plataforma, como limites de parassequências, estas últimas compostas por uma sucessão basal transgressiva e uma sucessão superior regressiva.",descontinuidades erosivas registradas nos canais incisos,948,1004
1565,georegis,O que foram usadas como limites de parassequências?,"A utilização de um arcabouço estratigráfico de alta frequência para a Sequência A seguindo os preceitos da Moderna Estratigrafia (Catunea-nu, 2006; Catuneanu et al. 2009, Hunt e Tucker, 1992; VanWagoner et al., 1988; Galloway, 1989; Posamentier e Allen, 1999) foi dificultada pelo difícil rastreamento dos refletores e marcadores de um rollover para outro, principalmente no sentido dlp, em um intervalo estratigráfico dominado por intensa halocinese. Além disso, as seções sísmicas disponíveis não apresentam conteúdo de resolução suficientemente alto para permitir discriminar padrões de terminação de refletores sísmicos na 4a e 5a ordens. Esses padrões, se perceptíveis, poderiam auxiliar na determinação das principais superfícies estratigráficas correlativas às flutuações do nível de base, nesse caso viabilizando um estudo sismoestratigráfico mais apurado. A descrição dos testemunhos e a interpretação dos perfis de poços mostraram que as descontinuidades erosivas registradas nos canais incisos, que poderiam indicar exposições su-baéreas de alta frequência, não ocorrem, nos poços analisados, de forma cíclica, impossibilitando sua utilização como superfícies delimitadoras de sequências de alta frequência. Optou-se, assim, pelo uso das superfícies transgressivas ou de afogamento que recobrem os carbonatos de plataforma, como limites de parassequências, estas últimas compostas por uma sucessão basal transgressiva e uma sucessão superior regressiva.",superfícies transgressivas ou de afogamento que recobrem os carbonatos de plataforma,1249,1333
1566,georegis,Qual é a parte mais superior da Formação Pendência?,", bem como nos depocentros relacionados às falhas de Macau e Ubarana. Litoestratigraficamente, a Seqüência K40 constitui a parte mais superior da Formação Pendência, sendo constituída por arenitos grossos e pelitos de um sistema flúvio-deltaico-lacustrino. A Seqüência K40 é constituída por uma cunha clástica sintectônica, reconhecida inicialmente no bloco baixo da Falha de Pescada, cuja atividade está geneticamente relacionada a um aumento da taxa de subsidência no final da fase de rifteamento da bacia. O sistema de falhas de Pescada possui direção geral WNW-ESE e constitui o limite proximal de ocorrência desta seqüência. O preenchimento sedimentar é dado por sistemas deposicionais continentais, dominados por leques aluviais e sistemas fluviais de alta energia, com bancos carbonáticos restritos. A esta seção de rochas corresponde à unidade litoestratigráfica denominada Formação Pescada. A partir do Neo-aptiano inicia-se a deposição da megasseqüência proto-oceânica sobre uma forte discordância angular, em resposta ao início de uma subsidência termal lenta e generalizada: a Seqüência K50.",a Seqüência K40,95,110
1567,georegis,Qual é a seção mais superior da Formação Pendência?,", bem como nos depocentros relacionados às falhas de Macau e Ubarana. Litoestratigraficamente, a Seqüência K40 constitui a parte mais superior da Formação Pendência, sendo constituída por arenitos grossos e pelitos de um sistema flúvio-deltaico-lacustrino. A Seqüência K40 é constituída por uma cunha clástica sintectônica, reconhecida inicialmente no bloco baixo da Falha de Pescada, cuja atividade está geneticamente relacionada a um aumento da taxa de subsidência no final da fase de rifteamento da bacia. O sistema de falhas de Pescada possui direção geral WNW-ESE e constitui o limite proximal de ocorrência desta seqüência. O preenchimento sedimentar é dado por sistemas deposicionais continentais, dominados por leques aluviais e sistemas fluviais de alta energia, com bancos carbonáticos restritos. A esta seção de rochas corresponde à unidade litoestratigráfica denominada Formação Pescada. A partir do Neo-aptiano inicia-se a deposição da megasseqüência proto-oceânica sobre uma forte discordância angular, em resposta ao início de uma subsidência termal lenta e generalizada: a Seqüência K50.",a Seqüência K40,95,110
1568,georegis,Qual sistema é o limite proximal de ocorrência da Seqüência K40?,", bem como nos depocentros relacionados às falhas de Macau e Ubarana. Litoestratigraficamente, a Seqüência K40 constitui a parte mais superior da Formação Pendência, sendo constituída por arenitos grossos e pelitos de um sistema flúvio-deltaico-lacustrino. A Seqüência K40 é constituída por uma cunha clástica sintectônica, reconhecida inicialmente no bloco baixo da Falha de Pescada, cuja atividade está geneticamente relacionada a um aumento da taxa de subsidência no final da fase de rifteamento da bacia. O sistema de falhas de Pescada possui direção geral WNW-ESE e constitui o limite proximal de ocorrência desta seqüência. O preenchimento sedimentar é dado por sistemas deposicionais continentais, dominados por leques aluviais e sistemas fluviais de alta energia, com bancos carbonáticos restritos. A esta seção de rochas corresponde à unidade litoestratigráfica denominada Formação Pescada. A partir do Neo-aptiano inicia-se a deposição da megasseqüência proto-oceânica sobre uma forte discordância angular, em resposta ao início de uma subsidência termal lenta e generalizada: a Seqüência K50.",sistema de falhas de Pescada,511,539
1569,georegis,Quando começa a deposição da megasseqüência proto-oceânica?,", bem como nos depocentros relacionados às falhas de Macau e Ubarana. Litoestratigraficamente, a Seqüência K40 constitui a parte mais superior da Formação Pendência, sendo constituída por arenitos grossos e pelitos de um sistema flúvio-deltaico-lacustrino. A Seqüência K40 é constituída por uma cunha clástica sintectônica, reconhecida inicialmente no bloco baixo da Falha de Pescada, cuja atividade está geneticamente relacionada a um aumento da taxa de subsidência no final da fase de rifteamento da bacia. O sistema de falhas de Pescada possui direção geral WNW-ESE e constitui o limite proximal de ocorrência desta seqüência. O preenchimento sedimentar é dado por sistemas deposicionais continentais, dominados por leques aluviais e sistemas fluviais de alta energia, com bancos carbonáticos restritos. A esta seção de rochas corresponde à unidade litoestratigráfica denominada Formação Pescada. A partir do Neo-aptiano inicia-se a deposição da megasseqüência proto-oceânica sobre uma forte discordância angular, em resposta ao início de uma subsidência termal lenta e generalizada: a Seqüência K50.",Neo-aptiano,912,923
1570,georegis,Qual sistema é o limite proximal de ocorrência da seqüência K40?,", bem como nos depocentros relacionados às falhas de Macau e Ubarana. Litoestratigraficamente, a Seqüência K40 constitui a parte mais superior da Formação Pendência, sendo constituída por arenitos grossos e pelitos de um sistema flúvio-deltaico-lacustrino. A Seqüência K40 é constituída por uma cunha clástica sintectônica, reconhecida inicialmente no bloco baixo da Falha de Pescada, cuja atividade está geneticamente relacionada a um aumento da taxa de subsidência no final da fase de rifteamento da bacia. O sistema de falhas de Pescada possui direção geral WNW-ESE e constitui o limite proximal de ocorrência desta seqüência. O preenchimento sedimentar é dado por sistemas deposicionais continentais, dominados por leques aluviais e sistemas fluviais de alta energia, com bancos carbonáticos restritos. A esta seção de rochas corresponde à unidade litoestratigráfica denominada Formação Pescada. A partir do Neo-aptiano inicia-se a deposição da megasseqüência proto-oceânica sobre uma forte discordância angular, em resposta ao início de uma subsidência termal lenta e generalizada: a Seqüência K50.",O sistema de falhas de Pescada,509,539
1571,georegis,Em que período começa a deposição da megasseqüência proto - oceânica?,", bem como nos depocentros relacionados às falhas de Macau e Ubarana. Litoestratigraficamente, a Seqüência K40 constitui a parte mais superior da Formação Pendência, sendo constituída por arenitos grossos e pelitos de um sistema flúvio-deltaico-lacustrino. A Seqüência K40 é constituída por uma cunha clástica sintectônica, reconhecida inicialmente no bloco baixo da Falha de Pescada, cuja atividade está geneticamente relacionada a um aumento da taxa de subsidência no final da fase de rifteamento da bacia. O sistema de falhas de Pescada possui direção geral WNW-ESE e constitui o limite proximal de ocorrência desta seqüência. O preenchimento sedimentar é dado por sistemas deposicionais continentais, dominados por leques aluviais e sistemas fluviais de alta energia, com bancos carbonáticos restritos. A esta seção de rochas corresponde à unidade litoestratigráfica denominada Formação Pescada. A partir do Neo-aptiano inicia-se a deposição da megasseqüência proto-oceânica sobre uma forte discordância angular, em resposta ao início de uma subsidência termal lenta e generalizada: a Seqüência K50.",Neo-aptiano,912,923
1572,georegis,Qual é a direção geral do sistema de falhas de Pescada?,", bem como nos depocentros relacionados às falhas de Macau e Ubarana. Litoestratigraficamente, a Seqüência K40 constitui a parte mais superior da Formação Pendência, sendo constituída por arenitos grossos e pelitos de um sistema flúvio-deltaico-lacustrino. A Seqüência K40 é constituída por uma cunha clástica sintectônica, reconhecida inicialmente no bloco baixo da Falha de Pescada, cuja atividade está geneticamente relacionada a um aumento da taxa de subsidência no final da fase de rifteamento da bacia. O sistema de falhas de Pescada possui direção geral WNW-ESE e constitui o limite proximal de ocorrência desta seqüência. O preenchimento sedimentar é dado por sistemas deposicionais continentais, dominados por leques aluviais e sistemas fluviais de alta energia, com bancos carbonáticos restritos. A esta seção de rochas corresponde à unidade litoestratigráfica denominada Formação Pescada. A partir do Neo-aptiano inicia-se a deposição da megasseqüência proto-oceânica sobre uma forte discordância angular, em resposta ao início de uma subsidência termal lenta e generalizada: a Seqüência K50.",WNW-ESE,561,568
1573,georegis,Quais são os materiais da Seqüência K40?,", bem como nos depocentros relacionados às falhas de Macau e Ubarana. Litoestratigraficamente, a Seqüência K40 constitui a parte mais superior da Formação Pendência, sendo constituída por arenitos grossos e pelitos de um sistema flúvio-deltaico-lacustrino. A Seqüência K40 é constituída por uma cunha clástica sintectônica, reconhecida inicialmente no bloco baixo da Falha de Pescada, cuja atividade está geneticamente relacionada a um aumento da taxa de subsidência no final da fase de rifteamento da bacia. O sistema de falhas de Pescada possui direção geral WNW-ESE e constitui o limite proximal de ocorrência desta seqüência. O preenchimento sedimentar é dado por sistemas deposicionais continentais, dominados por leques aluviais e sistemas fluviais de alta energia, com bancos carbonáticos restritos. A esta seção de rochas corresponde à unidade litoestratigráfica denominada Formação Pescada. A partir do Neo-aptiano inicia-se a deposição da megasseqüência proto-oceânica sobre uma forte discordância angular, em resposta ao início de uma subsidência termal lenta e generalizada: a Seqüência K50.",arenitos grossos e pelitos,188,214
1574,georegis,O que está geneticamente relacionado à atividade da Seqüência K40?,", bem como nos depocentros relacionados às falhas de Macau e Ubarana. Litoestratigraficamente, a Seqüência K40 constitui a parte mais superior da Formação Pendência, sendo constituída por arenitos grossos e pelitos de um sistema flúvio-deltaico-lacustrino. A Seqüência K40 é constituída por uma cunha clástica sintectônica, reconhecida inicialmente no bloco baixo da Falha de Pescada, cuja atividade está geneticamente relacionada a um aumento da taxa de subsidência no final da fase de rifteamento da bacia. O sistema de falhas de Pescada possui direção geral WNW-ESE e constitui o limite proximal de ocorrência desta seqüência. O preenchimento sedimentar é dado por sistemas deposicionais continentais, dominados por leques aluviais e sistemas fluviais de alta energia, com bancos carbonáticos restritos. A esta seção de rochas corresponde à unidade litoestratigráfica denominada Formação Pescada. A partir do Neo-aptiano inicia-se a deposição da megasseqüência proto-oceânica sobre uma forte discordância angular, em resposta ao início de uma subsidência termal lenta e generalizada: a Seqüência K50.",aumento da taxa de subsidência,436,466
1575,georegis,Qual é o tipo de rocha que inicia a deposição da megasseqüência proto - oceânica?,", bem como nos depocentros relacionados às falhas de Macau e Ubarana. Litoestratigraficamente, a Seqüência K40 constitui a parte mais superior da Formação Pendência, sendo constituída por arenitos grossos e pelitos de um sistema flúvio-deltaico-lacustrino. A Seqüência K40 é constituída por uma cunha clástica sintectônica, reconhecida inicialmente no bloco baixo da Falha de Pescada, cuja atividade está geneticamente relacionada a um aumento da taxa de subsidência no final da fase de rifteamento da bacia. O sistema de falhas de Pescada possui direção geral WNW-ESE e constitui o limite proximal de ocorrência desta seqüência. O preenchimento sedimentar é dado por sistemas deposicionais continentais, dominados por leques aluviais e sistemas fluviais de alta energia, com bancos carbonáticos restritos. A esta seção de rochas corresponde à unidade litoestratigráfica denominada Formação Pescada. A partir do Neo-aptiano inicia-se a deposição da megasseqüência proto-oceânica sobre uma forte discordância angular, em resposta ao início de uma subsidência termal lenta e generalizada: a Seqüência K50.",Neo-aptiano,912,923
1577,georegis,Quais são as duas rochas que constituem a Seqüência K40?,", bem como nos depocentros relacionados às falhas de Macau e Ubarana. Litoestratigraficamente, a Seqüência K40 constitui a parte mais superior da Formação Pendência, sendo constituída por arenitos grossos e pelitos de um sistema flúvio-deltaico-lacustrino. A Seqüência K40 é constituída por uma cunha clástica sintectônica, reconhecida inicialmente no bloco baixo da Falha de Pescada, cuja atividade está geneticamente relacionada a um aumento da taxa de subsidência no final da fase de rifteamento da bacia. O sistema de falhas de Pescada possui direção geral WNW-ESE e constitui o limite proximal de ocorrência desta seqüência. O preenchimento sedimentar é dado por sistemas deposicionais continentais, dominados por leques aluviais e sistemas fluviais de alta energia, com bancos carbonáticos restritos. A esta seção de rochas corresponde à unidade litoestratigráfica denominada Formação Pescada. A partir do Neo-aptiano inicia-se a deposição da megasseqüência proto-oceânica sobre uma forte discordância angular, em resposta ao início de uma subsidência termal lenta e generalizada: a Seqüência K50.",arenitos grossos e pelitos,188,214
1578,georegis,A que está geneticamente relacionada a atividade da Seqüência K40?,", bem como nos depocentros relacionados às falhas de Macau e Ubarana. Litoestratigraficamente, a Seqüência K40 constitui a parte mais superior da Formação Pendência, sendo constituída por arenitos grossos e pelitos de um sistema flúvio-deltaico-lacustrino. A Seqüência K40 é constituída por uma cunha clástica sintectônica, reconhecida inicialmente no bloco baixo da Falha de Pescada, cuja atividade está geneticamente relacionada a um aumento da taxa de subsidência no final da fase de rifteamento da bacia. O sistema de falhas de Pescada possui direção geral WNW-ESE e constitui o limite proximal de ocorrência desta seqüência. O preenchimento sedimentar é dado por sistemas deposicionais continentais, dominados por leques aluviais e sistemas fluviais de alta energia, com bancos carbonáticos restritos. A esta seção de rochas corresponde à unidade litoestratigráfica denominada Formação Pescada. A partir do Neo-aptiano inicia-se a deposição da megasseqüência proto-oceânica sobre uma forte discordância angular, em resposta ao início de uma subsidência termal lenta e generalizada: a Seqüência K50.",aumento da taxa de subsidência,436,466
1579,georegis,A que está geneticamente relacionada a atividade da Seqüência K40?,", bem como nos depocentros relacionados às falhas de Macau e Ubarana. Litoestratigraficamente, a Seqüência K40 constitui a parte mais superior da Formação Pendência, sendo constituída por arenitos grossos e pelitos de um sistema flúvio-deltaico-lacustrino. A Seqüência K40 é constituída por uma cunha clástica sintectônica, reconhecida inicialmente no bloco baixo da Falha de Pescada, cuja atividade está geneticamente relacionada a um aumento da taxa de subsidência no final da fase de rifteamento da bacia. O sistema de falhas de Pescada possui direção geral WNW-ESE e constitui o limite proximal de ocorrência desta seqüência. O preenchimento sedimentar é dado por sistemas deposicionais continentais, dominados por leques aluviais e sistemas fluviais de alta energia, com bancos carbonáticos restritos. A esta seção de rochas corresponde à unidade litoestratigráfica denominada Formação Pescada. A partir do Neo-aptiano inicia-se a deposição da megasseqüência proto-oceânica sobre uma forte discordância angular, em resposta ao início de uma subsidência termal lenta e generalizada: a Seqüência K50.",um aumento da taxa de subsidência,433,466
1580,georegis,O que constitui a parte mais superior da Formação Pendência?,", bem como nos depocentros relacionados às falhas de Macau e Ubarana. Litoestratigraficamente, a Seqüência K40 constitui a parte mais superior da Formação Pendência, sendo constituída por arenitos grossos e pelitos de um sistema flúvio-deltaico-lacustrino. A Seqüência K40 é constituída por uma cunha clástica sintectônica, reconhecida inicialmente no bloco baixo da Falha de Pescada, cuja atividade está geneticamente relacionada a um aumento da taxa de subsidência no final da fase de rifteamento da bacia. O sistema de falhas de Pescada possui direção geral WNW-ESE e constitui o limite proximal de ocorrência desta seqüência. O preenchimento sedimentar é dado por sistemas deposicionais continentais, dominados por leques aluviais e sistemas fluviais de alta energia, com bancos carbonáticos restritos. A esta seção de rochas corresponde à unidade litoestratigráfica denominada Formação Pescada. A partir do Neo-aptiano inicia-se a deposição da megasseqüência proto-oceânica sobre uma forte discordância angular, em resposta ao início de uma subsidência termal lenta e generalizada: a Seqüência K50.",A Seqüência K40,257,272
1582,georegis,O que preenche o sistema de falhas de Pescada?,", bem como nos depocentros relacionados às falhas de Macau e Ubarana. Litoestratigraficamente, a Seqüência K40 constitui a parte mais superior da Formação Pendência, sendo constituída por arenitos grossos e pelitos de um sistema flúvio-deltaico-lacustrino. A Seqüência K40 é constituída por uma cunha clástica sintectônica, reconhecida inicialmente no bloco baixo da Falha de Pescada, cuja atividade está geneticamente relacionada a um aumento da taxa de subsidência no final da fase de rifteamento da bacia. O sistema de falhas de Pescada possui direção geral WNW-ESE e constitui o limite proximal de ocorrência desta seqüência. O preenchimento sedimentar é dado por sistemas deposicionais continentais, dominados por leques aluviais e sistemas fluviais de alta energia, com bancos carbonáticos restritos. A esta seção de rochas corresponde à unidade litoestratigráfica denominada Formação Pescada. A partir do Neo-aptiano inicia-se a deposição da megasseqüência proto-oceânica sobre uma forte discordância angular, em resposta ao início de uma subsidência termal lenta e generalizada: a Seqüência K50.","sistemas deposicionais continentais, dominados por leques aluviais e sistemas fluviais de alta energia",668,770
1583,georegis,Qual é a unidade litoestratigráfica correspondente à seção de rochas dominada por sistemas deposicionais continentais?,", bem como nos depocentros relacionados às falhas de Macau e Ubarana. Litoestratigraficamente, a Seqüência K40 constitui a parte mais superior da Formação Pendência, sendo constituída por arenitos grossos e pelitos de um sistema flúvio-deltaico-lacustrino. A Seqüência K40 é constituída por uma cunha clástica sintectônica, reconhecida inicialmente no bloco baixo da Falha de Pescada, cuja atividade está geneticamente relacionada a um aumento da taxa de subsidência no final da fase de rifteamento da bacia. O sistema de falhas de Pescada possui direção geral WNW-ESE e constitui o limite proximal de ocorrência desta seqüência. O preenchimento sedimentar é dado por sistemas deposicionais continentais, dominados por leques aluviais e sistemas fluviais de alta energia, com bancos carbonáticos restritos. A esta seção de rochas corresponde à unidade litoestratigráfica denominada Formação Pescada. A partir do Neo-aptiano inicia-se a deposição da megasseqüência proto-oceânica sobre uma forte discordância angular, em resposta ao início de uma subsidência termal lenta e generalizada: a Seqüência K50.",Formação Pescada,882,898
1584,georegis,Quando inicia-se a deposição da megasseqüência proto-oceânica?,", bem como nos depocentros relacionados às falhas de Macau e Ubarana. Litoestratigraficamente, a Seqüência K40 constitui a parte mais superior da Formação Pendência, sendo constituída por arenitos grossos e pelitos de um sistema flúvio-deltaico-lacustrino. A Seqüência K40 é constituída por uma cunha clástica sintectônica, reconhecida inicialmente no bloco baixo da Falha de Pescada, cuja atividade está geneticamente relacionada a um aumento da taxa de subsidência no final da fase de rifteamento da bacia. O sistema de falhas de Pescada possui direção geral WNW-ESE e constitui o limite proximal de ocorrência desta seqüência. O preenchimento sedimentar é dado por sistemas deposicionais continentais, dominados por leques aluviais e sistemas fluviais de alta energia, com bancos carbonáticos restritos. A esta seção de rochas corresponde à unidade litoestratigráfica denominada Formação Pescada. A partir do Neo-aptiano inicia-se a deposição da megasseqüência proto-oceânica sobre uma forte discordância angular, em resposta ao início de uma subsidência termal lenta e generalizada: a Seqüência K50.",A partir do Neo-aptiano,900,923
1585,georegis,Qual é a direção geral das falhas de Pescada?,", bem como nos depocentros relacionados às falhas de Macau e Ubarana. Litoestratigraficamente, a Seqüência K40 constitui a parte mais superior da Formação Pendência, sendo constituída por arenitos grossos e pelitos de um sistema flúvio-deltaico-lacustrino. A Seqüência K40 é constituída por uma cunha clástica sintectônica, reconhecida inicialmente no bloco baixo da Falha de Pescada, cuja atividade está geneticamente relacionada a um aumento da taxa de subsidência no final da fase de rifteamento da bacia. O sistema de falhas de Pescada possui direção geral WNW-ESE e constitui o limite proximal de ocorrência desta seqüência. O preenchimento sedimentar é dado por sistemas deposicionais continentais, dominados por leques aluviais e sistemas fluviais de alta energia, com bancos carbonáticos restritos. A esta seção de rochas corresponde à unidade litoestratigráfica denominada Formação Pescada. A partir do Neo-aptiano inicia-se a deposição da megasseqüência proto-oceânica sobre uma forte discordância angular, em resposta ao início de uma subsidência termal lenta e generalizada: a Seqüência K50.",direção geral WNW-ESE,547,568
1586,georegis,O que é a Seqüência K40?,", bem como nos depocentros relacionados às falhas de Macau e Ubarana. Litoestratigraficamente, a Seqüência K40 constitui a parte mais superior da Formação Pendência, sendo constituída por arenitos grossos e pelitos de um sistema flúvio-deltaico-lacustrino. A Seqüência K40 é constituída por uma cunha clástica sintectônica, reconhecida inicialmente no bloco baixo da Falha de Pescada, cuja atividade está geneticamente relacionada a um aumento da taxa de subsidência no final da fase de rifteamento da bacia. O sistema de falhas de Pescada possui direção geral WNW-ESE e constitui o limite proximal de ocorrência desta seqüência. O preenchimento sedimentar é dado por sistemas deposicionais continentais, dominados por leques aluviais e sistemas fluviais de alta energia, com bancos carbonáticos restritos. A esta seção de rochas corresponde à unidade litoestratigráfica denominada Formação Pescada. A partir do Neo-aptiano inicia-se a deposição da megasseqüência proto-oceânica sobre uma forte discordância angular, em resposta ao início de uma subsidência termal lenta e generalizada: a Seqüência K50.","A Seqüência K40 é constituída por uma cunha clástica sintectônica, reconhecida inicialmente no bloco baixo da Falha de Pescada, cuja atividade está geneticamente relacionada a um aumento da taxa de subsidência no final da fase de rifteamento da bacia.",257,508
1587,georegis,Quais são os sistemas deposicionais continentais que preenchem o sedimentar da Seqüência K40?,", bem como nos depocentros relacionados às falhas de Macau e Ubarana. Litoestratigraficamente, a Seqüência K40 constitui a parte mais superior da Formação Pendência, sendo constituída por arenitos grossos e pelitos de um sistema flúvio-deltaico-lacustrino. A Seqüência K40 é constituída por uma cunha clástica sintectônica, reconhecida inicialmente no bloco baixo da Falha de Pescada, cuja atividade está geneticamente relacionada a um aumento da taxa de subsidência no final da fase de rifteamento da bacia. O sistema de falhas de Pescada possui direção geral WNW-ESE e constitui o limite proximal de ocorrência desta seqüência. O preenchimento sedimentar é dado por sistemas deposicionais continentais, dominados por leques aluviais e sistemas fluviais de alta energia, com bancos carbonáticos restritos. A esta seção de rochas corresponde à unidade litoestratigráfica denominada Formação Pescada. A partir do Neo-aptiano inicia-se a deposição da megasseqüência proto-oceânica sobre uma forte discordância angular, em resposta ao início de uma subsidência termal lenta e generalizada: a Seqüência K50.","sistemas deposicionais continentais, dominados por leques aluviais e sistemas fluviais de alta energia, com bancos carbonáticos restritos.",668,806
1588,georegis,Qual é a unidade litoestratigráfica que corresponde à seção de rochas da Seqüência K40?,", bem como nos depocentros relacionados às falhas de Macau e Ubarana. Litoestratigraficamente, a Seqüência K40 constitui a parte mais superior da Formação Pendência, sendo constituída por arenitos grossos e pelitos de um sistema flúvio-deltaico-lacustrino. A Seqüência K40 é constituída por uma cunha clástica sintectônica, reconhecida inicialmente no bloco baixo da Falha de Pescada, cuja atividade está geneticamente relacionada a um aumento da taxa de subsidência no final da fase de rifteamento da bacia. O sistema de falhas de Pescada possui direção geral WNW-ESE e constitui o limite proximal de ocorrência desta seqüência. O preenchimento sedimentar é dado por sistemas deposicionais continentais, dominados por leques aluviais e sistemas fluviais de alta energia, com bancos carbonáticos restritos. A esta seção de rochas corresponde à unidade litoestratigráfica denominada Formação Pescada. A partir do Neo-aptiano inicia-se a deposição da megasseqüência proto-oceânica sobre uma forte discordância angular, em resposta ao início de uma subsidência termal lenta e generalizada: a Seqüência K50.",Formação Pescada,882,898
1632,georegis,O que causou o processo de dobramento por deslizamento flexural?,"e intra-estratais.. Mecanismo de Dobramento - Nos flancos das dobras predominaram mecanismos de deslizamento flexural, enquanto na região de charneira prevaleceu a flambagem {flexural slip e buckling, sensu Park, 1989; fig. 15). A relação angular entre os indicadores cinemáticos nas superfícies de deslizamento e os eixos das dobras F1 indica a atuação de uma componente de rotação horária durante o fenômeno de deslizamento flexural. Alternativamente, poder-se-ia dizer que esta rotação ocorreu após a nucleação das dobras F1.'O processo de dobramento por deslizamento flexural foi conseqüência da anisotropia mecânica entre as camadas, com a deformação concentrando-se em níveis de folhelhos e siltitos, intercalados a arenitos. Por outro lado, o mecanismo de ftambagem indica uma resposta homogênea do material próximo à zona de charneira das dobras, com a nucleação de falhas reversas revelando ter a deformação atingido o ponto de ruptura.",anisotropia mecânica,600,620
1633,georegis,Qual foi a principal característica da região de charneira?,"e intra-estratais.. Mecanismo de Dobramento - Nos flancos das dobras predominaram mecanismos de deslizamento flexural, enquanto na região de charneira prevaleceu a flambagem {flexural slip e buckling, sensu Park, 1989; fig. 15). A relação angular entre os indicadores cinemáticos nas superfícies de deslizamento e os eixos das dobras F1 indica a atuação de uma componente de rotação horária durante o fenômeno de deslizamento flexural. Alternativamente, poder-se-ia dizer que esta rotação ocorreu após a nucleação das dobras F1.'O processo de dobramento por deslizamento flexural foi conseqüência da anisotropia mecânica entre as camadas, com a deformação concentrando-se em níveis de folhelhos e siltitos, intercalados a arenitos. Por outro lado, o mecanismo de ftambagem indica uma resposta homogênea do material próximo à zona de charneira das dobras, com a nucleação de falhas reversas revelando ter a deformação atingido o ponto de ruptura.","flexural slip e buckling, sensu Park, 1989; fig. 15).",175,228
1634,georegis,Que mecanismo predomina nos flancos das dobras?,"e intra-estratais.. Mecanismo de Dobramento - Nos flancos das dobras predominaram mecanismos de deslizamento flexural, enquanto na região de charneira prevaleceu a flambagem {flexural slip e buckling, sensu Park, 1989; fig. 15). A relação angular entre os indicadores cinemáticos nas superfícies de deslizamento e os eixos das dobras F1 indica a atuação de uma componente de rotação horária durante o fenômeno de deslizamento flexural. Alternativamente, poder-se-ia dizer que esta rotação ocorreu após a nucleação das dobras F1.'O processo de dobramento por deslizamento flexural foi conseqüência da anisotropia mecânica entre as camadas, com a deformação concentrando-se em níveis de folhelhos e siltitos, intercalados a arenitos. Por outro lado, o mecanismo de ftambagem indica uma resposta homogênea do material próximo à zona de charneira das dobras, com a nucleação de falhas reversas revelando ter a deformação atingido o ponto de ruptura.",mecanismos de deslizamento flexural,82,117
1636,georegis,Em que região de dobras predomina o mecanismo de flambagem?,"e intra-estratais.. Mecanismo de Dobramento - Nos flancos das dobras predominaram mecanismos de deslizamento flexural, enquanto na região de charneira prevaleceu a flambagem {flexural slip e buckling, sensu Park, 1989; fig. 15). A relação angular entre os indicadores cinemáticos nas superfícies de deslizamento e os eixos das dobras F1 indica a atuação de uma componente de rotação horária durante o fenômeno de deslizamento flexural. Alternativamente, poder-se-ia dizer que esta rotação ocorreu após a nucleação das dobras F1.'O processo de dobramento por deslizamento flexural foi conseqüência da anisotropia mecânica entre as camadas, com a deformação concentrando-se em níveis de folhelhos e siltitos, intercalados a arenitos. Por outro lado, o mecanismo de ftambagem indica uma resposta homogênea do material próximo à zona de charneira das dobras, com a nucleação de falhas reversas revelando ter a deformação atingido o ponto de ruptura.",charneira,141,150
1637,georegis,O que ocorreu em conseqüência da anisotropia mecânica entre camadas?,"e intra-estratais.. Mecanismo de Dobramento - Nos flancos das dobras predominaram mecanismos de deslizamento flexural, enquanto na região de charneira prevaleceu a flambagem {flexural slip e buckling, sensu Park, 1989; fig. 15). A relação angular entre os indicadores cinemáticos nas superfícies de deslizamento e os eixos das dobras F1 indica a atuação de uma componente de rotação horária durante o fenômeno de deslizamento flexural. Alternativamente, poder-se-ia dizer que esta rotação ocorreu após a nucleação das dobras F1.'O processo de dobramento por deslizamento flexural foi conseqüência da anisotropia mecânica entre as camadas, com a deformação concentrando-se em níveis de folhelhos e siltitos, intercalados a arenitos. Por outro lado, o mecanismo de ftambagem indica uma resposta homogênea do material próximo à zona de charneira das dobras, com a nucleação de falhas reversas revelando ter a deformação atingido o ponto de ruptura.",O processo de dobramento por deslizamento flexural,529,579
1638,georegis,Onde se concentra a deformação?,"e intra-estratais.. Mecanismo de Dobramento - Nos flancos das dobras predominaram mecanismos de deslizamento flexural, enquanto na região de charneira prevaleceu a flambagem {flexural slip e buckling, sensu Park, 1989; fig. 15). A relação angular entre os indicadores cinemáticos nas superfícies de deslizamento e os eixos das dobras F1 indica a atuação de uma componente de rotação horária durante o fenômeno de deslizamento flexural. Alternativamente, poder-se-ia dizer que esta rotação ocorreu após a nucleação das dobras F1.'O processo de dobramento por deslizamento flexural foi conseqüência da anisotropia mecânica entre as camadas, com a deformação concentrando-se em níveis de folhelhos e siltitos, intercalados a arenitos. Por outro lado, o mecanismo de ftambagem indica uma resposta homogênea do material próximo à zona de charneira das dobras, com a nucleação de falhas reversas revelando ter a deformação atingido o ponto de ruptura.","níveis de folhelhos e siltitos, intercalados a arenitos",675,730
1639,georegis,O que foi conseqüência da anisotropia mecânica entre camadas?,"e intra-estratais.. Mecanismo de Dobramento - Nos flancos das dobras predominaram mecanismos de deslizamento flexural, enquanto na região de charneira prevaleceu a flambagem {flexural slip e buckling, sensu Park, 1989; fig. 15). A relação angular entre os indicadores cinemáticos nas superfícies de deslizamento e os eixos das dobras F1 indica a atuação de uma componente de rotação horária durante o fenômeno de deslizamento flexural. Alternativamente, poder-se-ia dizer que esta rotação ocorreu após a nucleação das dobras F1.'O processo de dobramento por deslizamento flexural foi conseqüência da anisotropia mecânica entre as camadas, com a deformação concentrando-se em níveis de folhelhos e siltitos, intercalados a arenitos. Por outro lado, o mecanismo de ftambagem indica uma resposta homogênea do material próximo à zona de charneira das dobras, com a nucleação de falhas reversas revelando ter a deformação atingido o ponto de ruptura.",processo de dobramento por deslizamento flexural,531,579
1641,georegis,O que revela que a deformação atingiu o ponto de ruptura?,"e intra-estratais.. Mecanismo de Dobramento - Nos flancos das dobras predominaram mecanismos de deslizamento flexural, enquanto na região de charneira prevaleceu a flambagem {flexural slip e buckling, sensu Park, 1989; fig. 15). A relação angular entre os indicadores cinemáticos nas superfícies de deslizamento e os eixos das dobras F1 indica a atuação de uma componente de rotação horária durante o fenômeno de deslizamento flexural. Alternativamente, poder-se-ia dizer que esta rotação ocorreu após a nucleação das dobras F1.'O processo de dobramento por deslizamento flexural foi conseqüência da anisotropia mecânica entre as camadas, com a deformação concentrando-se em níveis de folhelhos e siltitos, intercalados a arenitos. Por outro lado, o mecanismo de ftambagem indica uma resposta homogênea do material próximo à zona de charneira das dobras, com a nucleação de falhas reversas revelando ter a deformação atingido o ponto de ruptura.",a nucleação de falhas reversas,859,889
1642,georegis,O que indica a relação angular entre os indicadores cinemáticos nas superfícies de deslizamento e os eixos das dobras F1?,"e intra-estratais.. Mecanismo de Dobramento - Nos flancos das dobras predominaram mecanismos de deslizamento flexural, enquanto na região de charneira prevaleceu a flambagem {flexural slip e buckling, sensu Park, 1989; fig. 15). A relação angular entre os indicadores cinemáticos nas superfícies de deslizamento e os eixos das dobras F1 indica a atuação de uma componente de rotação horária durante o fenômeno de deslizamento flexural. Alternativamente, poder-se-ia dizer que esta rotação ocorreu após a nucleação das dobras F1.'O processo de dobramento por deslizamento flexural foi conseqüência da anisotropia mecânica entre as camadas, com a deformação concentrando-se em níveis de folhelhos e siltitos, intercalados a arenitos. Por outro lado, o mecanismo de ftambagem indica uma resposta homogênea do material próximo à zona de charneira das dobras, com a nucleação de falhas reversas revelando ter a deformação atingido o ponto de ruptura.",a atuação de uma componente de rotação horária,344,390
1643,georegis,O que a relação angular entre os indicadores cinemáticos nas superfícies de deslizamento e os eixos das dobras indica?,"e intra-estratais.. Mecanismo de Dobramento - Nos flancos das dobras predominaram mecanismos de deslizamento flexural, enquanto na região de charneira prevaleceu a flambagem {flexural slip e buckling, sensu Park, 1989; fig. 15). A relação angular entre os indicadores cinemáticos nas superfícies de deslizamento e os eixos das dobras F1 indica a atuação de uma componente de rotação horária durante o fenômeno de deslizamento flexural. Alternativamente, poder-se-ia dizer que esta rotação ocorreu após a nucleação das dobras F1.'O processo de dobramento por deslizamento flexural foi conseqüência da anisotropia mecânica entre as camadas, com a deformação concentrando-se em níveis de folhelhos e siltitos, intercalados a arenitos. Por outro lado, o mecanismo de ftambagem indica uma resposta homogênea do material próximo à zona de charneira das dobras, com a nucleação de falhas reversas revelando ter a deformação atingido o ponto de ruptura.",uma componente de rotação horária,357,390
1645,georegis,Em que região das dobras predomina a flambagem?,"e intra-estratais.. Mecanismo de Dobramento - Nos flancos das dobras predominaram mecanismos de deslizamento flexural, enquanto na região de charneira prevaleceu a flambagem {flexural slip e buckling, sensu Park, 1989; fig. 15). A relação angular entre os indicadores cinemáticos nas superfícies de deslizamento e os eixos das dobras F1 indica a atuação de uma componente de rotação horária durante o fenômeno de deslizamento flexural. Alternativamente, poder-se-ia dizer que esta rotação ocorreu após a nucleação das dobras F1.'O processo de dobramento por deslizamento flexural foi conseqüência da anisotropia mecânica entre as camadas, com a deformação concentrando-se em níveis de folhelhos e siltitos, intercalados a arenitos. Por outro lado, o mecanismo de ftambagem indica uma resposta homogênea do material próximo à zona de charneira das dobras, com a nucleação de falhas reversas revelando ter a deformação atingido o ponto de ruptura.",charneira,141,150
1646,georegis,O que foi conseqüência da anisotropia mecânica entre camadas?,"e intra-estratais.. Mecanismo de Dobramento - Nos flancos das dobras predominaram mecanismos de deslizamento flexural, enquanto na região de charneira prevaleceu a flambagem {flexural slip e buckling, sensu Park, 1989; fig. 15). A relação angular entre os indicadores cinemáticos nas superfícies de deslizamento e os eixos das dobras F1 indica a atuação de uma componente de rotação horária durante o fenômeno de deslizamento flexural. Alternativamente, poder-se-ia dizer que esta rotação ocorreu após a nucleação das dobras F1.'O processo de dobramento por deslizamento flexural foi conseqüência da anisotropia mecânica entre as camadas, com a deformação concentrando-se em níveis de folhelhos e siltitos, intercalados a arenitos. Por outro lado, o mecanismo de ftambagem indica uma resposta homogênea do material próximo à zona de charneira das dobras, com a nucleação de falhas reversas revelando ter a deformação atingido o ponto de ruptura.",O processo de dobramento por deslizamento flexural,529,579
1653,georegis,Qual foi o mecanismo de deslizamento dominante nas dobras?,"e intra-estratais.. Mecanismo de Dobramento - Nos flancos das dobras predominaram mecanismos de deslizamento flexural, enquanto na região de charneira prevaleceu a flambagem {flexural slip e buckling, sensu Park, 1989; fig. 15). A relação angular entre os indicadores cinemáticos nas superfícies de deslizamento e os eixos das dobras F1 indica a atuação de uma componente de rotação horária durante o fenômeno de deslizamento flexural. Alternativamente, poder-se-ia dizer que esta rotação ocorreu após a nucleação das dobras F1.'O processo de dobramento por deslizamento flexural foi conseqüência da anisotropia mecânica entre as camadas, com a deformação concentrando-se em níveis de folhelhos e siltitos, intercalados a arenitos. Por outro lado, o mecanismo de ftambagem indica uma resposta homogênea do material próximo à zona de charneira das dobras, com a nucleação de falhas reversas revelando ter a deformação atingido o ponto de ruptura.",mecanismos de deslizamento flexural,82,117
1654,georegis,Em que região de dobras predomina o mecanismo de flambagem?,"e intra-estratais.. Mecanismo de Dobramento - Nos flancos das dobras predominaram mecanismos de deslizamento flexural, enquanto na região de charneira prevaleceu a flambagem {flexural slip e buckling, sensu Park, 1989; fig. 15). A relação angular entre os indicadores cinemáticos nas superfícies de deslizamento e os eixos das dobras F1 indica a atuação de uma componente de rotação horária durante o fenômeno de deslizamento flexural. Alternativamente, poder-se-ia dizer que esta rotação ocorreu após a nucleação das dobras F1.'O processo de dobramento por deslizamento flexural foi conseqüência da anisotropia mecânica entre as camadas, com a deformação concentrando-se em níveis de folhelhos e siltitos, intercalados a arenitos. Por outro lado, o mecanismo de ftambagem indica uma resposta homogênea do material próximo à zona de charneira das dobras, com a nucleação de falhas reversas revelando ter a deformação atingido o ponto de ruptura.",região de charneira,131,150
1655,georegis,O que ocorreu em conseqüência da anisotropia mecânica entre camadas?,"e intra-estratais.. Mecanismo de Dobramento - Nos flancos das dobras predominaram mecanismos de deslizamento flexural, enquanto na região de charneira prevaleceu a flambagem {flexural slip e buckling, sensu Park, 1989; fig. 15). A relação angular entre os indicadores cinemáticos nas superfícies de deslizamento e os eixos das dobras F1 indica a atuação de uma componente de rotação horária durante o fenômeno de deslizamento flexural. Alternativamente, poder-se-ia dizer que esta rotação ocorreu após a nucleação das dobras F1.'O processo de dobramento por deslizamento flexural foi conseqüência da anisotropia mecânica entre as camadas, com a deformação concentrando-se em níveis de folhelhos e siltitos, intercalados a arenitos. Por outro lado, o mecanismo de ftambagem indica uma resposta homogênea do material próximo à zona de charneira das dobras, com a nucleação de falhas reversas revelando ter a deformação atingido o ponto de ruptura.",processo de dobramento por deslizamento flexural,531,579
1656,georegis,Onde se concentra a deformação?,"e intra-estratais.. Mecanismo de Dobramento - Nos flancos das dobras predominaram mecanismos de deslizamento flexural, enquanto na região de charneira prevaleceu a flambagem {flexural slip e buckling, sensu Park, 1989; fig. 15). A relação angular entre os indicadores cinemáticos nas superfícies de deslizamento e os eixos das dobras F1 indica a atuação de uma componente de rotação horária durante o fenômeno de deslizamento flexural. Alternativamente, poder-se-ia dizer que esta rotação ocorreu após a nucleação das dobras F1.'O processo de dobramento por deslizamento flexural foi conseqüência da anisotropia mecânica entre as camadas, com a deformação concentrando-se em níveis de folhelhos e siltitos, intercalados a arenitos. Por outro lado, o mecanismo de ftambagem indica uma resposta homogênea do material próximo à zona de charneira das dobras, com a nucleação de falhas reversas revelando ter a deformação atingido o ponto de ruptura.",níveis de folhelhos e siltitos,675,705
1658,georegis,O que revela que a deformação atingiu o ponto de ruptura?,"e intra-estratais.. Mecanismo de Dobramento - Nos flancos das dobras predominaram mecanismos de deslizamento flexural, enquanto na região de charneira prevaleceu a flambagem {flexural slip e buckling, sensu Park, 1989; fig. 15). A relação angular entre os indicadores cinemáticos nas superfícies de deslizamento e os eixos das dobras F1 indica a atuação de uma componente de rotação horária durante o fenômeno de deslizamento flexural. Alternativamente, poder-se-ia dizer que esta rotação ocorreu após a nucleação das dobras F1.'O processo de dobramento por deslizamento flexural foi conseqüência da anisotropia mecânica entre as camadas, com a deformação concentrando-se em níveis de folhelhos e siltitos, intercalados a arenitos. Por outro lado, o mecanismo de ftambagem indica uma resposta homogênea do material próximo à zona de charneira das dobras, com a nucleação de falhas reversas revelando ter a deformação atingido o ponto de ruptura.",falhas reversas,874,889
1659,georegis,Qual foi o mecanismo predominante nos flancos das dobras?,"e intra-estratais.. Mecanismo de Dobramento - Nos flancos das dobras predominaram mecanismos de deslizamento flexural, enquanto na região de charneira prevaleceu a flambagem {flexural slip e buckling, sensu Park, 1989; fig. 15). A relação angular entre os indicadores cinemáticos nas superfícies de deslizamento e os eixos das dobras F1 indica a atuação de uma componente de rotação horária durante o fenômeno de deslizamento flexural. Alternativamente, poder-se-ia dizer que esta rotação ocorreu após a nucleação das dobras F1.'O processo de dobramento por deslizamento flexural foi conseqüência da anisotropia mecânica entre as camadas, com a deformação concentrando-se em níveis de folhelhos e siltitos, intercalados a arenitos. Por outro lado, o mecanismo de ftambagem indica uma resposta homogênea do material próximo à zona de charneira das dobras, com a nucleação de falhas reversas revelando ter a deformação atingido o ponto de ruptura.",mecanismos de deslizamento flexural,82,117
1664,georegis,Qual a relação angular entre os indicadores cinemáticos nas superfícies de deslizamento e os eixos das dobras F1?,"e intra-estratais.. Mecanismo de Dobramento - Nos flancos das dobras predominaram mecanismos de deslizamento flexural, enquanto na região de charneira prevaleceu a flambagem {flexural slip e buckling, sensu Park, 1989; fig. 15). A relação angular entre os indicadores cinemáticos nas superfícies de deslizamento e os eixos das dobras F1 indica a atuação de uma componente de rotação horária durante o fenômeno de deslizamento flexural. Alternativamente, poder-se-ia dizer que esta rotação ocorreu após a nucleação das dobras F1.'O processo de dobramento por deslizamento flexural foi conseqüência da anisotropia mecânica entre as camadas, com a deformação concentrando-se em níveis de folhelhos e siltitos, intercalados a arenitos. Por outro lado, o mecanismo de ftambagem indica uma resposta homogênea do material próximo à zona de charneira das dobras, com a nucleação de falhas reversas revelando ter a deformação atingido o ponto de ruptura.",indica a atuação de uma componente de rotação horária durante o fenômeno de deslizamento flexural,337,434
1665,georegis,O que foi consequência da anisotropia mecânica entre as camadas no processo de dobramento por deslizamento flexural?,"e intra-estratais.. Mecanismo de Dobramento - Nos flancos das dobras predominaram mecanismos de deslizamento flexural, enquanto na região de charneira prevaleceu a flambagem {flexural slip e buckling, sensu Park, 1989; fig. 15). A relação angular entre os indicadores cinemáticos nas superfícies de deslizamento e os eixos das dobras F1 indica a atuação de uma componente de rotação horária durante o fenômeno de deslizamento flexural. Alternativamente, poder-se-ia dizer que esta rotação ocorreu após a nucleação das dobras F1.'O processo de dobramento por deslizamento flexural foi conseqüência da anisotropia mecânica entre as camadas, com a deformação concentrando-se em níveis de folhelhos e siltitos, intercalados a arenitos. Por outro lado, o mecanismo de ftambagem indica uma resposta homogênea do material próximo à zona de charneira das dobras, com a nucleação de falhas reversas revelando ter a deformação atingido o ponto de ruptura.","a deformação concentrando-se em níveis de folhelhos e siltitos, intercalados a arenitos",643,730
1666,georegis,O que indica o mecanismo de flambagem em relação à resposta do material próximo à zona de charneira das dobras?,"e intra-estratais.. Mecanismo de Dobramento - Nos flancos das dobras predominaram mecanismos de deslizamento flexural, enquanto na região de charneira prevaleceu a flambagem {flexural slip e buckling, sensu Park, 1989; fig. 15). A relação angular entre os indicadores cinemáticos nas superfícies de deslizamento e os eixos das dobras F1 indica a atuação de uma componente de rotação horária durante o fenômeno de deslizamento flexural. Alternativamente, poder-se-ia dizer que esta rotação ocorreu após a nucleação das dobras F1.'O processo de dobramento por deslizamento flexural foi conseqüência da anisotropia mecânica entre as camadas, com a deformação concentrando-se em níveis de folhelhos e siltitos, intercalados a arenitos. Por outro lado, o mecanismo de ftambagem indica uma resposta homogênea do material próximo à zona de charneira das dobras, com a nucleação de falhas reversas revelando ter a deformação atingido o ponto de ruptura.",uma resposta homogênea do material próximo à zona de charneira das dobras,780,853
1668,georegis,Quais mecanismos de dobramento predominaram nos flancos das dobras?,"e intra-estratais.. Mecanismo de Dobramento - Nos flancos das dobras predominaram mecanismos de deslizamento flexural, enquanto na região de charneira prevaleceu a flambagem {flexural slip e buckling, sensu Park, 1989; fig. 15). A relação angular entre os indicadores cinemáticos nas superfícies de deslizamento e os eixos das dobras F1 indica a atuação de uma componente de rotação horária durante o fenômeno de deslizamento flexural. Alternativamente, poder-se-ia dizer que esta rotação ocorreu após a nucleação das dobras F1.'O processo de dobramento por deslizamento flexural foi conseqüência da anisotropia mecânica entre as camadas, com a deformação concentrando-se em níveis de folhelhos e siltitos, intercalados a arenitos. Por outro lado, o mecanismo de ftambagem indica uma resposta homogênea do material próximo à zona de charneira das dobras, com a nucleação de falhas reversas revelando ter a deformação atingido o ponto de ruptura.",mecanismos de deslizamento flexural,82,117
1669,georegis,O que prevaleceu na região de charneira das dobras?,"e intra-estratais.. Mecanismo de Dobramento - Nos flancos das dobras predominaram mecanismos de deslizamento flexural, enquanto na região de charneira prevaleceu a flambagem {flexural slip e buckling, sensu Park, 1989; fig. 15). A relação angular entre os indicadores cinemáticos nas superfícies de deslizamento e os eixos das dobras F1 indica a atuação de uma componente de rotação horária durante o fenômeno de deslizamento flexural. Alternativamente, poder-se-ia dizer que esta rotação ocorreu após a nucleação das dobras F1.'O processo de dobramento por deslizamento flexural foi conseqüência da anisotropia mecânica entre as camadas, com a deformação concentrando-se em níveis de folhelhos e siltitos, intercalados a arenitos. Por outro lado, o mecanismo de ftambagem indica uma resposta homogênea do material próximo à zona de charneira das dobras, com a nucleação de falhas reversas revelando ter a deformação atingido o ponto de ruptura.",flambagem,164,173
1670,georegis,O que é indicado pela relação angular entre os indicadores cinemáticos nas superfícies de deslizamento e os eixos das dobras F1?,"e intra-estratais.. Mecanismo de Dobramento - Nos flancos das dobras predominaram mecanismos de deslizamento flexural, enquanto na região de charneira prevaleceu a flambagem {flexural slip e buckling, sensu Park, 1989; fig. 15). A relação angular entre os indicadores cinemáticos nas superfícies de deslizamento e os eixos das dobras F1 indica a atuação de uma componente de rotação horária durante o fenômeno de deslizamento flexural. Alternativamente, poder-se-ia dizer que esta rotação ocorreu após a nucleação das dobras F1.'O processo de dobramento por deslizamento flexural foi conseqüência da anisotropia mecânica entre as camadas, com a deformação concentrando-se em níveis de folhelhos e siltitos, intercalados a arenitos. Por outro lado, o mecanismo de ftambagem indica uma resposta homogênea do material próximo à zona de charneira das dobras, com a nucleação de falhas reversas revelando ter a deformação atingido o ponto de ruptura.",a atuação de uma componente de rotação horária durante o fenômeno de deslizamento flexural,344,434
1672,georegis,O que é conseqüência da anisotropia mecânica entre as camadas?,"e intra-estratais.. Mecanismo de Dobramento - Nos flancos das dobras predominaram mecanismos de deslizamento flexural, enquanto na região de charneira prevaleceu a flambagem {flexural slip e buckling, sensu Park, 1989; fig. 15). A relação angular entre os indicadores cinemáticos nas superfícies de deslizamento e os eixos das dobras F1 indica a atuação de uma componente de rotação horária durante o fenômeno de deslizamento flexural. Alternativamente, poder-se-ia dizer que esta rotação ocorreu após a nucleação das dobras F1.'O processo de dobramento por deslizamento flexural foi conseqüência da anisotropia mecânica entre as camadas, com a deformação concentrando-se em níveis de folhelhos e siltitos, intercalados a arenitos. Por outro lado, o mecanismo de ftambagem indica uma resposta homogênea do material próximo à zona de charneira das dobras, com a nucleação de falhas reversas revelando ter a deformação atingido o ponto de ruptura.",o processo de dobramento por deslizamento flexural,529,579
1673,georegis,O que é muito raro em outros ambientes sedimentares antigos?,"logenéticas. Referências a infiltração mecânica de argilas em outros ambientes sedimentares antigos são muito raras e superficiais. LOUCKS et alii invocam este processo para explicar day coats presentes em alguns arenitos depositados em deltas e ilhas de barreira no Terciário da Costa do Golfo, mas não desenvolvem maiores comentários a respeito. KESSLER identifica cutículas de argila e hematita em arenitos de duna e wadi do Permiano do Mar do Norte como acumuladas por infiltração mecânica, citando características convergen-* tes com as descritas por WALKER. A introdução de grandes volumes de argila por infiltração mecânica parece estar, entretanto, relacionada, basicamente, com sistemas aluviais entrelaçados sob clima árido/semi-árido. WALKER et alii reportam que os depósitos terciários e pleistocênicos do Sudoeste americano contêm comu-mente de 10 a 20% de argilas infiltradas. Este teor representa uma grande quantidade de material introduzido pós-depo-sicionalmente em sedimentos originalmente livres de argila. 0 processo de infiltração mecânica promove, como se vê, modificações marcantes na textura, mineralogia e composição química dos sedimentos onde atua. Seu reconhecimento é, portanto, fundamental para a correta interpretação da história deposicional e diagenética dos arenitos e conglomerados onde ocorre. 4 - RECONHECIMENTO DAS ARGILAS DE INFILTRAÇÃO O que se pretende aqui é demonstrar que o reconhecimento de argilas mecanicamente infiltradas é plenamente possível em sedimentos antigos e que a análise de lâminas delgadas é a melhor ferramenta para sua identificação e descrição. Estudos de CRONE com infiltração artificial em",a infiltração mecânica de argilas,25,58
1675,georegis,Quem identificou cutículas de argila e hematita em arenitos de duna e wadi do Permiano do Mar do Norte como acumuladas por infiltração mecânica?,"logenéticas. Referências a infiltração mecânica de argilas em outros ambientes sedimentares antigos são muito raras e superficiais. LOUCKS et alii invocam este processo para explicar day coats presentes em alguns arenitos depositados em deltas e ilhas de barreira no Terciário da Costa do Golfo, mas não desenvolvem maiores comentários a respeito. KESSLER identifica cutículas de argila e hematita em arenitos de duna e wadi do Permiano do Mar do Norte como acumuladas por infiltração mecânica, citando características convergen-* tes com as descritas por WALKER. A introdução de grandes volumes de argila por infiltração mecânica parece estar, entretanto, relacionada, basicamente, com sistemas aluviais entrelaçados sob clima árido/semi-árido. WALKER et alii reportam que os depósitos terciários e pleistocênicos do Sudoeste americano contêm comu-mente de 10 a 20% de argilas infiltradas. Este teor representa uma grande quantidade de material introduzido pós-depo-sicionalmente em sedimentos originalmente livres de argila. 0 processo de infiltração mecânica promove, como se vê, modificações marcantes na textura, mineralogia e composição química dos sedimentos onde atua. Seu reconhecimento é, portanto, fundamental para a correta interpretação da história deposicional e diagenética dos arenitos e conglomerados onde ocorre. 4 - RECONHECIMENTO DAS ARGILAS DE INFILTRAÇÃO O que se pretende aqui é demonstrar que o reconhecimento de argilas mecanicamente infiltradas é plenamente possível em sedimentos antigos e que a análise de lâminas delgadas é a melhor ferramenta para sua identificação e descrição. Estudos de CRONE com infiltração artificial em",KESSLER,348,355
1676,georegis,Qual é o teor de argila infiltrada em depósitos terciários e pleistocênicos do Sudoeste americano?,"logenéticas. Referências a infiltração mecânica de argilas em outros ambientes sedimentares antigos são muito raras e superficiais. LOUCKS et alii invocam este processo para explicar day coats presentes em alguns arenitos depositados em deltas e ilhas de barreira no Terciário da Costa do Golfo, mas não desenvolvem maiores comentários a respeito. KESSLER identifica cutículas de argila e hematita em arenitos de duna e wadi do Permiano do Mar do Norte como acumuladas por infiltração mecânica, citando características convergen-* tes com as descritas por WALKER. A introdução de grandes volumes de argila por infiltração mecânica parece estar, entretanto, relacionada, basicamente, com sistemas aluviais entrelaçados sob clima árido/semi-árido. WALKER et alii reportam que os depósitos terciários e pleistocênicos do Sudoeste americano contêm comu-mente de 10 a 20% de argilas infiltradas. Este teor representa uma grande quantidade de material introduzido pós-depo-sicionalmente em sedimentos originalmente livres de argila. 0 processo de infiltração mecânica promove, como se vê, modificações marcantes na textura, mineralogia e composição química dos sedimentos onde atua. Seu reconhecimento é, portanto, fundamental para a correta interpretação da história deposicional e diagenética dos arenitos e conglomerados onde ocorre. 4 - RECONHECIMENTO DAS ARGILAS DE INFILTRAÇÃO O que se pretende aqui é demonstrar que o reconhecimento de argilas mecanicamente infiltradas é plenamente possível em sedimentos antigos e que a análise de lâminas delgadas é a melhor ferramenta para sua identificação e descrição. Estudos de CRONE com infiltração artificial em",10 a 20%,858,866
1678,georegis,Quem identificou cutículas de argila e hematita no arenito do Mar do Norte como sendo infiltradas?,"logenéticas. Referências a infiltração mecânica de argilas em outros ambientes sedimentares antigos são muito raras e superficiais. LOUCKS et alii invocam este processo para explicar day coats presentes em alguns arenitos depositados em deltas e ilhas de barreira no Terciário da Costa do Golfo, mas não desenvolvem maiores comentários a respeito. KESSLER identifica cutículas de argila e hematita em arenitos de duna e wadi do Permiano do Mar do Norte como acumuladas por infiltração mecânica, citando características convergen-* tes com as descritas por WALKER. A introdução de grandes volumes de argila por infiltração mecânica parece estar, entretanto, relacionada, basicamente, com sistemas aluviais entrelaçados sob clima árido/semi-árido. WALKER et alii reportam que os depósitos terciários e pleistocênicos do Sudoeste americano contêm comu-mente de 10 a 20% de argilas infiltradas. Este teor representa uma grande quantidade de material introduzido pós-depo-sicionalmente em sedimentos originalmente livres de argila. 0 processo de infiltração mecânica promove, como se vê, modificações marcantes na textura, mineralogia e composição química dos sedimentos onde atua. Seu reconhecimento é, portanto, fundamental para a correta interpretação da história deposicional e diagenética dos arenitos e conglomerados onde ocorre. 4 - RECONHECIMENTO DAS ARGILAS DE INFILTRAÇÃO O que se pretende aqui é demonstrar que o reconhecimento de argilas mecanicamente infiltradas é plenamente possível em sedimentos antigos e que a análise de lâminas delgadas é a melhor ferramenta para sua identificação e descrição. Estudos de CRONE com infiltração artificial em",KESSLER,348,355
1680,georegis,O que é muito raro em outros ambientes sedimentares antigos?,"logenéticas. Referências a infiltração mecânica de argilas em outros ambientes sedimentares antigos são muito raras e superficiais. LOUCKS et alii invocam este processo para explicar day coats presentes em alguns arenitos depositados em deltas e ilhas de barreira no Terciário da Costa do Golfo, mas não desenvolvem maiores comentários a respeito. KESSLER identifica cutículas de argila e hematita em arenitos de duna e wadi do Permiano do Mar do Norte como acumuladas por infiltração mecânica, citando características convergen-* tes com as descritas por WALKER. A introdução de grandes volumes de argila por infiltração mecânica parece estar, entretanto, relacionada, basicamente, com sistemas aluviais entrelaçados sob clima árido/semi-árido. WALKER et alii reportam que os depósitos terciários e pleistocênicos do Sudoeste americano contêm comu-mente de 10 a 20% de argilas infiltradas. Este teor representa uma grande quantidade de material introduzido pós-depo-sicionalmente em sedimentos originalmente livres de argila. 0 processo de infiltração mecânica promove, como se vê, modificações marcantes na textura, mineralogia e composição química dos sedimentos onde atua. Seu reconhecimento é, portanto, fundamental para a correta interpretação da história deposicional e diagenética dos arenitos e conglomerados onde ocorre. 4 - RECONHECIMENTO DAS ARGILAS DE INFILTRAÇÃO O que se pretende aqui é demonstrar que o reconhecimento de argilas mecanicamente infiltradas é plenamente possível em sedimentos antigos e que a análise de lâminas delgadas é a melhor ferramenta para sua identificação e descrição. Estudos de CRONE com infiltração artificial em",infiltração mecânica de argilas,27,58
1681,georegis,Que processo é raro e superficial?,"logenéticas. Referências a infiltração mecânica de argilas em outros ambientes sedimentares antigos são muito raras e superficiais. LOUCKS et alii invocam este processo para explicar day coats presentes em alguns arenitos depositados em deltas e ilhas de barreira no Terciário da Costa do Golfo, mas não desenvolvem maiores comentários a respeito. KESSLER identifica cutículas de argila e hematita em arenitos de duna e wadi do Permiano do Mar do Norte como acumuladas por infiltração mecânica, citando características convergen-* tes com as descritas por WALKER. A introdução de grandes volumes de argila por infiltração mecânica parece estar, entretanto, relacionada, basicamente, com sistemas aluviais entrelaçados sob clima árido/semi-árido. WALKER et alii reportam que os depósitos terciários e pleistocênicos do Sudoeste americano contêm comu-mente de 10 a 20% de argilas infiltradas. Este teor representa uma grande quantidade de material introduzido pós-depo-sicionalmente em sedimentos originalmente livres de argila. 0 processo de infiltração mecânica promove, como se vê, modificações marcantes na textura, mineralogia e composição química dos sedimentos onde atua. Seu reconhecimento é, portanto, fundamental para a correta interpretação da história deposicional e diagenética dos arenitos e conglomerados onde ocorre. 4 - RECONHECIMENTO DAS ARGILAS DE INFILTRAÇÃO O que se pretende aqui é demonstrar que o reconhecimento de argilas mecanicamente infiltradas é plenamente possível em sedimentos antigos e que a análise de lâminas delgadas é a melhor ferramenta para sua identificação e descrição. Estudos de CRONE com infiltração artificial em",infiltração mecânica,27,47
1682,georegis,Em que região estão localizadas as ilhas de barreira?,"logenéticas. Referências a infiltração mecânica de argilas em outros ambientes sedimentares antigos são muito raras e superficiais. LOUCKS et alii invocam este processo para explicar day coats presentes em alguns arenitos depositados em deltas e ilhas de barreira no Terciário da Costa do Golfo, mas não desenvolvem maiores comentários a respeito. KESSLER identifica cutículas de argila e hematita em arenitos de duna e wadi do Permiano do Mar do Norte como acumuladas por infiltração mecânica, citando características convergen-* tes com as descritas por WALKER. A introdução de grandes volumes de argila por infiltração mecânica parece estar, entretanto, relacionada, basicamente, com sistemas aluviais entrelaçados sob clima árido/semi-árido. WALKER et alii reportam que os depósitos terciários e pleistocênicos do Sudoeste americano contêm comu-mente de 10 a 20% de argilas infiltradas. Este teor representa uma grande quantidade de material introduzido pós-depo-sicionalmente em sedimentos originalmente livres de argila. 0 processo de infiltração mecânica promove, como se vê, modificações marcantes na textura, mineralogia e composição química dos sedimentos onde atua. Seu reconhecimento é, portanto, fundamental para a correta interpretação da história deposicional e diagenética dos arenitos e conglomerados onde ocorre. 4 - RECONHECIMENTO DAS ARGILAS DE INFILTRAÇÃO O que se pretende aqui é demonstrar que o reconhecimento de argilas mecanicamente infiltradas é plenamente possível em sedimentos antigos e que a análise de lâminas delgadas é a melhor ferramenta para sua identificação e descrição. Estudos de CRONE com infiltração artificial em",Terciário da Costa do Golfo,267,294
1683,georegis,Que porcentagem de argilas infiltradas existem nos depósitos terciários e pleistocênicos do Sudoeste americano?,"logenéticas. Referências a infiltração mecânica de argilas em outros ambientes sedimentares antigos são muito raras e superficiais. LOUCKS et alii invocam este processo para explicar day coats presentes em alguns arenitos depositados em deltas e ilhas de barreira no Terciário da Costa do Golfo, mas não desenvolvem maiores comentários a respeito. KESSLER identifica cutículas de argila e hematita em arenitos de duna e wadi do Permiano do Mar do Norte como acumuladas por infiltração mecânica, citando características convergen-* tes com as descritas por WALKER. A introdução de grandes volumes de argila por infiltração mecânica parece estar, entretanto, relacionada, basicamente, com sistemas aluviais entrelaçados sob clima árido/semi-árido. WALKER et alii reportam que os depósitos terciários e pleistocênicos do Sudoeste americano contêm comu-mente de 10 a 20% de argilas infiltradas. Este teor representa uma grande quantidade de material introduzido pós-depo-sicionalmente em sedimentos originalmente livres de argila. 0 processo de infiltração mecânica promove, como se vê, modificações marcantes na textura, mineralogia e composição química dos sedimentos onde atua. Seu reconhecimento é, portanto, fundamental para a correta interpretação da história deposicional e diagenética dos arenitos e conglomerados onde ocorre. 4 - RECONHECIMENTO DAS ARGILAS DE INFILTRAÇÃO O que se pretende aqui é demonstrar que o reconhecimento de argilas mecanicamente infiltradas é plenamente possível em sedimentos antigos e que a análise de lâminas delgadas é a melhor ferramenta para sua identificação e descrição. Estudos de CRONE com infiltração artificial em",10 a 20%,858,866
1684,georegis,Onde estão localizadas as cutículas de argila e hematita que KESSLER identificou como acumuladas por infiltração mecânica?,"logenéticas. Referências a infiltração mecânica de argilas em outros ambientes sedimentares antigos são muito raras e superficiais. LOUCKS et alii invocam este processo para explicar day coats presentes em alguns arenitos depositados em deltas e ilhas de barreira no Terciário da Costa do Golfo, mas não desenvolvem maiores comentários a respeito. KESSLER identifica cutículas de argila e hematita em arenitos de duna e wadi do Permiano do Mar do Norte como acumuladas por infiltração mecânica, citando características convergen-* tes com as descritas por WALKER. A introdução de grandes volumes de argila por infiltração mecânica parece estar, entretanto, relacionada, basicamente, com sistemas aluviais entrelaçados sob clima árido/semi-árido. WALKER et alii reportam que os depósitos terciários e pleistocênicos do Sudoeste americano contêm comu-mente de 10 a 20% de argilas infiltradas. Este teor representa uma grande quantidade de material introduzido pós-depo-sicionalmente em sedimentos originalmente livres de argila. 0 processo de infiltração mecânica promove, como se vê, modificações marcantes na textura, mineralogia e composição química dos sedimentos onde atua. Seu reconhecimento é, portanto, fundamental para a correta interpretação da história deposicional e diagenética dos arenitos e conglomerados onde ocorre. 4 - RECONHECIMENTO DAS ARGILAS DE INFILTRAÇÃO O que se pretende aqui é demonstrar que o reconhecimento de argilas mecanicamente infiltradas é plenamente possível em sedimentos antigos e que a análise de lâminas delgadas é a melhor ferramenta para sua identificação e descrição. Estudos de CRONE com infiltração artificial em",Permiano do Mar do Norte,428,452
1685,georegis,"O que promove modificações marcantes na textura, mineralogia e composição química dos sedimentos?","logenéticas. Referências a infiltração mecânica de argilas em outros ambientes sedimentares antigos são muito raras e superficiais. LOUCKS et alii invocam este processo para explicar day coats presentes em alguns arenitos depositados em deltas e ilhas de barreira no Terciário da Costa do Golfo, mas não desenvolvem maiores comentários a respeito. KESSLER identifica cutículas de argila e hematita em arenitos de duna e wadi do Permiano do Mar do Norte como acumuladas por infiltração mecânica, citando características convergen-* tes com as descritas por WALKER. A introdução de grandes volumes de argila por infiltração mecânica parece estar, entretanto, relacionada, basicamente, com sistemas aluviais entrelaçados sob clima árido/semi-árido. WALKER et alii reportam que os depósitos terciários e pleistocênicos do Sudoeste americano contêm comu-mente de 10 a 20% de argilas infiltradas. Este teor representa uma grande quantidade de material introduzido pós-depo-sicionalmente em sedimentos originalmente livres de argila. 0 processo de infiltração mecânica promove, como se vê, modificações marcantes na textura, mineralogia e composição química dos sedimentos onde atua. Seu reconhecimento é, portanto, fundamental para a correta interpretação da história deposicional e diagenética dos arenitos e conglomerados onde ocorre. 4 - RECONHECIMENTO DAS ARGILAS DE INFILTRAÇÃO O que se pretende aqui é demonstrar que o reconhecimento de argilas mecanicamente infiltradas é plenamente possível em sedimentos antigos e que a análise de lâminas delgadas é a melhor ferramenta para sua identificação e descrição. Estudos de CRONE com infiltração artificial em",processo de infiltração mecânica,1029,1061
1686,georegis,O que é raro em outros ambientes sedimentares antigos?,"logenéticas. Referências a infiltração mecânica de argilas em outros ambientes sedimentares antigos são muito raras e superficiais. LOUCKS et alii invocam este processo para explicar day coats presentes em alguns arenitos depositados em deltas e ilhas de barreira no Terciário da Costa do Golfo, mas não desenvolvem maiores comentários a respeito. KESSLER identifica cutículas de argila e hematita em arenitos de duna e wadi do Permiano do Mar do Norte como acumuladas por infiltração mecânica, citando características convergen-* tes com as descritas por WALKER. A introdução de grandes volumes de argila por infiltração mecânica parece estar, entretanto, relacionada, basicamente, com sistemas aluviais entrelaçados sob clima árido/semi-árido. WALKER et alii reportam que os depósitos terciários e pleistocênicos do Sudoeste americano contêm comu-mente de 10 a 20% de argilas infiltradas. Este teor representa uma grande quantidade de material introduzido pós-depo-sicionalmente em sedimentos originalmente livres de argila. 0 processo de infiltração mecânica promove, como se vê, modificações marcantes na textura, mineralogia e composição química dos sedimentos onde atua. Seu reconhecimento é, portanto, fundamental para a correta interpretação da história deposicional e diagenética dos arenitos e conglomerados onde ocorre. 4 - RECONHECIMENTO DAS ARGILAS DE INFILTRAÇÃO O que se pretende aqui é demonstrar que o reconhecimento de argilas mecanicamente infiltradas é plenamente possível em sedimentos antigos e que a análise de lâminas delgadas é a melhor ferramenta para sua identificação e descrição. Estudos de CRONE com infiltração artificial em",infiltração mecânica,27,47
1687,georegis,Em que área de arenitos estão localizados algumas das argilas infiltradas?,"logenéticas. Referências a infiltração mecânica de argilas em outros ambientes sedimentares antigos são muito raras e superficiais. LOUCKS et alii invocam este processo para explicar day coats presentes em alguns arenitos depositados em deltas e ilhas de barreira no Terciário da Costa do Golfo, mas não desenvolvem maiores comentários a respeito. KESSLER identifica cutículas de argila e hematita em arenitos de duna e wadi do Permiano do Mar do Norte como acumuladas por infiltração mecânica, citando características convergen-* tes com as descritas por WALKER. A introdução de grandes volumes de argila por infiltração mecânica parece estar, entretanto, relacionada, basicamente, com sistemas aluviais entrelaçados sob clima árido/semi-árido. WALKER et alii reportam que os depósitos terciários e pleistocênicos do Sudoeste americano contêm comu-mente de 10 a 20% de argilas infiltradas. Este teor representa uma grande quantidade de material introduzido pós-depo-sicionalmente em sedimentos originalmente livres de argila. 0 processo de infiltração mecânica promove, como se vê, modificações marcantes na textura, mineralogia e composição química dos sedimentos onde atua. Seu reconhecimento é, portanto, fundamental para a correta interpretação da história deposicional e diagenética dos arenitos e conglomerados onde ocorre. 4 - RECONHECIMENTO DAS ARGILAS DE INFILTRAÇÃO O que se pretende aqui é demonstrar que o reconhecimento de argilas mecanicamente infiltradas é plenamente possível em sedimentos antigos e que a análise de lâminas delgadas é a melhor ferramenta para sua identificação e descrição. Estudos de CRONE com infiltração artificial em",Terciário da Costa do Golfo,267,294
1688,georegis,Que porcentagem de argilas infiltradas os depósitos terciários e pleistocênicos do Sudoeste americano contêm?,"logenéticas. Referências a infiltração mecânica de argilas em outros ambientes sedimentares antigos são muito raras e superficiais. LOUCKS et alii invocam este processo para explicar day coats presentes em alguns arenitos depositados em deltas e ilhas de barreira no Terciário da Costa do Golfo, mas não desenvolvem maiores comentários a respeito. KESSLER identifica cutículas de argila e hematita em arenitos de duna e wadi do Permiano do Mar do Norte como acumuladas por infiltração mecânica, citando características convergen-* tes com as descritas por WALKER. A introdução de grandes volumes de argila por infiltração mecânica parece estar, entretanto, relacionada, basicamente, com sistemas aluviais entrelaçados sob clima árido/semi-árido. WALKER et alii reportam que os depósitos terciários e pleistocênicos do Sudoeste americano contêm comu-mente de 10 a 20% de argilas infiltradas. Este teor representa uma grande quantidade de material introduzido pós-depo-sicionalmente em sedimentos originalmente livres de argila. 0 processo de infiltração mecânica promove, como se vê, modificações marcantes na textura, mineralogia e composição química dos sedimentos onde atua. Seu reconhecimento é, portanto, fundamental para a correta interpretação da história deposicional e diagenética dos arenitos e conglomerados onde ocorre. 4 - RECONHECIMENTO DAS ARGILAS DE INFILTRAÇÃO O que se pretende aqui é demonstrar que o reconhecimento de argilas mecanicamente infiltradas é plenamente possível em sedimentos antigos e que a análise de lâminas delgadas é a melhor ferramenta para sua identificação e descrição. Estudos de CRONE com infiltração artificial em",10 a 20%,858,866
1690,georegis,"Qual processo promove modificações marcantes na textura, mineralogia e composição química dos sedimentos onde atua?","logenéticas. Referências a infiltração mecânica de argilas em outros ambientes sedimentares antigos são muito raras e superficiais. LOUCKS et alii invocam este processo para explicar day coats presentes em alguns arenitos depositados em deltas e ilhas de barreira no Terciário da Costa do Golfo, mas não desenvolvem maiores comentários a respeito. KESSLER identifica cutículas de argila e hematita em arenitos de duna e wadi do Permiano do Mar do Norte como acumuladas por infiltração mecânica, citando características convergen-* tes com as descritas por WALKER. A introdução de grandes volumes de argila por infiltração mecânica parece estar, entretanto, relacionada, basicamente, com sistemas aluviais entrelaçados sob clima árido/semi-árido. WALKER et alii reportam que os depósitos terciários e pleistocênicos do Sudoeste americano contêm comu-mente de 10 a 20% de argilas infiltradas. Este teor representa uma grande quantidade de material introduzido pós-depo-sicionalmente em sedimentos originalmente livres de argila. 0 processo de infiltração mecânica promove, como se vê, modificações marcantes na textura, mineralogia e composição química dos sedimentos onde atua. Seu reconhecimento é, portanto, fundamental para a correta interpretação da história deposicional e diagenética dos arenitos e conglomerados onde ocorre. 4 - RECONHECIMENTO DAS ARGILAS DE INFILTRAÇÃO O que se pretende aqui é demonstrar que o reconhecimento de argilas mecanicamente infiltradas é plenamente possível em sedimentos antigos e que a análise de lâminas delgadas é a melhor ferramenta para sua identificação e descrição. Estudos de CRONE com infiltração artificial em",processo de infiltração mecânica,1029,1061
1691,georegis,Que processo é raro e superficial?,"logenéticas. Referências a infiltração mecânica de argilas em outros ambientes sedimentares antigos são muito raras e superficiais. LOUCKS et alii invocam este processo para explicar day coats presentes em alguns arenitos depositados em deltas e ilhas de barreira no Terciário da Costa do Golfo, mas não desenvolvem maiores comentários a respeito. KESSLER identifica cutículas de argila e hematita em arenitos de duna e wadi do Permiano do Mar do Norte como acumuladas por infiltração mecânica, citando características convergen-* tes com as descritas por WALKER. A introdução de grandes volumes de argila por infiltração mecânica parece estar, entretanto, relacionada, basicamente, com sistemas aluviais entrelaçados sob clima árido/semi-árido. WALKER et alii reportam que os depósitos terciários e pleistocênicos do Sudoeste americano contêm comu-mente de 10 a 20% de argilas infiltradas. Este teor representa uma grande quantidade de material introduzido pós-depo-sicionalmente em sedimentos originalmente livres de argila. 0 processo de infiltração mecânica promove, como se vê, modificações marcantes na textura, mineralogia e composição química dos sedimentos onde atua. Seu reconhecimento é, portanto, fundamental para a correta interpretação da história deposicional e diagenética dos arenitos e conglomerados onde ocorre. 4 - RECONHECIMENTO DAS ARGILAS DE INFILTRAÇÃO O que se pretende aqui é demonstrar que o reconhecimento de argilas mecanicamente infiltradas é plenamente possível em sedimentos antigos e que a análise de lâminas delgadas é a melhor ferramenta para sua identificação e descrição. Estudos de CRONE com infiltração artificial em",infiltração mecânica de argilas,27,58
1692,georegis,O que é raro em outros ambientes sedimentares antigos?,"logenéticas. Referências a infiltração mecânica de argilas em outros ambientes sedimentares antigos são muito raras e superficiais. LOUCKS et alii invocam este processo para explicar day coats presentes em alguns arenitos depositados em deltas e ilhas de barreira no Terciário da Costa do Golfo, mas não desenvolvem maiores comentários a respeito. KESSLER identifica cutículas de argila e hematita em arenitos de duna e wadi do Permiano do Mar do Norte como acumuladas por infiltração mecânica, citando características convergen-* tes com as descritas por WALKER. A introdução de grandes volumes de argila por infiltração mecânica parece estar, entretanto, relacionada, basicamente, com sistemas aluviais entrelaçados sob clima árido/semi-árido. WALKER et alii reportam que os depósitos terciários e pleistocênicos do Sudoeste americano contêm comu-mente de 10 a 20% de argilas infiltradas. Este teor representa uma grande quantidade de material introduzido pós-depo-sicionalmente em sedimentos originalmente livres de argila. 0 processo de infiltração mecânica promove, como se vê, modificações marcantes na textura, mineralogia e composição química dos sedimentos onde atua. Seu reconhecimento é, portanto, fundamental para a correta interpretação da história deposicional e diagenética dos arenitos e conglomerados onde ocorre. 4 - RECONHECIMENTO DAS ARGILAS DE INFILTRAÇÃO O que se pretende aqui é demonstrar que o reconhecimento de argilas mecanicamente infiltradas é plenamente possível em sedimentos antigos e que a análise de lâminas delgadas é a melhor ferramenta para sua identificação e descrição. Estudos de CRONE com infiltração artificial em",infiltração mecânica de argilas,27,58
1695,georegis,"Segundo WALKER et alii, qual a porcentagem comum de argilas infiltradas nos depósitos terciários e pleistocênicos do Sudoeste americano?","logenéticas. Referências a infiltração mecânica de argilas em outros ambientes sedimentares antigos são muito raras e superficiais. LOUCKS et alii invocam este processo para explicar day coats presentes em alguns arenitos depositados em deltas e ilhas de barreira no Terciário da Costa do Golfo, mas não desenvolvem maiores comentários a respeito. KESSLER identifica cutículas de argila e hematita em arenitos de duna e wadi do Permiano do Mar do Norte como acumuladas por infiltração mecânica, citando características convergen-* tes com as descritas por WALKER. A introdução de grandes volumes de argila por infiltração mecânica parece estar, entretanto, relacionada, basicamente, com sistemas aluviais entrelaçados sob clima árido/semi-árido. WALKER et alii reportam que os depósitos terciários e pleistocênicos do Sudoeste americano contêm comu-mente de 10 a 20% de argilas infiltradas. Este teor representa uma grande quantidade de material introduzido pós-depo-sicionalmente em sedimentos originalmente livres de argila. 0 processo de infiltração mecânica promove, como se vê, modificações marcantes na textura, mineralogia e composição química dos sedimentos onde atua. Seu reconhecimento é, portanto, fundamental para a correta interpretação da história deposicional e diagenética dos arenitos e conglomerados onde ocorre. 4 - RECONHECIMENTO DAS ARGILAS DE INFILTRAÇÃO O que se pretende aqui é demonstrar que o reconhecimento de argilas mecanicamente infiltradas é plenamente possível em sedimentos antigos e que a análise de lâminas delgadas é a melhor ferramenta para sua identificação e descrição. Estudos de CRONE com infiltração artificial em",de 10 a 20%,855,866
1696,georegis,O que a infiltração mecânica promove nos sedimentos onde atua?,"logenéticas. Referências a infiltração mecânica de argilas em outros ambientes sedimentares antigos são muito raras e superficiais. LOUCKS et alii invocam este processo para explicar day coats presentes em alguns arenitos depositados em deltas e ilhas de barreira no Terciário da Costa do Golfo, mas não desenvolvem maiores comentários a respeito. KESSLER identifica cutículas de argila e hematita em arenitos de duna e wadi do Permiano do Mar do Norte como acumuladas por infiltração mecânica, citando características convergen-* tes com as descritas por WALKER. A introdução de grandes volumes de argila por infiltração mecânica parece estar, entretanto, relacionada, basicamente, com sistemas aluviais entrelaçados sob clima árido/semi-árido. WALKER et alii reportam que os depósitos terciários e pleistocênicos do Sudoeste americano contêm comu-mente de 10 a 20% de argilas infiltradas. Este teor representa uma grande quantidade de material introduzido pós-depo-sicionalmente em sedimentos originalmente livres de argila. 0 processo de infiltração mecânica promove, como se vê, modificações marcantes na textura, mineralogia e composição química dos sedimentos onde atua. Seu reconhecimento é, portanto, fundamental para a correta interpretação da história deposicional e diagenética dos arenitos e conglomerados onde ocorre. 4 - RECONHECIMENTO DAS ARGILAS DE INFILTRAÇÃO O que se pretende aqui é demonstrar que o reconhecimento de argilas mecanicamente infiltradas é plenamente possível em sedimentos antigos e que a análise de lâminas delgadas é a melhor ferramenta para sua identificação e descrição. Estudos de CRONE com infiltração artificial em","modificações marcantes na textura, mineralogia e composição química dos sedimentos",1083,1165
1697,georegis,Qual a melhor ferramenta para identificar e descrever argilas mecanicamente infiltradas em sedimentos antigos?,"logenéticas. Referências a infiltração mecânica de argilas em outros ambientes sedimentares antigos são muito raras e superficiais. LOUCKS et alii invocam este processo para explicar day coats presentes em alguns arenitos depositados em deltas e ilhas de barreira no Terciário da Costa do Golfo, mas não desenvolvem maiores comentários a respeito. KESSLER identifica cutículas de argila e hematita em arenitos de duna e wadi do Permiano do Mar do Norte como acumuladas por infiltração mecânica, citando características convergen-* tes com as descritas por WALKER. A introdução de grandes volumes de argila por infiltração mecânica parece estar, entretanto, relacionada, basicamente, com sistemas aluviais entrelaçados sob clima árido/semi-árido. WALKER et alii reportam que os depósitos terciários e pleistocênicos do Sudoeste americano contêm comu-mente de 10 a 20% de argilas infiltradas. Este teor representa uma grande quantidade de material introduzido pós-depo-sicionalmente em sedimentos originalmente livres de argila. 0 processo de infiltração mecânica promove, como se vê, modificações marcantes na textura, mineralogia e composição química dos sedimentos onde atua. Seu reconhecimento é, portanto, fundamental para a correta interpretação da história deposicional e diagenética dos arenitos e conglomerados onde ocorre. 4 - RECONHECIMENTO DAS ARGILAS DE INFILTRAÇÃO O que se pretende aqui é demonstrar que o reconhecimento de argilas mecanicamente infiltradas é plenamente possível em sedimentos antigos e que a análise de lâminas delgadas é a melhor ferramenta para sua identificação e descrição. Estudos de CRONE com infiltração artificial em",análise de lâminas delgadas,1523,1550
1699,georegis,Quais são os depósitos que LOUCKS et alii invocam para explicar os day coats presentes em alguns arenitos?,"logenéticas. Referências a infiltração mecânica de argilas em outros ambientes sedimentares antigos são muito raras e superficiais. LOUCKS et alii invocam este processo para explicar day coats presentes em alguns arenitos depositados em deltas e ilhas de barreira no Terciário da Costa do Golfo, mas não desenvolvem maiores comentários a respeito. KESSLER identifica cutículas de argila e hematita em arenitos de duna e wadi do Permiano do Mar do Norte como acumuladas por infiltração mecânica, citando características convergen-* tes com as descritas por WALKER. A introdução de grandes volumes de argila por infiltração mecânica parece estar, entretanto, relacionada, basicamente, com sistemas aluviais entrelaçados sob clima árido/semi-árido. WALKER et alii reportam que os depósitos terciários e pleistocênicos do Sudoeste americano contêm comu-mente de 10 a 20% de argilas infiltradas. Este teor representa uma grande quantidade de material introduzido pós-depo-sicionalmente em sedimentos originalmente livres de argila. 0 processo de infiltração mecânica promove, como se vê, modificações marcantes na textura, mineralogia e composição química dos sedimentos onde atua. Seu reconhecimento é, portanto, fundamental para a correta interpretação da história deposicional e diagenética dos arenitos e conglomerados onde ocorre. 4 - RECONHECIMENTO DAS ARGILAS DE INFILTRAÇÃO O que se pretende aqui é demonstrar que o reconhecimento de argilas mecanicamente infiltradas é plenamente possível em sedimentos antigos e que a análise de lâminas delgadas é a melhor ferramenta para sua identificação e descrição. Estudos de CRONE com infiltração artificial em","depositados em deltas e ilhas de barreira no Terciário da Costa do Golfo,",222,295
1700,georegis,O que KESSLER identifica em arenitos de duna e wadi do Permiano do Mar do Norte?,"logenéticas. Referências a infiltração mecânica de argilas em outros ambientes sedimentares antigos são muito raras e superficiais. LOUCKS et alii invocam este processo para explicar day coats presentes em alguns arenitos depositados em deltas e ilhas de barreira no Terciário da Costa do Golfo, mas não desenvolvem maiores comentários a respeito. KESSLER identifica cutículas de argila e hematita em arenitos de duna e wadi do Permiano do Mar do Norte como acumuladas por infiltração mecânica, citando características convergen-* tes com as descritas por WALKER. A introdução de grandes volumes de argila por infiltração mecânica parece estar, entretanto, relacionada, basicamente, com sistemas aluviais entrelaçados sob clima árido/semi-árido. WALKER et alii reportam que os depósitos terciários e pleistocênicos do Sudoeste americano contêm comu-mente de 10 a 20% de argilas infiltradas. Este teor representa uma grande quantidade de material introduzido pós-depo-sicionalmente em sedimentos originalmente livres de argila. 0 processo de infiltração mecânica promove, como se vê, modificações marcantes na textura, mineralogia e composição química dos sedimentos onde atua. Seu reconhecimento é, portanto, fundamental para a correta interpretação da história deposicional e diagenética dos arenitos e conglomerados onde ocorre. 4 - RECONHECIMENTO DAS ARGILAS DE INFILTRAÇÃO O que se pretende aqui é demonstrar que o reconhecimento de argilas mecanicamente infiltradas é plenamente possível em sedimentos antigos e que a análise de lâminas delgadas é a melhor ferramenta para sua identificação e descrição. Estudos de CRONE com infiltração artificial em",cutículas de argila e hematita,367,397
1701,georegis,"De acordo com WALKER et alii, quais são os depósitos que contêm comumente de 10 a 20% de argilas infiltradas?","logenéticas. Referências a infiltração mecânica de argilas em outros ambientes sedimentares antigos são muito raras e superficiais. LOUCKS et alii invocam este processo para explicar day coats presentes em alguns arenitos depositados em deltas e ilhas de barreira no Terciário da Costa do Golfo, mas não desenvolvem maiores comentários a respeito. KESSLER identifica cutículas de argila e hematita em arenitos de duna e wadi do Permiano do Mar do Norte como acumuladas por infiltração mecânica, citando características convergen-* tes com as descritas por WALKER. A introdução de grandes volumes de argila por infiltração mecânica parece estar, entretanto, relacionada, basicamente, com sistemas aluviais entrelaçados sob clima árido/semi-árido. WALKER et alii reportam que os depósitos terciários e pleistocênicos do Sudoeste americano contêm comu-mente de 10 a 20% de argilas infiltradas. Este teor representa uma grande quantidade de material introduzido pós-depo-sicionalmente em sedimentos originalmente livres de argila. 0 processo de infiltração mecânica promove, como se vê, modificações marcantes na textura, mineralogia e composição química dos sedimentos onde atua. Seu reconhecimento é, portanto, fundamental para a correta interpretação da história deposicional e diagenética dos arenitos e conglomerados onde ocorre. 4 - RECONHECIMENTO DAS ARGILAS DE INFILTRAÇÃO O que se pretende aqui é demonstrar que o reconhecimento de argilas mecanicamente infiltradas é plenamente possível em sedimentos antigos e que a análise de lâminas delgadas é a melhor ferramenta para sua identificação e descrição. Estudos de CRONE com infiltração artificial em",depósitos terciários e pleistocênicos do Sudoeste americano,777,836
1702,georegis,O que o processo de infiltração mecânica promove nos sedimentos onde atua?,"logenéticas. Referências a infiltração mecânica de argilas em outros ambientes sedimentares antigos são muito raras e superficiais. LOUCKS et alii invocam este processo para explicar day coats presentes em alguns arenitos depositados em deltas e ilhas de barreira no Terciário da Costa do Golfo, mas não desenvolvem maiores comentários a respeito. KESSLER identifica cutículas de argila e hematita em arenitos de duna e wadi do Permiano do Mar do Norte como acumuladas por infiltração mecânica, citando características convergen-* tes com as descritas por WALKER. A introdução de grandes volumes de argila por infiltração mecânica parece estar, entretanto, relacionada, basicamente, com sistemas aluviais entrelaçados sob clima árido/semi-árido. WALKER et alii reportam que os depósitos terciários e pleistocênicos do Sudoeste americano contêm comu-mente de 10 a 20% de argilas infiltradas. Este teor representa uma grande quantidade de material introduzido pós-depo-sicionalmente em sedimentos originalmente livres de argila. 0 processo de infiltração mecânica promove, como se vê, modificações marcantes na textura, mineralogia e composição química dos sedimentos onde atua. Seu reconhecimento é, portanto, fundamental para a correta interpretação da história deposicional e diagenética dos arenitos e conglomerados onde ocorre. 4 - RECONHECIMENTO DAS ARGILAS DE INFILTRAÇÃO O que se pretende aqui é demonstrar que o reconhecimento de argilas mecanicamente infiltradas é plenamente possível em sedimentos antigos e que a análise de lâminas delgadas é a melhor ferramenta para sua identificação e descrição. Estudos de CRONE com infiltração artificial em","modificações marcantes na textura, mineralogia e composição química dos sedimentos",1083,1165
1703,georegis,Qual é a porcentagem de receitas bruta dos campos que pagam Participação Especial?,"Diretora Geral da Agência Nacional do Petróleo, Gás Natural e Biocombustíveis Constitui grande desafio para o nosso País a melhoria do conhecimento sobre as 29 bacias sedimentares que apresentam interesse para a indústria de petróleo e gás natural. Com esta visão, a Agência Nacional do Petróleo, Gás Natural e Biocombustíveis tem desenvolvido programas e apoiado políticas públicas que buscam a mobilização e o incentivo à participação conjugada de diferentes atores, incluindo a esfera pública, empresas petrolíferas, empresas de aquisição de dados, empresas fornecedoras da cadeia de petróleo e gás, universidades e instituições de pesquisa. As atividades realizadas incluem a condução do Plano Plurianual de Estudos de Geologia e Geofísica, o qual tem sido decisivo no desenho de novos projetos que, em 2013, terão como desdobramento a realização da 11a Rodada de Licitações de Blocos, além de um leilão específico para áreas com potencial para a produção de gás natural e do primeiro leilão do pré-sal. Neste contexto, que envolve desafios em diferentes ambientes geológicos, o desenvolvimento de novas tecnologias se reveste de importância fundamental para o sucesso dos empreendimentos. Como importante política pública que visa a estimular a pesquisa e desenvolvimento nos setores de petróleo, gás natural e biocombustíveis, destaca-se a introdução pela ANP, desde 1998, nos contratos para exploração e produção de petróleo e gás natural, de uma cláusula que obriga os concessionários a realizar Despesas Qualificadas como Pesquisa e Desenvolvimento equivalentes a 1% da receita bruta dos campos que pagam Participação Especial. Pelo menos 50% destes recursos devem ser investidos em universidades ou institutos de pesquisa credenciados pela ANP. Decorridos 14 anos, podemos afirmar que a inserção de tal dispositivo contratual constituiu um importante instrumento de estímulo ao desenvolvimento de novas tecnologias para o setor e, em especial, foi fundamental para",1%,1573,1575
1704,georegis,"O que constitui um grande desafio para a Agência Nacional do Petróleo, Gás Natural e Biocombustíveis?","Diretora Geral da Agência Nacional do Petróleo, Gás Natural e Biocombustíveis Constitui grande desafio para o nosso País a melhoria do conhecimento sobre as 29 bacias sedimentares que apresentam interesse para a indústria de petróleo e gás natural. Com esta visão, a Agência Nacional do Petróleo, Gás Natural e Biocombustíveis tem desenvolvido programas e apoiado políticas públicas que buscam a mobilização e o incentivo à participação conjugada de diferentes atores, incluindo a esfera pública, empresas petrolíferas, empresas de aquisição de dados, empresas fornecedoras da cadeia de petróleo e gás, universidades e instituições de pesquisa. As atividades realizadas incluem a condução do Plano Plurianual de Estudos de Geologia e Geofísica, o qual tem sido decisivo no desenho de novos projetos que, em 2013, terão como desdobramento a realização da 11a Rodada de Licitações de Blocos, além de um leilão específico para áreas com potencial para a produção de gás natural e do primeiro leilão do pré-sal. Neste contexto, que envolve desafios em diferentes ambientes geológicos, o desenvolvimento de novas tecnologias se reveste de importância fundamental para o sucesso dos empreendimentos. Como importante política pública que visa a estimular a pesquisa e desenvolvimento nos setores de petróleo, gás natural e biocombustíveis, destaca-se a introdução pela ANP, desde 1998, nos contratos para exploração e produção de petróleo e gás natural, de uma cláusula que obriga os concessionários a realizar Despesas Qualificadas como Pesquisa e Desenvolvimento equivalentes a 1% da receita bruta dos campos que pagam Participação Especial. Pelo menos 50% destes recursos devem ser investidos em universidades ou institutos de pesquisa credenciados pela ANP. Decorridos 14 anos, podemos afirmar que a inserção de tal dispositivo contratual constituiu um importante instrumento de estímulo ao desenvolvimento de novas tecnologias para o setor e, em especial, foi fundamental para",grande desafio para o nosso País a melhoria do conhecimento sobre as 29 bacias sedimentares que apresentam interesse para a indústria de petróleo e gás natural.,88,248
1705,georegis,O que tem sido decisivo no desenho de novos projetos?,"Diretora Geral da Agência Nacional do Petróleo, Gás Natural e Biocombustíveis Constitui grande desafio para o nosso País a melhoria do conhecimento sobre as 29 bacias sedimentares que apresentam interesse para a indústria de petróleo e gás natural. Com esta visão, a Agência Nacional do Petróleo, Gás Natural e Biocombustíveis tem desenvolvido programas e apoiado políticas públicas que buscam a mobilização e o incentivo à participação conjugada de diferentes atores, incluindo a esfera pública, empresas petrolíferas, empresas de aquisição de dados, empresas fornecedoras da cadeia de petróleo e gás, universidades e instituições de pesquisa. As atividades realizadas incluem a condução do Plano Plurianual de Estudos de Geologia e Geofísica, o qual tem sido decisivo no desenho de novos projetos que, em 2013, terão como desdobramento a realização da 11a Rodada de Licitações de Blocos, além de um leilão específico para áreas com potencial para a produção de gás natural e do primeiro leilão do pré-sal. Neste contexto, que envolve desafios em diferentes ambientes geológicos, o desenvolvimento de novas tecnologias se reveste de importância fundamental para o sucesso dos empreendimentos. Como importante política pública que visa a estimular a pesquisa e desenvolvimento nos setores de petróleo, gás natural e biocombustíveis, destaca-se a introdução pela ANP, desde 1998, nos contratos para exploração e produção de petróleo e gás natural, de uma cláusula que obriga os concessionários a realizar Despesas Qualificadas como Pesquisa e Desenvolvimento equivalentes a 1% da receita bruta dos campos que pagam Participação Especial. Pelo menos 50% destes recursos devem ser investidos em universidades ou institutos de pesquisa credenciados pela ANP. Decorridos 14 anos, podemos afirmar que a inserção de tal dispositivo contratual constituiu um importante instrumento de estímulo ao desenvolvimento de novas tecnologias para o setor e, em especial, foi fundamental para","Plano Plurianual de Estudos de Geologia e Geofísica,",692,744
1706,georegis,Qual é a porcentagem mínima de gastos com pesquisa e desenvolvimento exigida pelos concessionários para obterem Participação Especial?,"Diretora Geral da Agência Nacional do Petróleo, Gás Natural e Biocombustíveis Constitui grande desafio para o nosso País a melhoria do conhecimento sobre as 29 bacias sedimentares que apresentam interesse para a indústria de petróleo e gás natural. Com esta visão, a Agência Nacional do Petróleo, Gás Natural e Biocombustíveis tem desenvolvido programas e apoiado políticas públicas que buscam a mobilização e o incentivo à participação conjugada de diferentes atores, incluindo a esfera pública, empresas petrolíferas, empresas de aquisição de dados, empresas fornecedoras da cadeia de petróleo e gás, universidades e instituições de pesquisa. As atividades realizadas incluem a condução do Plano Plurianual de Estudos de Geologia e Geofísica, o qual tem sido decisivo no desenho de novos projetos que, em 2013, terão como desdobramento a realização da 11a Rodada de Licitações de Blocos, além de um leilão específico para áreas com potencial para a produção de gás natural e do primeiro leilão do pré-sal. Neste contexto, que envolve desafios em diferentes ambientes geológicos, o desenvolvimento de novas tecnologias se reveste de importância fundamental para o sucesso dos empreendimentos. Como importante política pública que visa a estimular a pesquisa e desenvolvimento nos setores de petróleo, gás natural e biocombustíveis, destaca-se a introdução pela ANP, desde 1998, nos contratos para exploração e produção de petróleo e gás natural, de uma cláusula que obriga os concessionários a realizar Despesas Qualificadas como Pesquisa e Desenvolvimento equivalentes a 1% da receita bruta dos campos que pagam Participação Especial. Pelo menos 50% destes recursos devem ser investidos em universidades ou institutos de pesquisa credenciados pela ANP. Decorridos 14 anos, podemos afirmar que a inserção de tal dispositivo contratual constituiu um importante instrumento de estímulo ao desenvolvimento de novas tecnologias para o setor e, em especial, foi fundamental para",1%,1573,1575
1707,georegis,Em que ano a ANP introduziu uma cláusula que obriga os concessionários a realizar despesas com pesquisa e desenvolvimento?,"Diretora Geral da Agência Nacional do Petróleo, Gás Natural e Biocombustíveis Constitui grande desafio para o nosso País a melhoria do conhecimento sobre as 29 bacias sedimentares que apresentam interesse para a indústria de petróleo e gás natural. Com esta visão, a Agência Nacional do Petróleo, Gás Natural e Biocombustíveis tem desenvolvido programas e apoiado políticas públicas que buscam a mobilização e o incentivo à participação conjugada de diferentes atores, incluindo a esfera pública, empresas petrolíferas, empresas de aquisição de dados, empresas fornecedoras da cadeia de petróleo e gás, universidades e instituições de pesquisa. As atividades realizadas incluem a condução do Plano Plurianual de Estudos de Geologia e Geofísica, o qual tem sido decisivo no desenho de novos projetos que, em 2013, terão como desdobramento a realização da 11a Rodada de Licitações de Blocos, além de um leilão específico para áreas com potencial para a produção de gás natural e do primeiro leilão do pré-sal. Neste contexto, que envolve desafios em diferentes ambientes geológicos, o desenvolvimento de novas tecnologias se reveste de importância fundamental para o sucesso dos empreendimentos. Como importante política pública que visa a estimular a pesquisa e desenvolvimento nos setores de petróleo, gás natural e biocombustíveis, destaca-se a introdução pela ANP, desde 1998, nos contratos para exploração e produção de petróleo e gás natural, de uma cláusula que obriga os concessionários a realizar Despesas Qualificadas como Pesquisa e Desenvolvimento equivalentes a 1% da receita bruta dos campos que pagam Participação Especial. Pelo menos 50% destes recursos devem ser investidos em universidades ou institutos de pesquisa credenciados pela ANP. Decorridos 14 anos, podemos afirmar que a inserção de tal dispositivo contratual constituiu um importante instrumento de estímulo ao desenvolvimento de novas tecnologias para o setor e, em especial, foi fundamental para",1998,1373,1377
1708,georegis,"O que constitui um grande desafio para a Agência Nacional do Petróleo, Gás Natural e Biocombustíveis?","Diretora Geral da Agência Nacional do Petróleo, Gás Natural e Biocombustíveis Constitui grande desafio para o nosso País a melhoria do conhecimento sobre as 29 bacias sedimentares que apresentam interesse para a indústria de petróleo e gás natural. Com esta visão, a Agência Nacional do Petróleo, Gás Natural e Biocombustíveis tem desenvolvido programas e apoiado políticas públicas que buscam a mobilização e o incentivo à participação conjugada de diferentes atores, incluindo a esfera pública, empresas petrolíferas, empresas de aquisição de dados, empresas fornecedoras da cadeia de petróleo e gás, universidades e instituições de pesquisa. As atividades realizadas incluem a condução do Plano Plurianual de Estudos de Geologia e Geofísica, o qual tem sido decisivo no desenho de novos projetos que, em 2013, terão como desdobramento a realização da 11a Rodada de Licitações de Blocos, além de um leilão específico para áreas com potencial para a produção de gás natural e do primeiro leilão do pré-sal. Neste contexto, que envolve desafios em diferentes ambientes geológicos, o desenvolvimento de novas tecnologias se reveste de importância fundamental para o sucesso dos empreendimentos. Como importante política pública que visa a estimular a pesquisa e desenvolvimento nos setores de petróleo, gás natural e biocombustíveis, destaca-se a introdução pela ANP, desde 1998, nos contratos para exploração e produção de petróleo e gás natural, de uma cláusula que obriga os concessionários a realizar Despesas Qualificadas como Pesquisa e Desenvolvimento equivalentes a 1% da receita bruta dos campos que pagam Participação Especial. Pelo menos 50% destes recursos devem ser investidos em universidades ou institutos de pesquisa credenciados pela ANP. Decorridos 14 anos, podemos afirmar que a inserção de tal dispositivo contratual constituiu um importante instrumento de estímulo ao desenvolvimento de novas tecnologias para o setor e, em especial, foi fundamental para",a melhoria do conhecimento sobre as 29 bacias sedimentares,121,179
1709,georegis,O que tem sido decisivo no desenho de novos projetos?,"Diretora Geral da Agência Nacional do Petróleo, Gás Natural e Biocombustíveis Constitui grande desafio para o nosso País a melhoria do conhecimento sobre as 29 bacias sedimentares que apresentam interesse para a indústria de petróleo e gás natural. Com esta visão, a Agência Nacional do Petróleo, Gás Natural e Biocombustíveis tem desenvolvido programas e apoiado políticas públicas que buscam a mobilização e o incentivo à participação conjugada de diferentes atores, incluindo a esfera pública, empresas petrolíferas, empresas de aquisição de dados, empresas fornecedoras da cadeia de petróleo e gás, universidades e instituições de pesquisa. As atividades realizadas incluem a condução do Plano Plurianual de Estudos de Geologia e Geofísica, o qual tem sido decisivo no desenho de novos projetos que, em 2013, terão como desdobramento a realização da 11a Rodada de Licitações de Blocos, além de um leilão específico para áreas com potencial para a produção de gás natural e do primeiro leilão do pré-sal. Neste contexto, que envolve desafios em diferentes ambientes geológicos, o desenvolvimento de novas tecnologias se reveste de importância fundamental para o sucesso dos empreendimentos. Como importante política pública que visa a estimular a pesquisa e desenvolvimento nos setores de petróleo, gás natural e biocombustíveis, destaca-se a introdução pela ANP, desde 1998, nos contratos para exploração e produção de petróleo e gás natural, de uma cláusula que obriga os concessionários a realizar Despesas Qualificadas como Pesquisa e Desenvolvimento equivalentes a 1% da receita bruta dos campos que pagam Participação Especial. Pelo menos 50% destes recursos devem ser investidos em universidades ou institutos de pesquisa credenciados pela ANP. Decorridos 14 anos, podemos afirmar que a inserção de tal dispositivo contratual constituiu um importante instrumento de estímulo ao desenvolvimento de novas tecnologias para o setor e, em especial, foi fundamental para",Plano Plurianual de Estudos de Geologia e Geofísica,692,743
1710,georegis,Qual é a porcentagem mínima de gastos com pesquisa e desenvolvimento exigida pelos concessionários para obterem Participação Especial?,"Diretora Geral da Agência Nacional do Petróleo, Gás Natural e Biocombustíveis Constitui grande desafio para o nosso País a melhoria do conhecimento sobre as 29 bacias sedimentares que apresentam interesse para a indústria de petróleo e gás natural. Com esta visão, a Agência Nacional do Petróleo, Gás Natural e Biocombustíveis tem desenvolvido programas e apoiado políticas públicas que buscam a mobilização e o incentivo à participação conjugada de diferentes atores, incluindo a esfera pública, empresas petrolíferas, empresas de aquisição de dados, empresas fornecedoras da cadeia de petróleo e gás, universidades e instituições de pesquisa. As atividades realizadas incluem a condução do Plano Plurianual de Estudos de Geologia e Geofísica, o qual tem sido decisivo no desenho de novos projetos que, em 2013, terão como desdobramento a realização da 11a Rodada de Licitações de Blocos, além de um leilão específico para áreas com potencial para a produção de gás natural e do primeiro leilão do pré-sal. Neste contexto, que envolve desafios em diferentes ambientes geológicos, o desenvolvimento de novas tecnologias se reveste de importância fundamental para o sucesso dos empreendimentos. Como importante política pública que visa a estimular a pesquisa e desenvolvimento nos setores de petróleo, gás natural e biocombustíveis, destaca-se a introdução pela ANP, desde 1998, nos contratos para exploração e produção de petróleo e gás natural, de uma cláusula que obriga os concessionários a realizar Despesas Qualificadas como Pesquisa e Desenvolvimento equivalentes a 1% da receita bruta dos campos que pagam Participação Especial. Pelo menos 50% destes recursos devem ser investidos em universidades ou institutos de pesquisa credenciados pela ANP. Decorridos 14 anos, podemos afirmar que a inserção de tal dispositivo contratual constituiu um importante instrumento de estímulo ao desenvolvimento de novas tecnologias para o setor e, em especial, foi fundamental para",50%,1648,1651
1711,georegis,Qual é o desafio que a ANP enfrenta?,"Diretora Geral da Agência Nacional do Petróleo, Gás Natural e Biocombustíveis Constitui grande desafio para o nosso País a melhoria do conhecimento sobre as 29 bacias sedimentares que apresentam interesse para a indústria de petróleo e gás natural. Com esta visão, a Agência Nacional do Petróleo, Gás Natural e Biocombustíveis tem desenvolvido programas e apoiado políticas públicas que buscam a mobilização e o incentivo à participação conjugada de diferentes atores, incluindo a esfera pública, empresas petrolíferas, empresas de aquisição de dados, empresas fornecedoras da cadeia de petróleo e gás, universidades e instituições de pesquisa. As atividades realizadas incluem a condução do Plano Plurianual de Estudos de Geologia e Geofísica, o qual tem sido decisivo no desenho de novos projetos que, em 2013, terão como desdobramento a realização da 11a Rodada de Licitações de Blocos, além de um leilão específico para áreas com potencial para a produção de gás natural e do primeiro leilão do pré-sal. Neste contexto, que envolve desafios em diferentes ambientes geológicos, o desenvolvimento de novas tecnologias se reveste de importância fundamental para o sucesso dos empreendimentos. Como importante política pública que visa a estimular a pesquisa e desenvolvimento nos setores de petróleo, gás natural e biocombustíveis, destaca-se a introdução pela ANP, desde 1998, nos contratos para exploração e produção de petróleo e gás natural, de uma cláusula que obriga os concessionários a realizar Despesas Qualificadas como Pesquisa e Desenvolvimento equivalentes a 1% da receita bruta dos campos que pagam Participação Especial. Pelo menos 50% destes recursos devem ser investidos em universidades ou institutos de pesquisa credenciados pela ANP. Decorridos 14 anos, podemos afirmar que a inserção de tal dispositivo contratual constituiu um importante instrumento de estímulo ao desenvolvimento de novas tecnologias para o setor e, em especial, foi fundamental para",a melhoria do conhecimento sobre as 29 bacias sedimentares que apresentam interesse para a indústria de petróleo e gás natural,121,247
1712,georegis,Que plano a ANP conduz?,"Diretora Geral da Agência Nacional do Petróleo, Gás Natural e Biocombustíveis Constitui grande desafio para o nosso País a melhoria do conhecimento sobre as 29 bacias sedimentares que apresentam interesse para a indústria de petróleo e gás natural. Com esta visão, a Agência Nacional do Petróleo, Gás Natural e Biocombustíveis tem desenvolvido programas e apoiado políticas públicas que buscam a mobilização e o incentivo à participação conjugada de diferentes atores, incluindo a esfera pública, empresas petrolíferas, empresas de aquisição de dados, empresas fornecedoras da cadeia de petróleo e gás, universidades e instituições de pesquisa. As atividades realizadas incluem a condução do Plano Plurianual de Estudos de Geologia e Geofísica, o qual tem sido decisivo no desenho de novos projetos que, em 2013, terão como desdobramento a realização da 11a Rodada de Licitações de Blocos, além de um leilão específico para áreas com potencial para a produção de gás natural e do primeiro leilão do pré-sal. Neste contexto, que envolve desafios em diferentes ambientes geológicos, o desenvolvimento de novas tecnologias se reveste de importância fundamental para o sucesso dos empreendimentos. Como importante política pública que visa a estimular a pesquisa e desenvolvimento nos setores de petróleo, gás natural e biocombustíveis, destaca-se a introdução pela ANP, desde 1998, nos contratos para exploração e produção de petróleo e gás natural, de uma cláusula que obriga os concessionários a realizar Despesas Qualificadas como Pesquisa e Desenvolvimento equivalentes a 1% da receita bruta dos campos que pagam Participação Especial. Pelo menos 50% destes recursos devem ser investidos em universidades ou institutos de pesquisa credenciados pela ANP. Decorridos 14 anos, podemos afirmar que a inserção de tal dispositivo contratual constituiu um importante instrumento de estímulo ao desenvolvimento de novas tecnologias para o setor e, em especial, foi fundamental para",Plano Plurianual de Estudos de Geologia e Geofísica,692,743
1713,georegis,Para onde deve ser aplicado o restante dos recursos do PBP?,"Diretora Geral da Agência Nacional do Petróleo, Gás Natural e Biocombustíveis Constitui grande desafio para o nosso País a melhoria do conhecimento sobre as 29 bacias sedimentares que apresentam interesse para a indústria de petróleo e gás natural. Com esta visão, a Agência Nacional do Petróleo, Gás Natural e Biocombustíveis tem desenvolvido programas e apoiado políticas públicas que buscam a mobilização e o incentivo à participação conjugada de diferentes atores, incluindo a esfera pública, empresas petrolíferas, empresas de aquisição de dados, empresas fornecedoras da cadeia de petróleo e gás, universidades e instituições de pesquisa. As atividades realizadas incluem a condução do Plano Plurianual de Estudos de Geologia e Geofísica, o qual tem sido decisivo no desenho de novos projetos que, em 2013, terão como desdobramento a realização da 11a Rodada de Licitações de Blocos, além de um leilão específico para áreas com potencial para a produção de gás natural e do primeiro leilão do pré-sal. Neste contexto, que envolve desafios em diferentes ambientes geológicos, o desenvolvimento de novas tecnologias se reveste de importância fundamental para o sucesso dos empreendimentos. Como importante política pública que visa a estimular a pesquisa e desenvolvimento nos setores de petróleo, gás natural e biocombustíveis, destaca-se a introdução pela ANP, desde 1998, nos contratos para exploração e produção de petróleo e gás natural, de uma cláusula que obriga os concessionários a realizar Despesas Qualificadas como Pesquisa e Desenvolvimento equivalentes a 1% da receita bruta dos campos que pagam Participação Especial. Pelo menos 50% destes recursos devem ser investidos em universidades ou institutos de pesquisa credenciados pela ANP. Decorridos 14 anos, podemos afirmar que a inserção de tal dispositivo contratual constituiu um importante instrumento de estímulo ao desenvolvimento de novas tecnologias para o setor e, em especial, foi fundamental para",universidades ou institutos de pesquisa credenciados pela ANP,1692,1753
1714,georegis,Qual é o desafio da ANP?,"Diretora Geral da Agência Nacional do Petróleo, Gás Natural e Biocombustíveis Constitui grande desafio para o nosso País a melhoria do conhecimento sobre as 29 bacias sedimentares que apresentam interesse para a indústria de petróleo e gás natural. Com esta visão, a Agência Nacional do Petróleo, Gás Natural e Biocombustíveis tem desenvolvido programas e apoiado políticas públicas que buscam a mobilização e o incentivo à participação conjugada de diferentes atores, incluindo a esfera pública, empresas petrolíferas, empresas de aquisição de dados, empresas fornecedoras da cadeia de petróleo e gás, universidades e instituições de pesquisa. As atividades realizadas incluem a condução do Plano Plurianual de Estudos de Geologia e Geofísica, o qual tem sido decisivo no desenho de novos projetos que, em 2013, terão como desdobramento a realização da 11a Rodada de Licitações de Blocos, além de um leilão específico para áreas com potencial para a produção de gás natural e do primeiro leilão do pré-sal. Neste contexto, que envolve desafios em diferentes ambientes geológicos, o desenvolvimento de novas tecnologias se reveste de importância fundamental para o sucesso dos empreendimentos. Como importante política pública que visa a estimular a pesquisa e desenvolvimento nos setores de petróleo, gás natural e biocombustíveis, destaca-se a introdução pela ANP, desde 1998, nos contratos para exploração e produção de petróleo e gás natural, de uma cláusula que obriga os concessionários a realizar Despesas Qualificadas como Pesquisa e Desenvolvimento equivalentes a 1% da receita bruta dos campos que pagam Participação Especial. Pelo menos 50% destes recursos devem ser investidos em universidades ou institutos de pesquisa credenciados pela ANP. Decorridos 14 anos, podemos afirmar que a inserção de tal dispositivo contratual constituiu um importante instrumento de estímulo ao desenvolvimento de novas tecnologias para o setor e, em especial, foi fundamental para",a melhoria do conhecimento sobre as 29 bacias sedimentares que apresentam interesse para a indústria de petróleo e gás natural,121,247
1715,georegis,Qual plano tem sido decisivo no desenho de novos projetos?,"Diretora Geral da Agência Nacional do Petróleo, Gás Natural e Biocombustíveis Constitui grande desafio para o nosso País a melhoria do conhecimento sobre as 29 bacias sedimentares que apresentam interesse para a indústria de petróleo e gás natural. Com esta visão, a Agência Nacional do Petróleo, Gás Natural e Biocombustíveis tem desenvolvido programas e apoiado políticas públicas que buscam a mobilização e o incentivo à participação conjugada de diferentes atores, incluindo a esfera pública, empresas petrolíferas, empresas de aquisição de dados, empresas fornecedoras da cadeia de petróleo e gás, universidades e instituições de pesquisa. As atividades realizadas incluem a condução do Plano Plurianual de Estudos de Geologia e Geofísica, o qual tem sido decisivo no desenho de novos projetos que, em 2013, terão como desdobramento a realização da 11a Rodada de Licitações de Blocos, além de um leilão específico para áreas com potencial para a produção de gás natural e do primeiro leilão do pré-sal. Neste contexto, que envolve desafios em diferentes ambientes geológicos, o desenvolvimento de novas tecnologias se reveste de importância fundamental para o sucesso dos empreendimentos. Como importante política pública que visa a estimular a pesquisa e desenvolvimento nos setores de petróleo, gás natural e biocombustíveis, destaca-se a introdução pela ANP, desde 1998, nos contratos para exploração e produção de petróleo e gás natural, de uma cláusula que obriga os concessionários a realizar Despesas Qualificadas como Pesquisa e Desenvolvimento equivalentes a 1% da receita bruta dos campos que pagam Participação Especial. Pelo menos 50% destes recursos devem ser investidos em universidades ou institutos de pesquisa credenciados pela ANP. Decorridos 14 anos, podemos afirmar que a inserção de tal dispositivo contratual constituiu um importante instrumento de estímulo ao desenvolvimento de novas tecnologias para o setor e, em especial, foi fundamental para",Plano Plurianual de Estudos de Geologia e Geofísica,692,743
1716,georegis,Em que devem ser investidos pelo menos 50 % dos recursos de Pesquisa e Desenvolvimento?,"Diretora Geral da Agência Nacional do Petróleo, Gás Natural e Biocombustíveis Constitui grande desafio para o nosso País a melhoria do conhecimento sobre as 29 bacias sedimentares que apresentam interesse para a indústria de petróleo e gás natural. Com esta visão, a Agência Nacional do Petróleo, Gás Natural e Biocombustíveis tem desenvolvido programas e apoiado políticas públicas que buscam a mobilização e o incentivo à participação conjugada de diferentes atores, incluindo a esfera pública, empresas petrolíferas, empresas de aquisição de dados, empresas fornecedoras da cadeia de petróleo e gás, universidades e instituições de pesquisa. As atividades realizadas incluem a condução do Plano Plurianual de Estudos de Geologia e Geofísica, o qual tem sido decisivo no desenho de novos projetos que, em 2013, terão como desdobramento a realização da 11a Rodada de Licitações de Blocos, além de um leilão específico para áreas com potencial para a produção de gás natural e do primeiro leilão do pré-sal. Neste contexto, que envolve desafios em diferentes ambientes geológicos, o desenvolvimento de novas tecnologias se reveste de importância fundamental para o sucesso dos empreendimentos. Como importante política pública que visa a estimular a pesquisa e desenvolvimento nos setores de petróleo, gás natural e biocombustíveis, destaca-se a introdução pela ANP, desde 1998, nos contratos para exploração e produção de petróleo e gás natural, de uma cláusula que obriga os concessionários a realizar Despesas Qualificadas como Pesquisa e Desenvolvimento equivalentes a 1% da receita bruta dos campos que pagam Participação Especial. Pelo menos 50% destes recursos devem ser investidos em universidades ou institutos de pesquisa credenciados pela ANP. Decorridos 14 anos, podemos afirmar que a inserção de tal dispositivo contratual constituiu um importante instrumento de estímulo ao desenvolvimento de novas tecnologias para o setor e, em especial, foi fundamental para",universidades ou institutos de pesquisa credenciados pela ANP,1692,1753
1717,georegis,Qual é o órgão responsável por desenvolver programas e apoiar políticas públicas relacionadas à indústria de petróleo e gás natural?,"Diretora Geral da Agência Nacional do Petróleo, Gás Natural e Biocombustíveis Constitui grande desafio para o nosso País a melhoria do conhecimento sobre as 29 bacias sedimentares que apresentam interesse para a indústria de petróleo e gás natural. Com esta visão, a Agência Nacional do Petróleo, Gás Natural e Biocombustíveis tem desenvolvido programas e apoiado políticas públicas que buscam a mobilização e o incentivo à participação conjugada de diferentes atores, incluindo a esfera pública, empresas petrolíferas, empresas de aquisição de dados, empresas fornecedoras da cadeia de petróleo e gás, universidades e instituições de pesquisa. As atividades realizadas incluem a condução do Plano Plurianual de Estudos de Geologia e Geofísica, o qual tem sido decisivo no desenho de novos projetos que, em 2013, terão como desdobramento a realização da 11a Rodada de Licitações de Blocos, além de um leilão específico para áreas com potencial para a produção de gás natural e do primeiro leilão do pré-sal. Neste contexto, que envolve desafios em diferentes ambientes geológicos, o desenvolvimento de novas tecnologias se reveste de importância fundamental para o sucesso dos empreendimentos. Como importante política pública que visa a estimular a pesquisa e desenvolvimento nos setores de petróleo, gás natural e biocombustíveis, destaca-se a introdução pela ANP, desde 1998, nos contratos para exploração e produção de petróleo e gás natural, de uma cláusula que obriga os concessionários a realizar Despesas Qualificadas como Pesquisa e Desenvolvimento equivalentes a 1% da receita bruta dos campos que pagam Participação Especial. Pelo menos 50% destes recursos devem ser investidos em universidades ou institutos de pesquisa credenciados pela ANP. Decorridos 14 anos, podemos afirmar que a inserção de tal dispositivo contratual constituiu um importante instrumento de estímulo ao desenvolvimento de novas tecnologias para o setor e, em especial, foi fundamental para","Agência Nacional do Petróleo, Gás Natural e Biocombustíveis",18,77
1718,georegis,O que a ANP introduziu nos contratos para exploração e produção de petróleo e gás natural desde 1998?,"Diretora Geral da Agência Nacional do Petróleo, Gás Natural e Biocombustíveis Constitui grande desafio para o nosso País a melhoria do conhecimento sobre as 29 bacias sedimentares que apresentam interesse para a indústria de petróleo e gás natural. Com esta visão, a Agência Nacional do Petróleo, Gás Natural e Biocombustíveis tem desenvolvido programas e apoiado políticas públicas que buscam a mobilização e o incentivo à participação conjugada de diferentes atores, incluindo a esfera pública, empresas petrolíferas, empresas de aquisição de dados, empresas fornecedoras da cadeia de petróleo e gás, universidades e instituições de pesquisa. As atividades realizadas incluem a condução do Plano Plurianual de Estudos de Geologia e Geofísica, o qual tem sido decisivo no desenho de novos projetos que, em 2013, terão como desdobramento a realização da 11a Rodada de Licitações de Blocos, além de um leilão específico para áreas com potencial para a produção de gás natural e do primeiro leilão do pré-sal. Neste contexto, que envolve desafios em diferentes ambientes geológicos, o desenvolvimento de novas tecnologias se reveste de importância fundamental para o sucesso dos empreendimentos. Como importante política pública que visa a estimular a pesquisa e desenvolvimento nos setores de petróleo, gás natural e biocombustíveis, destaca-se a introdução pela ANP, desde 1998, nos contratos para exploração e produção de petróleo e gás natural, de uma cláusula que obriga os concessionários a realizar Despesas Qualificadas como Pesquisa e Desenvolvimento equivalentes a 1% da receita bruta dos campos que pagam Participação Especial. Pelo menos 50% destes recursos devem ser investidos em universidades ou institutos de pesquisa credenciados pela ANP. Decorridos 14 anos, podemos afirmar que a inserção de tal dispositivo contratual constituiu um importante instrumento de estímulo ao desenvolvimento de novas tecnologias para o setor e, em especial, foi fundamental para",uma cláusula que obriga os concessionários a realizar Despesas Qualificadas como Pesquisa e Desenvolvimento equivalentes a 1% da receita bruta dos campos que pagam Participação Especial,1450,1635
1719,georegis,Qual é o objetivo da realização do Plano Plurianual de Estudos de Geologia e Geofísica pela ANP?,"Diretora Geral da Agência Nacional do Petróleo, Gás Natural e Biocombustíveis Constitui grande desafio para o nosso País a melhoria do conhecimento sobre as 29 bacias sedimentares que apresentam interesse para a indústria de petróleo e gás natural. Com esta visão, a Agência Nacional do Petróleo, Gás Natural e Biocombustíveis tem desenvolvido programas e apoiado políticas públicas que buscam a mobilização e o incentivo à participação conjugada de diferentes atores, incluindo a esfera pública, empresas petrolíferas, empresas de aquisição de dados, empresas fornecedoras da cadeia de petróleo e gás, universidades e instituições de pesquisa. As atividades realizadas incluem a condução do Plano Plurianual de Estudos de Geologia e Geofísica, o qual tem sido decisivo no desenho de novos projetos que, em 2013, terão como desdobramento a realização da 11a Rodada de Licitações de Blocos, além de um leilão específico para áreas com potencial para a produção de gás natural e do primeiro leilão do pré-sal. Neste contexto, que envolve desafios em diferentes ambientes geológicos, o desenvolvimento de novas tecnologias se reveste de importância fundamental para o sucesso dos empreendimentos. Como importante política pública que visa a estimular a pesquisa e desenvolvimento nos setores de petróleo, gás natural e biocombustíveis, destaca-se a introdução pela ANP, desde 1998, nos contratos para exploração e produção de petróleo e gás natural, de uma cláusula que obriga os concessionários a realizar Despesas Qualificadas como Pesquisa e Desenvolvimento equivalentes a 1% da receita bruta dos campos que pagam Participação Especial. Pelo menos 50% destes recursos devem ser investidos em universidades ou institutos de pesquisa credenciados pela ANP. Decorridos 14 anos, podemos afirmar que a inserção de tal dispositivo contratual constituiu um importante instrumento de estímulo ao desenvolvimento de novas tecnologias para o setor e, em especial, foi fundamental para","desenho de novos projetos que, em 2013, terão como desdobramento a realização da 11a Rodada de Licitações de Blocos",773,888
1720,georegis,"O que deve ser feito com pelo menos 50% dos recursos provenientes das Despesas Qualificadas como Pesquisa e Desenvolvimento nos setores de petróleo, gás natural e biocombustíveis?","Diretora Geral da Agência Nacional do Petróleo, Gás Natural e Biocombustíveis Constitui grande desafio para o nosso País a melhoria do conhecimento sobre as 29 bacias sedimentares que apresentam interesse para a indústria de petróleo e gás natural. Com esta visão, a Agência Nacional do Petróleo, Gás Natural e Biocombustíveis tem desenvolvido programas e apoiado políticas públicas que buscam a mobilização e o incentivo à participação conjugada de diferentes atores, incluindo a esfera pública, empresas petrolíferas, empresas de aquisição de dados, empresas fornecedoras da cadeia de petróleo e gás, universidades e instituições de pesquisa. As atividades realizadas incluem a condução do Plano Plurianual de Estudos de Geologia e Geofísica, o qual tem sido decisivo no desenho de novos projetos que, em 2013, terão como desdobramento a realização da 11a Rodada de Licitações de Blocos, além de um leilão específico para áreas com potencial para a produção de gás natural e do primeiro leilão do pré-sal. Neste contexto, que envolve desafios em diferentes ambientes geológicos, o desenvolvimento de novas tecnologias se reveste de importância fundamental para o sucesso dos empreendimentos. Como importante política pública que visa a estimular a pesquisa e desenvolvimento nos setores de petróleo, gás natural e biocombustíveis, destaca-se a introdução pela ANP, desde 1998, nos contratos para exploração e produção de petróleo e gás natural, de uma cláusula que obriga os concessionários a realizar Despesas Qualificadas como Pesquisa e Desenvolvimento equivalentes a 1% da receita bruta dos campos que pagam Participação Especial. Pelo menos 50% destes recursos devem ser investidos em universidades ou institutos de pesquisa credenciados pela ANP. Decorridos 14 anos, podemos afirmar que a inserção de tal dispositivo contratual constituiu um importante instrumento de estímulo ao desenvolvimento de novas tecnologias para o setor e, em especial, foi fundamental para",investidos em universidades ou institutos de pesquisa credenciados pela ANP,1678,1753
1721,georegis,Quais são os atores envolvidos na melhoria do conhecimento sobre as bacias sedimentares no Brasil?,"Diretora Geral da Agência Nacional do Petróleo, Gás Natural e Biocombustíveis Constitui grande desafio para o nosso País a melhoria do conhecimento sobre as 29 bacias sedimentares que apresentam interesse para a indústria de petróleo e gás natural. Com esta visão, a Agência Nacional do Petróleo, Gás Natural e Biocombustíveis tem desenvolvido programas e apoiado políticas públicas que buscam a mobilização e o incentivo à participação conjugada de diferentes atores, incluindo a esfera pública, empresas petrolíferas, empresas de aquisição de dados, empresas fornecedoras da cadeia de petróleo e gás, universidades e instituições de pesquisa. As atividades realizadas incluem a condução do Plano Plurianual de Estudos de Geologia e Geofísica, o qual tem sido decisivo no desenho de novos projetos que, em 2013, terão como desdobramento a realização da 11a Rodada de Licitações de Blocos, além de um leilão específico para áreas com potencial para a produção de gás natural e do primeiro leilão do pré-sal. Neste contexto, que envolve desafios em diferentes ambientes geológicos, o desenvolvimento de novas tecnologias se reveste de importância fundamental para o sucesso dos empreendimentos. Como importante política pública que visa a estimular a pesquisa e desenvolvimento nos setores de petróleo, gás natural e biocombustíveis, destaca-se a introdução pela ANP, desde 1998, nos contratos para exploração e produção de petróleo e gás natural, de uma cláusula que obriga os concessionários a realizar Despesas Qualificadas como Pesquisa e Desenvolvimento equivalentes a 1% da receita bruta dos campos que pagam Participação Especial. Pelo menos 50% destes recursos devem ser investidos em universidades ou institutos de pesquisa credenciados pela ANP. Decorridos 14 anos, podemos afirmar que a inserção de tal dispositivo contratual constituiu um importante instrumento de estímulo ao desenvolvimento de novas tecnologias para o setor e, em especial, foi fundamental para","a esfera pública, empresas petrolíferas, empresas de aquisição de dados, empresas fornecedoras da cadeia de petróleo e gás, universidades e instituições de pesquisa",479,643
1722,georegis,Quais leilões serão realizados em 2013 como desdobramento do Plano Plurianual de Estudos de Geologia e Geofísica?,"Diretora Geral da Agência Nacional do Petróleo, Gás Natural e Biocombustíveis Constitui grande desafio para o nosso País a melhoria do conhecimento sobre as 29 bacias sedimentares que apresentam interesse para a indústria de petróleo e gás natural. Com esta visão, a Agência Nacional do Petróleo, Gás Natural e Biocombustíveis tem desenvolvido programas e apoiado políticas públicas que buscam a mobilização e o incentivo à participação conjugada de diferentes atores, incluindo a esfera pública, empresas petrolíferas, empresas de aquisição de dados, empresas fornecedoras da cadeia de petróleo e gás, universidades e instituições de pesquisa. As atividades realizadas incluem a condução do Plano Plurianual de Estudos de Geologia e Geofísica, o qual tem sido decisivo no desenho de novos projetos que, em 2013, terão como desdobramento a realização da 11a Rodada de Licitações de Blocos, além de um leilão específico para áreas com potencial para a produção de gás natural e do primeiro leilão do pré-sal. Neste contexto, que envolve desafios em diferentes ambientes geológicos, o desenvolvimento de novas tecnologias se reveste de importância fundamental para o sucesso dos empreendimentos. Como importante política pública que visa a estimular a pesquisa e desenvolvimento nos setores de petróleo, gás natural e biocombustíveis, destaca-se a introdução pela ANP, desde 1998, nos contratos para exploração e produção de petróleo e gás natural, de uma cláusula que obriga os concessionários a realizar Despesas Qualificadas como Pesquisa e Desenvolvimento equivalentes a 1% da receita bruta dos campos que pagam Participação Especial. Pelo menos 50% destes recursos devem ser investidos em universidades ou institutos de pesquisa credenciados pela ANP. Decorridos 14 anos, podemos afirmar que a inserção de tal dispositivo contratual constituiu um importante instrumento de estímulo ao desenvolvimento de novas tecnologias para o setor e, em especial, foi fundamental para",um leilão específico para áreas com potencial para a produção de gás natural e do primeiro leilão do pré-sal,898,1006
1723,georegis,Qual é a importância das novas tecnologias para o sucesso dos empreendimentos na indústria de petróleo e gás natural?,"Diretora Geral da Agência Nacional do Petróleo, Gás Natural e Biocombustíveis Constitui grande desafio para o nosso País a melhoria do conhecimento sobre as 29 bacias sedimentares que apresentam interesse para a indústria de petróleo e gás natural. Com esta visão, a Agência Nacional do Petróleo, Gás Natural e Biocombustíveis tem desenvolvido programas e apoiado políticas públicas que buscam a mobilização e o incentivo à participação conjugada de diferentes atores, incluindo a esfera pública, empresas petrolíferas, empresas de aquisição de dados, empresas fornecedoras da cadeia de petróleo e gás, universidades e instituições de pesquisa. As atividades realizadas incluem a condução do Plano Plurianual de Estudos de Geologia e Geofísica, o qual tem sido decisivo no desenho de novos projetos que, em 2013, terão como desdobramento a realização da 11a Rodada de Licitações de Blocos, além de um leilão específico para áreas com potencial para a produção de gás natural e do primeiro leilão do pré-sal. Neste contexto, que envolve desafios em diferentes ambientes geológicos, o desenvolvimento de novas tecnologias se reveste de importância fundamental para o sucesso dos empreendimentos. Como importante política pública que visa a estimular a pesquisa e desenvolvimento nos setores de petróleo, gás natural e biocombustíveis, destaca-se a introdução pela ANP, desde 1998, nos contratos para exploração e produção de petróleo e gás natural, de uma cláusula que obriga os concessionários a realizar Despesas Qualificadas como Pesquisa e Desenvolvimento equivalentes a 1% da receita bruta dos campos que pagam Participação Especial. Pelo menos 50% destes recursos devem ser investidos em universidades ou institutos de pesquisa credenciados pela ANP. Decorridos 14 anos, podemos afirmar que a inserção de tal dispositivo contratual constituiu um importante instrumento de estímulo ao desenvolvimento de novas tecnologias para o setor e, em especial, foi fundamental para",o desenvolvimento de novas tecnologias se reveste de importância fundamental para o sucesso dos empreendimentos,1081,1192
1724,georegis,"Qual é a política pública introduzida pela ANP em 1998 que visa a estimular a pesquisa e desenvolvimento nos setores de petróleo, gás natural e biocombustíveis?","Diretora Geral da Agência Nacional do Petróleo, Gás Natural e Biocombustíveis Constitui grande desafio para o nosso País a melhoria do conhecimento sobre as 29 bacias sedimentares que apresentam interesse para a indústria de petróleo e gás natural. Com esta visão, a Agência Nacional do Petróleo, Gás Natural e Biocombustíveis tem desenvolvido programas e apoiado políticas públicas que buscam a mobilização e o incentivo à participação conjugada de diferentes atores, incluindo a esfera pública, empresas petrolíferas, empresas de aquisição de dados, empresas fornecedoras da cadeia de petróleo e gás, universidades e instituições de pesquisa. As atividades realizadas incluem a condução do Plano Plurianual de Estudos de Geologia e Geofísica, o qual tem sido decisivo no desenho de novos projetos que, em 2013, terão como desdobramento a realização da 11a Rodada de Licitações de Blocos, além de um leilão específico para áreas com potencial para a produção de gás natural e do primeiro leilão do pré-sal. Neste contexto, que envolve desafios em diferentes ambientes geológicos, o desenvolvimento de novas tecnologias se reveste de importância fundamental para o sucesso dos empreendimentos. Como importante política pública que visa a estimular a pesquisa e desenvolvimento nos setores de petróleo, gás natural e biocombustíveis, destaca-se a introdução pela ANP, desde 1998, nos contratos para exploração e produção de petróleo e gás natural, de uma cláusula que obriga os concessionários a realizar Despesas Qualificadas como Pesquisa e Desenvolvimento equivalentes a 1% da receita bruta dos campos que pagam Participação Especial. Pelo menos 50% destes recursos devem ser investidos em universidades ou institutos de pesquisa credenciados pela ANP. Decorridos 14 anos, podemos afirmar que a inserção de tal dispositivo contratual constituiu um importante instrumento de estímulo ao desenvolvimento de novas tecnologias para o setor e, em especial, foi fundamental para","a introdução pela ANP, desde 1998, nos contratos para exploração e produção de petróleo e gás natural, de uma cláusula que obriga os concessionários a realizar Despesas Qualificadas como Pesquisa e Desenvolvimento equivalentes a 1% da receita bruta dos campos que pagam Participação Especial",1344,1635
1732,georegis,O que constitui um bom marco sismoestratigráfico em quase toda a Bacia de Campos?,"Mizusaki e Mohriak, 1992; Mohriak et al. 1995; Thomaz Filho e Rodrigues, 1999; Thomaz Filho et al. 2000; Mizusaki et al. 2002). O mapeamento de detalhe efetuado, cujas amarrações foram baseadas em dados paleontológicos, confirma essa afirmação e indica a presença de rochas magmáticas intrusivas e extrusivas também no Cretáceo Superior. Topo do Eoceno: coincide com o topo da bio-zona N-470 e também constitui um excelente refletor. A seção correspondente ao Eoceno Superior está ausente por erosão na região próxima à Falha de Charneira de Campos. Topo da biozona N-520 : esse refletor, datado do Oligoceno Inferior, constitui um excelente marco sismoestratigráfico em quase toda a Bacia de Campos, correspondendo a uma zona condensada e superfície de downlap. Encontra-se em grande parte erodido na área de estudo. Os resultados dos mapeamentos acima descritos foram utilizados na interpretação das seções sísmicas e perfis de poços disponíveis para o presente trabalho.",Topo da biozona N-520,550,571
1733,georegis,Qual é o refletor localizado na zona N - 470?,"Mizusaki e Mohriak, 1992; Mohriak et al. 1995; Thomaz Filho e Rodrigues, 1999; Thomaz Filho et al. 2000; Mizusaki et al. 2002). O mapeamento de detalhe efetuado, cujas amarrações foram baseadas em dados paleontológicos, confirma essa afirmação e indica a presença de rochas magmáticas intrusivas e extrusivas também no Cretáceo Superior. Topo do Eoceno: coincide com o topo da bio-zona N-470 e também constitui um excelente refletor. A seção correspondente ao Eoceno Superior está ausente por erosão na região próxima à Falha de Charneira de Campos. Topo da biozona N-520 : esse refletor, datado do Oligoceno Inferior, constitui um excelente marco sismoestratigráfico em quase toda a Bacia de Campos, correspondendo a uma zona condensada e superfície de downlap. Encontra-se em grande parte erodido na área de estudo. Os resultados dos mapeamentos acima descritos foram utilizados na interpretação das seções sísmicas e perfis de poços disponíveis para o presente trabalho.",Topo do Eoceno,338,352
1734,georegis,O que fez com que o topo do Eoceno Superior não fosse encontrado?,"Mizusaki e Mohriak, 1992; Mohriak et al. 1995; Thomaz Filho e Rodrigues, 1999; Thomaz Filho et al. 2000; Mizusaki et al. 2002). O mapeamento de detalhe efetuado, cujas amarrações foram baseadas em dados paleontológicos, confirma essa afirmação e indica a presença de rochas magmáticas intrusivas e extrusivas também no Cretáceo Superior. Topo do Eoceno: coincide com o topo da bio-zona N-470 e também constitui um excelente refletor. A seção correspondente ao Eoceno Superior está ausente por erosão na região próxima à Falha de Charneira de Campos. Topo da biozona N-520 : esse refletor, datado do Oligoceno Inferior, constitui um excelente marco sismoestratigráfico em quase toda a Bacia de Campos, correspondendo a uma zona condensada e superfície de downlap. Encontra-se em grande parte erodido na área de estudo. Os resultados dos mapeamentos acima descritos foram utilizados na interpretação das seções sísmicas e perfis de poços disponíveis para o presente trabalho.",erosão,493,499
1735,georegis,O que mostra o mapeamento de detalhe realizado para confirmar essa afirmação?,"Mizusaki e Mohriak, 1992; Mohriak et al. 1995; Thomaz Filho e Rodrigues, 1999; Thomaz Filho et al. 2000; Mizusaki et al. 2002). O mapeamento de detalhe efetuado, cujas amarrações foram baseadas em dados paleontológicos, confirma essa afirmação e indica a presença de rochas magmáticas intrusivas e extrusivas também no Cretáceo Superior. Topo do Eoceno: coincide com o topo da bio-zona N-470 e também constitui um excelente refletor. A seção correspondente ao Eoceno Superior está ausente por erosão na região próxima à Falha de Charneira de Campos. Topo da biozona N-520 : esse refletor, datado do Oligoceno Inferior, constitui um excelente marco sismoestratigráfico em quase toda a Bacia de Campos, correspondendo a uma zona condensada e superfície de downlap. Encontra-se em grande parte erodido na área de estudo. Os resultados dos mapeamentos acima descritos foram utilizados na interpretação das seções sísmicas e perfis de poços disponíveis para o presente trabalho.",rochas magmáticas intrusivas e extrusivas,267,308
1736,georegis,Quando Mohriak e outros trabalharam na área de estudo?,"Mizusaki e Mohriak, 1992; Mohriak et al. 1995; Thomaz Filho e Rodrigues, 1999; Thomaz Filho et al. 2000; Mizusaki et al. 2002). O mapeamento de detalhe efetuado, cujas amarrações foram baseadas em dados paleontológicos, confirma essa afirmação e indica a presença de rochas magmáticas intrusivas e extrusivas também no Cretáceo Superior. Topo do Eoceno: coincide com o topo da bio-zona N-470 e também constitui um excelente refletor. A seção correspondente ao Eoceno Superior está ausente por erosão na região próxima à Falha de Charneira de Campos. Topo da biozona N-520 : esse refletor, datado do Oligoceno Inferior, constitui um excelente marco sismoestratigráfico em quase toda a Bacia de Campos, correspondendo a uma zona condensada e superfície de downlap. Encontra-se em grande parte erodido na área de estudo. Os resultados dos mapeamentos acima descritos foram utilizados na interpretação das seções sísmicas e perfis de poços disponíveis para o presente trabalho.",1995,41,45
1737,georegis,Qual refletor datado do Oligoceno Inferior constitui um excelente marco sismoestratigráfico em quase toda a Bacia de Campos?,"Mizusaki e Mohriak, 1992; Mohriak et al. 1995; Thomaz Filho e Rodrigues, 1999; Thomaz Filho et al. 2000; Mizusaki et al. 2002). O mapeamento de detalhe efetuado, cujas amarrações foram baseadas em dados paleontológicos, confirma essa afirmação e indica a presença de rochas magmáticas intrusivas e extrusivas também no Cretáceo Superior. Topo do Eoceno: coincide com o topo da bio-zona N-470 e também constitui um excelente refletor. A seção correspondente ao Eoceno Superior está ausente por erosão na região próxima à Falha de Charneira de Campos. Topo da biozona N-520 : esse refletor, datado do Oligoceno Inferior, constitui um excelente marco sismoestratigráfico em quase toda a Bacia de Campos, correspondendo a uma zona condensada e superfície de downlap. Encontra-se em grande parte erodido na área de estudo. Os resultados dos mapeamentos acima descritos foram utilizados na interpretação das seções sísmicas e perfis de poços disponíveis para o presente trabalho.",Topo da biozona N-520,550,571
1739,georegis,Por que a seção correspondente ao Eoceno Superior está ausente?,"Mizusaki e Mohriak, 1992; Mohriak et al. 1995; Thomaz Filho e Rodrigues, 1999; Thomaz Filho et al. 2000; Mizusaki et al. 2002). O mapeamento de detalhe efetuado, cujas amarrações foram baseadas em dados paleontológicos, confirma essa afirmação e indica a presença de rochas magmáticas intrusivas e extrusivas também no Cretáceo Superior. Topo do Eoceno: coincide com o topo da bio-zona N-470 e também constitui um excelente refletor. A seção correspondente ao Eoceno Superior está ausente por erosão na região próxima à Falha de Charneira de Campos. Topo da biozona N-520 : esse refletor, datado do Oligoceno Inferior, constitui um excelente marco sismoestratigráfico em quase toda a Bacia de Campos, correspondendo a uma zona condensada e superfície de downlap. Encontra-se em grande parte erodido na área de estudo. Os resultados dos mapeamentos acima descritos foram utilizados na interpretação das seções sísmicas e perfis de poços disponíveis para o presente trabalho.",erosão,493,499
1740,georegis,O que o mapeamento de detalhe indica a presença no Cretáceo Superior?,"Mizusaki e Mohriak, 1992; Mohriak et al. 1995; Thomaz Filho e Rodrigues, 1999; Thomaz Filho et al. 2000; Mizusaki et al. 2002). O mapeamento de detalhe efetuado, cujas amarrações foram baseadas em dados paleontológicos, confirma essa afirmação e indica a presença de rochas magmáticas intrusivas e extrusivas também no Cretáceo Superior. Topo do Eoceno: coincide com o topo da bio-zona N-470 e também constitui um excelente refletor. A seção correspondente ao Eoceno Superior está ausente por erosão na região próxima à Falha de Charneira de Campos. Topo da biozona N-520 : esse refletor, datado do Oligoceno Inferior, constitui um excelente marco sismoestratigráfico em quase toda a Bacia de Campos, correspondendo a uma zona condensada e superfície de downlap. Encontra-se em grande parte erodido na área de estudo. Os resultados dos mapeamentos acima descritos foram utilizados na interpretação das seções sísmicas e perfis de poços disponíveis para o presente trabalho.",rochas magmáticas intrusivas e extrusivas,267,308
1741,georegis,Quando Mohriak e outros trabalharam juntos?,"Mizusaki e Mohriak, 1992; Mohriak et al. 1995; Thomaz Filho e Rodrigues, 1999; Thomaz Filho et al. 2000; Mizusaki et al. 2002). O mapeamento de detalhe efetuado, cujas amarrações foram baseadas em dados paleontológicos, confirma essa afirmação e indica a presença de rochas magmáticas intrusivas e extrusivas também no Cretáceo Superior. Topo do Eoceno: coincide com o topo da bio-zona N-470 e também constitui um excelente refletor. A seção correspondente ao Eoceno Superior está ausente por erosão na região próxima à Falha de Charneira de Campos. Topo da biozona N-520 : esse refletor, datado do Oligoceno Inferior, constitui um excelente marco sismoestratigráfico em quase toda a Bacia de Campos, correspondendo a uma zona condensada e superfície de downlap. Encontra-se em grande parte erodido na área de estudo. Os resultados dos mapeamentos acima descritos foram utilizados na interpretação das seções sísmicas e perfis de poços disponíveis para o presente trabalho.",1995,41,45
1742,georegis,O que mostra o mapeamento de detalhe realizado para confirmar essa afirmação?,"Mizusaki e Mohriak, 1992; Mohriak et al. 1995; Thomaz Filho e Rodrigues, 1999; Thomaz Filho et al. 2000; Mizusaki et al. 2002). O mapeamento de detalhe efetuado, cujas amarrações foram baseadas em dados paleontológicos, confirma essa afirmação e indica a presença de rochas magmáticas intrusivas e extrusivas também no Cretáceo Superior. Topo do Eoceno: coincide com o topo da bio-zona N-470 e também constitui um excelente refletor. A seção correspondente ao Eoceno Superior está ausente por erosão na região próxima à Falha de Charneira de Campos. Topo da biozona N-520 : esse refletor, datado do Oligoceno Inferior, constitui um excelente marco sismoestratigráfico em quase toda a Bacia de Campos, correspondendo a uma zona condensada e superfície de downlap. Encontra-se em grande parte erodido na área de estudo. Os resultados dos mapeamentos acima descritos foram utilizados na interpretação das seções sísmicas e perfis de poços disponíveis para o presente trabalho.",indica a presença de rochas magmáticas intrusivas e extrusivas,246,308
1743,georegis,Por que a seção correspondente ao Eoceno Superior está ausente?,"Mizusaki e Mohriak, 1992; Mohriak et al. 1995; Thomaz Filho e Rodrigues, 1999; Thomaz Filho et al. 2000; Mizusaki et al. 2002). O mapeamento de detalhe efetuado, cujas amarrações foram baseadas em dados paleontológicos, confirma essa afirmação e indica a presença de rochas magmáticas intrusivas e extrusivas também no Cretáceo Superior. Topo do Eoceno: coincide com o topo da bio-zona N-470 e também constitui um excelente refletor. A seção correspondente ao Eoceno Superior está ausente por erosão na região próxima à Falha de Charneira de Campos. Topo da biozona N-520 : esse refletor, datado do Oligoceno Inferior, constitui um excelente marco sismoestratigráfico em quase toda a Bacia de Campos, correspondendo a uma zona condensada e superfície de downlap. Encontra-se em grande parte erodido na área de estudo. Os resultados dos mapeamentos acima descritos foram utilizados na interpretação das seções sísmicas e perfis de poços disponíveis para o presente trabalho.",erosão na região próxima à Falha de Charneira de Campos,493,548
1744,georegis,Quais foram as referências utilizadas para o mapeamento detalhado descrito no texto?,"Mizusaki e Mohriak, 1992; Mohriak et al. 1995; Thomaz Filho e Rodrigues, 1999; Thomaz Filho et al. 2000; Mizusaki et al. 2002). O mapeamento de detalhe efetuado, cujas amarrações foram baseadas em dados paleontológicos, confirma essa afirmação e indica a presença de rochas magmáticas intrusivas e extrusivas também no Cretáceo Superior. Topo do Eoceno: coincide com o topo da bio-zona N-470 e também constitui um excelente refletor. A seção correspondente ao Eoceno Superior está ausente por erosão na região próxima à Falha de Charneira de Campos. Topo da biozona N-520 : esse refletor, datado do Oligoceno Inferior, constitui um excelente marco sismoestratigráfico em quase toda a Bacia de Campos, correspondendo a uma zona condensada e superfície de downlap. Encontra-se em grande parte erodido na área de estudo. Os resultados dos mapeamentos acima descritos foram utilizados na interpretação das seções sísmicas e perfis de poços disponíveis para o presente trabalho.","Mizusaki e Mohriak, 1992; Mohriak et al. 1995; Thomaz Filho e Rodrigues, 1999; Thomaz Filho et al. 2000; Mizusaki et al. 2002",0,125
1745,georegis,O que constitui um excelente marco sismoestratigráfico em quase toda a Bacia de Campos?,"Mizusaki e Mohriak, 1992; Mohriak et al. 1995; Thomaz Filho e Rodrigues, 1999; Thomaz Filho et al. 2000; Mizusaki et al. 2002). O mapeamento de detalhe efetuado, cujas amarrações foram baseadas em dados paleontológicos, confirma essa afirmação e indica a presença de rochas magmáticas intrusivas e extrusivas também no Cretáceo Superior. Topo do Eoceno: coincide com o topo da bio-zona N-470 e também constitui um excelente refletor. A seção correspondente ao Eoceno Superior está ausente por erosão na região próxima à Falha de Charneira de Campos. Topo da biozona N-520 : esse refletor, datado do Oligoceno Inferior, constitui um excelente marco sismoestratigráfico em quase toda a Bacia de Campos, correspondendo a uma zona condensada e superfície de downlap. Encontra-se em grande parte erodido na área de estudo. Os resultados dos mapeamentos acima descritos foram utilizados na interpretação das seções sísmicas e perfis de poços disponíveis para o presente trabalho.","N-520 : esse refletor, datado do Oligoceno Inferior, constitui um",566,631
1746,georegis,O que aconteceu com a seção correspondente ao Eoceno Superior na região próxima à Falha de Charneira de Campos?,"Mizusaki e Mohriak, 1992; Mohriak et al. 1995; Thomaz Filho e Rodrigues, 1999; Thomaz Filho et al. 2000; Mizusaki et al. 2002). O mapeamento de detalhe efetuado, cujas amarrações foram baseadas em dados paleontológicos, confirma essa afirmação e indica a presença de rochas magmáticas intrusivas e extrusivas também no Cretáceo Superior. Topo do Eoceno: coincide com o topo da bio-zona N-470 e também constitui um excelente refletor. A seção correspondente ao Eoceno Superior está ausente por erosão na região próxima à Falha de Charneira de Campos. Topo da biozona N-520 : esse refletor, datado do Oligoceno Inferior, constitui um excelente marco sismoestratigráfico em quase toda a Bacia de Campos, correspondendo a uma zona condensada e superfície de downlap. Encontra-se em grande parte erodido na área de estudo. Os resultados dos mapeamentos acima descritos foram utilizados na interpretação das seções sísmicas e perfis de poços disponíveis para o presente trabalho.",está ausente por erosão,476,499
1747,georegis,O que foi utilizado na interpretação das seções sísmicas e perfis de poços disponíveis para o presente trabalho?,"Mizusaki e Mohriak, 1992; Mohriak et al. 1995; Thomaz Filho e Rodrigues, 1999; Thomaz Filho et al. 2000; Mizusaki et al. 2002). O mapeamento de detalhe efetuado, cujas amarrações foram baseadas em dados paleontológicos, confirma essa afirmação e indica a presença de rochas magmáticas intrusivas e extrusivas também no Cretáceo Superior. Topo do Eoceno: coincide com o topo da bio-zona N-470 e também constitui um excelente refletor. A seção correspondente ao Eoceno Superior está ausente por erosão na região próxima à Falha de Charneira de Campos. Topo da biozona N-520 : esse refletor, datado do Oligoceno Inferior, constitui um excelente marco sismoestratigráfico em quase toda a Bacia de Campos, correspondendo a uma zona condensada e superfície de downlap. Encontra-se em grande parte erodido na área de estudo. Os resultados dos mapeamentos acima descritos foram utilizados na interpretação das seções sísmicas e perfis de poços disponíveis para o presente trabalho.",Os resultados dos mapeamentos acima descritos,818,863
1748,georegis,Em que período geológico ocorreu a presença de rochas magmáticas intrusivas e extrusivas na Bacia de Campos?,"Mizusaki e Mohriak, 1992; Mohriak et al. 1995; Thomaz Filho e Rodrigues, 1999; Thomaz Filho et al. 2000; Mizusaki et al. 2002). O mapeamento de detalhe efetuado, cujas amarrações foram baseadas em dados paleontológicos, confirma essa afirmação e indica a presença de rochas magmáticas intrusivas e extrusivas também no Cretáceo Superior. Topo do Eoceno: coincide com o topo da bio-zona N-470 e também constitui um excelente refletor. A seção correspondente ao Eoceno Superior está ausente por erosão na região próxima à Falha de Charneira de Campos. Topo da biozona N-520 : esse refletor, datado do Oligoceno Inferior, constitui um excelente marco sismoestratigráfico em quase toda a Bacia de Campos, correspondendo a uma zona condensada e superfície de downlap. Encontra-se em grande parte erodido na área de estudo. Os resultados dos mapeamentos acima descritos foram utilizados na interpretação das seções sísmicas e perfis de poços disponíveis para o presente trabalho.",Cretáceo Superior,319,336
1749,georegis,O que é um refletor no contexto do texto?,"Mizusaki e Mohriak, 1992; Mohriak et al. 1995; Thomaz Filho e Rodrigues, 1999; Thomaz Filho et al. 2000; Mizusaki et al. 2002). O mapeamento de detalhe efetuado, cujas amarrações foram baseadas em dados paleontológicos, confirma essa afirmação e indica a presença de rochas magmáticas intrusivas e extrusivas também no Cretáceo Superior. Topo do Eoceno: coincide com o topo da bio-zona N-470 e também constitui um excelente refletor. A seção correspondente ao Eoceno Superior está ausente por erosão na região próxima à Falha de Charneira de Campos. Topo da biozona N-520 : esse refletor, datado do Oligoceno Inferior, constitui um excelente marco sismoestratigráfico em quase toda a Bacia de Campos, correspondendo a uma zona condensada e superfície de downlap. Encontra-se em grande parte erodido na área de estudo. Os resultados dos mapeamentos acima descritos foram utilizados na interpretação das seções sísmicas e perfis de poços disponíveis para o presente trabalho.",um excelente marco sismoestratigráfico,629,667
1750,georegis,Qual é a importância do topo da bio-zona N-470?,"Mizusaki e Mohriak, 1992; Mohriak et al. 1995; Thomaz Filho e Rodrigues, 1999; Thomaz Filho et al. 2000; Mizusaki et al. 2002). O mapeamento de detalhe efetuado, cujas amarrações foram baseadas em dados paleontológicos, confirma essa afirmação e indica a presença de rochas magmáticas intrusivas e extrusivas também no Cretáceo Superior. Topo do Eoceno: coincide com o topo da bio-zona N-470 e também constitui um excelente refletor. A seção correspondente ao Eoceno Superior está ausente por erosão na região próxima à Falha de Charneira de Campos. Topo da biozona N-520 : esse refletor, datado do Oligoceno Inferior, constitui um excelente marco sismoestratigráfico em quase toda a Bacia de Campos, correspondendo a uma zona condensada e superfície de downlap. Encontra-se em grande parte erodido na área de estudo. Os resultados dos mapeamentos acima descritos foram utilizados na interpretação das seções sísmicas e perfis de poços disponíveis para o presente trabalho.",coincide com o topo da bio-zona N-470 e também constitui um excelente refletor,354,432
1751,georegis,O que aconteceu com a seção correspondente ao Eoceno Superior na região da Falha de Charneira de Campos?,"Mizusaki e Mohriak, 1992; Mohriak et al. 1995; Thomaz Filho e Rodrigues, 1999; Thomaz Filho et al. 2000; Mizusaki et al. 2002). O mapeamento de detalhe efetuado, cujas amarrações foram baseadas em dados paleontológicos, confirma essa afirmação e indica a presença de rochas magmáticas intrusivas e extrusivas também no Cretáceo Superior. Topo do Eoceno: coincide com o topo da bio-zona N-470 e também constitui um excelente refletor. A seção correspondente ao Eoceno Superior está ausente por erosão na região próxima à Falha de Charneira de Campos. Topo da biozona N-520 : esse refletor, datado do Oligoceno Inferior, constitui um excelente marco sismoestratigráfico em quase toda a Bacia de Campos, correspondendo a uma zona condensada e superfície de downlap. Encontra-se em grande parte erodido na área de estudo. Os resultados dos mapeamentos acima descritos foram utilizados na interpretação das seções sísmicas e perfis de poços disponíveis para o presente trabalho.",está ausente por erosão,476,499
1752,georegis,Como os resultados dos mapeamentos foram utilizados?,"Mizusaki e Mohriak, 1992; Mohriak et al. 1995; Thomaz Filho e Rodrigues, 1999; Thomaz Filho et al. 2000; Mizusaki et al. 2002). O mapeamento de detalhe efetuado, cujas amarrações foram baseadas em dados paleontológicos, confirma essa afirmação e indica a presença de rochas magmáticas intrusivas e extrusivas também no Cretáceo Superior. Topo do Eoceno: coincide com o topo da bio-zona N-470 e também constitui um excelente refletor. A seção correspondente ao Eoceno Superior está ausente por erosão na região próxima à Falha de Charneira de Campos. Topo da biozona N-520 : esse refletor, datado do Oligoceno Inferior, constitui um excelente marco sismoestratigráfico em quase toda a Bacia de Campos, correspondendo a uma zona condensada e superfície de downlap. Encontra-se em grande parte erodido na área de estudo. Os resultados dos mapeamentos acima descritos foram utilizados na interpretação das seções sísmicas e perfis de poços disponíveis para o presente trabalho.",na interpretação das seções sísmicas e perfis de poços disponíveis para o presente trabalho,881,972
1753,georegis,Quem descreveu os estratos de vertebrados fósseis?,"Barberena, observando e descrevendo plantas fósseis e invertebrados, e Price apud Bortoluzzi e Barberena, igualmente voltada aos vertebrados fósseis. Mas certamente estes estratos se notabilizaram na bibliografia geocientífica por sua paleoherpetofauna, tendo os estudos sistemáticos dos restos de vertebrados da Formação Santa Maria efetivamente implementados a partir da década de 70. Barberena mostrou a primeira subdivisão bioestratigráfica para o intervalo sedimentar da Formação Santa Maria, na forma de três cenozonas. As duas primeiras baseadas em répteis e dotadas de extensão lateral considerável, ao passo que a última apóia-se em plantas fósseis e tem caráter fortemente local. Esse autor estabeleceu meticulosa correlação entre as zonas de associação e a fauna triássica da Argentina, concluindo por um posicionamento da seção sedimentar da Formação Santa Maria entre o Mesotriássico e o Neotriássico. Em dados de subsuperfície, observa-se que a seção correspondente à Superseqüência Gondwana II exibe um contato basal nítido, em que depósitos pelíticos sobrepõem-se abruptamente aos arenosos da unidade anterior. Este contato abrupto, na realidade refletindo uma rápida ""transgressão lacustre” sobre a superfície de discordância que marca o topo da Superseqüência Gondwana I, poderia ser indicativo de um episódio de afundamento acelerado do substrato e desenvolvimento de uma bacia faminta. O posterior preenchimento por aportes arenosos progradacionais encontra-se documentado nos dados de poços que amostraram essa seção sedimentar. O conjunto pelitos lacustres/progradações arenosas é recoberto em contato abrupto pelos arenitos da Formação Tacua","Price apud Bortoluzzi e Barberena,",71,105
