question_id,question,expected_answer,answer,answer_relevancy_score,answer_relevancy_reason,source_file,error
1292,O que representa a fácies sísmica interpretada?,sedimentos clásticos finos,"A **fácies sísmica interpretada** representa um **corpo/ambiente geológico inferido a partir do padrão do sinal sísmico** (configuração dos refletores, continuidade, amplitude, frequência, geometria e terminação). Em outras palavras, é a **interpretação do tipo de rocha e/ou processo deposicional/estrutural** provável (ex.: canal, delta, turbidito, recife, lobo, folhelho laminado, falha, sal), **deduzida** do comportamento dos refletores, e não uma identificação direta da litologia.",0.0,"The score is 1.00 because the response fully addresses what the interpreted seismic facies represents, and there are no irrelevant statements; nothing detracts from the input’s focus, so it can’t be higher than a perfect score.",input\georegis\dataset.json,
1304,O que guia a curva vertical de proporções na matriz de proporções para a unidade genética superior do reservatório de Namorado?,respectiva fácies sísmica,"A curva vertical de proporções é guiada pela **distribuição das fácies/zonas da unidade genética superior ao longo da profundidade**, ou seja, pelo **perfil de proporções (fração de ocorrência) de cada fácies/categoria em cada nível vertical**, normalmente **derivado dos dados de poços (interpretação de perfis e testemunhos)** e usado para impor a tendência vertical na matriz de proporções.",1.0,"The score is 1.00 because the actual output contains no irrelevant statements and fully stays focused on answering what guides the vertical proportion curve in the proportion matrix for the upper genetic unit of the Namorado reservoir, leaving no content that would reduce relevancy.",input\georegis\dataset.json,
1305,Qual fácies sísmica é interpretada como sedimentos clásticos finos na matriz de proporções?,verde,"Na **matriz de proporções**, os **sedimentos clásticos finos** são interpretados como a fácies sísmica de **baixa amplitude** e **baixa continuidade** (geralmente com padrão mais homogêneo/“transparente” ou fracamente laminado), típica de **folhelhos/siltitos**.",0.0,"The score is 1.00 because the response fully addresses which seismic facies is interpreted as fine clastic sediments in the matrix, and there are no irrelevant statements lowering relevance.",input\georegis\dataset.json,
1306,O que é utilizado para distribuir no volume do reservatório as CPVs conhecidas somente nos poços?,conceito de fácies sísmicas,"Para distribuir no volume do reservatório as **CPVs (curvas/propriedades conhecidas apenas nos poços)**, utiliza-se **interpolação/extrapolação espacial via geoestatística**, principalmente **krigagem** (muitas vezes com **simulação geoestatística**), para propagar os valores dos poços para a malha 3D do reservatório.",0.0,"The score is 1.00 because the actual output fully addresses the user’s question about what is used to distribute CPVs known only at wells throughout the reservoir volume, and there are no irrelevant statements reducing relevance.",input\georegis\dataset.json,
1309,O que é a matriz de proporções na construção de uma matriz de proporções de litotipos?,uma ferramenta muito importante para capturar o comportamento espacial dos litotipos,"A **matriz de proporções** é uma tabela (matriz) que organiza, de forma quantitativa, **quanto cada litotipo contribui em relação aos demais** dentro de um conjunto de dados.

Na construção de uma matriz de proporções de litotipos, ela normalmente é montada assim:

- **Linhas**: litotipo de referência (ou litotipo “de origem”/observado).
- **Colunas**: litotipo comparado (ou litotipo “de destino”).
- **Cada célula**: a **proporção** (fração ou %) associada à relação entre os dois litotipos, por exemplo:
  - a **proporção de ocorrência** de um litotipo dentro de um intervalo/amostra,
  - ou a **proporção de contato/transição** de um litotipo para outro (dependendo do objetivo do estudo).

Em resumo: é a estrutura matricial que **armazenha e apresenta as proporções entre litotipos** (em % ou frações), servindo como base para análises comparativas, modelagem e interpretação geológica.",1.0,"A pontuação é 1.00 porque a resposta ficou totalmente alinhada ao que foi perguntado sobre o conceito de matriz de proporções na construção de uma matriz de proporções de litotipos, sem incluir informações irrelevantes ou fugir do tema.",input\georegis\dataset.json,
1320,Qual é a área da Bacia do Espírito Santo?,41.500 km2,A Bacia do Espírito Santo tem área de aproximadamente **45.000 km²**.,0.0,A pontuação é 1.00 porque a resposta foi totalmente relevante à pergunta sobre a área da Bacia do Espírito Santo e não houve nenhuma afirmação irrelevante no output; por isso não há motivo para uma pontuação menor.,input\georegis\dataset.json,
1325,Qual é o limite leste da Bacia do Espírito Santo?,crosta continental/oceânica,"O limite leste da Bacia do Espírito Santo é o **Oceano Atlântico**, na **porção oceânica** (offshore) da bacia, em direção ao **talude continental** e áreas mais profundas.",1.0,"A pontuação é 1.00 porque a resposta atende diretamente à pergunta sobre o limite leste da Bacia do Espírito Santo e não contém afirmações irrelevantes; não há nada que a impeça de ser mais alta, já que a lista de irrelevâncias está vazia.",input\georegis\dataset.json,
1327,Qual é a largura da plataforma continental?,240 km na porção centro-norte,"A largura da plataforma continental varia bastante, mas em geral fica entre **cerca de 20 e 200 km**, podendo chegar a **mais de 1.000 km** em algumas regiões.",0.0,"A pontuação é 1.00 porque a resposta esteve totalmente alinhada à pergunta sobre a largura da plataforma continental, sem incluir informações irrelevantes; não há nada a apontar que justificasse uma pontuação menor.",input\georegis\dataset.json,
1333,A que se refere a fronteira leste da Bacia do Espírito Santo?,crosta continental/oceânica,"A fronteira leste da Bacia do Espírito Santo se refere ao **limite oceânico da bacia**, isto é, a porção voltada para o **mar aberto (Atlântico)**, onde a bacia termina em direção a áreas mais profundas do oceano.",0.0,"The score is 1.00 because the response fully addresses what the input asks about (the meaning of the eastern boundary of the Espírito Santo Basin) and contains no irrelevant statements, so there is nothing reducing relevancy.",input\georegis\dataset.json,
1338,Quantos quilômetros de área a Bacia do Espírito Santo tem a ver com a bacia terrestre?,3.000,"A **Bacia do Espírito Santo** (bacia sedimentar **marinha/offshore**) tem área em torno de **cerca de 40–45 mil km²** (valores podem variar conforme a delimitação usada).

Ela **não “tem a ver” com uma bacia terrestre** no sentido de ser a mesma coisa:  
- **Bacia do Espírito Santo** = bacia sedimentar petrolífera no mar (offshore).  
- **Bacia terrestre (hidrográfica)** = área em terra que drena água para um rio/saída comum.

Se você me disser **qual “bacia terrestre”** específica (nome da bacia hidrográfica), eu comparo as áreas e a relação entre elas.",0.0,"The score is 1.00 because the output stayed fully focused on answering the question and did not include any irrelevant statements, so nothing detracted from relevancy.",input\georegis\dataset.json,
1339,O que evidencia a fisiografia do Banco de Abrolhos?,alargamento da plataforma continental,"A fisiografia do Banco de Abrolhos evidencia que se trata de uma ampla plataforma rasa e irregular na margem continental, formada por um banco recifal/carbonático: uma área extensa de baixas profundidades com recifes e estruturas típicas (como chapeirões), resultado do acúmulo biogênico (principalmente carbonatos) que condiciona o relevo submarino.",1.0,"The score is 1.00 because the response fully addresses what evidences the physiography of the Banco de Abrolhos, and there are no irrelevant statements listed to detract from relevance, so nothing prevents it from being higher.",input\georegis\dataset.json,
1346,O que atribui à bacia uma fisiografia particular?,"A existência do Banco de Abrolhos,","A **fisiografia particular de uma bacia hidrográfica** é atribuída principalmente ao conjunto de fatores físicos que a moldam, sobretudo:

- **Relevo e declividade** (forma do terreno, altitude, encostas);
- **Geologia e tipo de rochas** (estrutura e resistência à erosão);
- **Solos** (permeabilidade e suscetibilidade à erosão);
- **Clima** (chuvas, intensidade, distribuição e temperatura);
- **Cobertura vegetal e uso do solo** (infiltração, escoamento e proteção do solo);
- **Rede de drenagem** (densidade, padrão e organização dos cursos d’água).

Esses elementos, em conjunto, determinam a “fisionomia” da bacia: seu formato, drenagem e comportamento hidrológico.",0.0,A pontuação é 1.00 porque a resposta está totalmente alinhada com a pergunta e não inclui afirmações irrelevantes; não há nada a apontar que justificasse uma pontuação menor.,input\georegis\dataset.json,
1349,O que este trabalho enfatiza em relação à Bacia do Espírito Santo?,a cronoestratigrafia,"Não tenho acesso ao “trabalho” que você está mencionando, então não dá para dizer o que ele enfatiza sobre a Bacia do Espírito Santo sem ver o texto/trecho. Cole aqui a passagem relevante (ou envie o arquivo/imagem) que eu respondo exatamente com base nele.",0.0,"The score is 1.00 because the response stays fully focused on what the work emphasizes regarding the Bacia do Espírito Santo, with no irrelevant statements, so nothing detracts from its relevance.",input\georegis\dataset.json,
1352,Onde a Bacia do Espírito Santo está situada?,no Estado do Espírito Santo,"A Bacia do Espírito Santo está situada no litoral do estado do Espírito Santo, no sudeste do Brasil, em área marítima (offshore) do oceano Atlântico.",1.0,"The score is 1.00 because the response fully addresses where the Bacia do Espírito Santo is located and contains no irrelevant statements, leaving no reason to reduce the score.",input\georegis\dataset.json,
1353,Quais são os limites da Bacia do Espírito Santo?,"a sul com a Bacia de Campos, através do Alto de Vitória, e a norte com a Bacia de Mucuri","A **Bacia do Espírito Santo** (bacia sedimentar costeira brasileira) é limitada, de forma geral, por:

- **Ao norte:** pela **Bacia de Mucuri** (região sul da Bahia/norte do ES).  
- **Ao sul:** pela **Bacia de Campos** (região do RJ/norte do litoral fluminense).  
- **A oeste (em terra):** pelo **embasamento cristalino** do continente (faixa continental do ES).  
- **A leste (no mar):** pelo **limite oceânico da margem continental**, avançando sobre a plataforma/ talude em direção às áreas mais profundas do Atlântico.",1.0,A pontuação é 1.00 porque a resposta está totalmente alinhada à pergunta sobre os limites da Bacia do Espírito Santo e não inclui afirmações irrelevantes; não há nada que impeça uma nota maior.,input\georegis\dataset.json,
1390,O que poderia ser considerado compatível com a cinemática definida pelos outros elementos estruturais?,a condição de obliqüidade constante,"Algo é “compatível com a cinemática definida pelos outros elementos estruturais” quando **não contradiz nem impede os movimentos e restrições (graus de liberdade) que esses elementos impõem**. Em geral, poderia ser considerado compatível:

- **Deslocamentos e rotações** que respeitam os **apoios** e **ligações** existentes (sem criar travamentos indevidos).
- **Deformações** que não exigem que um nó/elemento faça um movimento **proibido** (por exemplo, rotação onde há engaste, translação onde há apoio fixo).
- **Condições de ligação** (continuidade/compatibilidade) coerentes entre elementos conectados (mesmo deslocamento no ponto de conexão; e, quando aplicável, rotação compatível).
- **Mecanismos de movimento** previstos pela estrutura (se a estrutura permite certa mobilidade), sem introduzir esforços “incompatíveis” por impor rigidez extra ou liberdade extra.

Se você disser o tipo de estrutura (pórtico, treliça, viga contínua, placa/laje) e quais são os apoios/ligações, dá para apontar exatamente o que é ou não compatível no seu caso.",0.0,"A pontuação é 1.00 porque a resposta manteve foco total na pergunta sobre compatibilidade com a cinemática definida pelos outros elementos estruturais, sem incluir afirmações irrelevantes. Não há motivos listados que impeçam uma nota maior, então ela permanece no máximo.",input\georegis\dataset.json,
1391,O que sugere que a evolução direcional posterior à nucleação frontal da zona de falha desenvolva uma evolução direcional posterior à nucleação frontal?,secciona-mento da zona de falha de Perimbó,"A própria formulação sugere que **há um “overprint” cinemático**: depois que a zona de falha nucleia na frente (nucleação frontal), ela **continua a crescer e a se reorganizar**, passando a registrar uma **evolução direcional (mudança/definição progressiva da direção de movimento e/ou da orientação estrutural)** controlada pela propagação e maturação da falha.

Em termos do que isso **normalmente indica**, sugere:

- **Propagação da zona de falha** após a nucleação (crescimento lateral/longitudinal e captura de novos segmentos).
- **Reorientação do campo de tensões/strain** com o tempo, fazendo a cinemática “girar” ou se tornar mais direcional.
- **Localização progressiva da deformação**: de uma deformação mais difusa inicial para uma deformação concentrada em bandas/fábricas bem orientadas.
- **Interação/ligação de segmentos (linkage)** e formação de estruturas secundárias (Riedel, duplexes, rampas, splays) que impõem uma direção preferencial de deslocamento.
- **Partição de deformação** (por exemplo, componentes de cisalhamento e encurtamento se separam em domínios), levando a uma direção de movimento mais definida.

Se você disser **qual é o contexto** (tipo de falha: transcorrente, reversa, normal; escala; e quais evidências: lineações, estrias, foliações S-C, Riedel, assimetria de porfiroclastos), posso apontar o mecanismo mais provável.",0.0,"A pontuação é 1.00 porque não há declarações irrelevantes listadas e, portanto, nada no output se desvia do que foi perguntado; não pode ser mais alta porque 1.00 já é o máximo.",input\georegis\dataset.json,
1398,Quais regimes produziriam uma rotação progressiva dos indicadores cinemáticos?,oblíquo ou transpressivo,"Regimes em que o **campo de velocidades muda gradualmente de orientação com o raio** (isto é, em que o eixo cinemático “gira” com a posição) tendem a produzir uma **rotação progressiva dos indicadores cinemáticos** (p.ex., do eixo de rotação, PA cinemático, linha de nós, direção de máximo gradiente de velocidade). Exemplos típicos:

- **Regime de torção cinemática (kinematic twist)**: variação contínua do ângulo de posição cinemático com o raio.  
- **Regime de disco/estrutura deformada (warp)**: disco empenado faz o plano orbital variar com o raio, rodando o eixo de rotação observado.  
- **Regime de precessão** (de um disco, anel, ou jatos): a direção do momento angular muda progressivamente no tempo e/ou com o raio.  
- **Regime dominado por barras e não-axisimetria** (potencial triaxial): órbitas não circulares e famílias orbitais distintas podem induzir mudança gradual da orientação do campo de velocidades.  
- **Regime de acreção/misalinhamento** (componentes desacoplados): gás/estrelas adquiridos com momento angular inclinado podem gerar transição suave do eixo cinemático entre regiões internas e externas.  
- **Regime de interação/fusão em relaxamento**: perturbações e redistribuição de momento angular podem produzir variações sistemáticas (não apenas “ruído”) na orientação cinemática.

Se você disser **em que sistema** (galáxia/disco, jato, tumorção em IFU etc.) e **quais “indicadores”** está usando, eu listo os regimes mais prováveis e como distingui-los observacionalmente.",0.0,"A pontuação é 1.00 porque a resposta está totalmente alinhada à pergunta e aborda diretamente quais regimes podem produzir rotação progressiva dos indicadores cinemáticos, sem incluir afirmações irrelevantes; como não há conteúdo fora do tema, não há motivo para a pontuação ser menor.",input\georegis\dataset.json,
1401,Qual é a base para quantificar o encurtamento?,"um marcador linear, paralelo à direção de compressão máxima","A base para quantificar o encurtamento é comparar **o comprimento original (referência)** com **o comprimento após a alteração**, normalmente expressando a diferença como:

- **Encurtamento absoluto:** \( \Delta L = L_0 - L \)
- **Encurtamento relativo (deformação):** \( \varepsilon = \frac{L_0 - L}{L_0} \) (pode ser em %)

Ou seja, a “base” é o **comprimento inicial \(L_0\)**, usado como referência para medir e normalizar o encurtamento.",0.0,The score is 1.00 because the actual output contains no irrelevant statements and stays fully focused on addressing the user’s question.,input\georegis\dataset.json,
1402,Quais são os dois regimes que produziriam uma rotação progressiva dos indicadores cinemáticos?,oblíquo ou transpressivo,"Os dois regimes são:

1. **Regime de cisalhamento simples (simple shear)**  
2. **Regime de cisalhamento puro / deformação coaxial (pure shear)**",0.0,"A pontuação é 1.00 porque não há declarações irrelevantes no output e ele permanece totalmente focado em responder ao que foi perguntado sobre os dois regimes que gerariam rotação progressiva dos indicadores cinemáticos, sem conteúdo extra que reduza a relevância.",input\georegis\dataset.json,
1406,Qual é a direção do vetor tectônico na primeira fase de deformação?,de SE para NW,"Não é possível determinar a direção do vetor tectônico na primeira fase de deformação sem o contexto específico (por exemplo, mapa/figura, dados estruturais ou descrição da fase D1). Se você enviar a figura ou as medidas (orientação de dobras/foliação/lineação e sentido de cisalhamento), eu consigo inferir a direção.",0.0,A pontuação é 1.00 porque a resposta está totalmente alinhada com a pergunta sobre a direção do vetor tectônico na primeira fase de deformação e não inclui afirmações irrelevantes; por isso não há nada que impeça uma pontuação menor ou justificasse uma pontuação mais baixa.,input\georegis\dataset.json,
1407,O que sugere o seccionamento da zona de falha de Perimbó pelas falhas transcorrentes?,uma evolução direcional posterior à nucleação frontal da referida zona de falha,"O seccionamento (segmentação) da zona de falha de Perimbó por falhas transcorrentes sugere que ela foi **reorganizada por um regime tectônico posterior (ou parcialmente contemporâneo) de cisalhamento lateral**, no qual as falhas transcorrentes **cortaram, deslocaram e compartimentaram** a zona principal em blocos/trechos.

Em termos geológicos, isso normalmente indica:
- **Reativação tectônica**: a zona de falha mais antiga foi reutilizada e modificada.
- **Cinemática transpressiva/transtensiva local**: as transcorrentes podem gerar **compressão** (dobras, inversões) ou **extensão** (pull-aparts, bacias) entre segmentos.
- **Controle estrutural na compartimentação**: diferentes segmentos podem ter **histórias de deslocamento e deformação distintas**, afetando fraturamento, circulação de fluidos e mineralização.",1.0,"A pontuação é 1.00 porque a resposta se manteve totalmente alinhada à pergunta sobre o que o seccionamento da zona de falha de Perimbó sugere em relação às falhas transcorrentes, sem incluir afirmações irrelevantes ou desvios de tema.",input\georegis\dataset.json,
1412,O que a hipótese b sugere que deveria ocorrer também?,uma dispersão dos valores de acamamento,Não dá para responder sem ver qual é a **hipótese b** no seu enunciado (ou o trecho onde ela aparece). Cole aqui o texto da hipótese b (ou uma foto) que eu digo exatamente o que ela sugere que deveria ocorrer também.,0.00,"A pontuação é 0.75 porque a resposta indica que deve ser retornado algo em JSON, mas não explica o que a hipótese b sugere que deveria ocorrer também. Não é maior porque incluir apenas ""JSON:"" é irrelevante para a pergunta e não acrescenta conteúdo sobre a hipótese; ainda assim fica nesse nível por ao menos sinalizar o formato esperado, embora não responda o mérito da questão.",input\georegis\dataset.json,
1413,Qual é a condição que a hipótese c considera constante em toda a área?,a condição de obliqüidade,"A hipótese **c** considera constante, em toda a área, **a variável/condição descrita no item c** (por exemplo, o **coeficiente** ou **parâmetro** mencionado ali).  

Se você me enviar o enunciado completo (ou o texto do item **c**), eu digo exatamente qual condição é essa.",0.0,"A pontuação é 0.80 porque a resposta quase não aborda a pergunta sobre qual condição a hipótese c considera constante; ela inclui apenas ""JSON:"", que é irrelevante ao conteúdo solicitado. Ainda assim, não cai mais porque o desvio é curto e não há outras afirmações erradas, apenas ausência de resposta relevante.",input\georegis\dataset.json,
1414,Qual é o nome da descontinuidade crustal?,"Arco de São Mateus,",A descontinuidade crustal é chamada **Descontinuidade de Mohorovičić (Moho)**.,0.0,"A pontuação é 1.00 porque a resposta foi totalmente relevante e direta ao que foi perguntado, sem incluir afirmações irrelevantes ou fugir do tema.",input\georegis\dataset.json,
1415,Qual é a idade do fragmento máfico?,"69,4 ± 1,3 Ma, geocro-nologicamente compatível","Não é possível determinar com as informações fornecidas. A “idade do fragmento máfico” depende do método e dos dados de datação (por exemplo, U-Pb em zircão/baddeleyíta, Sm-Nd, Ar-Ar) e do contexto geológico da amostra. Se você enviar o resultado analítico ou a referência (artigo/relatório) posso ajudar a interpretar.",0.0,"The score is 1.00 because the output directly answers the question about the mafic fragment’s age and includes no irrelevant statements, so nothing reduces relevancy.",input\georegis\dataset.json,
1416,Qual é a sequência vulcanoclástica da Fm. Rio Doce?,Abrolhos,"A **sequência vulcanoclástica da Formação Rio Doce** é composta, de modo geral, por **depósitos piroclásticos e retrabalhados**, incluindo principalmente:

- **Tufos** (cinzas vulcânicas litificadas), localmente **lapilíticos**  
- **Brechas vulcanoclásticas / brechas piroclásticas**  
- **Arenitos e conglomerados vulcanoclásticos** (material piroclástico retrabalhado)  
- Intercalações subordinadas de **siltitos/argilitos** associados a sedimentação fina entre eventos

Se você disser **em qual bacia/estado** e o **contexto estratigráfico** (ex.: unidade do Grupo/Supergrupo em que a Fm. Rio Doce está inserida), posso ajustar a descrição para a definição usada nessa região específica.",0.0,"A pontuação é 1.00 porque a resposta atendeu diretamente ao pedido sobre a sequência vulcanoclástica da Fm. Rio Doce e não incluiu nenhuma afirmação irrelevante; não há nada a remover ou corrigir, então ela já está no nível máximo de relevância.",input\georegis\dataset.json,
1426,Qual foi a data de um fragmento mafico de uma rocha?,"69,4 ± 1,3 Ma","Não dá para dizer a data só com a frase “um fragmento máfico de uma rocha”. “Máfico” descreve a composição (rico em Mg e Fe), não a idade.

Para obter a **data (idade)** de um fragmento máfico é preciso:
- **Qual rocha/mineral** do fragmento (ex.: basalto, gabro; zircão, baddeleyita, plagioclásio etc.).
- **Método de datação** usado (ex.: U–Pb, Ar–Ar, Sm–Nd, Rb–Sr).
- O **resultado analítico/laboratorial**.

Se você enviar o **trecho do texto** onde aparece o fragmento (ou uma foto do laudo/tabela), eu consigo apontar qual é a data indicada ali.",0.0,"The score is 1.00 because the output stayed fully focused on answering the question about the date of a mafic rock fragment, and there were no irrelevant statements to reduce relevancy.",input\georegis\dataset.json,
1429,Como é chamada a descontinuidade crustal?,Arco de São Mateus,A descontinuidade crustal é chamada de **Descontinuidade de Mohorovičić (Moho)**.,0.0,"The score is 1.00 because the response is fully focused on answering how the crustal discontinuity is called, and there are no irrelevant statements reducing relevance.",input\georegis\dataset.json,
1430,Qual é a área das rochas piroclásticas ácidas encontradas na região nordeste de Minas Gerais?,75km de comprimento por 25km de largura,"Não é possível responder com os dados fornecidos: a **área das rochas piroclásticas ácidas no nordeste de Minas Gerais** depende da **fonte (mapa/estudo)** e do **recorte exato da região** adotado, e isso não foi informado.",0.0000000000000000,"A pontuação 0.83 reflete que a resposta quase não abordou a pergunta: limitou-se a escrever ""JSON:"" sem informar a área das rochas piroclásticas ácidas no nordeste de Minas Gerais nem indicar dados ou fonte para calculá-la. Ainda assim, não caiu mais porque pelo menos seguiu parcialmente o formato solicitado, embora sem conteúdo relevante.",input\georegis\dataset.json,
1436,Qual a idade geocronológica indicada pela datação Ar-Ar de um fragmento máfico?,"69,4 ± 1,3 Ma","Não dá para determinar com a informação fornecida. A idade geocronológica por Ar–Ar de um fragmento máfico depende do resultado analítico (idade calculada/idade do platô ou isócrona) apresentado no relatório da datação. Se você enviar o valor obtido (em Ma) e o tipo de idade reportada, eu digo qual é a idade indicada.",0.0,"A pontuação é 1.00 porque a resposta atende diretamente à pergunta sobre a idade geocronológica indicada pela datação Ar-Ar de um fragmento máfico, sem incluir informações irrelevantes ou desviantes.",input\georegis\dataset.json,
1439,"O que controlaria os fenômenos neotectônicos, o padrão de drenagem e a circulação de fluidos na região?","a uma descontinuidade crustal denominada Arco de São Mateus,","O principal controle seria **o arcabouço estrutural/tectônico da região** — isto é, **falhas e fraturas (lineamentos), sua orientação, reativações neotectônicas e o regime de esforços atual**.

Esses elementos:
- **Controlam os fenômenos neotectônicos** ao concentrar deformação e reativar descontinuidades preexistentes;
- **Condicionam o padrão de drenagem** ao guiar o encaixe e a direção dos canais, capturas e alinhamentos de vales;
- **Regem a circulação de fluidos** ao criar/fechar caminhos preferenciais de permeabilidade (zonas fraturadas, falhas, contatos), influenciando recarga, fluxo subterrâneo e surgências.",0.0,"The score is 1.00 because the response directly addresses what controls neotectonic phenomena, drainage patterns, and fluid circulation in the region, and there are no irrelevant statements that would reduce its focus or relevance.",input\georegis\dataset.json,
1440,Qual é a idade do fragmento máfico mencionado no texto?,"69,4 ± 1,3 Ma","Não é possível determinar: o texto com a menção ao “fragmento máfico” não foi fornecido aqui. Se você colar o trecho, eu identifico a idade indicada.",0.00,"A pontuação é 0.75 porque a resposta ao menos tenta seguir o formato pedido, mas não informa a idade do fragmento máfico solicitada; ela apenas menciona ""JSON:"" sem acrescentar conteúdo relevante, então não pode ser mais alta.",input\georegis\dataset.json,
1441,O que é a Fm. Rio Doce?,"arenitos médios a muito grossos, quartzozos, feldspáticos, com cores cinza-esverdeadas, maciços ou com estratificações cruzadas","“Fm. Rio Doce” é uma abreviação de **Formação Rio Doce** (“Fm.” = formação), um **nome de unidade geológica/estratigráfica** usado em mapas e trabalhos de geologia para designar um conjunto de rochas/sedimentos depositados em determinada época e ambiente.

Se você disser **em qual estado/município** ou mostrar **onde viu esse termo (mapa, artigo, legenda)**, dá para eu identificar a descrição específica usada naquela fonte (idade, litologia, bacia, etc.).",0.0,"A pontuação é 1.00 porque a resposta está totalmente alinhada com a pergunta sobre o que é a Fm. Rio Doce e não inclui nenhuma informação irrelevante; não há motivos para ser maior, pois já está no máximo.",input\georegis\dataset.json,
1442,Como são os sedimentos da Fm. Rio Doce?,"mal selecionados, pouco lamosos e extremamente litificados, com os grãos cimentados por sílica criptocristalina","Os sedimentos da Formação Rio Doce são, em geral, **clásticos siliciclásticos** (dominados por quartzo), com **predomínio de arenitos** (frequentemente finos a médios) e **intercalações de siltitos e argilitos**, podendo ocorrer **conglomerados** localmente. Em muitos trechos, os depósitos são **mal a moderadamente selecionados**, com **estratificação** (plano-paralela e/ou cruzada) e variações que refletem ambientes de **sistemas fluviais a costeiros/deltaicos**, dependendo da área estudada.",0.0,"A pontuação é 1.00 porque a resposta ficou totalmente alinhada à pergunta sobre como são os sedimentos da Fm. Rio Doce, sem incluir afirmações irrelevantes; como não há trechos fora do tema, não há motivo para a nota ser menor.",input\georegis\dataset.json,
1443,Qual é a direção das rochas piroclásticas ácidas mencionadas por Raposo et al.?,NE-SW,"Não tenho acesso ao trecho de Raposo et al. que você está citando, então não dá para determinar a direção das rochas piroclásticas ácidas apenas com a sua pergunta. Se você colar aqui a frase/trecho (ou enviar uma imagem da página), eu identifico a direção exatamente como está no texto.",0.0,"The score is 1.00 because the output directly answers the question about the direction of the acidic pyroclastic rocks mentioned by Raposo et al., with no irrelevant statements or digressions, leaving nothing to improve for higher relevancy.",input\georegis\dataset.json,
1445,Qual é a coluna de hidrocarbonetos constatada?,"255 m,","Não é possível determinar qual “coluna de hidrocarbonetos” foi constatada sem os dados do seu caso (por exemplo, o relatório/registro de perfilagem, teste de formação, pressão/contato GOC/OWC ou a profundidade do topo e base).  
Se você enviar o trecho do relatório ou a tabela com as profundidades e contatos, eu identifico a coluna constatada.",0.0,"The score is 1.00 because the response directly addresses the question about the hydrocarbon column without adding any irrelevant statements, so there is nothing that would reduce relevancy.",input\georegis\dataset.json,
1446,O que foi adotado para identificar a constância dos reservatórios?,a subdivisão em zonas produtoras diferenciadas,Foi adotado o uso de um **critério/índice de constância** (frequentemente baseado na **frequência de ocorrência** do reservatório nas observações/amostragens) para identificar quais reservatórios eram constantes.,0.0,"The score is 1.00 because the actual output fully addresses what was adopted to identify the constancy of the reservoirs, and there are no irrelevant statements that would reduce relevancy.",input\georegis\dataset.json,
1449,Qual é o tamanho da coluna de hidrocarbonetos constatada?,255 m,Não é possível determinar: a pergunta não informa o valor nem fornece o documento/relatório onde a “coluna de hidrocarbonetos” foi constatada.,0.0,"The score is 1.00 because the response stayed fully focused on answering the question about the measured hydrocarbon column size, with no irrelevant statements included.",input\georegis\dataset.json,
1451,Qual foi o valor preditivo de porosidade previsto?,7.0%,Não consigo determinar isso com as informações fornecidas. Envie o trecho do relatório/tabela/saída do modelo (ou a imagem) onde aparece a “porosidade prevista” para eu informar o valor exato.,0.00,"A pontuação é 0.75 porque a resposta indica o formato esperado, mas não fornece o valor preditivo de porosidade solicitado. Ela não pode ser maior pois incluir apenas ""JSON:"" é irrelevante para a pergunta e não entrega a informação requerida; ainda assim não é 0 porque ao menos tenta enquadrar a saída no formato solicitado.",input\georegis\dataset.json,
1454,O que a PETROBRÁS descobriu com o poço pioneiro 1 - PRS - 4?,a acumulação de hidrocarbonetos do Campo de Tubarão,"Com o poço pioneiro **1-PRS-4**, a **PETROBRÁS descobriu petróleo e gás natural na Bacia do Paraná**, confirmando a existência de hidrocarbonetos na região (no estado do **Paraná**).",0.0,"The score is 1.00 because the output fully addresses what PETROBRÁS discovered with the pioneer well 1-PRS-4 and contains no irrelevant statements, so nothing detracts from its relevance.",input\georegis\dataset.json,
1456,Onde as rochas do reservatório de Tubarão se encontram?,Guarujá Inferior,"As rochas do reservatório de **Tubarão** se encontram principalmente na **Bacia de Santos**, no **offshore do Sudeste do Brasil**, em áreas de lâmina d’água profunda a ultraprofundas.",0.0,"A pontuação é 1.00 porque a resposta abordou diretamente onde as rochas do reservatório de Tubarão se encontram, sem incluir informações irrelevantes; como não há declarações fora do tema, não há motivo para a nota ser menor.",input\georegis\dataset.json,
1458,Qual foi o valor preditivo de porosidade?,7.0%,"Não consigo determinar o “valor preditivo de porosidade” sem os dados ou o resultado do modelo/relatório a que você está se referindo. 

Envie um destes itens que eu retorno o valor:
- a tabela/linha com **porosidade (predita)**,
- o **output do modelo**,
- ou o **arquivo/dados** (ou um print) onde esse valor aparece.",0.0000000000000000,"A pontuação 0.83 é relativamente alta porque a resposta tentou seguir o formato solicitado (JSON), mas não pode ser maior porque incluiu o trecho irrelevante ""JSON:"" sem fornecer o valor preditivo de porosidade pedido, deixando a pergunta essencialmente sem resposta.",input\georegis\dataset.json,
1464,O que a continuidade do processo de exploração permitiu identificar a constância?,reservatórios,"A continuidade do processo de exploração permitiu identificar a constância porque, ao repetir e acompanhar o fenômeno ao longo do tempo e em diferentes condições, foi possível perceber que certos resultados se mantinham invariáveis (ou se repetiam com regularidade), revelando aquilo que é constante.",0.0,"A pontuação é 1.00 porque a resposta atende diretamente ao que foi perguntado e não inclui afirmações irrelevantes; não há nada listado que justifique uma pontuação menor, então ela permanece no máximo.",input\georegis\dataset.json,
1468,A que profundidade foram identificadas as rochas-reservatório do Campo de Tubarão?,a partir de -4 540 m,As rochas-reservatório do Campo de Tubarão foram identificadas em torno de **3.000 m de profundidade**.,0.0,"The score is 1.00 because the output directly answers the question about the depth at which the Campo de Tubarão reservoir rocks were identified, with no irrelevant statements or off-topic information.",input\georegis\dataset.json,
1469,Qual foi a coluna de hidrocarbonetos constatada no Campo de Tubarão?,255 m,"No Campo de Tubarão, foi constatada uma coluna de hidrocarbonetos de aproximadamente **400 metros**.",0.0,"The score is 1.00 because the response directly answers the question about the hydrocarbon column observed in the Campo de Tubarão and includes no irrelevant statements, so nothing detracts from relevancy.",input\georegis\dataset.json,
1471,"Quais códigos foram utilizados para os reservatórios da porção superior, média e inferior da acumulação no Campo de Tubarão?","B1, B2 e B3","Não tenho acesso, a partir da sua pergunta, a quais “códigos” específicos foram usados internamente para os reservatórios da porção superior, média e inferior da acumulação no Campo de Tubarão.  

Se você puder indicar a fonte (relatório, mapa, ANP, artigo) ou colar o trecho onde esses reservatórios aparecem, eu identifico exatamente quais códigos correspondem a cada porção (superior, média e inferior).",0.0000000000000000,"A pontuação 0.67 reflete que houve alguma tentativa de responder no formato solicitado, mas o conteúdo do output foi apenas ""JSON:"" sem informar os códigos dos reservatórios das porções superior, média e inferior do Campo de Tubarão, deixando a pergunta essencialmente sem resposta; por isso não é mais alta, mas não cai a zero por ao menos indicar uma intenção de estruturar a resposta.",input\georegis\dataset.json,
1473,Em que profundidade foi identificada a seqüência carbonática Guarujá Inferior?,-4 540 m,"Não tenho essa informação aqui: você não forneceu o documento/dado onde consta a profundidade em que a sequência carbonática Guarujá Inferior foi identificada. Se você enviar o trecho do relatório/perfil/poço (ou uma imagem da seção), eu consigo apontar a profundidade exata.",0.00,"A pontuação é 0.75 porque a resposta atende parcialmente ao pedido sobre a profundidade da sequência Guarujá Inferior, mas não é mais alta pois inclui um trecho irrelevante (o rótulo ""JSON:"") que não contribui para responder à pergunta.",input\georegis\dataset.json,
1474,Qual é a extensão da coluna de hidrocarbonetos encontrada no Campo de Tubarão?,255 m,A extensão da coluna de hidrocarbonetos encontrada no Campo de Tubarão é de **mais de 500 metros**.,0.0,"The score is 1.00 because the output fully addresses the question about the hydrocarbon column extent in the Tubarão Field and contains no irrelevant statements, so nothing detracts from its relevancy.",input\georegis\dataset.json,
1475,Quais são os valores preditivos de porosidade para as rochas-reservatório do Campo de Tubarão?,em torno de 7%,"Não tenho acesso, a partir da sua pergunta, aos dados (curvas de poço, testemunhos, relatórios petrográficos) ou a um modelo publicado específico que permita informar **valores preditivos de porosidade** para as rochas‑reservatório do **Campo de Tubarão** com confiabilidade.

Se você enviar **o intervalo estratigráfico/unidade reservatório** e algum insumo (por exemplo: tabela de porosidade medida em plug, log de densidade/nêutrons/sônico, ou o modelo estatístico usado), eu consigo **calcular/ajustar** os valores preditivos (P10/P50/P90, média e desvio) e apresentar o resultado.",0.0,A pontuação é 1.00 porque a resposta está totalmente alinhada com a pergunta sobre os valores preditivos de porosidade nas rochas-reservatório do Campo de Tubarão e não inclui nenhuma afirmação irrelevante; não há motivos listados que justifiquem uma pontuação menor.,input\georegis\dataset.json,
1476,Como os reservatórios do Campo de Tubarão foram subdivididos?,"Utilizaram-se os códigos B1, B2 e B3,","Os reservatórios do Campo de Tubarão foram subdivididos em **três unidades**, denominadas **Tubarão A, Tubarão B e Tubarão C**, com base principalmente em diferenças **estratigráficas e de qualidade petrofísica** (variações de fácies/litologia e propriedades como porosidade e permeabilidade).",0.0,"A pontuação é 1.00 porque a resposta atendeu diretamente à pergunta sobre como os reservatórios do Campo de Tubarão foram subdivididos, sem incluir informações irrelevantes ou fora do tema; como não há trechos irrelevantes listados, não há motivo para a nota ser menor.",input\georegis\dataset.json,
1477,Qual é o termo usado para descrever a geologia das seqüências fanerozóicas ocorrentes dentro das fronteiras da Bacia do São Francisco?,Bacia Sanfranciscana,O termo usado é **“cobertura fanerozóica”** (ou **“seqüências fanerozóicas de cobertura”**) da Bacia do São Francisco.,1.0,"A pontuação é 1.00 porque a resposta atende diretamente ao que foi perguntado, identificando o termo usado para descrever a geologia das sequências fanerozóicas dentro da Bacia do São Francisco. Não há declarações irrelevantes listadas, então nada reduz a relevância.",input\georegis\dataset.json,
1479,Quantas unidades cretácicas formam chapadas e tabuleiros na Bacia do São Francisco?,Três,Duas unidades cretácicas formam chapadas e tabuleiros na Bacia do São Francisco: **o Grupo Areado** e o **Grupo Urucuia**.,0.0,"A pontuação é 1.00 porque a resposta está totalmente alinhada à pergunta sobre quantas unidades cretácicas formam chapadas e tabuleiros na Bacia do São Francisco, sem incluir informações irrelevantes. Não há como ser maior, pois já é a pontuação máxima.",input\georegis\dataset.json,
1482,Qual é o termo usado para descrever o registro geológico fanerozóico da Bacia do São Francisco?,Bacia Sanfranciscana,O termo usado é **“Sequência Fanerozóica”** (ou **“cobertura fanerozóica”**) da Bacia do São Francisco.,1.0,A pontuação é 1.00 porque a resposta atende diretamente à pergunta sobre o termo usado para descrever o registro geológico fanerozóico da Bacia do São Francisco e não contém declarações irrelevantes.,input\georegis\dataset.json,
1485,Qual é a única seqüência erosional paleozóica que existe em toda a bacia?,O Grupo Santa Fé,A única sequência erosional paleozóica reconhecida em toda a bacia é a **Sequência Erosional Devoniana**.,0.0,"The score is 1.00 because the actual output stays fully focused on answering the question about the unique Paleozoic erosional sequence present across the entire basin, with no irrelevant statements or off-topic content.",input\georegis\dataset.json,
1487,Qual é o nome da seqüência fanerozóica da Bacia do São Francisco?,Bacia Sanfranciscana,A seqüência fanerozóica da Bacia do São Francisco é o **Grupo Bambuí**.,1.0,"A pontuação é 1.00 porque a resposta está totalmente alinhada com a pergunta e não contém afirmações irrelevantes; por isso, não há nada que impeça uma pontuação maior.",input\georegis\dataset.json,
1489,Que tipo de ambiente tectônico prevalecia durante a sedimentação do Grupo Areado?,distensional,"Durante a sedimentação do **Grupo Areado** prevaleceu um **ambiente tectônico extensional**, típico de **rifte intracontinental** (bacia do tipo rifte/“sag” pós-rifte), associado à reativação de estruturas e acomodação sedimentar em uma bacia continental.",0.0,"The score is 1.00 because the response stayed fully focused on identifying the prevailing tectonic environment during deposition of the Grupo Areado, with no irrelevant statements or digressions, so there is nothing holding the relevancy back.",input\georegis\dataset.json,
1493,Qual é o termo para o registro sedimentar fanerozóico da Bacia do São Francisco?,Bacia Sanfranciscana,O termo usado é **“Supergrupo São Francisco”** (também chamado em alguns trabalhos de **“Bacia Fanerozóica do São Francisco”**).,1.0,"A pontuação é 1.00 porque a resposta está totalmente alinhada com a pergunta e não inclui declarações irrelevantes; como não há conteúdo fora do escopo apontado, não há motivo para a nota ser menor.",input\georegis\dataset.json,
1495,Qual foi o ambiente tectônico prevalente durante a sedimentação do Grupo Areado?,distensional,"O ambiente tectônico prevalente durante a sedimentação do Grupo Areado foi **extensional**, ligado a uma **bacia intracratônica do tipo rifte (ou pós-rifte inicial)**, com deposição associada à reativação de estruturas e subsidência dentro do Cráton do São Francisco.",1.0,"A pontuação é 1.00 porque a resposta está totalmente alinhada à pergunta sobre o ambiente tectônico prevalente durante a sedimentação do Grupo Areado, sem incluir afirmações irrelevantes. Como não há trechos fora do tema, não existe motivo para a pontuação ser menor.",input\georegis\dataset.json,
1497,Qual é o único remanescente erosional paleozóico de coberturas intracratônicas mais amplas que eventualmente existiu na Bacia do São Francisco?,O Grupo Santa Fé,É o **Grupo Santa Fé**.,1.0,The score is 1.00 because the actual output fully addresses the question and contains no irrelevant statements; it stays at the maximum since everything is directly relevant and focused on identifying the único remanescente erosional paleozóico in the Bacia do São Francisco.,input\georegis\dataset.json,
1500,O que o Grupo Santa Fé representa na geologia da Bacia do São Francisco?,o único remanescente erosional paleozóico de coberturas intracratônicas mais amplas,"O **Grupo Santa Fé** representa, na geologia da **Bacia do São Francisco**, uma **sequência sedimentar glaciogênica do Neoproterozoico**, depositada durante a **glaciação criogeniana**. Ele registra ambientes associados ao gelo (como **tillitos/diamictitos**, ritmitos e depósitos correlatos) e marca um episódio importante de sedimentação ligado a condições climáticas frias antes das unidades carbonáticas e siliciclásticas superiores do pacote sedimentar da bacia.",1.0,"A pontuação é 1.00 porque a resposta foi totalmente relevante ao explicar o que o Grupo Santa Fé representa na geologia da Bacia do São Francisco, sem incluir afirmações irrelevantes; como não há trechos fora do tema, não há motivo para uma pontuação menor.",input\georegis\dataset.json,
1501,Qual a natureza das três unidades cretácicas que formam chapadas e tabuleiros na Bacia do São Francisco?,de natureza continental,"As três unidades cretácicas que formam chapadas e tabuleiros na Bacia do São Francisco têm natureza **sedimentar**, sendo constituídas principalmente por **arenitos** (com níveis subordinados de siltitos/argilitos e, localmente, conglomerados), depositados em ambientes predominantemente **continentais** (fluvial a eólico).",1.0,"The score is 1.00 because the output stays fully focused on answering what is asked about the nature of the three Cretaceous units forming chapadas and tabuleiros in the São Francisco Basin, with no irrelevant statements or detours.",input\georegis\dataset.json,
1502,Qual o ambiente tectônico prevalente durante a sedimentação do Grupo Areado na Bacia do São Francisco?,distensional,"O Grupo Areado foi depositado predominantemente em **ambiente tectônico extensional (rifte)**, associado à **reativação de estruturas do embasamento** e ao desenvolvimento de **bacias tipo rifte/sag intracratônicas** na Bacia do São Francisco durante o Cretáceo.",0.0,"The score is 1.00 because the response fully addresses the question about the prevailing tectonic setting during deposition of the Grupo Areado in the São Francisco Basin, with no irrelevant statements or digressions, so nothing detracts from relevance.",input\georegis\dataset.json,
1506,O que os diamictitos/tilitos/fácies tilóides e folhelhos com dropstones basais do Grupo Santa Fé apontam?,para uma unidade crono-correlata aos sedimentos permocarboníferos glaciais do Grupo Itararé da Bacia do Paraná,"Apontam para **influência glacial** na base do Grupo Santa Fé: deposição em ambiente **glaciogênico**, com **till/tillito e diamictitos** (depósitos diretamente associados ao gelo, como till e fluxos de detritos glaciários) e **folhelhos com dropstones** indicando **sedimentação em água (marinha ou lacustre) com gelo flutuante**, onde clastos caíam de icebergs/placas de gelo e deformavam o lodo fino. Em conjunto, sugerem uma fase de **glaciação e deglaciação**, com alternância entre deposição subglacial/proximal e sedimentação mais distal em bacia.",0.0,"The score is 1.00 because the response stays fully focused on what the Santa Fé Group basal diamictites/tillites/tiloid facies and dropstone-bearing shales indicate, with no irrelevant statements or digressions, so nothing reduces relevancy.",input\georegis\dataset.json,
1508,Em que ambiente tectônico ocorreu a sedimentação do Grupo Areado?,"distensional, provável reflexo intracontinental do quebramento do Supercontinente Gondwana","A sedimentação do **Grupo Areado** ocorreu em **ambiente tectônico extensional**, associado a **bacias interiores do tipo rifte (intracratônicas)**, desenvolvidas por reativação de lineamentos no interior do Cráton do São Francisco.",0.0,"A pontuação é 1.00 porque a resposta atende diretamente ao que foi perguntado sobre o ambiente tectônico da sedimentação do Grupo Areado. Não há declarações irrelevantes listadas, então nada prejudica a relevância; por isso ela está no máximo possível.",input\georegis\dataset.json,
1542,O que não permite discriminar padrões de terminação de refletores sísmicos na 4a e 5a ordens?,as seções sísmicas disponíveis,"A **baixa resolução sísmica** (vertical e lateral), geralmente ligada à **frequência dominante insuficiente**, **ruído** e/ou **amostragem inadequada**, é o principal fator que **não permite discriminar com confiança padrões de terminação de refletores** (onlap, downlap, toplap, truncation) na **4ª e 5ª ordens**, porque esses padrões ficam em **escala muito fina** e acabam **abaixo do poder de resolução** do dado.",1.0,"The score is 1.00 because the response fully addresses the question about what prevents discriminating seismic reflector termination patterns in 4th and 5th orders, and there are no irrelevant statements reducing its relevance.",input\georegis\dataset.json,
1543,Quais são as duas ordens que não apresentam conteúdo de resolução suficientemente alto para permitir discriminar padrões de terminação de refletores sísmicos?,4a e 5a,"As duas ordens são a **1ª ordem** e a **2ª ordem**, pois **não apresentam conteúdo de resolução suficientemente alto** para discriminar padrões de terminação de refletores sísmicos.",0.0,"A pontuação é 1.00 porque a resposta está totalmente alinhada à pergunta, identificando exatamente as duas ordens sem acrescentar informações irrelevantes ou fugir do que foi solicitado.",input\georegis\dataset.json,
1544,"Qual foi a dificuldade de rastrear os refletores e marcadores de um rollover para outro, principalmente no sentido dlp?",intensa halocinese,"A principal dificuldade foi **garantir a correspondência (match) dos mesmos refletores e marcadores entre um rollover e o seguinte**, porque no sentido **DLP** há **mudança grande de perspectiva e oclusões**: alguns pontos **somem** (ficam encobertos), outros **reaparecem**, e a **assinatura visual** (posição relativa/ângulo/brilho aparente) muda o suficiente para gerar **ambiguidade**, facilitando **troca de identidade** entre marcadores próximos.",0.0,"A pontuação é 1.00 porque a resposta atendeu diretamente à pergunta sobre a dificuldade de rastrear refletores e marcadores de um rollover para outro, especialmente no sentido DLP, sem incluir declarações irrelevantes. Não há motivo para ser menor, já que não foram apontadas partes fora do tema.",input\georegis\dataset.json,
1547,O que as seções sísmicas disponíveis não permitiram discriminar?,padrões de terminação de refletores sísmicos,As seções sísmicas disponíveis não permitiram discriminar **com precisão** detalhes finos do subsuperfície — em especial **a diferenciação clara entre litologias/unidades estratigráficas muito semelhantes** e **a identificação de estruturas pequenas** (como falhas de baixo rejeito e variações sutis de espessura).,0.0,"A pontuação é 1.00 porque a resposta está totalmente alinhada ao que foi perguntado (o que as seções sísmicas não permitiram discriminar) e não inclui nenhuma afirmação irrelevante; como não há conteúdo fora do tema, não há motivo para uma pontuação menor.",input\georegis\dataset.json,
1552,O que as seções sísmicas disponíveis não permitem discriminar?,padrões de terminação de refletores sísmicos,"As seções sísmicas disponíveis **não permitem discriminar com segurança**:

- **A litologia/composição das rochas** (ex.: arenito vs. folhelho) apenas pela resposta sísmica.  
- **O tipo de fluido nos poros** (água, óleo ou gás) sem dados complementares.  
- **A porosidade e a permeabilidade** (qualidade do reservatório) de forma direta.  
- **A idade/estratigrafia detalhada** sem calibração com poços.  
- **Pequenas heterogeneidades e feições abaixo da resolução sísmica**, como camadas muito finas e fraturas pequenas.",0.0,"A pontuação é 1,00 porque a resposta está totalmente alinhada com a pergunta sobre o que as seções sísmicas disponíveis não permitem discriminar e não há qualquer declaração irrelevante no output; por isso não há motivo para a nota ser menor.",input\georegis\dataset.json,
1555,O que foi dificultado para traçar sequências de alta frequência?,rastreamento dos refletores e marcadores,"Foi dificultada **a observação/medição clara dos detalhes rápidos do sinal**, porque em **sequências de alta frequência** as mudanças ocorrem muito depressa (e ficam “comprimidas” no tempo), tornando **mais difícil distinguir e traçar corretamente cada variação**.",0.0,"The score is 1.00 because there are no irrelevant statements listed, indicating the actual output stayed fully focused on answering what was asked. Since nothing unrelated was included, there’s no basis to lower the score.",input\georegis\dataset.json,
1556,Quais são os preceitos utilizados para a utilização de um arcabouço estratigráfico de alta frequência na Sequência A?,"Moderna Estratigrafia (Catunea-nu, 2006; Catuneanu et al. 2009, Hunt e Tucker, 1992; VanWagoner et al., 1988; Galloway, 1989; Posamentier e Allen, 1999)","Os preceitos (critérios) normalmente utilizados para aplicar um **arcabouço estratigráfico de alta frequência** na **Sequência A** são:

- **Hierarquização de superfícies e ciclos**: reconhecer e organizar ciclos de alta frequência (parassequências/sets) dentro da sequência, distinguindo ordens de magnitude (alta vs. média/baixa frequência).
- **Correlação por superfícies-chave**: usar **superfícies cronoestratigráficas** e/ou de significado regional (ex.: superfícies de inundação, superfícies erosivas, discordâncias/limites de sequência, superfície transgressiva, superfície de máxima inundação) como guias de correlação.
- **Controle por acomodação vs. aporte sedimentar**: interpretar padrões de empilhamento (progradacional, retrogradacional, agradacional) como resposta a variações de **acomodação** e **suprimento sedimentar** em escala de alta frequência.
- **Integração multi-dados**: amarrar a interpretação com **afloramentos/testemunhos**, **perfis de poço (logs)**, **fácies**, **bioestratigrafia**, **quimioestratigrafia** e, quando disponível, **sísmica**, para reduzir ambiguidades.
- **Rastreabilidade lateral e consistência estratigráfica**: priorizar elementos que possam ser seguidos lateralmente e que mantenham coerência geométrica/estratigráfica ao longo da área.
- **Calibração temporal (quando possível)**: testar a periodicidade/tempo relativo dos ciclos (p.ex., ciclicidade orbitais) ou pelo menos garantir **consistência cronoestratigráfica** na correlação.
- **Critérios faciológicos e de empilhamento**: definir unidades de alta frequência por mudanças sistemáticas de fácies, tendência granulométrica, arquitetura deposicional e contatos diagnósticos.
- **Separação de sinais alogênicos e autogênicos**: avaliar se as repetições refletem controle externo (nível do mar/clima/tectônica) ou processos internos do sistema (avulsão, migração de barras/canais), para não “superinterpretar” ciclos.

Se você puder dizer **qual é o contexto da “Sequência A”** (bacia/unidade/idade/dados disponíveis), dá para ajustar esses preceitos ao seu caso e indicar exatamente quais superfícies e ciclos são usados nela.",0.0000000000000000,"A pontuação 0.97 é alta porque a resposta foi quase totalmente relevante ao explicar os preceitos para usar um arcabouço estratigráfico de alta frequência na Sequência A. Ela não é maior porque incluiu o artefato de formatação ""JSON:"", que não acrescenta conteúdo à pergunta e é irrelevante para o tema.",input\georegis\dataset.json,
1557,Por que a utilização de um arcabouço estratigráfico de alta frequência para a Sequência A foi dificultada?,"pelo difícil rastreamento dos refletores e marcadores de um rollover para outro, principalmente no sentido dlp, em um intervalo estratigráfico dominado por intensa halocinese","A utilização de um arcabouço estratigráfico de alta frequência para a Sequência A foi dificultada porque não havia continuidade e resolução suficientes nos dados para reconhecer e correlacionar superfícies-chave (como limites de parassequências) em escala fina. Em geral, isso ocorre por combinação de fatores como: registro incompleto (hiatos/erosão), baixa continuidade lateral dos estratos (fácies muito variáveis), e limitações do método de imagem/descrição (ex.: resolução sísmica insuficiente ou controle estratigráfico/paleontológico escasso).",0.0,"The score is 1.00 because the response fully addresses why using a high-frequency stratigraphic framework for Sequência A was difficult and stays focused on the question. Since there are no irrelevant statements listed, there is nothing that detracts from relevancy, so it cannot be higher.",input\georegis\dataset.json,
1558,O que as seções sísmicas disponíveis não apresentam para permitir discriminar padrões de terminação de refletores sísmicos na 4a e 5a ordens?,conteúdo de resolução suficientemente alto,"As seções sísmicas disponíveis **não apresentam resolução/qualidade de imagem suficiente** — sobretudo **resolução vertical e lateral**, continuidade do sinal e **relação sinal‑ruído** adequadas — para permitir distinguir com segurança **padrões sutis de terminação de refletores** que caracterizam a **4ª e 5ª ordens** (detalhes finos como onlap/toplap/downlap em escala menor).",0.0,"A pontuação é 1.00 porque a resposta está totalmente alinhada com a pergunta e não contém afirmações irrelevantes, mantendo foco no que falta nas seções sísmicas para discriminar padrões de terminação de refletores de 4ª e 5ª ordens.",input\georegis\dataset.json,
1559,Por que as descontinuidades erosivas registradas nos canais incisos não puderam ser utilizadas como superfícies delimitadoras de sequências de alta frequência?,"não ocorrem, nos poços analisados, de forma cíclica, impossibilitando sua utilização como superfícies delimitadoras de sequências de alta frequência","Porque essas descontinuidades erosivas nos canais incisos são, em geral, **superfícies locais e diacrônicas**, geradas por **processos autogênicos** (migração/reativação do canal, avulsões e variações internas de energia e descarga) e com **baixa continuidade lateral**. Assim, elas **não são rastreáveis regionalmente** nem representam, de forma consistente, um **evento alogênico** (como variação eustática/tectônica) capaz de **delimitar sequências de alta frequência**. Além disso, costumam ser **reocupadas e retrabalhadas** por erosões sucessivas, o que **apaga ou mistura** o registro e impede sua correlação como limite de sequência.",1.0,"A pontuação é 1.00 porque a resposta está totalmente alinhada à pergunta sobre por que as descontinuidades erosivas em canais incisos não serviram como superfícies delimitadoras de sequências de alta frequência, e não há declarações irrelevantes no output que desviem do tema.",input\georegis\dataset.json,
1560,"O que foi utilizado como limites de parassequências, compostas por uma sucessão basal transgressiva e uma sucessão superior regressiva?",as superfícies transgressivas ou de afogamento que recobrem os carbonatos de plataforma,"Foram utilizados como limites de parassequências **as superfícies de inundação marinha** — em especial a **superfície de máxima regressão (SMR)**, que marca a passagem do topo regressivo de uma parassequência para a base transgressiva da parassequência seguinte.",1.0,"A pontuação é 1.00 porque a resposta está totalmente alinhada à pergunta e aborda diretamente o que foi utilizado como limites de parassequências, sem incluir afirmações irrelevantes. Não há nada que impeça uma nota maior, já que não foram identificados trechos fora do tema.",input\georegis\dataset.json,
1562,O que dificultou a utilização de um arcabouço estratigráfico de alta frequência para a Sequência A?,"o difícil rastreamento dos refletores e marcadores de um rollover para outro, principalmente no sentido dlp, em um intervalo estratigráfico dominado por intensa halocinese","A utilização de um arcabouço estratigráfico de alta frequência para a Sequência A foi dificultada principalmente pela **baixa continuidade e resolução dos marcadores estratigráficos**, geralmente causada por fatores como:

- **registro incompleto** (hiatos e erosão), que remove ou “embaralha” superfícies-chave;
- **homogeneidade litológica** e/ou **baixa variação faciológica**, que reduz o contraste necessário para reconhecer parassequências e superfícies de inundação/discordância;
- **limitações de dados** (pouca densidade de poços, baixa qualidade/resolução sísmica ou de perfis), que impede correlação fina e mapeamento confiável.",1.0,"A pontuação é 1.00 porque a resposta foi totalmente pertinente ao que foi perguntado, explicando o que dificultou o uso de um arcabouço estratigráfico de alta frequência para a Sequência A. Não há declarações irrelevantes listadas, então nada prejudica a relevância.",input\georegis\dataset.json,
1563,O que poderia auxiliar na determinação das principais superfícies estratigráficas correlativas às flutuações do nível de base?,padrões de terminação de refletores sísmicos na 4a e 5a ordens,"O que mais auxilia é a **análise integrada de estratigrafia de sequências**, combinando:

- **Perfis de poço e testemunhos (fácies + logs)** para reconhecer **discordâncias/erosões**, **superfícies transgressivas (TS)** e **superfícies de máxima inundação (MFS)**.  
- **Sismostratigrafia** (terminações como *onlap, downlap, toplap, truncation*) para mapear lateralmente as superfícies correlativas.  
- **Bioestratigrafia/palinologia e quimioestratigrafia** para **amarrar idades** e reforçar correlações regionais das superfícies.  
- **Curvas eustáticas/variação do nível relativo do mar** e **indicadores sedimentológicos** (mudanças bruscas de energia, granodecrescência, superfícies de ravinamento, lags transgressivos) para relacionar as superfícies às **flutuações do nível de base**.",0.0,"A pontuação é 1.00 porque a resposta se manteve totalmente focada no que pode auxiliar a determinar as principais superfícies estratigráficas correlativas às flutuações do nível de base, sem incluir afirmações irrelevantes. Não há como ser maior porque já é a pontuação máxima e não foram identificadas partes fora do tema.",input\georegis\dataset.json,
1564,O que não ocorrem de forma cíclica nos poços analisados?,descontinuidades erosivas registradas nos canais incisos,Não é possível responder com precisão sem saber quais são os “poços analisados” e quais eventos/variáveis estão sendo avaliados. Envie o trecho do relatório/gráfico/tabela ou liste as variáveis para eu identificar o que **não** ocorre de forma cíclica.,0.0,A pontuação é 1.00 porque a resposta está totalmente alinhada à pergunta sobre o que não ocorre de forma cíclica nos poços analisados e não inclui nenhuma informação irrelevante.,input\georegis\dataset.json,
1565,O que foram usadas como limites de parassequências?,superfícies transgressivas ou de afogamento que recobrem os carbonatos de plataforma,"Limites de parassequências (parasequences) foram definidos, em geral, por **superfícies de inundação marinha** — ou seja, **superfícies de inundação (flooding surfaces)** e, quando mais marcadas, **superfícies de inundação máxima (maximum flooding surfaces, MFS)**. Essas superfícies representam um **aumento relativamente abrupto de profundidade/energia menor** e costumam ser reconhecidas por mudanças como passagem para fácies mais finas/mais marinhas e maior continuidade lateral.",1.0,The score is 1.00 because the actual output stayed fully focused on answering what was asked about parasequence boundaries and did not include any irrelevant statements or off-topic details.,input\georegis\dataset.json,
1566,Qual é a parte mais superior da Formação Pendência?,a Seqüência K40,A parte mais superior da Formação Pendência é o **Membro Oiteiro**.,0.0,"The score is 1.00 because the response fully and directly answers which part is the highest of the Formação Pendência, with no irrelevant statements. It can’t be higher since 1.00 is already the maximum possible score.",input\georegis\dataset.json,
1568,Qual sistema é o limite proximal de ocorrência da Seqüência K40?,sistema de falhas de Pescada,"Não é possível determinar com segurança só com a expressão “Seqüência K40”, porque ela não identifica univocamente qual sequência (nem o domínio: genética, geologia, química, astronomia etc.). Sem saber a que “K40” você se refere, não dá para dizer qual é o “sistema” que seria o limite proximal de ocorrência.

Se você disser em que área/contexto aparece essa “Seqüência K40” (ou enviar um trecho do material onde ela é definida), eu consigo responder diretamente.",0.0,"A pontuação é 1.00 porque a resposta foi totalmente pertinente ao que foi perguntado sobre o limite proximal de ocorrência da Sequência K40, sem incluir afirmações irrelevantes. Não há nada que a impeça de ser mais alta, já que não foram apontados trechos fora do assunto.",input\georegis\dataset.json,
1569,Quando começa a deposição da megasseqüência proto-oceânica?,Neo-aptiano,"A deposição da megassequência proto-oceânica começa **logo após o rifteamento (fase de ruptura continental)**, **quando se inicia a abertura do proto-oceano** e passa a ocorrer **subsistência térmica** com entrada de águas marinhas, marcando a transição para a **fase pós-rifte (drift)**.",0.0,"A pontuação é 1.00 porque a resposta está totalmente alinhada à pergunta sobre quando se inicia a deposição da megassequência proto-oceânica, sem incluir informações fora do tema. Não há afirmações irrelevantes listadas, então não há motivo para a nota ser menor.",input\georegis\dataset.json,
1571,Em que período começa a deposição da megasseqüência proto - oceânica?,Neo-aptiano,"A deposição da **megassequência proto-oceânica** começa **no Neoproterozoico**, em geral **a partir do início do Ediacarano (≈ 635 milhões de anos)**, associada à abertura e evolução inicial de uma bacia oceânica.",0.0,"The score is 1.00 because the response fully and directly addresses the question about when deposition of the proto-oceanic megasequence begins, with no irrelevant statements or off-topic content to detract from relevance.",input\georegis\dataset.json,
1572,Qual é a direção geral do sistema de falhas de Pescada?,WNW-ESE,A direção geral (rumo) do sistema de falhas de Pescada é predominantemente **NE–SW (nordeste–sudoeste)**.,0.0,"The score is 1.00 because the response fully addresses the question about the general direction of the Pescada fault system, with no irrelevant statements mentioned to reduce relevancy.",input\georegis\dataset.json,
1573,Quais são os materiais da Seqüência K40?,arenitos grossos e pelitos,"Não consigo responder de forma confiável apenas com “Seqüência K40”, porque esse nome pode se referir a coisas diferentes (por exemplo, uma sequência didática/curricular, um procedimento laboratorial, um kit/produto industrial etc.).  

Diga em que contexto você está usando “Seqüência K40” (e, se possível, mande uma foto/trecho do documento ou o fabricante/área), que eu listo os materiais exatamente.",0.0,"A pontuação é 1.00 porque a resposta se manteve totalmente alinhada à pergunta sobre os materiais da Seqüência K40, sem incluir afirmações irrelevantes ou informações fora do tema.",input\georegis\dataset.json,
1574,O que está geneticamente relacionado à atividade da Seqüência K40?,aumento da taxa de subsidência,"A atividade associada à “sequência K40” está geneticamente ligada ao gene que a codifica — isto é, às variações (alelos/mutações) na região do DNA onde essa sequência está localizada (e aos elementos regulatórios próximos que controlam sua expressão).  

Se você disser em que organismo/estudo “K40” está sendo usado (por exemplo, uma proteína específica, um marcador, um elemento repetitivo etc.), posso responder de forma específica ao caso.",0.0,"A pontuação é 1.00 porque a resposta está totalmente alinhada à pergunta sobre o que está geneticamente relacionado à atividade da Seqüência K40, sem incluir afirmações irrelevantes. Como não há trechos fora do tema, não há motivo para uma pontuação menor.",input\georegis\dataset.json,
1577,Quais são as duas rochas que constituem a Seqüência K40?,arenitos grossos e pelitos,A Seqüência K40 é constituída por **duas rochas principais: quartzito e filito**.,0.0,"A pontuação é 1.00 porque a resposta atende diretamente à pergunta sobre quais são as duas rochas que constituem a Seqüência K40, sem incluir informações irrelevantes. Não há como ser maior, pois já está no máximo e não foram identificadas afirmações fora do tema.",input\georegis\dataset.json,
1579,A que está geneticamente relacionada a atividade da Seqüência K40?,um aumento da taxa de subsidência,"A atividade associada à “Sequência K40” está geneticamente relacionada ao gene **MSTN (miostatina, também conhecido como GDF8)**, que influencia o desenvolvimento muscular.",0.0,"The score is 1.00 because the actual output contained no irrelevant statements and fully stayed on-topic with the input question, leaving no issues that would prevent a higher score.",input\georegis\dataset.json,
1580,O que constitui a parte mais superior da Formação Pendência?,A Seqüência K40,"A parte mais superior da Formação Pendência é constituída por **evaporitos**, principalmente **anidrita e halita**.",0.0,"A pontuação é 1.00 porque a resposta abordou diretamente o que constitui a parte mais superior da Formação Pendência e não incluiu afirmações irrelevantes, então não há motivo para a relevância ser menor.",input\georegis\dataset.json,
1582,O que preenche o sistema de falhas de Pescada?,"sistemas deposicionais continentais, dominados por leques aluviais e sistemas fluviais de alta energia",O sistema de falhas de Pescada é preenchido principalmente por diques e veios de rochas ígneas (sobretudo diabásio/basalto) associados ao magmatismo mesozoico da região.,0.0,"A pontuação é 1.00 porque a resposta se mantém totalmente focada em explicar o que preenche o sistema de falhas de Pescada, sem incluir afirmações irrelevantes ou tangenciais. Não há nada a corrigir ou remover, então não existe motivo para a nota ser menor.",input\georegis\dataset.json,
1583,Qual é a unidade litoestratigráfica correspondente à seção de rochas dominada por sistemas deposicionais continentais?,Formação Pescada,"A unidade litoestratigráfica correspondente a uma seção de rochas dominada por sistemas deposicionais continentais é, em geral, uma **formação** (ou um conjunto de formações) **de ambiente continental** — por exemplo, **Formação fluvial**, **lacustre** ou **eólica**, conforme o sistema deposicional predominante.",0.0,"The score is 1.00 because the response directly addresses which lithostratigraphic unit corresponds to the rock section dominated by continental depositional systems, with no irrelevant statements or digressions.",input\georegis\dataset.json,
1584,Quando inicia-se a deposição da megasseqüência proto-oceânica?,A partir do Neo-aptiano,"A deposição da **megassequência proto-oceânica** inicia-se **logo após o rifteamento**, quando começa a **fase de abertura oceânica (drift)**, marcada pela **primeira ingressão marinha** e pelo início da **subsidência térmica** da margem.",0.0,"The score is 1.00 because the response fully addresses the question about when proto-oceanic megasequence deposition begins, and there are no irrelevant statements reducing its relevance.",input\georegis\dataset.json,
1585,Qual é a direção geral das falhas de Pescada?,direção geral WNW-ESE,As falhas de Pescada têm direção geral **NE–SW (nordeste–sudoeste)**.,0.0,The score is 1.00 because the response directly addresses the question about the general direction of the Pescada faults and includes no irrelevant statements. It cannot be higher since the score is already at the maximum.,input\georegis\dataset.json,
1586,O que é a Seqüência K40?,"A Seqüência K40 é constituída por uma cunha clástica sintectônica, reconhecida inicialmente no bloco baixo da Falha de Pescada, cuja atividade está geneticamente relacionada a um aumento da taxa de subsidência no final da fase de rifteamento da bacia.","A **Sequência K40** (também chamada de **lista/“clock” K40**) é um **método sistemático de intubação orotraqueal**, usado principalmente em treinamento e em serviços de emergência/anestesia, que organiza **um conjunto fixo de passos e checagens** para reduzir erros e padronizar o procedimento.

Em geral, ela inclui itens como:
- preparação do paciente e do material (oxigênio, aspirador, laringoscópio, tubo, guia, seringa, capnografia etc.);
- pré-oxigenação e estratégia de indução;
- tentativa de laringoscopia/intubação com critérios de sucesso;
- confirmação da posição do tubo (especialmente **capnografia**);
- fixação do tubo e cuidados pós-intubação;
- plano alternativo se a intubação falhar.

A forma exata pode variar por instituição/curso. Se você me disser **onde você viu o termo (hospital, curso, protocolo)**, posso te dizer a versão específica mais provável.",0.0,"A pontuação é 1.00 porque a resposta foi totalmente relevante ao explicar o que é a Seqüência K40, sem incluir declarações irrelevantes; por isso não há nada a corrigir para aumentar a relevância.",input\georegis\dataset.json,
1587,Quais são os sistemas deposicionais continentais que preenchem o sedimentar da Seqüência K40?,"sistemas deposicionais continentais, dominados por leques aluviais e sistemas fluviais de alta energia, com bancos carbonáticos restritos.","Os sistemas deposicionais continentais que preenchem o pacote sedimentar da **Sequência K40** são, em geral:

- **Sistema fluvial** (canais e planícies de inundação);
- **Sistema lacustre** (depósitos de lagos);
- **Sistema aluvial/leques aluviais** (depósitos proximais, de alta energia, junto a bordas de bacia);
- **Sistema eólico** (dunas e interdunas, quando presente).",1.0,"A pontuação é 1.00 porque a resposta foi totalmente focada em identificar os sistemas deposicionais continentais que preenchem o pacote sedimentar da Sequência K40, sem incluir informações irrelevantes ou desvios do que foi perguntado.",input\georegis\dataset.json,
1588,Qual é a unidade litoestratigráfica que corresponde à seção de rochas da Seqüência K40?,Formação Pescada,"Não é possível determinar com as informações fornecidas qual unidade litoestratigráfica corresponde à seção de rochas da Seqüência K40, porque “Seqüência K40” pode se referir a diferentes esquemas/colunas estratigráficas dependendo do estudo ou bacia. Se você indicar a bacia/região ou a fonte (artigo, mapa ou coluna estratigráfica), eu consigo apontar a unidade correspondente.",0.0,"The score is 1.00 because the response directly answers which lithostratigraphic unit corresponds to the rock section of the K40 Sequence, with no irrelevant statements or missing information, so there is nothing preventing a higher score.",input\georegis\dataset.json,
1632,O que causou o processo de dobramento por deslizamento flexural?,anisotropia mecânica,"O dobramento por **deslizamento flexural** é causado por **esforços compressivos** que fazem as camadas rochosas **se dobrarem mantendo, em geral, sua espessura**, enquanto ocorre **deslizamento ao longo dos planos de acamamento (estratificação)** entre as camadas. Esse deslizamento acontece porque as camadas têm **competências (rigidez/competência mecânica) diferentes** e/ou porque há **baixos coeficientes de atrito** nos contatos, facilitando o movimento relativo durante a flexão.",0.0,"A pontuação é 1.00 porque a resposta foi totalmente relevante ao explicar o que causa o dobramento por deslizamento flexural, e não houve afirmações irrelevantes que desviem do que foi perguntado.",input\georegis\dataset.json,
1634,Que mecanismo predomina nos flancos das dobras?,mecanismos de deslizamento flexural,"Nos flancos das dobras predomina o mecanismo de **flexão (dobramento por flexural slip)**, com **deslizamento ao longo dos planos de acamamento** (ou foliação), acomodando a deformação fora da charneira.",1.0,"The score is 1.00 because the response directly addresses which mechanism predominates on fold limbs and contains no irrelevant statements, so nothing detracts from its relevance.",input\georegis\dataset.json,
1637,O que ocorreu em conseqüência da anisotropia mecânica entre camadas?,O processo de dobramento por deslizamento flexural,"Ocorreu **deslizamento/escorregamento entre as camadas (delaminação)**, levando a **deformação e ruptura preferencial ao longo dos planos de fraqueza** definidos pelo acamamento/foliação.",0.5,"The score is 1.00 because the actual output stayed fully focused on answering what occurred as a consequence of the mechanical anisotropy between layers, with no irrelevant statements or off-topic content to reduce relevance.",input\georegis\dataset.json,
1638,Onde se concentra a deformação?,"níveis de folhelhos e siltitos, intercalados a arenitos","Preciso de mais contexto para responder: deformação de quê (uma peça/estrutura, um terreno, um material)? Se você puder enviar a imagem/diagrama ou descrever a carga e os apoios, eu digo exatamente onde ela se concentra.",0.00,"A pontuação é 0.75 porque houve ao menos uma tentativa de responder no formato pedido, mas não é maior porque a saída real apenas mostrou ""JSON:"" sem trazer qualquer conteúdo que responda onde se concentra a deformação, ficando irrelevante para a pergunta.",input\georegis\dataset.json,
1641,O que revela que a deformação atingiu o ponto de ruptura?,a nucleação de falhas reversas,"O que revela que a deformação atingiu o ponto de ruptura é o **início da falha do material**: ele **rompe (trinca e fratura)** ou passa a apresentar **deformação irreversível e instável**, sem conseguir mais suportar aumento de carga (a resistência cai).",0.0,"The score is 1.00 because there were no irrelevant statements listed, indicating the response stayed fully focused on answering what reveals that deformation reached the rupture point, leaving no reason to deduct relevancy.",input\georegis\dataset.json,
1642,O que indica a relação angular entre os indicadores cinemáticos nas superfícies de deslizamento e os eixos das dobras F1?,a atuação de uma componente de rotação horária,"A relação angular indica que o deslizamento registrado nas superfícies (pelos indicadores cinemáticos) está geneticamente ligado à deformação que gerou as dobras F1: quando esses indicadores se alinham (ou mantêm um ângulo sistemático) em relação aos eixos das F1, isso sugere que a direção de cisalhamento/transporte ocorreu paralela (ou consistentemente orientada) aos eixos das dobras, mostrando compatibilidade cinemática e controle estrutural pelo mesmo evento deformacional.",0.0,"The score is 1.00 because the response is fully focused on explaining what the angular relationship between kinematic indicators on slip surfaces and the axes of F1 folds indicates, with no irrelevant statements or digressions.",input\georegis\dataset.json,
1643,O que a relação angular entre os indicadores cinemáticos nas superfícies de deslizamento e os eixos das dobras indica?,uma componente de rotação horária,"A relação angular entre os indicadores cinemáticos nas superfícies de deslizamento (estrias, steps, lineações) e os eixos das dobras indica **como o dobramento e o cisalhamento/deslizamento estão relacionados no tempo e no campo de deformação**, ou seja:

- **Se a dobra foi gerada/rotacionada pelo mesmo evento de cisalhamento** (cinemática coerente), quando há **paralelismo ou baixo ângulo** entre lineação de deslizamento e eixo de dobra.
- **Se o dobramento é anterior (ou não ligado) ao deslizamento**, quando há **alto ângulo/obliquidade** consistente, sugerindo **superposição de eventos** ou **deformação não coaxial** com rotação diferencial.
- Em termos práticos, ajuda a inferir **o sentido de movimento**, **o regime de deformação (coaxial vs. não coaxial)** e **a sequência tectônica (sin-tectônico vs. pós-tectônico)**.",0.0,"The score is 1.00 because the actual output fully addresses what the input asks about and stays focused on explaining what the angular relationship indicates, with no irrelevant statements to detract from relevance.",input\georegis\dataset.json,
1646,O que foi conseqüência da anisotropia mecânica entre camadas?,O processo de dobramento por deslizamento flexural,"A consequência da anisotropia mecânica entre camadas foi um **comportamento mecânico direcional**, em que o material ficou **mais resistente/rigído em uma direção (ao longo das camadas)** e **mais fraco/suscetível a deformação e fratura na direção perpendicular (entre as camadas)**, favorecendo **delaminação e ruptura interlaminar**.",0.0,"The score is 1.00 because the response fully addresses what was asked about the consequence of mechanical anisotropy between layers, and there are no irrelevant statements; it can’t be higher since 1.00 is already the maximum.",input\georegis\dataset.json,
1654,Em que região de dobras predomina o mecanismo de flambagem?,região de charneira,"O mecanismo de **flambagem** predomina na região de dobras em que a camada competente é submetida a **compressão paralela ao acamamento**, levando à instabilidade e formação de dobras — isto é, nas **regiões de charneira (hinge)**, onde a compressão e o encurvamento são mais concentrados.",1.0,"The score is 1.00 because the output directly addresses the question about which fold region predominates in buckling, with no irrelevant statements or digressions, so there is nothing that would lower the relevancy.",input\georegis\dataset.json,
1659,Qual foi o mecanismo predominante nos flancos das dobras?,mecanismos de deslizamento flexural,"O mecanismo predominante nos flancos das dobras foi o **deslizamento flexural (flexural slip)**, com **cisalhamento paralelo à camada** ao longo dos planos de acamamento para acomodar a curvatura sem grande deformação interna das camadas.",1.0,"A pontuação é 1.00 porque a resposta se manteve totalmente focada no que foi perguntado (o mecanismo predominante nos flancos das dobras) e não trouxe afirmações irrelevantes, então não há nada que justifique uma nota menor.",input\georegis\dataset.json,
1664,Qual a relação angular entre os indicadores cinemáticos nas superfícies de deslizamento e os eixos das dobras F1?,indica a atuação de uma componente de rotação horária durante o fenômeno de deslizamento flexural,"Os indicadores cinemáticos nas superfícies de deslizamento tendem a ficar **paralelos (ou subparalelos)** aos **eixos das dobras F1** — ou seja, a relação angular típica é **próxima de 0°**.",0.0,"A pontuação é 1.00 porque a resposta está totalmente alinhada à pergunta sobre a relação angular entre os indicadores cinemáticos nas superfícies de deslizamento e os eixos das dobras F1, sem incluir declarações irrelevantes; não há nada a remover ou ajustar para aumentar a relevância.",input\georegis\dataset.json,
1665,O que foi consequência da anisotropia mecânica entre as camadas no processo de dobramento por deslizamento flexural?,"a deformação concentrando-se em níveis de folhelhos e siltitos, intercalados a arenitos","A anisotropia mecânica entre as camadas teve como consequência **o deslizamento diferencial ao longo dos planos de acamamento (interfaces entre camadas)** durante o dobramento, permitindo que as camadas **se acomodassem por cisalhamento/escorregamento** em vez de deformarem internamente de modo homogêneo. Isso favorece dobras em que as camadas **mantêm aproximadamente a espessura** e a deformação se concentra **entre** as camadas.","0,5","The score is 1.00 because the response stays fully focused on the consequence of mechanical anisotropy between layers in flexural slip folding and does not include any irrelevant statements, so there is no basis to deduct relevancy.",input\georegis\dataset.json,
1666,O que indica o mecanismo de flambagem em relação à resposta do material próximo à zona de charneira das dobras?,uma resposta homogênea do material próximo à zona de charneira das dobras,"O mecanismo de flambagem indica que, próximo à zona de charneira das dobras, a resposta do material é dominada por **instabilidade mecânica sob compressão**: o material tende a **encurvar/ondular (buckling)** para acomodar o encurtamento, concentrando **altas deformações e tensões** na charneira e mostrando um comportamento **fortemente controlado por geometria e contraste de rigidez/viscosidade**, mais do que por deformação homogênea.",0.0,"A pontuação é 1.00 porque a resposta abordou diretamente o que o mecanismo de flambagem indica sobre o comportamento do material próximo à zona de charneira das dobras, sem incluir afirmações irrelevantes ou fugir do foco da pergunta.",input\georegis\dataset.json,
1668,Quais mecanismos de dobramento predominaram nos flancos das dobras?,mecanismos de deslizamento flexural,"Nos flancos das dobras, em geral, predominam **mecanismos de dobramento por flexão**, principalmente:

- **Flexão de camadas (flexural slip)**: deslizamento ao longo dos planos de acamamento/foliação para acomodar a curvatura.
- **Fluxo/flexão com escoamento (flexural flow)**: deformação mais contínua dentro das camadas, por cisalhamento distribuído.

Em materiais mais incompetentes, pode haver também **achatamento/fluxo dúctil** associado, mas o mais típico nos flancos é o **flexural slip** (quando há anisotropia bem marcada).",0.8,"A pontuação é 1.00 porque a resposta se manteve totalmente focada nos mecanismos de dobramento predominantes nos flancos das dobras, sem incluir informações irrelevantes; não há motivos para ser menor.",input\georegis\dataset.json,
1669,O que prevaleceu na região de charneira das dobras?,flambagem,"Prevaleceu o **cisalhamento**, com **escoamento/plasticidade (deformação dúctil)** concentrado na **zona de charneira** das dobras.",0.0,"A pontuação é 1.00 porque a resposta foi totalmente focada em explicar o que prevaleceu na região de charneira das dobras, sem incluir informações irrelevantes ou desviar do que foi perguntado.",input\georegis\dataset.json,
1670,O que é indicado pela relação angular entre os indicadores cinemáticos nas superfícies de deslizamento e os eixos das dobras F1?,a atuação de uma componente de rotação horária durante o fenômeno de deslizamento flexural,"A relação angular indica o **sentido e a compatibilidade do movimento (cinemática) nas superfícies de deslizamento com o encurtamento que gerou as dobras F1**. Em outras palavras, ela permite inferir se o deslizamento ocorreu **sincronamente e ligado à formação das F1** (regime compressivo) e qual foi a **direção de transporte/linha de estiramento** em relação aos **eixos das dobras** (por exemplo, deslizamento aproximadamente paralelo aos eixos sugere componente direcional; oblíquo/perpendicular sugere componente de encurtamento/empurrão mais direto).",0.0,"A pontuação é 1.00 porque a resposta foi totalmente relevante ao explicar o que a relação angular entre os indicadores cinemáticos nas superfícies de deslizamento e os eixos das dobras F1 indica. Não há afirmações irrelevantes listadas, então nada prejudica a relevância.",input\georegis\dataset.json,
1672,O que é conseqüência da anisotropia mecânica entre as camadas?,o processo de dobramento por deslizamento flexural,"Uma conseqüência da anisotropia mecânica entre as camadas é que o material passa a ter **resistência e rigidez diferentes dependendo da direção do carregamento**, ficando **mais sujeito à delaminação (separação entre camadas)** e a falhas ao longo das interfaces quando solicitado fora do plano ou em cisalhamento interlaminar.",0.0,"A pontuação é 1.00 porque a resposta foi totalmente pertinente ao que foi perguntado (consequência da anisotropia mecânica entre camadas) e não incluiu afirmações irrelevantes, então não há nada a corrigir ou remover para aumentar ainda mais a relevância.",input\georegis\dataset.json,
1676,Qual é o teor de argila infiltrada em depósitos terciários e pleistocênicos do Sudoeste americano?,10 a 20%,"Não existe um único valor “padrão” para o teor de argila infiltrada em depósitos terciários e pleistocênicos do Sudoeste dos EUA. Ele varia muito conforme a bacia, litologia original (areias, cascalhos, siltes), grau de pedogênese/calcretização, profundidade e histórico hidrológico. Sem especificar **qual formação/unidade**, **local (bacia/estado)** e **método de medição** (ex.: % em massa por granulometria, fração <2 µm, ou “argila infiltrada” como cimento/filme em lâmina delgada), não dá para fornecer um teor confiável.",0.0,"A pontuação é 1.00 porque a resposta está totalmente alinhada à pergunta sobre o teor de argila infiltrada em depósitos terciários e pleistocênicos do Sudoeste americano, sem incluir informações irrelevantes ou desvios de tema.",input\georegis\dataset.json,
1680,O que é muito raro em outros ambientes sedimentares antigos?,infiltração mecânica de argilas,"É muito raro encontrar **matéria orgânica bem preservada (fósseis e tecidos moles)** em outros ambientes sedimentares antigos, porque normalmente ela é destruída pela decomposição, oxidação e retrabalhamento antes de ser soterrada e fossilizada.",0.0,"A pontuação é 1.00 porque a resposta está totalmente alinhada com a pergunta e não contém afirmações irrelevantes; não há nada que reduza a relevância, então ela permanece na nota máxima.",input\georegis\dataset.json,
1682,Em que região estão localizadas as ilhas de barreira?,Terciário da Costa do Golfo,"As ilhas de barreira estão localizadas ao longo de litorais, paralelas à costa, geralmente em regiões de mar raso (plataformas continentais) e com forte ação de ondas e correntes.",0.0,"A pontuação é 1.00 porque a resposta está totalmente alinhada à pergunta sobre em que região se localizam as ilhas de barreira, sem incluir afirmações irrelevantes. Não há nada apontado que justificasse uma pontuação menor.",input\georegis\dataset.json,
1683,Que porcentagem de argilas infiltradas existem nos depósitos terciários e pleistocênicos do Sudoeste americano?,10 a 20%,"Não tenho como determinar essa porcentagem apenas com a sua pergunta, porque ela depende de **quais depósitos específicos** (formação/bacia/localidade) no Sudoeste dos EUA e de **como “argilas infiltradas” foi definida e medida** (método e critério).

Se você indicar **a formação ou área** (por exemplo, Bacia do Rio Grande, Mogollon-Datil, Bacia de San Pedro etc.) e a **fonte/relatório** ou o **critério de quantificação**, eu consigo ajudar a chegar ao valor correto.",0.0,"A pontuação é 1.00 porque não há declarações irrelevantes listadas e, portanto, nada no output se desvia da pergunta sobre a porcentagem de argilas infiltradas nos depósitos terciários e pleistocênicos do Sudoeste americano; não pode ser mais alta porque já está no máximo.",input\georegis\dataset.json,
1684,Onde estão localizadas as cutículas de argila e hematita que KESSLER identificou como acumuladas por infiltração mecânica?,Permiano do Mar do Norte,"As cutículas de argila e hematita identificadas por KESSLER como acumuladas por infiltração mecânica estão **localizadas nas paredes dos poros e fissuras do solo**, isto é, **revestindo os canais de percolação** (cutãs/filmes ao longo de vazios).",0.0,"The score is 1.00 because the output is fully focused on answering where the clay and hematite cuticles identified by KESSLER are located, with no irrelevant statements or digressions, so nothing reduces its relevancy.",input\georegis\dataset.json,
1685,"O que promove modificações marcantes na textura, mineralogia e composição química dos sedimentos?",processo de infiltração mecânica,"Modificações marcantes na textura, mineralogia e composição química dos sedimentos são promovidas principalmente pelo **intemperismo** (físico e químico) e pela **diagênese** (processos pós-deposição, como compactação, cimentação e recristalização).",0.0,"A pontuação é 1.00 porque a resposta atende diretamente à pergunta sobre o que promove modificações marcantes na textura, mineralogia e composição química dos sedimentos, sem incluir afirmações irrelevantes. Não há motivos para ser menor, já que não foram apontados trechos fora do tema.",input\georegis\dataset.json,
1686,O que é raro em outros ambientes sedimentares antigos?,infiltração mecânica,"Em muitos ambientes sedimentares antigos, o que é raro é encontrar **matéria orgânica bem preservada** e **fósseis delicados (especialmente de organismos de corpo mole)**, porque normalmente eles se degradam, são consumidos ou são destruídos por processos de compactação e diagênese ao longo do tempo.",0.0,"A pontuação é 1.00 porque não há declarações irrelevantes no output; tudo permanece alinhado com a pergunta sobre o que é raro em outros ambientes sedimentares antigos, então não há motivo para uma nota menor.",input\georegis\dataset.json,
1690,"Qual processo promove modificações marcantes na textura, mineralogia e composição química dos sedimentos onde atua?",processo de infiltração mecânica,"O processo é o **metamorfismo** (especialmente o **metamorfismo de contato** ou **regional**), pois ele provoca mudanças marcantes na **textura**, **mineralogia** e **composição química** dos sedimentos (transformando-os em rochas metamórficas).",0.0,"The score is 1.00 because the answer directly addresses which process causes significant changes in texture, mineralogy, and chemical composition of sediments, with no irrelevant statements included.",input\georegis\dataset.json,
1696,O que a infiltração mecânica promove nos sedimentos onde atua?,"modificações marcantes na textura, mineralogia e composição química dos sedimentos","A infiltração mecânica promove a **percolação/penetração física de partículas finas (silte e argila)** nos poros dos sedimentos, causando **colmatação (entupimento) e redução da porosidade e da permeabilidade**, o que tende a **compactar e adensar** o material.",0.2,"The score is 1.00 because the output fully addresses what mechanical infiltration promotes in the sediments where it acts and does not include any irrelevant statements, so nothing detracts from relevance.",input\georegis\dataset.json,
1697,Qual a melhor ferramenta para identificar e descrever argilas mecanicamente infiltradas em sedimentos antigos?,análise de lâminas delgadas,"Para **identificar e descrever argilas mecanicamente infiltradas (illuviadas) em sedimentos antigos**, a ferramenta mais indicada é a **micromorfologia em lâmina delgada**, analisada em **microscópio petrográfico** (luz polarizada).

Ela é a melhor porque permite ver diretamente, no tecido do sedimento/solo, as **feições diagnósticas de infiltração mecânica**, como:
- **revestimentos (cutãs) de argila** em paredes de poros e fissuras,
- **preenchimentos de poros/canais** por argila,
- **orientação e organização** das partículas de argila (indicando fluxo e deposição),
- relações de **corte/recobrimento** que ajudam a separar infiltração de processos deposicionais ou diagenéticos.

Como complemento (para confirmar mineralogia e diferenciar argila autigênica vs. transportada), costuma-se usar:
- **MEV/EDS (microscopia eletrônica de varredura com química)**,
- **DRX (difração de raios X)** para mineralogia das frações argilosas.",1.0,"A pontuação é 1.00 porque a resposta está totalmente alinhada à pergunta sobre a melhor ferramenta para identificar e descrever argilas mecanicamente infiltradas em sedimentos antigos, sem incluir afirmações irrelevantes. Não há nada a remover ou ajustar, por isso não há motivo para a nota ser menor.",input\georegis\dataset.json,
1699,Quais são os depósitos que LOUCKS et alii invocam para explicar os day coats presentes em alguns arenitos?,"depositados em deltas e ilhas de barreira no Terciário da Costa do Golfo,","LOUCKS et alii explicam os *day coats* (películas/revestimentos argilosos nos grãos) em alguns arenitos como resultantes de deposição em ambientes onde há abundante lama fina aderindo aos grãos — principalmente:

- **Depósitos de planície de maré (tidal flats)**, especialmente em condições de alternância de energia que favorecem a “pintura” dos grãos por lama.
- **Depósitos estuarinos/canais de maré**, onde a água turva rica em argila recobre os grãos durante fases de menor energia.
- **Depósitos deltáicos (planície deltáica / distributários influenciados por maré)**, pela mistura de areia com suspensão fina e recobrimento argiloso associado a variações de fluxo.","0,5","A pontuação é 1.00 porque a resposta atendeu diretamente ao que foi perguntado sobre os depósitos invocados por LOUCKS et alii para explicar os day coats em arenitos, sem incluir informações fora do tema. Não há nada irrelevante listado, então não há motivo para a pontuação ser menor.",input\georegis\dataset.json,
1700,O que KESSLER identifica em arenitos de duna e wadi do Permiano do Mar do Norte?,cutículas de argila e hematita,"Kessler identifica **grãos de areia com microtexturas diagnósticas** nos arenitos permianos do Mar do Norte: nos **arenitos de duna (eólicos)** predominam marcas típicas de transporte pelo vento (superfícies “frosted”, microfraturas e impactos), enquanto nos **arenitos de wadi (fluviais/fluxos episódicos)** predominam feições de transporte em água, como **superfícies mais polidas**, microestrias e sinais de **choque/abrasão hidráulica**.",0.0,"A pontuação é 1.00 porque a resposta está totalmente focada no que KESSLER identifica nos arenitos de duna e wadi do Permiano do Mar do Norte e não inclui declarações irrelevantes, atendendo diretamente ao que foi perguntado.",input\georegis\dataset.json,
1701,"De acordo com WALKER et alii, quais são os depósitos que contêm comumente de 10 a 20% de argilas infiltradas?",depósitos terciários e pleistocênicos do Sudoeste americano,"De acordo com **WALKER et alii**, os depósitos que comumente contêm **10 a 20% de argilas infiltradas** são os **depósitos arenosos de origem eólica (areias eólicas/dunas)**.",0.0,"A pontuação é 1.00 porque a resposta atende diretamente à pergunta sobre quais depósitos, segundo Walker et alii, comumente contêm 10 a 20% de argilas infiltradas, sem incluir afirmações irrelevantes.",input\georegis\dataset.json,
1702,O que o processo de infiltração mecânica promove nos sedimentos onde atua?,"modificações marcantes na textura, mineralogia e composição química dos sedimentos","O processo de infiltração mecânica promove a **entrada e o preenchimento dos poros dos sedimentos por partículas e materiais transportados** (como finos), o que leva ao **entupimento/colmatação dos poros**, **reduzindo a porosidade e a permeabilidade** e, consequentemente, **diminuindo a capacidade de infiltração de água** nesses sedimentos.","0,25","A pontuação é 1.00 porque a resposta está totalmente alinhada com a pergunta sobre o que a infiltração mecânica promove nos sedimentos, sem incluir afirmações irrelevantes; não há nada a corrigir ou remover, então não há motivo para a nota ser menor.",input\georegis\dataset.json,
1732,O que constitui um bom marco sismoestratigráfico em quase toda a Bacia de Campos?,Topo da biozona N-520,"Em quase toda a Bacia de Campos, um bom marco sismoestratigráfico é o **topo do sal (Aptiano)**, por gerar um refletor regional forte, contínuo e facilmente rastreável na sísmica.",0.0,"A pontuação é 1.00 porque a resposta está totalmente alinhada com a pergunta sobre o que constitui um bom marco sismoestratigráfico na Bacia de Campos, sem incluir afirmações irrelevantes; como não há trechos fora do tema, não há motivo para uma nota menor.",input\georegis\dataset.json,
1733,Qual é o refletor localizado na zona N - 470?,Topo do Eoceno,"Não tenho informação suficiente para identificar qual é o refletor na “zona N - 470” sem o contexto do sistema/planta/arquivo a que isso se refere.

Para eu responder diretamente, envie um destes itens:
- o mapa/desenho/diagrama onde aparece “zona N - 470”, ou  
- a lista/tabela de refletores por zona (ou a legenda), ou  
- o nome do projeto/local (ex.: galpão X, campo Y) e como as zonas são codificadas.",0.0000000000000000,"A pontuação é 0.83 porque a resposta esteve próxima do formato esperado, mas não respondeu à pergunta sobre qual é o refletor na zona N-470; limitou-se a escrever ""JSON:"", que é irrelevante e não fornece nenhuma informação útil para identificar o refletor. Ainda assim, não é 0 porque não trouxe conteúdo adicional fora do contexto.",input\georegis\dataset.json,
1734,O que fez com que o topo do Eoceno Superior não fosse encontrado?,erosão,"O topo do Eoceno Superior pode “não ser encontrado” porque foi **removido por erosão** ou **nunca chegou a ser depositado** naquele local, gerando uma **lacuna estratigráfica (hiato)**. As causas mais comuns são:

- **Discordância/hiato** por queda do nível do mar ou soerguimento, expondo a área e interrompendo a sedimentação.  
- **Erosão posterior** (subaérea ou marinha), que elimina as camadas mais jovens do Eoceno Superior.  
- **Não deposição** por mudança de ambiente (correntes, afastamento do depocentro, pouca acomodação).  
- **Truncamento por tectônica** (falhas, dobramentos) que corta ou coloca outras unidades em contato.  
- **Problema de reconhecimento**: ausência de fósseis-guia/diagenese forte/metamorfismo ou baixa resolução de dados pode fazer o intervalo existir, mas não ser identificável.",1.0,"The score is 1.00 because the response stayed fully focused on explaining what led to the Upper Eocene top not being found, and there were no irrelevant statements or off-topic details that would reduce relevancy.",input\georegis\dataset.json,
1735,O que mostra o mapeamento de detalhe realizado para confirmar essa afirmação?,rochas magmáticas intrusivas e extrusivas,"O “mapeamento de detalhe” mostra, de forma granular e verificável, as evidências que sustentam a afirmação — normalmente:

- **Quais itens/elementos foram analisados** (componentes, áreas, requisitos, eventos, etc.).
- **Onde cada evidência foi encontrada** (fontes, documentos, sistemas, trechos, links, registros).
- **Como cada evidência se conecta à afirmação** (relação causa‑efeito, correspondência requisito‑implementação, rastreabilidade).
- **Resultados por item** (confirmado, parcialmente confirmado, não confirmado) e **lacunas/pendências**.
- **Critérios utilizados** (método, métricas, regras de validação) e **limitações** do mapeamento.

Em resumo, ele demonstra a **rastreabilidade** entre a afirmação e os dados/observações que a confirmam.",0.000,"A pontuação é 0.88 porque a resposta está quase alinhada ao pedido, mas não chega a explicar o que o mapeamento de detalhe mostra; ela apenas traz o rótulo ""JSON:"" sem qualquer conteúdo descritivo ou evidência para confirmar a afirmação. Ainda assim, não é menor porque ao menos mantém o formato/estrutura esperada, faltando principalmente a informação solicitada.",input\georegis\dataset.json,
1737,Qual refletor datado do Oligoceno Inferior constitui um excelente marco sismoestratigráfico em quase toda a Bacia de Campos?,Topo da biozona N-520,O refletor **Top Oligoceno Inferior** (também conhecido como **refletor “Oligoceno Inferior”**) é considerado um excelente marco sismoestratigráfico em quase toda a **Bacia de Campos**.,0.0,"The score is 1.00 because the output fully addresses the question about which Lower Oligocene reflector is an excellent seismic-stratigraphic marker across most of the Campos Basin, and there are no irrelevant statements reducing relevance.",input\georegis\dataset.json,
1740,O que o mapeamento de detalhe indica a presença no Cretáceo Superior?,rochas magmáticas intrusivas e extrusivas,"O **mapeamento de detalhe** no **Cretáceo Superior** indica a **presença e distribuição de unidades geológicas específicas desse intervalo**, ou seja, mostra **quais rochas/sedimentos do Cretáceo Superior afloram (ou ocorrem) na área**, seus **limites**, **espessuras relativas**, **fácies** e **estruturas** (como falhas e dobras), permitindo reconhecer **ambientes deposicionais** e a **história geológica** desse período.",0.0,"A pontuação é 1,00 porque a resposta está totalmente focada em explicar o que o mapeamento de detalhe indica sobre a presença no Cretáceo Superior e não traz afirmações irrelevantes; não há nada apontado que impeça uma nota mais alta.",input\georegis\dataset.json,
1743,Por que a seção correspondente ao Eoceno Superior está ausente?,erosão na região próxima à Falha de Charneira de Campos,"A seção do Eoceno Superior pode estar ausente principalmente por dois motivos:

1) **Não deposição**: durante o Eoceno Superior, aquela área pode ter ficado emersа (acima do nível do mar) ou em um ambiente onde **não houve acúmulo de sedimentos**, criando um “hiato” no registro.

2) **Erosão posterior**: os sedimentos do Eoceno Superior **até podem ter sido depositados**, mas **foram removidos** mais tarde por erosão (por exemplo, após soerguimento, queda do nível do mar, correntes mais energéticas).

Em ambos os casos, o resultado é uma **discordância/hiato estratigráfico**, em que as camadas mais jovens repousam diretamente sobre camadas mais antigas, sem o intervalo do Eoceno Superior preservado.","0,5","The score is 1.00 because the actual output stays fully focused on answering why the Upper Eocene section is absent and does not include any irrelevant statements, so nothing detracts from relevancy.",input\georegis\dataset.json,
1745,O que constitui um excelente marco sismoestratigráfico em quase toda a Bacia de Campos?,"N-520 : esse refletor, datado do Oligoceno Inferior, constitui um","Em quase toda a Bacia de Campos, um excelente marco sismoestratigráfico é o **Topo do Sal (horizonte que marca o limite superior das evaporitas aptianas)**, por ser um refletor forte, contínuo e facilmente rastreável na sísmica.",0.0,"The score is 1.00 because the response is fully focused on identifying what constitutes an excellent sismoestratigraphic marker across most of the Campos Basin, with no irrelevant statements or digressions.",input\georegis\dataset.json,
1746,O que aconteceu com a seção correspondente ao Eoceno Superior na região próxima à Falha de Charneira de Campos?,está ausente por erosão,A seção correspondente ao **Eoceno Superior** na região próxima à **Falha de Charneira de Campos** **não está preservada**: ela foi **removida por erosão (truncamento)** e/ou ficou **ausente por não deposição** associada à atuação tectônica na área.,1.0,"A pontuação é 1.00 porque a resposta atende diretamente ao que foi perguntado sobre o que ocorreu com a seção do Eoceno Superior próxima à Falha de Charneira de Campos, sem incluir informações irrelevantes; não há motivos listados que justifiquem uma pontuação menor.",input\georegis\dataset.json,
1748,Em que período geológico ocorreu a presença de rochas magmáticas intrusivas e extrusivas na Bacia de Campos?,Cretáceo Superior,"Na Bacia de Campos, a presença de rochas magmáticas **intrusivas e extrusivas** está associada principalmente ao **Cretáceo**, especialmente ao **Cretáceo Inferior (fase de rifte e início da abertura do Atlântico Sul)**.",0.0,"A pontuação é 1.00 porque a resposta se manteve totalmente focada em indicar o período geológico da ocorrência de rochas magmáticas intrusivas e extrusivas na Bacia de Campos, sem incluir informações irrelevantes ou fugir do que foi perguntado.",input\georegis\dataset.json,
1750,Qual é a importância do topo da bio-zona N-470?,coincide com o topo da bio-zona N-470 e também constitui um excelente refletor,"O topo da bio-zona N-470 é importante porque marca um **horizonte bioestratigráfico de referência**: indica o **último aparecimento** (extinção local/estratigráfica) dos fósseis que definem essa biozona. Com isso, ele é usado para:

- **Delimitar o limite superior** da N-470 e reconhecer o início da biozona seguinte.  
- **Correlacionar camadas** entre diferentes poços/seções, mesmo quando a litologia muda.  
- **Atribuir idade relativa** e melhorar o **enquadramento cronoestratigráfico** das rochas.  
- Apoiar interpretações de **mudanças paleoambientais** e eventos (p. ex., variações de nível do mar) associados à troca de associações fossilíferas.

Se você disser **em que bacia/sistema** (por exemplo, Petrobras/ANP, offshore Brasil etc.) essa N-470 está sendo usada, eu consigo indicar a aplicação mais específica.","0,5","A pontuação é 0.90 porque a resposta provavelmente abordou a importância do topo da bio-zona N-470 de forma relevante, mas não é mais alta pois incluiu uma referência institucional (Petrobras/ANP) que não explica o conceito nem contribui para a justificativa geológica/estratigráfica solicitada.",input\georegis\dataset.json,
