question_id,question,status,expected_answer,answers.rag_answer,evaluation.rag.metrics.answer_relevancy.score,evaluation.rag.metrics.faithfulness.score,answers.graphrag_answer,evaluation.graph.answer_relevancy.score,evaluation.graph.faithfulness.score,total_graph_data_nodes,total_edges,total_ontology_valid_true
1292,O que representa a fácies sísmica interpretada?,SUCCESS,sedimentos clásticos finos,"A fácies sísmica interpretada representa a distribuição espacial de tipos de sedimentos ou rochas, como sedimentos clásticos finos, arenitos muito porosos, margas e calcilutitos, guiando a repartição das características petrofísicas no reservatório.",0.5,0.5,"A fácies sísmica interpretada representa diferentes tipos de litotipos no reservatório: arenitos muito porosos na região amarela, sedimentos clásticos finos na região verde, e margas e calcilutitos na região azul. Ela guia a distribuição espacial das permeabilidades conhecidas (CPVs) no volume do reservatório.",0.4,0.6666666666666666,22,36,4
1293,A que corresponde a fácies sísmica interpretada?,SUCCESS,sedimentos clásticos finos,A fácies sísmica interpretada corresponde a sedimentos clásticos finos.,1.0,0.0,"A ""fácies sísmica interpretada"" corresponde à interpretação de características sísmicas para guiar modelos de litologia, definindo tipos de sedimentos ou rochas em regiões específicas na matriz de proporções, como arenitos, sedimentos clásticos finos, margas e calcilutitos.",1.0,1.0,18,34,2
1296,Qual é a principal questão quando o conceito de fácies sísmicas é usado para construir a matriz de proporções?,SUCCESS,como distribuir no volume do reservatório as CPVs conhecidas somente nos poços?,"A principal questão é como distribuir no volume do reservatório as CPVs conhecidas somente nos poços, utilizando o conceito de fácies sísmicas para guiar essa distribuição espacial na construção da matriz de proporções.",1.0,1.0,"A principal questão é como distribuir no volume do reservatório as CPVs conhecidas somente nos poços, usando o conceito de fácies sísmicas para guiar essa repartição espacial.",1.0,1.0,17,25,3
1297,O que é interpretado como fácies sísmica?,SUCCESS,arenitos muito porosos,"Fácies sísmica é interpretada como uma característica geológica mapeada através de dados sísmicos, como por exemplo, arenitos muito porosos, sedimentos clásticos finos, ou margas e calcilutitos, que orientam a distribuição espacial dos litotipos em um reservatório.",1.0,0.5,"Fácies sísmica é interpretada como guias para a interpretação e distribuição de litotipos no reservatório, representando diferentes tipos de sedimentos, como arenitos muito porosos, sedimentos clásticos finos, margas e calcilutitos.",0.6666666666666666,1.0,16,22,2
1301,Qual é a principal questão que envolve o conceito de fácies sísmicas?,SUCCESS,como distribuir no volume do reservatório as CPVs conhecidas somente nos poços?,A principal questão que envolve o conceito de fácies sísmicas é como distribuir no volume do reservatório as características petrofísicas variáveis (CPVs) conhecidas somente nos poços. As fácies sísmicas ajudam a guiar essa distribuição espacial.,1.0,0.5,"A principal questão que envolve o conceito de fácies sísmicas é como distribuir no volume do reservatório as CPVs (core plug volumes) conhecidas somente nos poços, guiando a repartição espacial para capturar o comportamento dos litotipos.",0.6,1.0,18,28,3
1304,O que guia a curva vertical de proporções na matriz de proporções para a unidade genética superior do reservatório de Namorado?,SUCCESS,respectiva fácies sísmica,"A curva vertical de proporções na matriz para a unidade genética superior do reservatório de Namorado é guiada pela respectiva fácies sísmica, interpretada como arenitos muito porosos.",0.5,1.0,A curva vertical de proporções na matriz de proporções para a unidade genética superior do reservatório de Namorado é guiada pela fácies sísmica respectiva.,1.0,1.0,23,34,3
1305,Qual fácies sísmica é interpretada como sedimentos clásticos finos na matriz de proporções?,SUCCESS,verde,A fácies sísmica interpretada como sedimentos clásticos finos na matriz de proporções é a região onde o verde aparece mais.,1.0,1.0,A fácies sísmica interpretada como sedimentos clásticos finos na matriz de proporções é representada pela cor verde.,0.5,1.0,20,28,3
1306,O que é utilizado para distribuir no volume do reservatório as CPVs conhecidas somente nos poços?,SUCCESS,conceito de fácies sísmicas,O conceito de fácies sísmicas é utilizado para distribuir no volume do reservatório as CPVs conhecidas somente nos poços.,1.0,1.0,"Para distribuir no volume do reservatório as CPVs conhecidas somente nos poços, utiliza-se o conceito de fácies sísmicas, que guia a repartição espacial das CPVs através da construção de uma matriz de proporções.",1.0,0.5,21,33,3
1309,O que é a matriz de proporções na construção de uma matriz de proporções de litotipos?,SUCCESS,uma ferramenta muito importante para capturar o comportamento espacial dos litotipos,"A matriz de proporções é uma ferramenta usada para capturar e representar o comportamento espacial dos litotipos em um reservatório. Ela distribui as proporções de litotipos conhecidos nos poços ao longo do volume do reservatório, guiada pelas fácies sísmicas. Isso é crucial para a modelagem geoestatística e complementa a análise com variogramas.",1.0,1.0,"A matriz de proporções na construção de uma matriz de proporções de litotipos é uma ferramenta geológica utilizada para representar as proporções de distribuição de diferentes litotipos em uma formação geológica, capturando o comportamento espacial dos litotipos através da guiagem por fácies sísmicas. Ela complementa a análise estrutural das variáveis regionais na modelagem geoestatística e ajuda na repartição espacial das proporções conhecidas apenas nos poços.",1.0,1.0,21,32,3
1310,O que é interpretado como arenitos muito porosos na região que domina o amarelo?,SUCCESS,a curva vertical de proporções é guiada pela respectiva fácies sísmica,A região que domina o amarelo é interpretada como arenitos muito porosos.,1.0,1.0,A região que domina o amarelo é interpretada como arenitos muito porosos.,1.0,1.0,22,34,3
1313,Qual é a área da Bacia do Espírito Santo?,SUCCESS,"41.500 km2,",A área da Bacia do Espírito Santo é de aproximadamente 41.500 km².,1.0,1.0,A área da Bacia do Espírito Santo é aproximadamente 41.500 km².,1.0,1.0,21,34,3
1316,Quem apresentou a primeira estratigrafia formal da Bacia do Espírito Santo?,SUCCESS,"Asmus et al.,",A primeira estratigrafia formal da Bacia do Espírito Santo foi apresentada por Asmus et al.,1.0,1.0,Asmus et al. apresentou a primeira estratigrafia formal da Bacia do Espírito Santo.,1.0,1.0,24,39,3
1317,Quantos km2 da Bacia do Espírito Santo são de exploração?,SUCCESS,"41.500 km2,",A área de exploração da Bacia do Espírito Santo é de aproximadamente 41.500 km².,1.0,1.0,A Bacia do Espírito Santo possui uma área explorável de aproximadamente 41.500 km².,1.0,1.0,20,30,3
1320,Qual é a área da Bacia do Espírito Santo?,SUCCESS,41.500 km2,A área da Bacia do Espírito Santo é de aproximadamente 41.500 km².,1.0,1.0,"A área da Bacia do Espírito Santo é de aproximadamente 41.500 km², dos quais 3.000 km² referem-se à bacia terrestre.",1.0,1.0,22,36,4
1322,Quem apresentou a primeira estratigrafia formal da Bacia do Espírito Santo?,SUCCESS,Asmus et al.,Asmus et al. apresentaram a primeira estratigrafia formal da Bacia do Espírito Santo.,1.0,1.0,A primeira estratigrafia formal da Bacia do Espírito Santo foi apresentada por Asmus et al.,1.0,1.0,22,33,3
1323,Quantos km2 da Bacia do Espírito Santo são de exploração?,SUCCESS,41.500,A Bacia do Espírito Santo possui uma área explorável de aproximadamente 41.500 km².,1.0,1.0,A área de exploração da Bacia do Espírito Santo é de aproximadamente 41.500 km².,1.0,1.0,22,37,3
1325,Qual é o limite leste da Bacia do Espírito Santo?,SUCCESS,crosta continental/oceânica,O limite leste da Bacia do Espírito Santo é a fronteira coincidente com o limite crosta continental/oceânica.,1.0,0.0,"O limite leste da Bacia do Espírito Santo é coincidente com o limite entre a crosta continental e oceânica, influenciado pela presença do Banco de Abrolhos.",1.0,1.0,18,30,3
1326,Qual é a área aproximada da Bacia do Espírito Santo?,SUCCESS,41.500 km2,A área aproximada da Bacia do Espírito Santo é de 41.500 km².,1.0,1.0,A área aproximada da Bacia do Espírito Santo é de 41.500 km².,1.0,1.0,22,35,4
1327,Qual é a largura da plataforma continental?,SUCCESS,240 km na porção centro-norte,A largura da plataforma continental varia de uma média de 40 km a sul até cerca de 240 km na porção centro-norte.,1.0,1.0,A largura da plataforma continental na Bacia do Espírito Santo varia de uma média de 40 km a sul até cerca de 240 km na porção centro-norte.,1.0,1.0,25,45,4
1328,Quem apresentou a carta de costa da Bacia do Espírito Santo?,SUCCESS,Vieira et al.,Vieira et al. apresentaram a carta de costa da Bacia do Espírito Santo.,1.0,0.0,Vieira et al. apresentaram a carta estratigráfica da Bacia do Espírito Santo.,0.0,0.0,18,30,4
1333,A que se refere a fronteira leste da Bacia do Espírito Santo?,SUCCESS,crosta continental/oceânica,A fronteira leste da Bacia do Espírito Santo refere-se ao limite entre a crosta continental e a crosta oceânica.,1.0,1.0,A fronteira leste da Bacia do Espírito Santo refere-se ao limite entre a crosta continental e oceânica.,1.0,1.0,26,43,3
1335,Quem apresentou a carta da Bacia do Espírito Santo?,SUCCESS,Vieira et al.,Vieira et al. apresentaram a carta da Bacia do Espírito Santo.,1.0,1.0,Vieira et al. apresentaram a carta da Bacia do Espírito Santo.,1.0,1.0,20,34,3
1338,Quantos quilômetros de área a Bacia do Espírito Santo tem a ver com a bacia terrestre?,SUCCESS,3.000,A Bacia do Espírito Santo possui 3.000 km² de área terrestre.,1.0,1.0,"A Bacia do Espírito Santo possui uma área total de aproximadamente 41.500 km², dos quais 3.000 km² referem-se à bacia terrestre.",1.0,0.5,18,28,3
1339,O que evidencia a fisiografia do Banco de Abrolhos?,SUCCESS,alargamento da plataforma continental,"A fisiografia do Banco de Abrolhos evidencia-se pelo alargamento da plataforma continental na Bacia do Espírito Santo, que, de uma média de 40 km de largura a sul, alcança cerca de 240 km na porção centro-norte.",0.6666666666666666,1.0,"A fisiografia do Banco de Abrolhos é evidenciada por um alargamento da plataforma continental na Bacia do Espírito Santo, que de uma média de 40 km de largura a sul alcança cerca de 240 km na porção centro-norte.",1.0,0.0,24,37,3
1340,O que o trabalho de Vieira et al. enfatiza?,SUCCESS,a cronoestratigrafia,O trabalho de Vieira et al. enfatiza a cronoestratigrafia.,1.0,1.0,O trabalho de Vieira et al. enfatiza a cronoestratigrafia.,1.0,1.0,25,39,4
1341,O que é enfatizado neste trabalho?,SUCCESS,cronoestratigrafia,A cronoestratigrafia é enfatizada neste trabalho.,1.0,1.0,O trabalho enfatiza a cronoestratigrafia.,1.0,1.0,18,28,3
1343,O que evidencia a fisiografia do Banco de Abrolhos?,SUCCESS,um alargamento da plataforma continental,"A fisiografia do Banco de Abrolhos evidencia-se por um alargamento significativo da plataforma continental, que passa de uma média de 40 km de largura a sul para cerca de 240 km na porção centro-norte.",1.0,0.0,"A fisiografia do Banco de Abrolhos evidencia-se por proporcionar um alargamento da plataforma continental da Bacia do Espírito Santo, de 40 km de largura a sul para cerca de 240 km na porção centro-norte.",1.0,1.0,20,33,3
1344,O que o trabalho de Vieira et al. enfatiza?,SUCCESS,cronoestratigrafia,O trabalho de Vieira et al. enfatiza a cronoestratigrafia.,1.0,0.0,O trabalho de Vieira et al. enfatiza a cronoestratigrafia da Bacia do Espírito Santo.,1.0,1.0,23,36,4
1345,Qual é a área explorável da Bacia do Espírito Santo?,SUCCESS,aproximadamente 41.500 km2,A área explorável da Bacia do Espírito Santo é de aproximadamente 41.500 km².,1.0,1.0,A área explorável da Bacia do Espírito Santo é de aproximadamente 41.500 km².,1.0,1.0,22,38,5
1346,O que atribui à bacia uma fisiografia particular?,SUCCESS,"A existência do Banco de Abrolhos,",A existência do Banco de Abrolhos atribui à bacia uma fisiografia particular.,1.0,1.0,A existência do Banco de Abrolhos atribui à Bacia do Espírito Santo uma fisiografia particular.,1.0,1.0,23,36,4
1348,O que foi fundamental para a atualização da Carta Estratigráfica da Bacia do Espírito Santo?,SUCCESS,"O conhecimento adquirido ao longo de 50 anos de exploração,","O conhecimento adquirido ao longo de 50 anos de exploração, com poços exploratórios, linhas sísmicas e a contínua integração de novos dados foram fundamentais para a atualização da Carta Estratigráfica da Bacia do Espírito Santo.",1.0,1.0,"O conhecimento adquirido ao longo de 50 anos de exploração, com centenas de poços exploratórios e inúmeras linhas sísmicas 2D e 3D, juntamente com a contínua integração de novos dados, foram fundamentais para a atualização da Carta Estratigráfica da Bacia do Espírito Santo.",1.0,1.0,19,31,4
1349,O que este trabalho enfatiza em relação à Bacia do Espírito Santo?,SUCCESS,a cronoestratigrafia,O trabalho enfatiza a cronoestratigrafia em relação à Bacia do Espírito Santo.,1.0,1.0,Este trabalho enfatiza a cronoestratigrafia da Bacia do Espírito Santo.,1.0,1.0,25,40,5
1350,Qual é a área total da Bacia do Espírito Santo?,SUCCESS,41.500 km2,A área total da Bacia do Espírito Santo é de aproximadamente 41.500 km².,1.0,0.0,A área total da Bacia do Espírito Santo é de aproximadamente 41.500 km².,1.0,0.0,22,36,4
1351,Qual é a área da bacia terrestre da Bacia do Espírito Santo?,SUCCESS,3.000 km2,A área da bacia terrestre da Bacia do Espírito Santo é de aproximadamente 3.000 km².,1.0,1.0,A área da bacia terrestre da Bacia do Espírito Santo é de aproximadamente 3.000 km².,1.0,1.0,19,31,5
1352,Onde a Bacia do Espírito Santo está situada?,SUCCESS,no Estado do Espírito Santo,A Bacia do Espírito Santo está situada no Estado do Espírito Santo.,1.0,1.0,"A Bacia do Espírito Santo está situada no Estado do Espírito Santo, Brasil.",1.0,1.0,17,29,2
1353,Quais são os limites da Bacia do Espírito Santo?,SUCCESS,"a sul com a Bacia de Campos, através do Alto de Vitória, e a norte com a Bacia de Mucuri","A Bacia do Espírito Santo é delimitada ao sul pela Bacia de Campos, através do Alto de Vitória, e ao norte pela Bacia de Mucuri.",1.0,1.0,"A Bacia do Espírito Santo é delimitada ao sul pela Bacia de Campos, através do Alto de Vitória, e ao norte pela Bacia de Mucuri.",1.0,1.0,23,37,3
1354,Quem foi o primeiro engenheiro a perfurar o primeiro poço de petróleo da América do Sul?,SUCCESS,"E. A. Prentice, empregado da fábrica de gás de Lima, perfura o que se considera ser o primeiro poço de petróleo da América do Sul.",O primeiro engenheiro a perfurar o primeiro poço de petróleo da América do Sul foi E. A. Prentice.,1.0,1.0,O primeiro engenheiro a perfurar o primeiro poço de petróleo da América do Sul foi E. A. Prentice.,1.0,1.0,25,45,4
1355,Quantos poços a Companhia Peruana de Refino de Petróleo perfurava em 55 anos de operação?,SUCCESS,450,A Companhia Peruana de Refino de Petróleo perfurou 450 poços em 55 anos de operação.,1.0,1.0,A Companhia Peruana de Refino de Petróleo perfurou 450 poços em 55 anos de operação.,1.0,1.0,28,54,3
1356,Quantas empresas petrolíferas estavam operando em Talara em 1891?,SUCCESS,14,"Em 1891, já havia 14 empresas petrolíferas atuando na região de Talara.",1.0,1.0,"Em 1891, havia 14 empresas petrolíferas operando em Talara.",1.0,0.0,21,40,3
1359,Quantas empresas petrolíferas operavam na região de Talara em 1891?,SUCCESS,14,"Em 1891, já havia 14 empresas petrolíferas atuando na região de Talara.",1.0,1.0,"Em 1891, operavam 14 empresas petrolíferas na região de Talara.",1.0,1.0,24,41,3
1362,Quem foi o primeiro engenheiro a perfurar o primeiro poço de petróleo da América do Sul?,SUCCESS,E. A. Prentice,O primeiro engenheiro a perfurar o primeiro poço de petróleo da América do Sul foi E. A. Prentice.,1.0,1.0,O primeiro engenheiro a perfurar o primeiro poço de petróleo da América do Sul foi E. A. Prentice.,1.0,1.0,20,32,3
1363,Quando foi perfurado o primeiro poço totalmente na plataforma peruana?,SUCCESS,1959,O primeiro poço perfurado totalmente na plataforma peruana ocorreu em 1959.,1.0,1.0,O primeiro poço perfurado totalmente na plataforma peruana ocorreu em 1959.,1.0,1.0,22,40,3
1365,Quando foi perfurado o primeiro poço de petróleo da América do Sul?,SUCCESS,1863,O primeiro poço de petróleo da América do Sul foi perfurado em 1863.,1.0,1.0,O primeiro poço de petróleo da América do Sul foi perfurado em 1863.,1.0,1.0,23,41,3
1367,Quantas empresas petrolíferas estavam operando na área em 1891?,SUCCESS,14,"Em 1891, havia 14 empresas petrolíferas operando na área.",1.0,1.0,"Em 1891, já havia 14 empresas petrolíferas atuando na região.",1.0,1.0,20,32,4
1368,Quando foi perfurado o primeiro poço totalmente em plataforma peruana?,SUCCESS,1959,O primeiro poço totalmente perfurado em plataforma peruana ocorreu em 1959 através das companhias Belco Petroleum Company e Peruvian Pacific Petroleum Company.,1.0,1.0,O primeiro poço perfurado totalmente em plataforma peruana ocorreu em 1959.,1.0,1.0,21,38,0
1369,Quando foi fundada a primeira refinaria da América?,SUCCESS,1916,"A primeira refinaria da América foi fundada em 1916, na cidade de Talara.",0.5,1.0,"A primeira refinaria da América foi fundada em 1916 na cidade de Talara, Peru.",0.5,1.0,18,29,3
1370,Quantos poços a Companhia Peruana de Refino de Petróleo abriu durante seus 55 anos?,SUCCESS,450,A Companhia Peruana de Refino de Petróleo abriu 450 poços durante seus 55 anos de operação.,1.0,1.0,A Companhia Peruana de Refino de Petróleo abriu 450 poços durante seus 55 anos de operação.,0.5,1.0,21,37,4
1371,Quantos boeds a IPC aumentou a refinaria de Talara em 1924?,SUCCESS,20.000,"Em 1924, a IPC aumentou a capacidade de processamento da refinaria de Talara para 20.000 boed.",1.0,1.0,"A IPC ampliou a refinaria de Talara em 1924, passando a processar 20.000 boed (barris de óleo equivalente por dia).",1.0,1.0,22,37,3
1372,Em que ano foi perfurado o primeiro poço de petróleo da América do Sul?,SUCCESS,1863,O primeiro poço de petróleo da América do Sul foi perfurado em 1863.,1.0,1.0,O primeiro poço de petróleo da América do Sul foi perfurado em 1863.,1.0,1.0,20,33,1
1374,Quantas empresas petrolíferas estavam operando na região em 1891?,SUCCESS,14,"Em 1891, havia 14 empresas petrolíferas operando na região.",1.0,1.0,"Em 1891, já havia 14 empresas petrolíferas atuando na região.",1.0,1.0,26,44,4
1376,Quando foi inaugurada a primeira refinaria da América?,SUCCESS,1916,A primeira refinaria da América foi inaugurada em 1916.,1.0,1.0,A primeira refinaria da América foi inaugurada em 1916 na cidade de Talara.,1.0,1.0,21,31,1
1378,Quem perfurou o primeiro poço de petróleo da América do Sul em 1863?,SUCCESS,o engenheiro E. A. Prentice,O engenheiro E. A. Prentice perfurou o primeiro poço de petróleo da América do Sul em 1863.,1.0,1.0,E. A. Prentice perfurou o primeiro poço de petróleo da América do Sul em 1863.,1.0,1.0,22,41,3
1379,"Em que ano entrou em operação a primeira refinaria da América, localizada em Talara?",SUCCESS,1916,"A primeira refinaria da América, localizada em Talara, entrou em operação em 1916.",1.0,1.0,"A primeira refinaria da América, localizada em Talara, entrou em operação em 1916.",1.0,1.0,19,32,3
1380,Qual empresa foi precursora da Exxon e atuou em Talara realizando atividades exploratórias e de refino?,SUCCESS,"Internatio-nal Petroleum Company,",A empresa precursora da Exxon que atuou em Talara realizando atividades exploratórias e de refino foi a International Petroleum Company.,1.0,1.0,A empresa precursora da Exxon que atuou em Talara realizando atividades exploratórias e de refino foi a International Petroleum Company.,1.0,1.0,23,48,4
1381,"Quando o governo peruano teve uma participação mais ativa na indústria petrolífera, criando a Empresa Petrolera Fiscal?",SUCCESS,1939,"O governo peruano teve uma participação mais ativa na indústria petrolífera em 1939, com a criação da Empresa Petrolera Fiscal por decreto do presidente Oscar Benavides.",1.0,1.0,"O governo peruano teve uma participação mais ativa na indústria petrolífera em 1939, com a criação da Empresa Petrolera Fiscal.",0.5,1.0,23,37,6
1382,Quais companhias foram responsáveis pelo primeiro poço perfurado totalmente na plataforma peruana em 1959?,SUCCESS,Belco Petroleum Company e Peruvian Pacific Petroleum Company,As companhias responsáveis pelo primeiro poço perfurado totalmente na plataforma peruana em 1959 foram a Belco Petroleum Company e a Peruvian Pacific Petroleum Company.,1.0,1.0,As companhias responsáveis pelo primeiro poço perfurado totalmente na plataforma peruana em 1959 foram a Belco Petroleum Company e a Peruvian Pacific Petroleum Company.,1.0,1.0,23,41,3
1383,Quem é considerado o primeiro a perfurar um poço de petróleo na América do Sul?,SUCCESS,o engenheiro E. A. Prentice,E. A. Prentice é considerado o primeiro a perfurar um poço de petróleo na América do Sul em 1863.,1.0,1.0,O engenheiro E. A. Prentice é considerado o primeiro a perfurar um poço de petróleo na América do Sul.,0.5,1.0,23,42,5
1384,Em que ano foi fundada a Companhia Peruana de Refino de Petróleo?,SUCCESS,1871,A Companhia Peruana de Refino de Petróleo foi fundada em 1871.,1.0,1.0,A Companhia Peruana de Refino de Petróleo foi fundada em 1871.,1.0,1.0,23,40,4
1385,Quantos poços a Companhia Peruana de Refino de Petróleo chegou a perfurar em 55 anos de operação?,SUCCESS,450 poços,A Companhia Peruana de Refino de Petróleo chegou a perfurar 450 poços em 55 anos de operação.,1.0,1.0,A Companhia Peruana de Refino de Petróleo perfurou 450 poços em 55 anos de operação.,1.0,1.0,20,33,4
1386,Em que ano entrou em operação a primeira refinaria da América?,SUCCESS,1916,Em 1916.,1.0,0.0,A primeira refinaria da América entrou em operação em 1916.,1.0,1.0,21,34,4
1387,"Qual é o nome da companhia que marcaria época, tanto pelas suas atividades exploratórias como de refino?",SUCCESS,a Internatio-nal Petroleum Company,"A companhia que marcaria época, tanto pelas suas atividades exploratórias como de refino, é a International Petroleum Company.",1.0,1.0,Internatio-nal Petroleum Company.,0.0,1.0,20,37,3
1390,O que poderia ser considerado compatível com a cinemática definida pelos outros elementos estruturais?,SUCCESS,a condição de obliqüidade constante,"A hipótese c, considerando a obliquidade constante em toda a área, seria considerada compatível com a cinemática definida pelos outros elementos estruturais.",0.5,1.0,"A hipótese c, considerando obliquidade constante em toda a área, seria compatível com a cinemática definida pelos outros elementos estruturais.",0.5,1.0,16,22,3
1391,O que sugere que a evolução direcional posterior à nucleação frontal da zona de falha desenvolva uma evolução direcional posterior à nucleação frontal?,SUCCESS,secciona-mento da zona de falha de Perimbó,"A sugestão de uma evolução direcional posterior à nucleação frontal da zona de falha de Perimbó é indicada pelo seccionamento da zona por falhas transcorrentes, especialmente dextrais. Isso contradiz o regime transpressivo, sugerindo que a evolução direcional é uma consequência da convergência inicial com vetor tectônico de SE para NW, levando a uma deformação inicialmente predominante frontal.",0.8,1.0,"A evolução direcional posterior à nucleação frontal da zona de falha de Perimbó sugere uma situação contrária à que ocorreria se o regime fosse transpressivo, indicando uma evolução direcional sob condições de deformação convergente, com movimento tectônico de SE para NW.",1.0,1.0,20,33,4
1392,O encurtamento podería ser quantificado tomando-se como base qual marcador linear?,SUCCESS,"um marcador linear, paralelo à direção de compressão máxima.",O encurtamento poderia ser quantificado tomando-se como base um marcador linear paralelo à direção de compressão máxima.,1.0,1.0,"O encurtamento poderia ser quantificado tomando-se como base um marcador linear, paralelo à direção de compressão máxima.",0.6666666666666666,1.0,19,31,4
1396,O encurtamento podería ser quantificado tomando-se como base qual marcador linear?,SUCCESS,"um marcador linear, paralelo à direção de compressão máxima",O encurtamento poderia ser quantificado tomando-se como base um marcador linear paralelo à direção de compressão máxima.,1.0,1.0,"O encurtamento poderia ser quantificado tomando-se como base um marcador linear, paralelo à direção de compressão máxima.",1.0,1.0,19,29,4
1398,Quais regimes produziriam uma rotação progressiva dos indicadores cinemáticos?,SUCCESS,oblíquo ou transpressivo,Os regimes que produziriam uma rotação progressiva dos indicadores cinemáticos são o regime oblíquo ou transpressivo.,1.0,1.0,Os regimes oblíquo ou transpressivo produziriam uma rotação progressiva dos indicadores cinemáticos.,1.0,1.0,17,27,3
1399,Como o encurtamento pode ser quantificado?,SUCCESS,"tomando-se como base um marcador linear, paralelo à direção de compressão máxima",O encurtamento pode ser quantificado usando um marcador linear paralelo à direção de compressão máxima.,1.0,1.0,"O encurtamento pode ser quantificado tomando-se como base um marcador linear, paralelo à direção de compressão máxima.",1.0,1.0,13,19,3
1401,Qual é a base para quantificar o encurtamento?,SUCCESS,"um marcador linear, paralelo à direção de compressão máxima","A base para quantificar o encurtamento é um marcador linear, paralelo à direção de compressão máxima.",1.0,1.0,"A base para quantificar o encurtamento é um marcador linear, paralelo à direção de compressão máxima.",1.0,1.0,22,34,5
1402,Quais são os dois regimes que produziriam uma rotação progressiva dos indicadores cinemáticos?,SUCCESS,oblíquo ou transpressivo,Os dois regimes que produziriam uma rotação progressiva dos indicadores cinemáticos são o regime oblíquo e o regime transpressivo.,0.6666666666666666,1.0,"Os dois regimes que produziriam uma rotação progressiva dos indicadores cinemáticos são a ""tectônica transpressiva"" e a ""tectônica oblíqua"".",0.6666666666666666,1.0,15,24,4
1406,Qual é a direção do vetor tectônico na primeira fase de deformação?,SUCCESS,de SE para NW,A direção do vetor tectônico na primeira fase de deformação é de sudeste (SE) para noroeste (NW).,1.0,1.0,A direção do vetor tectônico na primeira fase de deformação é de Sudeste (SE) para Noroeste (NW).,1.0,1.0,16,26,2
1407,O que sugere o seccionamento da zona de falha de Perimbó pelas falhas transcorrentes?,SUCCESS,uma evolução direcional posterior à nucleação frontal da referida zona de falha,"O seccionamento da zona de falha de Perimbó pelas falhas transcorrentes sugere uma evolução direcional posterior à nucleação frontal da zona de falha, o que indica uma deformação inicial predominantemente frontal seguida por concentração de movimento ao longo das falhas transcorrentes dextrais, contrário ao regime transpressivo.",1.0,1.0,"O seccionamento da zona de falha de Perimbó pelas falhas transcorrentes sugere uma evolução direcional posterior à nucleação frontal da zona de falha de Perimbó, indicando que o regime não era transpressivo. Isso implica que, após a formação inicialmente frontal, houve uma orientação evolutiva que favoreceu a ação das falhas transcorrentes dextrais.",0.6666666666666666,0.6666666666666666,21,39,3
1409,Como seria quantificado o encurtamento de acordo com o texto?,SUCCESS,"tomando-se como base um marcador linear, paralelo à direção de compressão máxima","O encurtamento seria quantificado tomando como base um marcador linear, paralelo à direção de compressão máxima.",1.0,1.0,"O encurtamento seria quantificado tomando-se como base um marcador linear, paralelo à direção de compressão máxima.",1.0,1.0,16,26,4
1412,O que a hipótese b sugere que deveria ocorrer também?,SUCCESS,uma dispersão dos valores de acamamento,A hipótese b sugere que deveria ocorrer também uma dispersão dos valores de acamamento que indicariam uma suposta deformação tardia.,1.0,1.0,A hipótese b sugere que deveria ocorrer uma dispersão dos valores de acamamento que amostrassem uma suposta deformação tardia.,1.0,0.0,20,27,3
1413,Qual é a condição que a hipótese c considera constante em toda a área?,SUCCESS,a condição de obliqüidade,A condição que a hipótese c considera constante em toda a área é a obliquidade.,1.0,1.0,A condição que a hipótese c considera constante em toda a área é a obliqüidade.,1.0,1.0,22,33,4
1414,Qual é o nome da descontinuidade crustal?,SUCCESS,"Arco de São Mateus,",Arco de São Mateus.,0.0,1.0,"O nome da descontinuidade crustal é ""Arco de São Mateus"".",0.0,1.0,27,38,3
1415,Qual é a idade do fragmento máfico?,SUCCESS,"69,4 ± 1,3 Ma, geocro-nologicamente compatível","A idade do fragmento máfico é de 69,4 ± 1,3 Ma.",1.0,1.0,"A idade do fragmento máfico é de 69,4 ± 1,3 Ma, conforme datado pelo método Ar-Ar.",1.0,1.0,28,39,4
1416,Qual é a sequência vulcanoclástica da Fm. Rio Doce?,SUCCESS,Abrolhos,"A sequência vulcanoclástica da Fm. Rio Doce é inter-relacionada com sedimentos terciários da Fm. Abrolhos, próximos ao contato com as vulcânicas, e é composta por arenitos médios a muito grossos, quartzozos, feldspáticos, mal selecionados, pouco lamosos, extremamente litificados e cimentados por sílica criptocristalina.",1.0,0.6666666666666666,"A sequência vulcanoclástica da Fm. Rio Doce está inter-relacionada com a sequência vulcanoclástica da Fm. Abrolhos e sedimentos terciários, que são totalmente silicificados próximos ao contato com as vulcânicas.",0.5,1.0,32,45,3
1419,Qual é a idade da amostra?,SUCCESS,"69,4 ± 1,3 Ma, geocro-nologicamente compatível","A idade da amostra é de 69,4 ± 1,3 milhões de anos (Ma).",1.0,1.0,"A idade da amostra indicada por datação Ar-Ar é de 69,4 ± 1,3 Ma.",1.0,1.0,28,44,5
1421,Qual é o nome da descontinuidade crustal?,SUCCESS,Arco de São Mateus,"O nome da descontinuidade crustal é ""Arco de São Mateus"".",1.0,1.0,"O nome da descontinuidade crustal é ""Arco de São Mateus"".",0.0,1.0,23,34,3
1422,Qual é a idade do fragmento máfico?,SUCCESS,"69,4 ± 1,3 Ma","O fragmento máfico tem a idade de 69,4 ± 1,3 milhões de anos.",1.0,1.0,"A idade do fragmento máfico é de 69,4 ± 1,3 Ma, conforme determinado por datação Ar-Ar.",1.0,1.0,24,40,3
1425,Qual é a idade da amostra?,SUCCESS,"69,4 ± 1,3 Ma","A idade da amostra é 69,4 ± 1,3 Ma.",1.0,1.0,"A idade da amostra é de 69,4 ± 1,3 milhões de anos (Ma).",1.0,1.0,19,27,3
1426,Qual foi a data de um fragmento mafico de uma rocha?,SUCCESS,"69,4 ± 1,3 Ma","A data de um fragmento máfico de uma rocha é 69,4 ± 1,3 Ma.",1.0,1.0,"A datação Ar-Ar de um fragmento máfico indicou uma idade de 69,4 ± 1,3 Ma.",1.0,1.0,20,28,3
1427,Quem descreve uma forte ocorrência de rochas piroclásticas ácidas na região nordeste do estado de Minas Gerais?,SUCCESS,Raposo etal.,Raposo et al. descrevem uma forte ocorrência de rochas piroclásticas ácidas na região nordeste do estado de Minas Gerais.,1.0,1.0,Raposo et al. descrevem uma expressiva ocorrência de rochas piroclásticas ácidas na região nordeste do estado de Minas Gerais.,1.0,1.0,26,43,3
1428,Quem admitiu que há uma interrelação entre a sequência vulcanoclástica da Fm. Abrolhos e os sedimentos terciários da Fm. Rio Doce?,SUCCESS,Novais etal.,Novais et al. admitiram que há uma interrelação entre a sequência vulcanoclástica da Fm. Abrolhos e os sedimentos terciários da Fm. Rio Doce.,1.0,1.0,Novais et al. admitiram que há uma interrelação entre a sequência vulcanoclástica da Fm. Abrolhos e os sedimentos terciários da Fm. Rio Doce.,1.0,1.0,27,42,3
1429,Como é chamada a descontinuidade crustal?,SUCCESS,Arco de São Mateus,"A descontinuidade crustal é chamada de ""Arco de São Mateus"".",0.0,1.0,A descontinuidade crustal é chamada de Arco de São Mateus.,0.0,0.0,32,45,6
1430,Qual é a área das rochas piroclásticas ácidas encontradas na região nordeste de Minas Gerais?,SUCCESS,75km de comprimento por 25km de largura,A área das rochas piroclásticas ácidas encontradas na região nordeste de Minas Gerais é de 75 km de comprimento por 25 km de largura.,1.0,1.0,A área das rochas piroclásticas ácidas na região nordeste de Minas Gerais é de 75 km de comprimento por 25 km de largura.,1.0,1.0,27,53,4
1431,Quem descreveu uma grande ocorrência de rochas piroclásticas ácidas na região nordeste de Minas Gerais?,SUCCESS,Raposo etal.,Raposo et al. descreveram a grande ocorrência de rochas piroclásticas ácidas na região nordeste de Minas Gerais.,1.0,1.0,Raposo et al.,1.0,1.0,20,29,3
1432,Quem admite que há uma interrelação entre a sequência vulcanoclástica da Fm. Abrolhos e os sedimentos terciários da Fm. Rio Doce?,SUCCESS,Novais etal.,Novais et al. admitem que há uma interrelação entre a sequência vulcanoclástica da Fm. Abrolhos e os sedimentos terciários da Fm. Rio Doce.,1.0,1.0,Novais et al. admitem que há uma interrelação entre a sequência vulcanoclástica da Fm. Abrolhos e os sedimentos terciários da Fm. Rio Doce.,1.0,1.0,28,44,5
1435,Quanta área as rochas piroclásticas ácidas ocupam?,SUCCESS,75km de comprimento por 25km de largura,As rochas piroclásticas ácidas ocupam uma área de 75 km de comprimento por 25 km de largura.,1.0,1.0,As rochas piroclásticas ácidas ocupam uma área de 75 km de comprimento por 25 km de largura.,1.0,1.0,24,32,1
1436,Qual a idade geocronológica indicada pela datação Ar-Ar de um fragmento máfico?,SUCCESS,"69,4 ± 1,3 Ma","A idade geocronológica indicada pela datação Ar-Ar de um fragmento máfico é de 69,4 ± 1,3 Ma.",1.0,1.0,"A idade geocronológica indicada pela datação Ar-Ar de um fragmento máfico é 69,4 ± 1,3 Ma.",1.0,1.0,31,45,4
1437,O que é a Fm. Rio Doce?,SUCCESS,"corresponde a arenitos médios a muito grossos, quartzozos, feldspáticos, com cores cinza-esverdeadas, maciços ou com estratificações cruzadas","A Fm. Rio Doce é uma formação geológica composta por arenitos médios a muito grossos, quartzozos e feldspáticos, que apresentam cores cinza-esverdeadas e possuem estratificações cruzadas. Seus sedimentos são mal selecionados, pouco lamosos e extremamente litificados, com grãos cimentados por sílica criptocristalina.",1.0,0.5,"A Fm. Rio Doce é composta por arenitos médios a muito grossos, mal selecionados, quartzozos, feldspáticos e altamente silicificados, com cores cinza-esverdeadas e estratificações cruzadas. Ela está interrelacionada com a sequência vulcanoclástica da Fm. Abrolhos.",1.0,0.5,34,49,3
1438,O que descrevem Raposo etal. sobre a região nordeste do estado de Minas Gerais?,SUCCESS,"uma expressiva ocorrência de rochas piroclásticas ácidas, de provável idade fanerozoica","Raposo et al. descrevem a ocorrência expressiva de rochas piroclásticas ácidas na região nordeste do estado de Minas Gerais, que ocupam uma área de 75 km de comprimento por 25 km de largura, relacionada à ruptura do Atlântico Sul.",1.0,1.0,"Raposo etal. descrevem uma expressiva ocorrência de rochas piroclásticas ácidas na região nordeste do estado de Minas Gerais, com possível origem relacionada à ruptura do Atlântico Sul. Essas rochas ocupam uma área de 75km de comprimento por 25km de largura, com direção NE-SW.",1.0,1.0,23,36,3
1439,"O que controlaria os fenômenos neotectônicos, o padrão de drenagem e a circulação de fluidos na região?",SUCCESS,"a uma descontinuidade crustal denominada Arco de São Mateus,","Os fenômenos neotectônicos, o padrão de drenagem e a circulação de fluidos na região seriam controlados pelas reativações da descontinuidade crustal conhecida como Arco de São Mateus, que constitui uma zona de profundas fissuras na crosta.",1.0,0.0,"Os fenômenos neotectônicos, o padrão de drenagem e a circulação de fluidos na região são controlados pela descontinuidade crustal denominada Arco de São Mateus, que constitui uma zona de profundas fissuras na crosta.",1.0,1.0,19,31,3
1440,Qual é a idade do fragmento máfico mencionado no texto?,SUCCESS,"69,4 ± 1,3 Ma","A idade do fragmento máfico é 69,4 ± 1,3 Ma.",1.0,1.0,"A idade do fragmento máfico é de 69,4 ± 1,3 Ma.",1.0,1.0,27,36,4
1441,O que é a Fm. Rio Doce?,SUCCESS,"arenitos médios a muito grossos, quartzozos, feldspáticos, com cores cinza-esverdeadas, maciços ou com estratificações cruzadas","A Fm. Rio Doce corresponde a arenitos médios a muito grossos, quartzozos, feldspáticos, com cores cinza-esverdeadas, sendo sedimentos mal selecionados, pouco lamosos e extremamente litificados, com os grãos cimentados por sílica criptocristalina.",1.0,1.0,"A Fm. Rio Doce refere-se a sedimentos terciários silicificados em contato com vulcânicas, caracterizados por arenitos médios a muito grossos, ricos em quartzo e feldspato.",1.0,1.0,21,27,2
1442,Como são os sedimentos da Fm. Rio Doce?,SUCCESS,"mal selecionados, pouco lamosos e extremamente litificados, com os grãos cimentados por sílica criptocristalina","Os sedimentos da Fm. Rio Doce são arenitos médios a muito grossos, quartzozos, feldspáticos, cinza-esverdeados, maciços ou com estratificações cruzadas, mal selecionados, pouco lamosos e extremamente litificados, com grãos cimentados por sílica criptocristalina.",1.0,1.0,"Os sedimentos da Fm. Rio Doce são arenitos médios a muito grossos, quartzozos, feldspáticos, com cores cinza-esverdeadas, maciços ou com estratificações cruzadas. São mal selecionados, pouco lamosos e extremamente litificados, com grãos cimentados por sílica criptocristalina.",0.75,0.5,23,31,3
1443,Qual é a direção das rochas piroclásticas ácidas mencionadas por Raposo et al.?,SUCCESS,NE-SW,A direção das rochas piroclásticas ácidas mencionadas por Raposo et al. é NE-SW.,1.0,1.0,As rochas piroclásticas ácidas mencionadas por Raposo et al. têm a direção NE-SW.,1.0,1.0,17,25,4
1444,Quem foi o responsável pela descoberta do campo de Tubarão?,SUCCESS,"detentor do direito de exploração sob regime de contrato de risco, que perfurou apenas um poço e a considerou não atrativa, permitiu que no início de 1988 a PETROBRÁS descobrisse, com a perfuração do pioneiro 1-PRS-4, a acumulação de hidrocarbonetos do Campo de Tubarão. As",A PETROBRÁS foi responsável pela descoberta do campo de Tubarão.,1.0,1.0,Petrobrás foi o responsável pela descoberta do campo de Tubarão.,1.0,1.0,21,31,4
1445,Qual é a coluna de hidrocarbonetos constatada?,SUCCESS,"255 m,",A coluna de hidrocarbonetos constatada foi de 255 m.,1.0,1.0,A coluna de hidrocarbonetos constatada foi de 255 m.,1.0,1.0,24,34,3
1446,O que foi adotado para identificar a constância dos reservatórios?,SUCCESS,a subdivisão em zonas produtoras diferenciadas,Foi adotada a subdivisão em zonas produtoras diferenciadas proposta por Andrade e Saito para identificar a constância dos reservatórios.,0.6666666666666666,1.0,"A subdivisão em zonas produtoras diferenciadas proposta por Andrade e Saito foi adotada para identificar a constância dos reservatórios, utilizando os códigos B1, B2 e B3 para os reservatórios da porção superior, média e inferior da acumulação.",0.8333333333333334,1.0,21,30,3
1447,Qual é a coluna de hidrocarbonetos constatada?,SUCCESS,255 m,A coluna de hidrocarbonetos constatada foi de 255 m.,1.0,1.0,A coluna de hidrocarbonetos constatada foi de 255 m.,1.0,1.0,23,36,3
1449,Qual é o tamanho da coluna de hidrocarbonetos constatada?,SUCCESS,255 m,A coluna de hidrocarbonetos constatada foi de 255 m.,1.0,1.0,A coluna de hidrocarbonetos constatada foi de 255 m.,1.0,1.0,20,27,3
1450,Qual é o caráter dos marcos elétricos?,SUCCESS,caráter cronoestratigráfico,Os marcos elétricos têm caráter cronoestratigráfico.,1.0,1.0,Os marcos elétricos têm caráter cronoestratigráfico.,1.0,1.0,21,31,3
1451,Qual foi o valor preditivo de porosidade previsto?,SUCCESS,7%,O valor preditivo de porosidade previsto era em torno de 7%.,1.0,1.0,O valor preditivo de porosidade previsto era em torno de 7%.,1.0,1.0,22,34,3
1452,Quantos poços a PETROBRÁS perfurou sob contrato de contrato de risco?,SUCCESS,um,"A PETROBRÁS perfurou apenas um poço sob contrato de risco, o 1-PRS-4.",1.0,0.0,A PETROBRÁS perfurou apenas um poço sob contrato de risco.,1.0,0.0,17,23,2
1453,Quem propôs a subdivisão em zonas produtoras diferenciadas?,SUCCESS,Andrade e Saito,Andrade e Saito propuseram a subdivisão em zonas produtoras diferenciadas.,1.0,1.0,Andrade e Saito propuseram a subdivisão em zonas produtoras diferenciadas.,1.0,1.0,26,37,3
1454,O que a PETROBRÁS descobriu com o poço pioneiro 1 - PRS - 4?,SUCCESS,a acumulação de hidrocarbonetos do Campo de Tubarão,A PETROBRÁS descobriu a acumulação de hidrocarbonetos do Campo de Tubarão com o poço pioneiro 1-PRS-4.,1.0,1.0,"A PETROBRÁS descobriu, com o poço pioneiro 1-PRS-4, a acumulação de hidrocarbonetos no Campo de Tubarão, incluindo uma coluna de hidrocarbonetos de 255 m com variação surpreendente de porosidade entre 12% e 24% e permeabilidades de até 1.400 md.",1.0,1.0,23,34,3
1456,Onde as rochas do reservatório de Tubarão se encontram?,SUCCESS,Guarujá Inferior,"As rochas do reservatório de Tubarão encontram-se no topo da sequência carbonática Guarujá Inferior, identificada a partir de -4 540 m.",0.5,1.0,"As rochas do reservatório de Tubarão encontram-se no topo da sequência carbonática Guarujá Inferior, a partir de -4.540 m.",1.0,1.0,25,36,3
1457,O que os marcos elétricos têm?,SUCCESS,caráter cronoestratigráfico,Os marcos elétricos têm caráter cronoestratigráfico.,1.0,1.0,Os marcos elétricos têm caráter cronoestratigráfico para rastreamento dentro do campo de petróleo.,1.0,1.0,25,38,4
1458,Qual foi o valor preditivo de porosidade?,SUCCESS,7%,O valor preditivo de porosidade deveria situar-se em torno de 7%.,1.0,0.0,"O valor preditivo de porosidade deveria situar-se em torno de 7%, mas foram encontradas porosidades variando de 12% a 24%.",1.0,1.0,17,24,0
1459,Quantos poços a PETROBRÁS perfurava sob regime de contrato de risco?,SUCCESS,um,A PETROBRÁS perfurava apenas um poço sob regime de contrato de risco.,1.0,0.0,A PETROBRÁS perfurou apenas um poço sob regime de contrato de risco.,1.0,0.0,19,25,3
1462,O que a PETROBRÁS descobriu com o primeiro poço?,SUCCESS,a acumulação de hidrocarbonetos do Campo de Tubarão,"A PETROBRÁS descobriu a acumulação de hidrocarbonetos do Campo de Tubarão com o primeiro poço perfurado, 1-PRS-4, e constatou uma coluna de hidrocarbonetos de 255 m com porosidades variando de 12% a 24% e permeabilidades de até 1.400 md, o que foi uma surpresa em relação ao esperado de 7%.",0.5,1.0,A PETROBRÁS descobriu a acumulação de hidrocarbonetos no Campo de Tubarão com a perfuração do pioneiro 1-PRS-4.,1.0,1.0,22,33,1
1464,O que a continuidade do processo de exploração permitiu identificar a constância?,SUCCESS,reservatórios,A continuidade do processo de exploração permitiu identificar a constância das fácies potencialmente reservatórios.,0.5,1.0,A continuidade do processo de exploração permitiu identificar a constância das fácies potencialmente reservatórios no Campo de Tubarão.,1.0,1.0,26,37,4
1465,Quantos poços foram perfurados na acumulação de hidrocarbonetos do Campo de Tubarão?,SUCCESS,um,Um poço foi perfurado na acumulação de hidrocarbonetos do Campo de Tubarão.,1.0,1.0,Apenas um poço foi perfurado na acumulação de hidrocarbonetos do Campo de Tubarão.,1.0,1.0,16,22,3
1466,Quantos poços a PETROBRÁS perfurava no início de 1988?,SUCCESS,um,A PETROBRÁS perfurava o poço pioneiro 1-PRS-4 no início de 1988.,1.0,1.0,"No início de 1988, a PETROBRÁS perfurou o poço pioneiro 1-PRS-4 no Campo de Tubarão. Portanto, a PETROBRÁS perfurava pelo menos um poço naquela época.",1.0,1.0,17,23,2
1467,Quem descobriu a acumulação de hidrocarbonetos do Campo de Tubarão?,SUCCESS,a PETROBRÁS,A PETROBRÁS descobriu a acumulação de hidrocarbonetos do Campo de Tubarão.,1.0,1.0,A acumulação de hidrocarbonetos do Campo de Tubarão foi descoberta pela PETROBRÁS em 1988.,1.0,1.0,28,41,4
1468,A que profundidade foram identificadas as rochas-reservatório do Campo de Tubarão?,SUCCESS,a partir de -4 540 m,As rochas-reservatório do Campo de Tubarão foram identificadas a partir de -4.540 m.,0.5,1.0,As rochas-reservatório do Campo de Tubarão foram identificadas a partir de -4.540 metros de profundidade.,1.0,1.0,23,34,3
1469,Qual foi a coluna de hidrocarbonetos constatada no Campo de Tubarão?,SUCCESS,255 m,A coluna de hidrocarbonetos constatada no Campo de Tubarão foi de 255 m.,1.0,1.0,A coluna de hidrocarbonetos constatada no Campo de Tubarão foi de 255 m.,1.0,1.0,27,37,3
1471,"Quais códigos foram utilizados para os reservatórios da porção superior, média e inferior da acumulação no Campo de Tubarão?",SUCCESS,"B1, B2 e B3","Os códigos utilizados para os reservatórios da porção superior, média e inferior da acumulação no Campo de Tubarão foram, respectivamente, B1, B2 e B3.",1.0,1.0,"Os códigos utilizados para os reservatórios da porção superior, média e inferior da acumulação no Campo de Tubarão são B1, B2 e B3, respectivamente.",1.0,1.0,14,25,1
1472,Quem descobriu a acumulação de hidrocarbonetos do Campo de Tubarão?,SUCCESS,PETROBRÁS,A PETROBRÁS descobriu a acumulação de hidrocarbonetos do Campo de Tubarão.,1.0,1.0,PETROBRÁS descobriu a acumulação de hidrocarbonetos do Campo de Tubarão em 1988.,1.0,1.0,16,22,3
1473,Em que profundidade foi identificada a seqüência carbonática Guarujá Inferior?,SUCCESS,-4 540 m,A sequência carbonática Guarujá Inferior foi identificada a partir de -4.540 metros.,1.0,1.0,A sequência carbonática Guarujá Inferior foi identificada a partir de -4 540 m.,1.0,1.0,21,31,3
1474,Qual é a extensão da coluna de hidrocarbonetos encontrada no Campo de Tubarão?,SUCCESS,255 m,A extensão da coluna de hidrocarbonetos encontrada no Campo de Tubarão é de 255 m.,1.0,1.0,A extensão da coluna de hidrocarbonetos encontrada no Campo de Tubarão é de 255 metros.,1.0,1.0,29,40,0
1475,Quais são os valores preditivos de porosidade para as rochas-reservatório do Campo de Tubarão?,SUCCESS,em torno de 7%,Os valores preditivos de porosidade para as rochas-reservatório do Campo de Tubarão deveriam situar-se em torno de 7% devido ao rearranjo e obliteração do espaço poroso impostos pelo soterramento.,0.5,1.0,"Os valores preditivos de porosidade para as rochas-reservatório do Campo de Tubarão deveriam situar-se em torno de 7%, mas variaram de 12% a 24%.",1.0,0.5,26,38,5
1476,Como os reservatórios do Campo de Tubarão foram subdivididos?,SUCCESS,"Utilizaram-se os códigos B1, B2 e B3,","Os reservatórios do Campo de Tubarão foram subdivididos em zonas produtoras diferenciadas com os códigos B1, B2 e B3, correspondendo às porções superior, média e inferior da acumulação.",1.0,1.0,"Os reservatórios do Campo de Tubarão foram subdivididos em zonas produtoras denominadas B1, B2 e B3, correspondendo às porções superior, média e inferior da acumulação, conforme proposto por Andrade e Saito.",1.0,1.0,21,32,5
1477,Qual é o termo usado para descrever a geologia das seqüências fanerozóicas ocorrentes dentro das fronteiras da Bacia do São Francisco?,SUCCESS,Bacia Sanfranciscana,"O termo usado é ""Bacia Sanfranciscana"".",0.0,1.0,"O termo usado para descrever a geologia das seqüências fanerozóicas ocorrentes dentro das fronteiras da Bacia do São Francisco é ""Bacia Sanfranciscana"".",1.0,1.0,15,27,3
1478,Qual grupo é o único remanescente erosional paleozóico de coberturas intracratônicas mais amplas?,SUCCESS,Grupo Santa Fé,O Grupo Santa Fé é o único remanescente erosional paleozóico de coberturas intracratônicas mais amplas.,1.0,1.0,O Grupo Santa Fé é o único remanescente erosional paleozóico de coberturas intracratônicas mais amplas.,1.0,1.0,23,37,3
1479,Quantas unidades cretácicas formam chapadas e tabuleiros na Bacia do São Francisco?,SUCCESS,Três,Três unidades cretácicas.,1.0,1.0,Três unidades cretácicas formam chapadas e tabuleiros na Bacia do São Francisco.,1.0,1.0,21,32,4
1480,Que grupo foi quebrado durante a sedimentação do Grupo Areado?,SUCCESS,Supercontinente Gondwana,O Supercontinente Gondwana foi quebrado durante a sedimentação do Grupo Areado.,0.5,1.0,O grupo que foi quebrado durante a sedimentação do Grupo Areado é o Supercontinente Gondwana.,1.0,1.0,20,35,4
1481,Que estudo foi realizado em Sgarbi et al.?,SUCCESS,A geologia das seqüências fanerozóicas ocorrentes dentro dos limites da Bacia do São Francisco,"O estudo realizado por Sgarbi et al. foi uma revisão abrangente e objetiva da geologia das sequências fanerozóicas da Bacia do São Francisco, usando o termo Bacia Sanfranciscana para o registro sedimentar/vulcânico fanerozóico.",1.0,1.0,"O estudo realizado por Sgarbi et al. revisou de maneira abrangente e objetiva a geologia das sequências fanerozóicas ocorrentes dentro dos limites da Bacia do São Francisco, utilizando o termo ""Bacia Sanfranciscana"" para o registro sedimentar/vulcânico fanerozóico da bacia.",0.5,1.0,23,36,3
1482,Qual é o termo usado para descrever o registro geológico fanerozóico da Bacia do São Francisco?,SUCCESS,Bacia Sanfranciscana,"O termo usado é ""Bacia Sanfranciscana"".",1.0,1.0,"O termo usado para descrever o registro geológico fanerozóico da Bacia do São Francisco é ""Bacia Sanfranciscana"".",1.0,1.0,20,31,1
1483,Qual grupo é o único remanescente erosional paleozóico que possui coberturas intracratônicas mais amplas?,SUCCESS,Grupo Santa Fé,O Grupo Santa Fé.,1.0,1.0,O Grupo Santa Fé é o único remanescente erosional paleozóico que possui coberturas intracratônicas mais amplas.,1.0,0.0,15,26,3
1485,Qual é a única seqüência erosional paleozóica que existe em toda a bacia?,SUCCESS,O Grupo Santa Fé,O Grupo Santa Fé é a única sequência erosional paleozóica que existe em toda a bacia.,1.0,0.0,O Grupo Santa Fé é a única sequência erosional paleozóica que existe em toda a bacia.,1.0,0.0,20,32,2
1486,Qual grupo é o único remanescente erosional paleozóico que possui coberturas intracratônicas mais amplas?,SUCCESS,O Grupo Santa Fé,O Grupo Santa Fé é o único remanescente erosional paleozóico que possui coberturas intracratônicas mais amplas.,1.0,1.0,The Grupo Santa Fé é o único remanescente erosional paleozóico que possui coberturas intracratônicas mais amplas.,1.0,1.0,20,28,0
1487,Qual é o nome da seqüência fanerozóica da Bacia do São Francisco?,SUCCESS,Bacia Sanfranciscana,"O nome da sequência fanerozóica da Bacia do São Francisco é ""Bacia Sanfranciscana"".",1.0,1.0,"O nome da sequência fanerozóica da Bacia do São Francisco é ""Bacia Sanfranciscana"".",1.0,1.0,19,32,3
1488,Quem escreveu a geologia das seqüências fanerozóicas?,SUCCESS,Sgarbi et al.,Sgarbi et al.,1.0,1.0,"A obra ""A geologia das seqüências fanerozóicas"" foi revisada e baseada nos trabalhos de Sgarbi et al.",1.0,1.0,14,21,0
1489,Que tipo de ambiente tectônico prevalecia durante a sedimentação do Grupo Areado?,SUCCESS,distensional,O ambiente tectônico prevalente durante a sedimentação do Grupo Areado foi distensional.,1.0,1.0,The tipo de ambiente tectônico que prevalecia durante a sedimentação do Grupo Areado foi distensional.,1.0,1.0,18,30,4
1491,Qual é o único remanescente paleozóico de coberturas intracratônicas mais amplas?,SUCCESS,O Grupo Santa Fé,O único remanescente paleozóico de coberturas intracratônicas mais amplas é o Grupo Santa Fé.,1.0,1.0,O único remanescente paleozóico de coberturas intracratônicas mais amplas é o Grupo Santa Fé.,1.0,1.0,24,38,3
1492,Qual grupo começa com extrusão de rochas vulcânicas e subvulcânicas kamafugíticas datadas em torno de 90 a 80 Ma?,SUCCESS,Grupo Mata da Corda,O grupo que começa com extrusão de rochas vulcânicas e subvulcânicas kamafugíticas datadas em torno de 90 a 80 Ma é o Grupo Mata da Corda.,1.0,1.0,"O grupo que começa com extrusão de rochas vulcânicas e subvulcânicas kamafugíticas datadas em torno de 90 a 80 Ma é o ""Grupo Mata da Corda"".",1.0,1.0,18,28,3
1493,Qual é o termo para o registro sedimentar fanerozóico da Bacia do São Francisco?,SUCCESS,Bacia Sanfranciscana,"O termo para o registro sedimentar fanerozóico da Bacia do São Francisco é ""Bacia Sanfranciscana"".",1.0,1.0,"O termo para o registro sedimentar fanerozóico da Bacia do São Francisco é ""Bacia Sanfranciscana"".",1.0,1.0,21,37,3
1494,Quem revisou a geologia das seqüências fanerozóicas da Bacia do São Francisco?,SUCCESS,Sgarbi et al.,Sgarbi et al. revisaram a geologia das seqüências fanerozóicas da Bacia do São Francisco.,1.0,1.0,Sgarbi et al. revisaram a geologia das seqüências fanerozóicas da Bacia do São Francisco.,1.0,1.0,21,34,3
1495,Qual foi o ambiente tectônico prevalente durante a sedimentação do Grupo Areado?,SUCCESS,distensional,O ambiente tectônico prevalente durante a sedimentação do Grupo Areado foi distensional.,1.0,1.0,"O ambiente tectônico prevalente durante a sedimentação do Grupo Areado foi distensional, reflexo intracontinental do quebramento do Supercontinente Gondwana.",1.0,1.0,24,38,5
1496,Qual grupo iniciou - se com extrusão de rochas vulcânicas e subvulcânicas kamafugíticas datadas em torno de 90 - 80 Ma?,SUCCESS,O Grupo Mata da Corda,O Grupo Mata da Corda.,1.0,1.0,"O grupo que iniciou-se com extrusão de rochas vulcânicas e subvulcânicas kamafugíticas datadas em torno de 90-80 Ma é o ""Grupo Mata da Corda.",1.0,1.0,21,33,4
1497,Qual é o único remanescente erosional paleozóico de coberturas intracratônicas mais amplas que eventualmente existiu na Bacia do São Francisco?,SUCCESS,O Grupo Santa Fé,O único remanescente erosional paleozóico de coberturas intracratônicas mais amplas na Bacia do São Francisco é o Grupo Santa Fé.,1.0,0.0,O único remanescente erosional paleozóico de coberturas intracratônicas mais amplas que eventualmente existiu na Bacia do São Francisco é o Grupo Santa Fé.,1.0,1.0,21,29,2
1498,Qual grupo iniciou - se com extrusão de rochas vulcânicas e subvulcânicas kamafugíticas datadas em torno de 90 - 80 Ma?,SUCCESS,Grupo Mata da Corda,O Grupo Mata da Corda iniciou-se com extrusão de rochas vulcânicas e subvulcânicas kamafugíticas datadas em torno de 90-80 Ma.,1.0,1.0,O grupo que iniciou-se com extrusão de rochas vulcânicas e subvulcânicas kamafugíticas datadas em torno de 90-80 Ma é o **Grupo Mata da Corda**.,1.0,1.0,21,32,2
1499,Quais autores utilizam o termo Bacia Sanfranciscana para o registro sedimentar/vulcânico fanerozóico da Bacia do São Francisco?,SUCCESS,Sgarbi et al.,Sgarbi et al. usam o termo Bacia Sanfranciscana para o registro sedimentar/vulcânico fanerozóico da Bacia do São Francisco.,1.0,1.0,Os autores que utilizam o termo Bacia Sanfranciscana para o registro sedimentar/vulcânico fanerozóico da Bacia do São Francisco são Sgarbi et al.,1.0,1.0,15,24,0
1500,O que o Grupo Santa Fé representa na geologia da Bacia do São Francisco?,SUCCESS,o único remanescente erosional paleozóico de coberturas intracratônicas mais amplas,"O Grupo Santa Fé representa o único remanescente erosional paleozóico na Bacia do São Francisco, indicando antiguidades paleoclimáticas e conexões com sedimentos glaciais permocarboníferos do Grupo Itararé da Bacia do Paraná.",0.6666666666666666,0.5,"O Grupo Santa Fé representa na geologia da Bacia do São Francisco o único remanescente erosional paleozóico de coberturas intracratônicas mais amplas, que eventualmente existiram ligando as Bacias do Paraná e do Parnaíba.",0.5,1.0,20,28,3
1501,Qual a natureza das três unidades cretácicas que formam chapadas e tabuleiros na Bacia do São Francisco?,SUCCESS,de natureza continental,As três unidades cretácicas de natureza continental que formam chapadas e tabuleiros na Bacia do São Francisco são o Grupo Areado.,0.5,0.0,As três unidades cretácicas de natureza continental que formam chapadas e tabuleiros na Bacia do São Francisco são o Grupo Areado.,1.0,0.0,15,24,0
1502,Qual o ambiente tectônico prevalente durante a sedimentação do Grupo Areado na Bacia do São Francisco?,SUCCESS,distensional,O ambiente tectônico prevalente durante a sedimentação do Grupo Areado na Bacia do São Francisco foi distensional.,1.0,1.0,O ambiente tectônico prevalente durante a sedimentação do Grupo Areado na Bacia do São Francisco foi distensional.,1.0,1.0,23,37,2
1504,Quais autores revisaram a geologia das seqüências fanerozóicas da Bacia do São Francisco de maneira abrangente?,SUCCESS,Sgarbi et al.,Sgarbi et al. foram os autores que revisaram a geologia das sequências fanerozóicas da Bacia do São Francisco de maneira abrangente.,1.0,1.0,Os autores que revisaram a geologia das seqüências fanerozóicas da Bacia do São Francisco de maneira abrangente são Sgarbi et al.,1.0,1.0,14,22,0
1505,O que é o Grupo Santa Fé?,SUCCESS,o único remanescente erosional paleozóico de coberturas intracratônicas mais amplas,"O Grupo Santa Fé é o único remanescente erosional paleozóico de coberturas intracratônicas mais amplas na Bacia do São Francisco, ligado às Bacias do Paraná e do Parnaíba, e contém diamictitos/tilitos/fácies tilóides e folhelhos com dropstones basais correlacionados aos sedimentos glaciais permocarboníferos do Grupo Itararé da Bacia do Paraná.",1.0,1.0,"O Grupo Santa Fé é o único remanescente erosional paleozóico, possivelmente ligado às Bacias do Paraná e do Parnaíba, localizado na Bacia do São Francisco.",0.6666666666666666,1.0,20,33,4
1506,O que os diamictitos/tilitos/fácies tilóides e folhelhos com dropstones basais do Grupo Santa Fé apontam?,SUCCESS,para uma unidade crono-correlata aos sedimentos permocarboníferos glaciais do Grupo Itararé da Bacia do Paraná,Os diamictitos/tilitos/fácies tilóides e folhelhos com dropstones basais do Grupo Santa Fé apontam para uma unidade crono-correlata aos sedimentos permocarboníferos glaciais do Grupo Itararé da Bacia do Paraná.,1.0,0.0,Os diamictitos/tilitos/fácies tilóides e folhelhos com dropstones basais do Grupo Santa Fé apontam para uma unidade crono-correlata aos sedimentos permocarboníferos glaciais do Grupo Itararé da Bacia do Paraná.,0.6666666666666666,1.0,23,35,5
1508,Em que ambiente tectônico ocorreu a sedimentação do Grupo Areado?,SUCCESS,"distensional, provável reflexo intracontinental do quebramento do Supercontinente Gondwana",A sedimentação do Grupo Areado ocorreu em um ambiente tectônico distensional.,1.0,1.0,"O ambiente tectônico em que ocorreu a sedimentação do Grupo Areado foi distensional, associado ao quebramento intracontinental do Supercontinente Gondwana.",1.0,1.0,20,39,3
1510,Que documento alterou o direito de propriedade dos recursos minerais do Brasil?,SUCCESS,a Constituição de 1891,A Constituição de 1891 alterou substancialmente o direito de propriedade dos recursos minerais do Brasil.,1.0,1.0,O documento que alterou o direito de propriedade dos recursos minerais do Brasil foi a Constituição de 1891.,1.0,1.0,19,29,3
1511,Quem criou o primeiro órgão brasileiro dedicado à Geologia?,SUCCESS,Afonso Augusto Penna,"O presidente Afonso Augusto Penna criou o primeiro órgão brasileiro dedicado à Geologia, o Serviço Geológico e Mineralógico do Brasil, em 10 de janeiro de 1907.",1.0,1.0,"O primeiro órgão brasileiro dedicado à Geologia, o Serviço Geológico e Mineralógico do Brasil, foi criado pelo presidente Afonso Augusto Penna em 1907.",1.0,1.0,23,31,3
1512,Onde foi perfurado o primeiro poço de petróleo?,SUCCESS,"Marechal Mallet, no Paraná,","O primeiro poço de petróleo no Brasil foi perfurado em Marechal Mallet, no Paraná, nos anos 1919 e 1920.",0.0,1.0,"O primeiro poço de petróleo foi perfurado em Marechal Mallet, no Paraná, Brasil.",1.0,1.0,27,43,4
1514,Qual foi o código de 1934 que revogou o direito de propriedade mineral do solo?,SUCCESS,"o Código de Minas de 1934,","O Código de Minas de 1934 revogou o direito de propriedade mineral do solo, separando as propriedades do solo e do subsolo, sendo a última da União.",1.0,0.5,"O Código de Minas de 1934 revogou o direito de propriedade mineral do solo, separando as propriedades do solo e do subsolo, sendo a última da União.",1.0,0.6666666666666666,25,39,3
1516,Onde foi perfurado o primeiro poço de petróleo?,SUCCESS,"Marechal Mallet, no Paraná","O primeiro poço de petróleo foi perfurado em Marechal Mallet, no Paraná.",0.5,1.0,"O primeiro poço de petróleo perfurado pelo Estado brasileiro foi em Marechal Mallet, no Paraná, nos anos de 1919 e 1920.",0.6666666666666666,1.0,25,35,3
1518,Qual foi o primeiro órgão brasileiro dedicado à geologia?,SUCCESS,Serviço Geológico e Mi-neralógico do Brasil,"O primeiro órgão brasileiro dedicado à geologia foi o Serviço Geológico e Mineralógico do Brasil, criado em 10 de janeiro de 1907.",1.0,1.0,"O primeiro órgão brasileiro dedicado à geologia foi o ""Serviço Geológico e Mineralógico do Brasil,"" criado em 10 de janeiro de 1907.",1.0,1.0,28,43,4
1520,"Quem foi o ministro da Indústria, Viação e Obras Públicas?",SUCCESS,Miguel Calmon du Pin e Almeida,"O ministro da Indústria, Viação e Obras Públicas foi o engenheiro Miguel Calmon du Pin e Almeida.",1.0,1.0,"O ministro da Indústria, Viação e Obras Públicas foi o engenheiro Miguel Calmon du Pin e Almeida.",1.0,1.0,25,39,3
1521,Que documento alterou a propriedade dos recursos minerais do Brasil?,SUCCESS,a Constituição de 1891,O documento que alterou a propriedade dos recursos minerais do Brasil foi a Constituição de 1891.,1.0,1.0,O documento que alterou a propriedade dos recursos minerais do Brasil foi a Constituição de 1891.,1.0,1.0,22,34,4
1522,Quando os empresários privados mantiveram a concessão de minérios e petróleo?,SUCCESS,em 1889,Os empresários privados mantiveram a concessão de minérios e petróleo após a adoção do regime republicano em 1889 até a Constituição de 1934.,1.0,0.0,"Os empresários privados mantiveram a concessão de minérios e petróleo entre a transição da monarquia para a república em 1889 até a Constituição de 1891, que transferiu os direitos minerais para proprietários privados. Isso mudou novamente em 1934 com a separação dos direitos de propriedade do solo e subsolo pelo Governo Vargas.",1.0,1.0,25,34,3
1523,Em que ano foi promulgada a Constituição?,SUCCESS,1891,A Constituição foi promulgada em 1934.,1.0,1.0,A Constituição foi promulgada em 1891.,1.0,1.0,29,40,3
1524,Em substituição a que regime o governo Vargas substituiu?,SUCCESS,monárquico,O governo Vargas substituiu o regime monárquico.,0.0,1.0,O governo Vargas substituiu o regime monárquico pelo regime republicano em 1889.,0.0,0.0,24,38,3
1526,Em que ano o regime monárquico foi substituído pelo regime de concessões?,SUCCESS,1889,O regime monárquico foi substituído pelo regime de concessões em 1889.,0.5,0.0,O regime monárquico foi substituído pelo regime de concessões em 1889.,1.0,0.0,35,53,4
1528,O que alterou o direito de propriedade dos recursos minerais do Brasil?,SUCCESS,a Constituição de 1891,"O direito de propriedade dos recursos minerais do Brasil foi alterado pela Constituição de 1891, que transferiu a propriedade dos recursos minerais do domínio da Nação para o domínio particular do proprietário do solo. Este retrocesso foi corrigido pela Constituição e pelo Código de Minas de 1934, que separaram as propriedades do solo e do subsolo, atribuindo ao subsolo o domínio da União.",0.5,1.0,"A Constituição de 1891 alterou o direito de propriedade dos recursos minerais do Brasil, transferindo-o do domínio da Nação para o domínio particular do proprietário do solo.",1.0,1.0,22,36,3
1529,Quando foi promulgada a Constituição do Brasil?,SUCCESS,1891,A Constituição do Brasil mencionada no contexto foi promulgada em 1934.,1.0,0.0,A Constituição do Brasil foi promulgada em 1891.,1.0,1.0,30,42,3
1530,Em que ano foi criado o Serviço Geológico e Mineralógico do Brasil?,SUCCESS,Em 10 de janeiro de 1907,O Serviço Geológico e Mineralógico do Brasil foi criado em 1907.,1.0,1.0,O Serviço Geológico e Mineralógico do Brasil foi criado em 1907.,1.0,1.0,22,32,1
1531,Quem foi o presidente que criou o Serviço Geológico e Mineralógico do Brasil?,SUCCESS,Afonso Augusto Penna,O presidente que criou o Serviço Geológico e Mineralógico do Brasil foi Afonso Augusto Penna.,1.0,1.0,O presidente que criou o Serviço Geológico e Mineralógico do Brasil foi Afonso Augusto Penna.,1.0,1.0,28,42,4
1532,Quem foi o ministro responsável pela sugestão de criação do Serviço Geológico e Mineralógico do Brasil?,SUCCESS,engenheiro Miguel Calmon du Pin e Almeida,O ministro responsável pela sugestão de criação do Serviço Geológico e Mineralógico do Brasil foi o engenheiro Miguel Calmon du Pin e Almeida.,1.0,1.0,O ministro responsável pela sugestão de criação do Serviço Geológico e Mineralógico do Brasil foi o engenheiro Miguel Calmon du Pin e Almeida.,1.0,1.0,23,36,3
1533,O que o Serviço Geológico e Mineralógico do Brasil tinha como missão institucional?,SUCCESS,pela questão do petróleo no Brasil. É,O Serviço Geológico e Mineralógico do Brasil tinha como missão institucional responder pela questão do petróleo no Brasil.,0.5,1.0,O Serviço Geológico e Mineralógico do Brasil tinha como missão institucional responder pela questão do petróleo no Brasil e promover a exploração petrolífera.,1.0,0.0,34,48,3
1534,Onde foi feita a primeira perfuração de um poço para exploração petrolífera pelo Estado brasileiro?,SUCCESS,"em Marechal Mallet, no Paraná","A primeira perfuração de um poço para exploração petrolífera pelo Estado brasileiro foi feita em Marechal Mallet, no Paraná, nos anos 1919 e 1920.",1.0,1.0,"A primeira perfuração de um poço para exploração petrolífera pelo Estado brasileiro foi feita em Marechal Mallet, no Paraná, nos anos 1919 e 1920.",1.0,1.0,23,34,4
1536,Quem foi o presidente que criou o primeiro órgão brasileiro dedicado à Geologia?,SUCCESS,Afonso Augusto Penna,O presidente que criou o primeiro órgão brasileiro dedicado à Geologia foi Afonso Augusto Penna.,1.0,1.0,O presidente que criou o primeiro órgão brasileiro dedicado à Geologia foi Afonso Augusto Penna.,1.0,1.0,23,33,4
1537,Em que ano o Estado brasileiro investiu pela primeira vez na exploração petrolífera?,SUCCESS,1919 e 1920,O Estado brasileiro investiu pela primeira vez na exploração petrolífera nos anos 1919 e 1920.,1.0,1.0,O Estado brasileiro investiu pela primeira vez na exploração petrolífera nos anos de 1919 e 1920.,1.0,1.0,27,40,4
1538,Quem foi o geólogo que utilizou referências à deriva continental como argumentos?,SUCCESS,Euzébio de Oliveira,O geólogo que utilizou referências à deriva continental como argumentos foi Euzébio de Oliveira.,1.0,1.0,O geólogo que utilizou referências à deriva continental como argumentos foi Euzébio de Oliveira.,1.0,1.0,22,34,4
1539,Qual é o nome do órgão brasileiro dedicado à Geologia criado em 1907?,SUCCESS,Serviço Geológico e Mi-neralógico do Brasil.,O nome do órgão brasileiro dedicado à Geologia criado em 1907 é o Serviço Geológico e Mineralógico do Brasil.,1.0,1.0,O nome do órgão brasileiro dedicado à Geologia criado em 1907 é o Serviço Geológico e Mineralógico do Brasil.,1.0,1.0,22,29,3
1541,Quais são as duas ordens que não apresentam conteúdo de resolução suficientemente alto para permitir discriminar padrões de terminação de refletores sísmicos?,SUCCESS,4a e 5a ordens.,4ª e 5ª ordens.,1.0,1.0,As duas ordens que não apresentam conteúdo de resolução suficientemente alto para permitir discriminar padrões de terminação de refletores sísmicos são a 4ª e a 5ª ordens.,1.0,0.0,25,42,3
1542,O que não permite discriminar padrões de terminação de refletores sísmicos na 4a e 5a ordens?,SUCCESS,as seções sísmicas disponíveis,A baixa resolução das seções sísmicas disponíveis não permite discriminar padrões de terminação de refletores sísmicos na 4a e 5a ordens.,1.0,1.0,A baixa resolução das seções sísmicas disponíveis não permite discriminar padrões de terminação de refletores sísmicos na 4a e 5a ordens.,1.0,1.0,23,41,1
1543,Quais são as duas ordens que não apresentam conteúdo de resolução suficientemente alto para permitir discriminar padrões de terminação de refletores sísmicos?,SUCCESS,4a e 5a,As duas ordens que não apresentam conteúdo de resolução suficientemente alto para permitir discriminar padrões de terminação de refletores sísmicos são a 4ª e 5ª ordens.,1.0,1.0,4ª e 5ª ordens.,1.0,1.0,27,41,3
1544,"Qual foi a dificuldade de rastrear os refletores e marcadores de um rollover para outro, principalmente no sentido dlp?",SUCCESS,intensa halocinese,"A dificuldade em rastrear os refletores e marcadores de um rollover para outro, principalmente no sentido dlp, foi causada pela intensa halocinese e pela baixa resolução das seções sísmicas disponíveis, que dificultam a discriminação de padrões de terminação de refletores sísmicos.",0.5,0.5,"A dificuldade de rastrear os refletores e marcadores de um rollover para outro, principalmente no sentido dlp, foi devido à intensa halocinese no intervalo estratigráfico e à baixa resolução das seções sísmicas disponíveis, que impediram a discriminação de padrões de terminação de refletores sísmicos.",0.75,0.5,21,32,4
1545,O que não permite discriminar padrões de terminação de refletores sísmicos na 4a e 5a ordens?,SUCCESS,conteúdo de resolução suficientemente alto,A baixa resolução das seções sísmicas disponíveis não permite discriminar padrões de terminação de refletores sísmicos na 4a e 5a ordens.,1.0,1.0,A falta de resolução suficientemente alta das seções sísmicas não permite discriminar padrões de terminação de refletores sísmicos na 4a e 5a ordens.,1.0,1.0,19,24,3
1546,O que foi difícil de identificar?,SUCCESS,um arcabouço estratigráfico de alta frequência,"Foi difícil identificar os refletores e marcadores de um rollover para outro, principalmente no sentido dlp, devido à intensa halocinese e à baixa resolução das seções sísmicas disponíveis.",1.0,0.0,O difícil de identificar foi o rastreamento dos refletores e marcadores.,1.0,1.0,31,46,3
1547,O que as seções sísmicas disponíveis não permitiram discriminar?,SUCCESS,padrões de terminação de refletores sísmicos,As seções sísmicas disponíveis não permitiram discriminar padrões de terminação de refletores sísmicos na 4ª e 5ª ordens.,1.0,1.0,As seções sísmicas disponíveis não permitiram discriminar padrões de terminação de refletores sísmicos na 4a e 5a ordens.,1.0,1.0,18,29,3
1548,Em que ano Catunea - nu publicou seus estudos?,SUCCESS,2006,Catunea-nu não publicou seus estudos em 2009.,1.0,1.0,Catunea-nu não publicou seus estudos em 2009.,1.0,0.0,22,30,4
1549,O que foi responsável pelo rastreamento dos refletores e marcadores de um rollover para outro?,SUCCESS,intensa halocinese,O difícil rastreamento dos refletores e marcadores de um rollover para outro foi causado pela intensa halocinese e pela baixa resolução das seções sísmicas disponíveis.,1.0,1.0,O difícil rastreamento dos refletores e marcadores de um rollover para outro foi responsável.,0.0,1.0,19,31,3
1550,O que foi dificultado para traçar sequências de alta frequência?,SUCCESS,um arcabouço estratigráfico de alta frequência,"O rastreamento dos refletores e marcadores de um rollover para outro foi dificultado, principalmente devido à intensa halocinese e à baixa resolução das seções sísmicas disponíveis.",1.0,1.0,"A dificuldade para traçar sequências de alta frequência foi causada pelo difícil rastreamento dos refletores e marcadores de um rollover para outro, principalmente no sentido DLP, em um intervalo estratigráfico dominado por intensa halocinese, e pela baixa resolução das seções sísmicas disponíveis.",0.5,1.0,26,39,3
1551,O que foi dificultado para rastrear refletores e marcadores de um rollover para outro?,SUCCESS,arcabouço estratigráfico de alta frequência,O difícil rastreamento dos refletores e marcadores de um rollover para outro foi dificultado principalmente pelo intervalo estratigráfico dominado por intensa halocinese.,1.0,1.0,O difícil rastreamento dos refletores e marcadores de um rollover para outro foi dificultado principalmente devido à intensa halocinese e à baixa resolução das seções sísmicas disponíveis.,1.0,0.0,29,45,3
1552,O que as seções sísmicas disponíveis não permitem discriminar?,SUCCESS,padrões de terminação de refletores sísmicos,As seções sísmicas disponíveis não permitem discriminar padrões de terminação de refletores sísmicos nas 4a e 5a ordens.,1.0,1.0,As seções sísmicas disponíveis não permitem discriminar padrões de terminação de refletores sísmicos na 4a e 5a ordens.,1.0,1.0,29,40,4
1553,Quando Catunea - nu escreveu sobre a Estratigrafia Moderna?,SUCCESS,2006,"Catunea-nu escreveu sobre a Estratigrafia Moderna, como indicado pelas citações de 2006 e 2009 (Catunea-nu, 2006; Catuneanu et al. 2009). Portanto, a afirmação de que Catunea-nu não escreveu sobre o tema está incorreta.",1.0,1.0,"Catunea-nu escreveu sobre a Estratigrafia Moderna em 2006 (Catunea-nu, 2006).",1.0,1.0,22,27,1
1554,O que os autores modernos usaram para segui-la?,SUCCESS,Estratigrafia,Os autores modernos usaram superfícies transgressivas ou de afogamento para segui-la.,1.0,1.0,"Os autores modernos utilizaram superfícies transgressivas que recobrem os carbonatos de plataforma como limites de parassequências, ao invés de descontinuidades erosivas cíclicas, na implementação do arcabouço estratigráfico de alta frequência para a Sequência A, seguindo os preceitos da Moderna Estratigrafia.",1.0,0.6666666666666666,16,24,1
1555,O que foi dificultado para traçar sequências de alta frequência?,SUCCESS,rastreamento dos refletores e marcadores,"O rastreamento difícil dos refletores e marcadores entre rollovers, a intensa halocinese no intervalo estratigráfico e a baixa resolução das seções sísmicas dificultaram o traçado de sequências de alta frequência.",0.75,0.0,"O rastreamento difícil dos refletores e marcadores de um rollover para outro, a atividade intensa de halocinese e a falta de resolução suficientemente alta das seções sísmicas dificultaram o traçado de sequências de alta frequência.",0.5,1.0,20,32,2
1556,Quais são os preceitos utilizados para a utilização de um arcabouço estratigráfico de alta frequência na Sequência A?,SUCCESS,"Moderna Estratigrafia (Catunea-nu, 2006; Catuneanu et al. 2009, Hunt e Tucker, 1992; VanWagoner et al., 1988; Galloway, 1989; Posamentier e Allen, 1999)","Os preceitos utilizados para a utilização de um arcabouço estratigráfico de alta frequência na Sequência A incluem seguir a Moderna Estratigrafia (Catuneanu, 2006; Catuneanu et al., 2009; Hunt e Tucker, 1992; VanWagoner et al., 1988; Galloway, 1989; Posamentier e Allen, 1999), destacando superfícies transgressivas ou de afogamento sobre carbonatos de plataforma como limites de parassequências.",1.0,1.0,"Os preceitos utilizados para a utilização de um arcabouço estratigráfico de alta frequência na Sequência A são baseados nos princípios da Moderna Estratigrafia, conforme discutido por Catunea-nu, Catuneanu et al., Hunt e Tucker, VanWagoner et al., Galloway, e Posamentier e Allen. No entanto, a aplicação desses preceitos enfrenta desafios devido a dificuldades no rastreamento de refletores e marcadores e à baixa resolução das seções sísmicas disponíveis, optando-se pelo uso de superfícies transgressivas ou de afogamento como limites de parassequências.",0.6,1.0,21,34,3
1557,Por que a utilização de um arcabouço estratigráfico de alta frequência para a Sequência A foi dificultada?,SUCCESS,"pelo difícil rastreamento dos refletores e marcadores de um rollover para outro, principalmente no sentido dlp, em um intervalo estratigráfico dominado por intensa halocinese","A utilização de um arcabouço estratigráfico de alta frequência para a Sequência A foi dificultada pelo difícil rastreamento dos refletores e marcadores de um rollover para outro, principalmente devido à intensa halocinese e à baixa resolução das seções sísmicas disponíveis. Além disso, as descontinuidades erosivas não ocorrem de forma cíclica nos canais incisos nos poços analisados.",1.0,0.5,"A utilização de um arcabouço estratigráfico de alta frequência para a Sequência A foi dificultada devido ao difícil rastreamento dos refletores e marcadores de um rollover para outro, principalmente em um intervalo estratigráfico dominado por intensa halocinese. Além disso, as seções sísmicas disponíveis não apresentavam resolução suficientemente alta para discriminar padrões de terminação de refletores sísmicos nas 4a e 5a ordens.",1.0,0.5,23,30,2
1558,O que as seções sísmicas disponíveis não apresentam para permitir discriminar padrões de terminação de refletores sísmicos na 4a e 5a ordens?,SUCCESS,conteúdo de resolução suficientemente alto,As seções sísmicas disponíveis não apresentam resolução suficientemente alta para permitir discriminar padrões de terminação de refletores sísmicos na 4a e 5a ordens.,1.0,1.0,As seções sísmicas disponíveis não apresentam resolução suficientemente alta para permitir discriminar padrões de terminação de refletores sísmicos na 4a e 5a ordens.,0.5,1.0,21,37,3
1559,Por que as descontinuidades erosivas registradas nos canais incisos não puderam ser utilizadas como superfícies delimitadoras de sequências de alta frequência?,SUCCESS,"não ocorrem, nos poços analisados, de forma cíclica, impossibilitando sua utilização como superfícies delimitadoras de sequências de alta frequência",As descontinuidades erosivas nos canais incisos não puderam ser usadas como superfícies delimitadoras de sequências de alta frequência porque nos poços analisados elas não ocorrem de forma cíclica.,1.0,1.0,"As descontinuidades erosivas registradas nos canais incisos não puderam ser utilizadas como superfícies delimitadoras de sequências de alta frequência porque, nos poços analisados, essas descontinuidades não ocorrem de forma cíclica.",1.0,1.0,19,32,4
1560,"O que foi utilizado como limites de parassequências, compostas por uma sucessão basal transgressiva e uma sucessão superior regressiva?",SUCCESS,as superfícies transgressivas ou de afogamento que recobrem os carbonatos de plataforma,Superfícies transgressivas ou de afogamento foram utilizadas como limites de parassequências.,1.0,1.0,"As superfícies transgressivas ou de afogamento foram utilizadas como limites de parassequências, compostas por uma sucessão basal transgressiva e uma sucessão superior regressiva.",1.0,1.0,19,27,3
1561,Quais autores são citados como preceitos da Moderna Estratigrafia?,SUCCESS,"Catunea-nu, 2006; Catuneanu et al. 2009, Hunt e Tucker, 1992; VanWagoner et al., 1988; Galloway, 1989; Posamentier e Allen, 1999","Os autores citados como preceitos da Moderna Estratigrafia são Catunea-nu, Catuneanu et al., Hunt e Tucker, VanWagoner et al., Galloway, e Posamentier e Allen.",1.0,1.0,"Os autores citados como preceitos da Moderna Estratigrafia são Catunea-nu, 2006; Catuneanu et al., 2009; Hunt e Tucker, 1992; VanWagoner et al., 1988; Galloway, 1989; Posamentier e Allen, 1999.",1.0,1.0,33,46,3
1562,O que dificultou a utilização de um arcabouço estratigráfico de alta frequência para a Sequência A?,SUCCESS,"o difícil rastreamento dos refletores e marcadores de um rollover para outro, principalmente no sentido dlp, em um intervalo estratigráfico dominado por intensa halocinese","A utilização de um arcabouço estratigráfico de alta frequência para a Sequência A foi dificultada pelo difícil rastreamento dos refletores e marcadores de um rollover para outro em um intervalo dominado por halocinese intensa e pela baixa resolução das seções sísmicas, que não permitiu discriminar padrões de terminação de refletores sísmicos nas 4a e 5a ordens.",1.0,1.0,"A utilização de um arcabouço estratigráfico de alta frequência para a Sequência A foi dificultada pelo difícil rastreamento dos refletores e marcadores de um rollover para outro em um intervalo estratigráfico dominado por intensa halocinese e pela baixa resolução das seções sísmicas, que impediu a identificação clara de padrões sísmicos de terminação.",1.0,1.0,24,33,3
1563,O que poderia auxiliar na determinação das principais superfícies estratigráficas correlativas às flutuações do nível de base?,SUCCESS,padrões de terminação de refletores sísmicos na 4a e 5a ordens,"Padrões de terminação de refletores sísmicos, se perceptíveis, poderiam auxiliar na determinação das principais superfícies estratigráficas correlativas às flutuações do nível de base.",1.0,0.0,"Os padrões de terminação de refletores sísmicos, se perceptíveis, poderiam auxiliar na determinação das principais superfícies estratigráficas correlativas às flutuações do nível de base, permitindo um estudo sismoestratigráfico mais apurado.",0.5,0.0,18,33,3
1564,O que não ocorrem de forma cíclica nos poços analisados?,SUCCESS,descontinuidades erosivas registradas nos canais incisos,"Nos poços analisados, as descontinuidades erosivas registradas nos canais incisos não ocorrem de forma cíclica.",1.0,1.0,"Nos poços analisados, as descontinuidades erosivas registradas nos canais incisos, que poderiam indicar exposições subaéreas de alta frequência, não ocorrem de forma cíclica.",1.0,1.0,22,31,3
1565,O que foram usadas como limites de parassequências?,SUCCESS,superfícies transgressivas ou de afogamento que recobrem os carbonatos de plataforma,As superfícies transgressivas ou de afogamento foram usadas como limites de parassequências.,1.0,1.0,As superfícies transgressivas ou de afogamento foram usadas como limites de parassequências.,1.0,1.0,24,36,4
1566,Qual é a parte mais superior da Formação Pendência?,SUCCESS,a Seqüência K40,A parte mais superior da Formação Pendência é a Seqüência K40.,1.0,1.0,A parte mais superior da Formação Pendência é a Seqüência K40.,1.0,1.0,19,28,3
1567,Qual é a seção mais superior da Formação Pendência?,SUCCESS,a Seqüência K40,A seção mais superior da Formação Pendência é a Seqüência K40.,1.0,1.0,A seção mais superior da Formação Pendência é a Seqüência K40.,1.0,1.0,22,34,5
1568,Qual sistema é o limite proximal de ocorrência da Seqüência K40?,SUCCESS,sistema de falhas de Pescada,O sistema de falhas de Pescada constitui o limite proximal de ocorrência da Seqüência K40.,1.0,1.0,O sistema de falhas de Pescada constitui o limite proximal de ocorrência da Seqüência K40.,1.0,1.0,18,28,3
1569,Quando começa a deposição da megasseqüência proto-oceânica?,SUCCESS,Neo-aptiano,A deposição da megasseqüência proto-oceânica começa a partir do Neo-aptiano.,1.0,1.0,A deposição da megasseqüência proto-oceânica começa no Neo-aptiano.,1.0,1.0,16,26,5
1570,Qual sistema é o limite proximal de ocorrência da seqüência K40?,SUCCESS,O sistema de falhas de Pescada,O sistema de falhas de Pescada constitui o limite proximal de ocorrência da Seqüência K40.,1.0,1.0,O sistema de falhas de Pescada constitui o limite proximal de ocorrência da seqüência K40.,1.0,1.0,17,25,3
1571,Em que período começa a deposição da megasseqüência proto - oceânica?,SUCCESS,Neo-aptiano,A deposição da megasseqüência proto-oceânica começa no Neo-aptiano.,1.0,1.0,A deposição da megasseqüência proto-oceânica começa no Neo-aptiano.,1.0,1.0,21,32,3
1572,Qual é a direção geral do sistema de falhas de Pescada?,SUCCESS,WNW-ESE,A direção geral do sistema de falhas de Pescada é WNW-ESE.,1.0,1.0,A direção geral do sistema de falhas de Pescada é WNW-ESE.,1.0,1.0,19,30,3
1573,Quais são os materiais da Seqüência K40?,SUCCESS,arenitos grossos e pelitos,A Seqüência K40 é composta por arenitos grossos e pelitos de um sistema flúvio-deltaico-lacustrino.,0.6666666666666666,1.0,Os materiais da Seqüência K40 são arenitos grossos e pelitos.,1.0,1.0,20,30,4
1574,O que está geneticamente relacionado à atividade da Seqüência K40?,SUCCESS,aumento da taxa de subsidência,A atividade da Seqüência K40 está geneticamente relacionada a um aumento da taxa de subsidência no final da fase de rifteamento da bacia.,0.5,1.0,A atividade da Seqüência K40 está geneticamente relacionada ao aumento da taxa de subsidência no final da fase de rifteamento da bacia.,0.5,1.0,22,37,3
1575,Qual é o tipo de rocha que inicia a deposição da megasseqüência proto - oceânica?,SUCCESS,Neo-aptiano,O tipo de rocha que inicia a deposição da megasseqüência proto-oceânica é uma forte discordância angular.,1.0,0.0,A deposição da megasseqüência proto-oceânica inicia-se com a Seqüência K50.,0.0,1.0,24,35,3
1577,Quais são as duas rochas que constituem a Seqüência K40?,SUCCESS,arenitos grossos e pelitos,As duas rochas que constituem a Seqüência K40 são arenitos grossos e pelitos.,1.0,1.0,As duas rochas que constituem a Seqüência K40 são arenitos grossos e pelitos.,1.0,1.0,17,28,5
1578,A que está geneticamente relacionada a atividade da Seqüência K40?,SUCCESS,aumento da taxa de subsidência,A atividade da Seqüência K40 está geneticamente relacionada a um aumento da taxa de subsidência no final da fase de rifteamento da bacia.,1.0,0.0,A atividade da Seqüência K40 está geneticamente relacionada a um aumento da taxa de subsidência no final da fase de rifteamento da bacia.,1.0,1.0,20,38,4
1579,A que está geneticamente relacionada a atividade da Seqüência K40?,SUCCESS,um aumento da taxa de subsidência,A atividade da Seqüência K40 está geneticamente relacionada a um aumento da taxa de subsidência no final da fase de rifteamento da bacia.,1.0,0.0,A atividade da Seqüência K40 está geneticamente relacionada à Falha de Pescada.,0.0,1.0,19,28,3
1580,O que constitui a parte mais superior da Formação Pendência?,SUCCESS,A Seqüência K40,A parte mais superior da Formação Pendência é constituída pela Seqüência K40.,1.0,1.0,A parte mais superior da Formação Pendência é constituída pela Seqüência K40.,1.0,1.0,19,32,3
1582,O que preenche o sistema de falhas de Pescada?,SUCCESS,"sistemas deposicionais continentais, dominados por leques aluviais e sistemas fluviais de alta energia","O sistema de falhas de Pescada é preenchido por sistemas deposicionais continentais, dominados por leques aluviais e sistemas fluviais de alta energia, com bancos carbonáticos restritos.",1.0,0.0,"O sistema de falhas de Pescada é preenchido por depósitos fluviais de alta energia e leques aluviais, com bancos carbonáticos restritos, conhecidos como Formação Pescada.",1.0,1.0,16,26,2
1583,Qual é a unidade litoestratigráfica correspondente à seção de rochas dominada por sistemas deposicionais continentais?,SUCCESS,Formação Pescada,A unidade litoestratigráfica correspondente à seção de rochas dominada por sistemas deposicionais continentais é a Formação Pescada.,1.0,0.0,"A unidade litoestratigráfica correspondente à seção de rochas dominada por sistemas deposicionais continentais é a ""Formação Pescada"".",1.0,1.0,19,28,3
1584,Quando inicia-se a deposição da megasseqüência proto-oceânica?,SUCCESS,A partir do Neo-aptiano,A deposição da megasseqüência proto-oceânica inicia-se a partir do Neo-aptiano.,1.0,1.0,A deposição da megasseqüência proto-oceânica inicia-se no Neo-aptiano.,1.0,1.0,20,30,2
1585,Qual é a direção geral das falhas de Pescada?,SUCCESS,direção geral WNW-ESE,A direção geral das falhas de Pescada é WNW-ESE.,1.0,1.0,A direção geral das falhas de Pescada é WNW-ESE.,1.0,1.0,20,30,2
1586,O que é a Seqüência K40?,SUCCESS,"A Seqüência K40 é constituída por uma cunha clástica sintectônica, reconhecida inicialmente no bloco baixo da Falha de Pescada, cuja atividade está geneticamente relacionada a um aumento da taxa de subsidência no final da fase de rifteamento da bacia.","A Seqüência K40 é a parte mais superior da Formação Pendência, composta por arenitos grossos e pelitos de um sistema flúvio-deltaico-lacustrino, formando uma cunha clástica sintectônica relacionada à atividade tectônica no final da fase de rifteamento da bacia.",1.0,1.0,"A Seqüência K40 é a parte mais superior da Formação Pendência, composta por arenitos grossos e pelitos de um sistema flúvio-deltaico-lacustrino. É uma cunha clástica sintectônica inicialmente reconhecida no bloco baixo da Falha de Pescada, associada a um aumento da taxa de subsidência no final da fase de rifteamento da bacia.",1.0,1.0,20,29,3
1587,Quais são os sistemas deposicionais continentais que preenchem o sedimentar da Seqüência K40?,SUCCESS,"sistemas deposicionais continentais, dominados por leques aluviais e sistemas fluviais de alta energia, com bancos carbonáticos restritos.","Os sistemas deposicionais continentais que preenchem o sedimentar da Seqüência K40 são leques aluviais e sistemas fluviais de alta energia, com bancos carbonáticos restritos.",1.0,1.0,"Os sistemas deposicionais continentais que preenchem o sedimentar da Sequência K40 são dominados por leques aluviais e sistemas fluviais de alta energia, com bancos carbonáticos restritos.",0.75,0.0,18,24,3
1588,Qual é a unidade litoestratigráfica que corresponde à seção de rochas da Seqüência K40?,SUCCESS,Formação Pescada,A unidade litoestratigráfica que corresponde à seção de rochas da Seqüência K40 é a Formação Pescada.,0.5,0.0,A unidade litoestratigráfica que corresponde à seção de rochas da Seqüência K40 é a Formação Pescada.,1.0,0.0,17,25,3
1632,O que causou o processo de dobramento por deslizamento flexural?,SUCCESS,anisotropia mecânica,"O processo de dobramento por deslizamento flexural foi causado pela anisotropia mecânica entre as camadas, com a deformação concentrando-se em níveis de folhelhos e siltitos, intercalados a arenitos.",0.6666666666666666,1.0,"O processo de dobramento por deslizamento flexural foi causado pela anisotropia mecânica entre as camadas, com a deformação concentrando-se em níveis de folhelhos e siltitos intercalados a arenitos.",0.5,1.0,21,33,3
1633,Qual foi a principal característica da região de charneira?,SUCCESS,"flexural slip e buckling, sensu Park, 1989; fig. 15).","A principal característica da região de charneira foi a resposta homogênea do material, onde prevaleceu o mecanismo de flambagem e houve nucleação de falhas reversas até atingir o ponto de ruptura.",0.6666666666666666,1.0,"A principal característica da região de charneira foi a prevalência do mecanismo de flambagem (buckling), indicando uma resposta homogênea do material com a nucleação de falhas reversas.",0.6666666666666666,0.0,19,29,3
1634,Que mecanismo predomina nos flancos das dobras?,SUCCESS,mecanismos de deslizamento flexural,Nos flancos das dobras predomina o mecanismo de deslizamento flexural.,1.0,1.0,O mecanismo que predomina nos flancos das dobras é o deslizamento flexural.,1.0,1.0,23,34,2
1636,Em que região de dobras predomina o mecanismo de flambagem?,SUCCESS,charneira,Na região de charneira das dobras predomina o mecanismo de flambagem.,1.0,1.0,Na região de charneira das dobras predomina o mecanismo de flambagem.,1.0,1.0,24,37,4
1637,O que ocorreu em conseqüência da anisotropia mecânica entre camadas?,SUCCESS,O processo de dobramento por deslizamento flexural,Ocorreu que a deformação se concentrou em níveis de folhelhos e siltitos intercalados a arenitos.,1.0,1.0,"A anisotropia mecânica entre as camadas resultou no mecanismo de dobramento por deslizamento flexural, concentrando a deformação em níveis de folhelhos e siltitos intercalados a arenitos. Isso levou à nucleação das dobras F1 e uma rotação horária durante o deslizamento flexural.",1.0,1.0,27,42,2
1638,Onde se concentra a deformação?,SUCCESS,"níveis de folhelhos e siltitos, intercalados a arenitos",A deformação se concentra em níveis de folhelhos e siltitos intercalados a arenitos.,1.0,1.0,A deformação se concentra nos níveis de folhelhos e siltitos intercalados a arenitos.,1.0,1.0,19,28,3
1639,O que foi conseqüência da anisotropia mecânica entre camadas?,SUCCESS,processo de dobramento por deslizamento flexural,"A anisotropia mecânica entre camadas resultou no processo de dobramento por deslizamento flexural, com a deformação concentrando-se em níveis de folhelhos e siltitos, intercalados a arenitos.",0.6666666666666666,1.0,"A consequência da anisotropia mecânica entre camadas foi o processo de dobramento por deslizamento flexural, onde a deformação se concentrou em níveis de folhelhos e siltitos, intercalados a arenitos.",0.6666666666666666,1.0,17,27,3
1641,O que revela que a deformação atingiu o ponto de ruptura?,SUCCESS,a nucleação de falhas reversas,A nucleação de falhas reversas revela que a deformação atingiu o ponto de ruptura.,1.0,1.0,A nucleação de falhas reversas revela que a deformação atingiu o ponto de ruptura.,1.0,1.0,23,35,3
1642,O que indica a relação angular entre os indicadores cinemáticos nas superfícies de deslizamento e os eixos das dobras F1?,SUCCESS,a atuação de uma componente de rotação horária,A relação angular indica a atuação de uma componente de rotação horária durante o deslizamento flexural ou após a nucleação das dobras F1.,0.3333333333333333,1.0,"A relação angular entre os indicadores cinemáticos nas superfícies de deslizamento e os eixos das dobras F1 indica a atuação de uma componente de rotação horária durante o fenômeno de deslizamento flexural. Alternativamente, essa rotação pode ter ocorrido após a nucleação das dobras F1.",1.0,1.0,15,22,3
1643,O que a relação angular entre os indicadores cinemáticos nas superfícies de deslizamento e os eixos das dobras indica?,SUCCESS,uma componente de rotação horária,A relação angular entre os indicadores cinemáticos nas superfícies de deslizamento e os eixos das dobras indica a atuação de uma componente de rotação horária durante o fenômeno de deslizamento flexural.,1.0,1.0,A relação angular entre os indicadores cinemáticos nas superfícies de deslizamento e os eixos das dobras F1 indica uma componente de rotação horária durante o deslizamento flexural. Esta rotação também pode ter ocorrido após a nucleação das dobras F1.,1.0,0.5,21,38,5
1645,Em que região das dobras predomina a flambagem?,SUCCESS,charneira,Na região de charneira das dobras.,1.0,1.0,Na região de charneira prevalece a flambagem.,1.0,1.0,15,25,2
1646,O que foi conseqüência da anisotropia mecânica entre camadas?,SUCCESS,O processo de dobramento por deslizamento flexural,"A consequência da anisotropia mecânica entre camadas foi o dobramento por deslizamento flexural, concentrando a deformação em níveis de folhelhos e siltitos intercalados a arenitos.",1.0,1.0,O processo de dobramento por deslizamento flexural foi a conseqüência da anisotropia mecânica entre as camadas.,1.0,1.0,25,42,4
1653,Qual foi o mecanismo de deslizamento dominante nas dobras?,SUCCESS,mecanismos de deslizamento flexural,O mecanismo de deslizamento dominante nas dobras foi o deslizamento flexural.,1.0,1.0,"O mecanismo de deslizamento dominante nas dobras foi o ""deslizamento flexural"" nos flancos das dobras e a ""flambagem"" na região de charneira.",1.0,1.0,22,31,1
1654,Em que região de dobras predomina o mecanismo de flambagem?,SUCCESS,região de charneira,Na região de charneira das dobras predomina o mecanismo de flambagem.,1.0,1.0,Na região de charneira das dobras predomina o mecanismo de flambagem.,1.0,1.0,20,32,2
1655,O que ocorreu em conseqüência da anisotropia mecânica entre camadas?,SUCCESS,processo de dobramento por deslizamento flexural,"Ocorreu um processo de dobramento por deslizamento flexural, com a deformação concentrando-se em níveis de folhelhos e siltitos, intercalados a arenitos.",1.0,1.0,"Em consequência da anisotropia mecânica entre camadas, ocorreu o mecanismo de dobramento por deslizamento flexural, concentrando a deformação em níveis de folhelhos e siltitos, e o mecanismo de flambagem na região de charneira das dobras.",1.0,0.0,22,35,3
1656,Onde se concentra a deformação?,SUCCESS,níveis de folhelhos e siltitos,A deformação se concentra em níveis de folhelhos e siltitos intercalados a arenitos e próximo à zona de charneira das dobras.,1.0,0.0,"A deformação se concentra em níveis de folhelhos e siltitos, intercalados a arenitos, e na zona de charneira das dobras.",1.0,0.0,19,28,4
1658,O que revela que a deformação atingiu o ponto de ruptura?,SUCCESS,falhas reversas,A nucleação de falhas reversas revela que a deformação atingiu o ponto de ruptura.,1.0,1.0,A nucleação de falhas reversas revela que a deformação atingiu o ponto de ruptura.,1.0,1.0,19,28,3
1659,Qual foi o mecanismo predominante nos flancos das dobras?,SUCCESS,mecanismos de deslizamento flexural,O mecanismo predominante nos flancos das dobras foi o deslizamento flexural.,1.0,1.0,O mecanismo predominante nos flancos das dobras foi o deslizamento flexural.,1.0,1.0,20,29,5
1664,Qual a relação angular entre os indicadores cinemáticos nas superfícies de deslizamento e os eixos das dobras F1?,SUCCESS,indica a atuação de uma componente de rotação horária durante o fenômeno de deslizamento flexural,A relação angular indica a atuação de uma componente de rotação horária durante o deslizamento flexural das dobras F1.,1.0,1.0,A relação angular entre os indicadores cinemáticos nas superfícies de deslizamento e os eixos das dobras F1 indica a atuação de uma componente de rotação horária durante o fenômeno de deslizamento flexural.,0.6666666666666666,1.0,24,39,3
1665,O que foi consequência da anisotropia mecânica entre as camadas no processo de dobramento por deslizamento flexural?,SUCCESS,"a deformação concentrando-se em níveis de folhelhos e siltitos, intercalados a arenitos","A consequência da anisotropia mecânica entre as camadas no processo de dobramento por deslizamento flexural foi a concentração da deformação em níveis de folhelhos e siltitos, intercalados a arenitos.",1.0,1.0,"A consequência da anisotropia mecânica entre as camadas no processo de dobramento por deslizamento flexural foi a concentração da deformação em níveis de folhelhos e siltitos, intercalados a arenitos.",1.0,1.0,21,36,3
1666,O que indica o mecanismo de flambagem em relação à resposta do material próximo à zona de charneira das dobras?,SUCCESS,uma resposta homogênea do material próximo à zona de charneira das dobras,"O mecanismo de flambagem indica uma resposta homogênea do material próximo à zona de charneira das dobras, com a deformação atingindo o ponto de ruptura e a nucleação de falhas reversas.",0.6666666666666666,1.0,"O mecanismo de flambagem indica uma resposta homogênea do material próximo à zona de charneira das dobras, com a nucleação de falhas reversas revelando ter a deformação atingido o ponto de ruptura.",1.0,1.0,21,33,4
1668,Quais mecanismos de dobramento predominaram nos flancos das dobras?,SUCCESS,mecanismos de deslizamento flexural,Nos flancos das dobras predominaram mecanismos de deslizamento flexural.,1.0,1.0,"Nos flancos das dobras, predominaram os mecanismos de deslizamento flexural.",1.0,1.0,15,26,3
1669,O que prevaleceu na região de charneira das dobras?,SUCCESS,flambagem,Na região de charneira das dobras prevaleceu a flambagem.,1.0,1.0,"Na região de charneira das dobras, prevaleceu a flambagem.",1.0,1.0,26,34,2
1670,O que é indicado pela relação angular entre os indicadores cinemáticos nas superfícies de deslizamento e os eixos das dobras F1?,SUCCESS,a atuação de uma componente de rotação horária durante o fenômeno de deslizamento flexural,A relação angular indica a atuação de uma componente de rotação horária durante o deslizamento flexural.,1.0,1.0,"A relação angular entre os indicadores cinemáticos nas superfícies de deslizamento e os eixos das dobras F1 indica uma componente de rotação horária durante o deslizamento flexural, ou que essa rotação ocorreu após a nucleação das dobras F1.",0.5,1.0,19,32,3
1672,O que é conseqüência da anisotropia mecânica entre as camadas?,SUCCESS,o processo de dobramento por deslizamento flexural,"A conseqüência da anisotropia mecânica entre as camadas é o dobramento por deslizamento flexural, com a deformação concentrando-se em níveis de folhelhos e siltitos.",1.0,1.0,"A consequência da anisotropia mecânica entre as camadas é o dobramento por deslizamento flexural, com a deformação concentrando-se em níveis de folhelhos e siltitos, intercalados a arenitos.",0.5,1.0,16,25,1
1673,O que é muito raro em outros ambientes sedimentares antigos?,SUCCESS,a infiltração mecânica de argilas,A infiltração mecânica de argilas é muito rara em outros ambientes sedimentares antigos.,1.0,0.0,A infiltração mecânica de argilas.,1.0,1.0,21,34,2
1675,Quem identificou cutículas de argila e hematita em arenitos de duna e wadi do Permiano do Mar do Norte como acumuladas por infiltração mecânica?,SUCCESS,KESSLER,KESSLER identificou cutículas de argila e hematita em arenitos de duna e wadi do Permiano do Mar do Norte como acumuladas por infiltração mecânica.,1.0,1.0,Kessler identificou cutículas de argila e hematita em arenitos de duna e wadi do Permiano do Mar do Norte como acumuladas por infiltração mecânica.,1.0,1.0,5,5,0
1676,Qual é o teor de argila infiltrada em depósitos terciários e pleistocênicos do Sudoeste americano?,SUCCESS,10 a 20%,Os depósitos terciários e pleistocênicos do Sudoeste americano contêm comumente de 10 a 20% de argilas infiltradas.,1.0,1.0,Os depósitos terciários e pleistocênicos do Sudoeste americano contêm comumente de 10 a 20% de argilas infiltradas.,1.0,1.0,22,33,3
1678,Quem identificou cutículas de argila e hematita no arenito do Mar do Norte como sendo infiltradas?,SUCCESS,KESSLER,KESSLER identificou cutículas de argila e hematita no arenito do Mar do Norte como sendo infiltradas.,0.6666666666666666,1.0,Kessler identificou cutículas de argila e hematita no arenito do Mar do Norte como sendo infiltradas.,1.0,1.0,26,47,3
1680,O que é muito raro em outros ambientes sedimentares antigos?,SUCCESS,infiltração mecânica de argilas,A infiltração mecânica de argilas.,1.0,1.0,A infiltração mecânica de argilas é muito rara e superficial em outros ambientes sedimentares antigos.,0.5,1.0,21,33,4
1681,Que processo é raro e superficial?,SUCCESS,infiltração mecânica,O processo que é raro e superficial é a infiltração mecânica de argilas em ambientes sedimentares antigos.,0.5,0.0,"O processo raro e superficial mencionado no contexto é a ""infiltração mecânica de argilas em outros ambientes sedimentares antigos.",1.0,0.0,28,47,4
1682,Em que região estão localizadas as ilhas de barreira?,SUCCESS,Terciário da Costa do Golfo,As ilhas de barreira estão localizadas no Terciário da Costa do Golfo.,1.0,1.0,As ilhas de barreira estão localizadas na região do Terciário da Costa do Golfo.,1.0,1.0,21,34,4
1683,Que porcentagem de argilas infiltradas existem nos depósitos terciários e pleistocênicos do Sudoeste americano?,SUCCESS,10 a 20%,Os depósitos terciários e pleistocênicos do Sudoeste americano contêm comumente de 10 a 20% de argilas infiltradas.,1.0,1.0,Os depósitos terciários e pleistocênicos do Sudoeste americano contêm comumente de 10 a 20% de argilas infiltradas.,1.0,1.0,25,36,3
1684,Onde estão localizadas as cutículas de argila e hematita que KESSLER identificou como acumuladas por infiltração mecânica?,SUCCESS,Permiano do Mar do Norte,As cutículas de argila e hematita identificadas por KESSLER estão localizadas em arenitos de duna e wadi do Permiano do Mar do Norte.,1.0,1.0,As cutículas de argila e hematita identificadas por KESSLER estão localizadas em arenitos de duna e wadi do Permiano do Mar do Norte.,0.5,1.0,22,31,2
1685,"O que promove modificações marcantes na textura, mineralogia e composição química dos sedimentos?",SUCCESS,processo de infiltração mecânica,"O processo de infiltração mecânica promove modificações marcantes na textura, mineralogia e composição química dos sedimentos.",1.0,1.0,"O processo de infiltração mecânica promove modificações marcantes na textura, mineralogia e composição química dos sedimentos.",1.0,1.0,26,35,3
1686,O que é raro em outros ambientes sedimentares antigos?,SUCCESS,infiltração mecânica,Infiltração mecânica de argilas é rara e superficialmente mencionada em outros ambientes sedimentares antigos.,1.0,1.0,A infiltração mecânica de argilas é rara em outros ambientes sedimentares antigos.,1.0,0.0,17,27,4
1687,Em que área de arenitos estão localizados algumas das argilas infiltradas?,SUCCESS,Terciário da Costa do Golfo,As argilas infiltradas estão localizadas em arenitos depositados em deltas e ilhas de barreira no Terciário da Costa do Golfo.,0.6,1.0,As argilas infiltradas estão localizadas em arenitos depositados em deltas e ilhas de barreira no Terciário da Costa do Golfo e em arenitos de duna e wadi do Permiano do Mar do Norte.,1.0,1.0,16,22,3
1688,Que porcentagem de argilas infiltradas os depósitos terciários e pleistocênicos do Sudoeste americano contêm?,SUCCESS,10 a 20%,Os depósitos terciários e pleistocênicos do Sudoeste americano contêm comumente de 10 a 20% de argilas infiltradas.,1.0,1.0,Os depósitos terciários e pleistocênicos do Sudoeste americano contêm comumente de 10 a 20% de argilas infiltradas.,1.0,1.0,21,35,5
1690,"Qual processo promove modificações marcantes na textura, mineralogia e composição química dos sedimentos onde atua?",SUCCESS,processo de infiltração mecânica,"O processo que promove modificações marcantes na textura, mineralogia e composição química dos sedimentos é a infiltração mecânica.",1.0,1.0,"O processo que promove modificações marcantes na textura, mineralogia e composição química dos sedimentos é a infiltração mecânica de argilas.",0.75,1.0,21,34,3
1691,Que processo é raro e superficial?,SUCCESS,infiltração mecânica de argilas,"O processo raro e superficial mencionado é a ""infiltração mecânica de argilas"" em ambientes sedimentares antigos.",1.0,0.0,"O processo raro e superficial mencionado é a ""infiltração mecânica de argilas em outros ambientes sedimentares antigos"".",1.0,1.0,13,18,0
1692,O que é raro em outros ambientes sedimentares antigos?,SUCCESS,infiltração mecânica de argilas,Infiltração mecânica de argilas é rara e superficialmente referida em outros ambientes sedimentares antigos.,0.5,1.0,A infiltração mecânica de argilas em outros ambientes sedimentares antigos é rara e superficial.,1.0,0.0,24,37,3
1695,"Segundo WALKER et alii, qual a porcentagem comum de argilas infiltradas nos depósitos terciários e pleistocênicos do Sudoeste americano?",SUCCESS,de 10 a 20%,"Segundo WALKER et alii, os depósitos terciários e pleistocênicos do Sudoeste americano contêm comumente de 10 a 20% de argilas infiltradas.",1.0,1.0,"Segundo WALKER et alii, os depósitos terciários e pleistocênicos do Sudoeste americano comumente contêm de 10 a 20% de argilas infiltradas.",1.0,1.0,20,33,2
1696,O que a infiltração mecânica promove nos sedimentos onde atua?,SUCCESS,"modificações marcantes na textura, mineralogia e composição química dos sedimentos","A infiltração mecânica promove modificações marcantes na textura, mineralogia e composição química dos sedimentos onde atua.",1.0,1.0,"A infiltração mecânica promove modificações marcantes na textura, mineralogia e composição química dos sedimentos onde atua.",1.0,1.0,17,23,2
1697,Qual a melhor ferramenta para identificar e descrever argilas mecanicamente infiltradas em sedimentos antigos?,SUCCESS,análise de lâminas delgadas,A melhor ferramenta para identificar e descrever argilas mecanicamente infiltradas em sedimentos antigos é a análise de lâminas delgadas.,1.0,1.0,The best tool for identifying and describing mechanically infiltrated clays in ancient sediments is the analysis of thin sections.,1.0,1.0,20,29,3
1699,Quais são os depósitos que LOUCKS et alii invocam para explicar os day coats presentes em alguns arenitos?,SUCCESS,"depositados em deltas e ilhas de barreira no Terciário da Costa do Golfo,",LOUCKS et alii invocam depósitos em deltas e ilhas de barreira no Terciário da Costa do Golfo para explicar os day coats presentes em alguns arenitos.,1.0,1.0,Os depósitos que LOUCKS et alii invocam para explicar os day coats presentes em alguns arenitos são aqueles formados em deltas e ilhas de barreira no Terciário da Costa do Golfo.,1.0,1.0,22,40,3
1700,O que KESSLER identifica em arenitos de duna e wadi do Permiano do Mar do Norte?,SUCCESS,cutículas de argila e hematita,KESSLER identifica cutículas de argila e hematita em arenitos de duna e wadi do Permiano do Mar do Norte como acumuladas por infiltração mecânica.,1.0,1.0,KESSLER identifica cutículas de argila e hematita em arenitos de duna e wadi do Permiano do Mar do Norte como acumuladas por infiltração mecânica.,1.0,1.0,23,37,3
1701,"De acordo com WALKER et alii, quais são os depósitos que contêm comumente de 10 a 20% de argilas infiltradas?",SUCCESS,depósitos terciários e pleistocênicos do Sudoeste americano,"De acordo com WALKER et alii, os depósitos terciários e pleistocênicos do Sudoeste americano contêm comumente de 10 a 20% de argilas infiltradas.",1.0,1.0,"De acordo com WALKER et alii, os depósitos que comumente contêm de 10 a 20% de argilas infiltradas são os depósitos terciários e pleistocênicos do Sudoeste americano.",1.0,1.0,18,30,3
1702,O que o processo de infiltração mecânica promove nos sedimentos onde atua?,SUCCESS,"modificações marcantes na textura, mineralogia e composição química dos sedimentos","O processo de infiltração mecânica promove modificações marcantes na textura, mineralogia e composição química dos sedimentos onde atua.",1.0,1.0,"O processo de infiltração mecânica promove modificações marcantes na textura, mineralogia e composição química dos sedimentos onde atua.",1.0,1.0,23,39,3
1703,Qual é a porcentagem de receitas bruta dos campos que pagam Participação Especial?,SUCCESS,1%,A porcentagem de receita bruta dos campos que pagam Participação Especial é de 1%.,1.0,0.0,1% da receita bruta dos campos que pagam Participação Especial é destinada a Pesquisa e Desenvolvimento.,1.0,1.0,23,34,4
1704,"O que constitui um grande desafio para a Agência Nacional do Petróleo, Gás Natural e Biocombustíveis?",SUCCESS,grande desafio para o nosso País a melhoria do conhecimento sobre as 29 bacias sedimentares que apresentam interesse para a indústria de petróleo e gás natural.,"Um grande desafio para a Agência Nacional do Petróleo, Gás Natural e Biocombustíveis é a melhoria do conhecimento sobre as 29 bacias sedimentares que apresentam interesse para a indústria de petróleo e gás natural.",1.0,1.0,"Um grande desafio para a Agência Nacional do Petróleo, Gás Natural e Biocombustíveis é a melhoria do conhecimento sobre as 29 bacias sedimentares de interesse para a indústria de petróleo e gás natural, exigindo desenvolvimento de novas tecnologias e colaboração multi-stakeholder.",1.0,1.0,23,34,3
1705,O que tem sido decisivo no desenho de novos projetos?,SUCCESS,"Plano Plurianual de Estudos de Geologia e Geofísica,",O Plano Plurianual de Estudos de Geologia e Geofísica tem sido decisivo no desenho de novos projetos.,1.0,1.0,O Plano Plurianual de Estudos de Geologia e Geofísica tem sido decisivo no desenho de novos projetos.,1.0,1.0,22,36,4
1706,Qual é a porcentagem mínima de gastos com pesquisa e desenvolvimento exigida pelos concessionários para obterem Participação Especial?,SUCCESS,1%,A porcentagem mínima de gastos com pesquisa e desenvolvimento exigida pelos concessionários para obterem Participação Especial é 1% da receita bruta dos campos que pagam Participação Especial.,0.6666666666666666,1.0,A porcentagem mínima de gastos com pesquisa e desenvolvimento exigida pelos concessionários para obterem Participação Especial é 1% da receita bruta dos campos.,1.0,0.0,20,28,3
1707,Em que ano a ANP introduziu uma cláusula que obriga os concessionários a realizar despesas com pesquisa e desenvolvimento?,SUCCESS,1998,A cláusula foi introduzida pela ANP em 1998.,1.0,1.0,A ANP introduziu a cláusula que obriga os concessionários a realizar despesas com pesquisa e desenvolvimento em 1998.,0.5,1.0,25,35,5
1708,"O que constitui um grande desafio para a Agência Nacional do Petróleo, Gás Natural e Biocombustíveis?",SUCCESS,a melhoria do conhecimento sobre as 29 bacias sedimentares,"Um grande desafio para a Agência Nacional do Petróleo, Gás Natural e Biocombustíveis é a melhoria do conhecimento sobre as 29 bacias sedimentares de interesse para a indústria de petróleo e gás natural.",1.0,1.0,"O grande desafio para a Agência Nacional do Petróleo, Gás Natural e Biocombustíveis é a melhoria do conhecimento sobre as 29 bacias sedimentares que apresentam interesse para a indústria de petróleo e gás natural no Brasil.",0.5,1.0,27,41,6
1709,O que tem sido decisivo no desenho de novos projetos?,SUCCESS,Plano Plurianual de Estudos de Geologia e Geofísica,O Plano Plurianual de Estudos de Geologia e Geofísica tem sido decisivo no desenho de novos projetos.,1.0,1.0,O Plano Plurianual de Estudos de Geologia e Geofísica tem sido decisivo no desenho de novos projetos.,1.0,1.0,22,33,3
1710,Qual é a porcentagem mínima de gastos com pesquisa e desenvolvimento exigida pelos concessionários para obterem Participação Especial?,SUCCESS,50%,A porcentagem mínima de gastos com pesquisa e desenvolvimento exigida pelos concessionários para obterem Participação Especial é de 1% da receita bruta dos campos.,0.5,0.0,A porcentagem mínima de gastos com pesquisa e desenvolvimento exigida pelos concessionários para obterem Participação Especial é de 1% da receita bruta dos campos.,1.0,1.0,17,24,4
1711,Qual é o desafio que a ANP enfrenta?,SUCCESS,a melhoria do conhecimento sobre as 29 bacias sedimentares que apresentam interesse para a indústria de petróleo e gás natural,"O desafio que a ANP enfrenta é a melhoria do conhecimento sobre as 29 bacias sedimentares de interesse para a indústria de petróleo e gás natural, além de estimular o desenvolvimento de novas tecnologias para o sucesso dos empreendimentos nesses setores.",0.5,1.0,"O desafio que a ANP enfrenta é a melhoria do conhecimento sobre as 29 bacias sedimentares de interesse para a indústria de petróleo e gás natural, o que envolve o desenvolvimento de novas tecnologias e a mobilização de diversos atores para estimular a pesquisa e o desenvolvimento no setor.",1.0,1.0,24,35,4
1712,Que plano a ANP conduz?,SUCCESS,Plano Plurianual de Estudos de Geologia e Geofísica,A ANP conduz o Plano Plurianual de Estudos de Geologia e Geofísica.,1.0,1.0,A ANP conduz o Plano Plurianual de Estudos de Geologia e Geofísica.,1.0,1.0,23,36,3
1713,Para onde deve ser aplicado o restante dos recursos do PBP?,SUCCESS,universidades ou institutos de pesquisa credenciados pela ANP,"O restante dos recursos do PBP deve ser aplicado em universidades ou institutos de pesquisa credenciados pela ANP, conforme a cláusula obrigatória de investir pelo menos 50% das Despesas Qualificadas como Pesquisa e Desenvolvimento.",0.5,0.5,Os recursos restantes do PBP devem ser aplicados em universidades ou institutos de pesquisa credenciados pela ANP.,1.0,0.0,19,25,3
1714,Qual é o desafio da ANP?,SUCCESS,a melhoria do conhecimento sobre as 29 bacias sedimentares que apresentam interesse para a indústria de petróleo e gás natural,O desafio da ANP é melhorar o conhecimento sobre as 29 bacias sedimentares de interesse para a indústria de petróleo e gás natural.,1.0,1.0,"O desafio da ANP é melhorar o conhecimento sobre as 29 bacias sedimentares de interesse para a indústria de petróleo e gás natural, apoiando políticas públicas e incentivando a participação de diversos atores no desenvolvimento de tecnologias e projetos no setor.",0.6666666666666666,1.0,24,35,5
1715,Qual plano tem sido decisivo no desenho de novos projetos?,SUCCESS,Plano Plurianual de Estudos de Geologia e Geofísica,O Plano Plurianual de Estudos de Geologia e Geofísica tem sido decisivo no desenho de novos projetos.,1.0,1.0,"O ""Plano Plurianual de Estudos de Geologia e Geofísica"" tem sido decisivo no desenho de novos projetos.",1.0,1.0,20,27,4
1716,Em que devem ser investidos pelo menos 50 % dos recursos de Pesquisa e Desenvolvimento?,SUCCESS,universidades ou institutos de pesquisa credenciados pela ANP,Pelo menos 50% dos recursos de Pesquisa e Desenvolvimento devem ser investidos em universidades ou institutos de pesquisa credenciados pela ANP.,1.0,1.0,Pelo menos 50% dos recursos de Pesquisa e Desenvolvimento devem ser investidos em universidades ou institutos de pesquisa credenciados pela ANP.,1.0,1.0,18,25,3
1717,Qual é o órgão responsável por desenvolver programas e apoiar políticas públicas relacionadas à indústria de petróleo e gás natural?,SUCCESS,"Agência Nacional do Petróleo, Gás Natural e Biocombustíveis","O órgão responsável é a Agência Nacional do Petróleo, Gás Natural e Biocombustíveis (ANP).",0.5,1.0,"O órgão responsável por desenvolver programas e apoiar políticas públicas relacionadas à indústria de petróleo e gás natural é a Agência Nacional do Petróleo, Gás Natural e Biocombustíveis (ANP).",1.0,1.0,23,33,3
1718,O que a ANP introduziu nos contratos para exploração e produção de petróleo e gás natural desde 1998?,SUCCESS,uma cláusula que obriga os concessionários a realizar Despesas Qualificadas como Pesquisa e Desenvolvimento equivalentes a 1% da receita bruta dos campos que pagam Participação Especial,"A ANP introduziu nos contratos, desde 1998, uma cláusula que obriga os concessionários a realizar Despesas Qualificadas como Pesquisa e Desenvolvimento equivalentes a 1% da receita bruta dos campos que pagam Participação Especial.",1.0,1.0,"A ANP introduziu nos contratos para exploração e produção de petróleo e gás natural, desde 1998, uma cláusula que obriga os concessionários a realizar Despesas Qualificadas como Pesquisa e Desenvolvimento equivalentes a 1% da receita bruta dos campos que pagam Participação Especial.",1.0,1.0,21,29,2
1719,Qual é o objetivo da realização do Plano Plurianual de Estudos de Geologia e Geofísica pela ANP?,SUCCESS,"desenho de novos projetos que, em 2013, terão como desdobramento a realização da 11a Rodada de Licitações de Blocos","O objetivo do Plano Plurianual de Estudos de Geologia e Geofísica pela ANP é melhorar o conhecimento sobre as bacias sedimentares de interesse para a indústria de petróleo e gás natural, mobilizando diferentes atores para incentivar a pesquisa e o desenvolvimento de novas tecnologias no setor.",1.0,1.0,"O objetivo do Plano Plurianual de Estudos de Geologia e Geofísica pela ANP é melhorar o conhecimento geológico e geofísico das bacias sedimentares, apoiando a indústria de petróleo e gás natural no Brasil e permitindo o desenho de novos projetos, como a 11ª Rodada de Licitações de Blocos e leilões de áreas com potencial para produção de gás natural e do pré-sal.",0.6,1.0,20,28,5
1720,"O que deve ser feito com pelo menos 50% dos recursos provenientes das Despesas Qualificadas como Pesquisa e Desenvolvimento nos setores de petróleo, gás natural e biocombustíveis?",SUCCESS,investidos em universidades ou institutos de pesquisa credenciados pela ANP,Pelo menos 50% dos recursos provenientes das Despesas Qualificadas como Pesquisa e Desenvolvimento devem ser investidos em universidades ou institutos de pesquisa credenciados pela ANP.,1.0,1.0,"Pelo menos 50% dos recursos provenientes das Despesas Qualificadas como Pesquisa e Desenvolvimento nos setores de petróleo, gás natural e biocombustíveis devem ser investidos em universidades ou institutos de pesquisa credenciados pela ANP.",1.0,1.0,25,35,3
1721,Quais são os atores envolvidos na melhoria do conhecimento sobre as bacias sedimentares no Brasil?,SUCCESS,"a esfera pública, empresas petrolíferas, empresas de aquisição de dados, empresas fornecedoras da cadeia de petróleo e gás, universidades e instituições de pesquisa","Os atores envolvidos na melhoria do conhecimento sobre as bacias sedimentares no Brasil incluem a esfera pública, empresas petrolíferas, empresas de aquisição de dados, empresas fornecedoras da cadeia de petróleo e gás, universidades e instituições de pesquisa.",1.0,1.0,"Os atores envolvidos na melhoria do conhecimento sobre as bacias sedimentares no Brasil incluem a Agência Nacional do Petróleo, Gás Natural e Biocombustíveis (ANP), empresas petrolíferas, empresas de aquisição de dados, empresas fornecedoras da cadeia de petróleo e gás, universidades e instituições de pesquisa.",1.0,1.0,20,28,2
1722,Quais leilões serão realizados em 2013 como desdobramento do Plano Plurianual de Estudos de Geologia e Geofísica?,SUCCESS,um leilão específico para áreas com potencial para a produção de gás natural e do primeiro leilão do pré-sal,"Em 2013, serão realizados a 11ª Rodada de Licitações de Blocos, um leilão específico para áreas com potencial para a produção de gás natural e o primeiro leilão do pré-sal.",1.0,1.0,"Os leilões realizados em 2013 como desdobramento do Plano Plurianual de Estudos de Geologia e Geofísica foram a 11ª Rodada de Licitações de Blocos e o primeiro leilão do pré-sal, além de um leilão específico para áreas com potencial para a produção de gás natural.",1.0,1.0,22,34,4
1723,Qual é a importância das novas tecnologias para o sucesso dos empreendimentos na indústria de petróleo e gás natural?,SUCCESS,o desenvolvimento de novas tecnologias se reveste de importância fundamental para o sucesso dos empreendimentos,"As novas tecnologias são fundamentais para o sucesso dos empreendimentos na indústria de petróleo e gás natural, pois permitem melhor exploração e desenvolvimento das bacias sedimentares, facilitam a realização de projetos e rodadas de licitações, e impulsionam a pesquisa e inovação através de políticas como a exigência de 1% de investimento em P&D nos contratos de exploração, estimulando a colaboração entre empresas e instituições de pesquisa.",1.0,0.8,"Novas tecnologias são fundamentais para o sucesso na indústria de petróleo e gás natural, pois elas contribuem para a melhoria do conhecimento sobre bacias sedimentares, impulsionam a pesquisa e o desenvolvimento, e são incentivadas por políticas públicas, como obrigações de investimento em P&D. A introdução de cláusulas em contratos que exigem investimento em pesquisa ajuda a desenvolver tecnologias essenciais para superar desafios geológicos e explorar novos projetos, como leilões de blocos e áreas do pré-sal.",0.7,0.8333333333333334,23,35,3
1724,"Qual é a política pública introduzida pela ANP em 1998 que visa a estimular a pesquisa e desenvolvimento nos setores de petróleo, gás natural e biocombustíveis?",SUCCESS,"a introdução pela ANP, desde 1998, nos contratos para exploração e produção de petróleo e gás natural, de uma cláusula que obriga os concessionários a realizar Despesas Qualificadas como Pesquisa e Desenvolvimento equivalentes a 1% da receita bruta dos campos que pagam Participação Especial","A política pública introduzida pela ANP em 1998 é a cláusula nos contratos de exploração e produção de petróleo e gás natural que obriga os concessionários a realizar Despesas Qualificadas como Pesquisa e Desenvolvimento equivalentes a 1% da receita bruta dos campos que pagam Participação Especial, com pelo menos 50% investidos em universidades ou institutos de pesquisa credenciados pela ANP.",1.0,1.0,"A política pública introduzida pela ANP em 1998 para estimular a pesquisa e desenvolvimento nos setores de petróleo, gás natural e biocombustíveis foi a inclusão nos contratos para exploração e produção de petróleo e gás natural de uma cláusula que obriga os concessionários a realizar Despesas Qualificadas como Pesquisa e Desenvolvimento equivalentes a 1% da receita bruta dos campos que pagam Participação Especial, com pelo menos 50% destes recursos investidos em universidades ou institutos de pesquisa credenciados pela ANP.",0.5714285714285714,1.0,20,31,3
1732,O que constitui um bom marco sismoestratigráfico em quase toda a Bacia de Campos?,SUCCESS,Topo da biozona N-520,O topo da biozona N-520 constitui um bom marco sismoestratigráfico em quase toda a Bacia de Campos.,0.5,1.0,"O refletor datado do Oligoceno Inferior, correspondente ao topo da biozona N-520, constitui um excelente marco sismoestratigráfico em quase toda a Bacia de Campos.",0.6666666666666666,1.0,21,36,3
1733,Qual é o refletor localizado na zona N - 470?,SUCCESS,Topo do Eoceno,O refletor localizado na zona N - 470 é o topo do Eoceno.,0.5,1.0,"O refletor localizado na zona N - 470 é o ""Topo do Eoceno"".",0.5,1.0,22,33,3
1734,O que fez com que o topo do Eoceno Superior não fosse encontrado?,SUCCESS,erosão,O topo do Eoceno Superior não foi encontrado devido à erosão na região próxima à Falha de Charneira de Campos.,1.0,1.0,O topo do Eoceno Superior não foi encontrado devido à erosão na região próxima à Falha de Charneira de Campos.,1.0,1.0,28,44,4
1735,O que mostra o mapeamento de detalhe realizado para confirmar essa afirmação?,SUCCESS,rochas magmáticas intrusivas e extrusivas,O mapeamento de detalhe realizado confirma a presença de rochas magmáticas intrusivas e extrusivas no Cretáceo Superior.,1.0,1.0,"O mapeamento de detalhe realizado, com base em dados paleontológicos, confirma a afirmação ao indicar a presença de rochas magmáticas intrusivas e extrusivas no Cretáceo Superior.",1.0,1.0,24,35,3
1736,Quando Mohriak e outros trabalharam na área de estudo?,SUCCESS,1995,Mohriak e outros trabalharam na área de estudo nos anos 1992 e 1995.,1.0,1.0,Mohriak trabalhou na área de estudo em 1992 e 1995.,1.0,1.0,19,27,2
1737,Qual refletor datado do Oligoceno Inferior constitui um excelente marco sismoestratigráfico em quase toda a Bacia de Campos?,SUCCESS,Topo da biozona N-520,"O refletor datado do Oligoceno Inferior que constitui um excelente marco sismoestratigráfico em quase toda a Bacia de Campos é o ""topo da biozona N-520"".",1.0,1.0,"O refletor datado do Oligoceno Inferior que constitui um excelente marco sismoestratigráfico em quase toda a Bacia de Campos é o ""Topo da biozona N-520"".",1.0,1.0,26,43,4
1739,Por que a seção correspondente ao Eoceno Superior está ausente?,SUCCESS,erosão,A seção correspondente ao Eoceno Superior está ausente devido à erosão na região próxima à Falha de Charneira de Campos.,1.0,1.0,A seção correspondente ao Eoceno Superior está ausente por erosão na região próxima à Falha de Charneira de Campos.,1.0,1.0,21,32,3
1740,O que o mapeamento de detalhe indica a presença no Cretáceo Superior?,SUCCESS,rochas magmáticas intrusivas e extrusivas,O mapeamento de detalhe indica a presença de rochas magmáticas intrusivas e extrusivas no Cretáceo Superior.,1.0,1.0,O mapeamento de detalhe indica a presença de rochas magmáticas intrusivas e extrusivas no Cretáceo Superior.,1.0,1.0,23,33,4
1741,Quando Mohriak e outros trabalharam juntos?,SUCCESS,1995,Mohriak e outros trabalharam juntos em 1995.,1.0,1.0,Mohriak and others worked together in 1992 and 1995.,1.0,1.0,26,40,3
1742,O que mostra o mapeamento de detalhe realizado para confirmar essa afirmação?,SUCCESS,indica a presença de rochas magmáticas intrusivas e extrusivas,O mapeamento de detalhe realizado confirma a afirmação ao indicar a presença de rochas magmáticas intrusivas e extrusivas no Cretáceo Superior.,0.5,1.0,"O mapeamento de detalhe confirma a afirmação da presença de rochas magmáticas intrusivas e extrusivas no Cretáceo Superior, com base em dados paleontológicos, e auxilia na interpretação das seções sísmicas e perfis de poços na Bacia de Campos.",0.75,1.0,30,52,5
1743,Por que a seção correspondente ao Eoceno Superior está ausente?,SUCCESS,erosão na região próxima à Falha de Charneira de Campos,A seção correspondente ao Eoceno Superior está ausente devido à erosão na região próxima à Falha de Charneira de Campos.,1.0,1.0,A seção correspondente ao Eoceno Superior está ausente por causa da erosão na região próxima à Falha de Charneira de Campos.,1.0,1.0,28,43,3
1744,Quais foram as referências utilizadas para o mapeamento detalhado descrito no texto?,SUCCESS,"Mizusaki e Mohriak, 1992; Mohriak et al. 1995; Thomaz Filho e Rodrigues, 1999; Thomaz Filho et al. 2000; Mizusaki et al. 2002","As referências utilizadas para o mapeamento detalhado foram Mizusaki e Mohriak (1992), Mohriak et al. (1995), Thomaz Filho e Rodrigues (1999), Thomaz Filho et al. (2000) e Mizusaki et al. (2002).",1.0,1.0,"As referências utilizadas para o mapeamento detalhado descrito no texto são: Mizusaki e Mohriak, 1992; Mohriak et al. 1995; Thomaz Filho e Rodrigues, 1999; Thomaz Filho et al. 2000; Mizusaki et al. 2002.",1.0,1.0,24,44,5
1745,O que constitui um excelente marco sismoestratigráfico em quase toda a Bacia de Campos?,SUCCESS,"N-520 : esse refletor, datado do Oligoceno Inferior, constitui um",O topo da biozona N-520 constitui um excelente marco sismoestratigráfico em quase toda a Bacia de Campos.,1.0,1.0,"O refletor datado do Oligoceno Inferior, correspondente ao topo da biozona N-520, constitui um excelente marco sismoestratigráfico em quase toda a Bacia de Campos.",1.0,1.0,21,38,1
1746,O que aconteceu com a seção correspondente ao Eoceno Superior na região próxima à Falha de Charneira de Campos?,SUCCESS,está ausente por erosão,A seção correspondente ao Eoceno Superior está ausente por erosão na região próxima à Falha de Charneira de Campos.,1.0,1.0,A seção correspondente ao Eoceno Superior está ausente por erosão na região próxima à Falha de Charneira de Campos.,0.5,1.0,24,40,3
1747,O que foi utilizado na interpretação das seções sísmicas e perfis de poços disponíveis para o presente trabalho?,SUCCESS,Os resultados dos mapeamentos acima descritos,Os resultados dos mapeamentos acima descritos foram utilizados na interpretação das seções sísmicas e perfis de poços.,1.0,1.0,"Os mapeamentos descritos, baseados em dados paleontológicos, foram utilizados na interpretação das seções sísmicas e perfis de poços disponíveis para o presente trabalho.",0.75,1.0,23,38,3
1748,Em que período geológico ocorreu a presença de rochas magmáticas intrusivas e extrusivas na Bacia de Campos?,SUCCESS,Cretáceo Superior,No Cretáceo Superior.,1.0,1.0,Ocorreu no Cretáceo Superior.,1.0,1.0,20,33,5
1749,O que é um refletor no contexto do texto?,SUCCESS,um excelente marco sismoestratigráfico,"No contexto do texto, um ""refletor"" refere-se a uma interface sísmica que é facilmente identificável nas seções sísmicas e serve como um marco importante para a interpretação sismoestratigráfica.",1.0,1.0,"No contexto do texto, um ""refletor"" refere-se a uma formação geológica que aparece de forma distinta em dados sísmicos, usada como referência para interpretação sísmica. Exemplos mencionados incluem o ""Topo do Eoceno"" e o ""Topo da biozona N-520"".",1.0,1.0,16,25,3
1750,Qual é a importância do topo da bio-zona N-470?,SUCCESS,coincide com o topo da bio-zona N-470 e também constitui um excelente refletor,O topo da bio-zona N-470 é importante porque coincide com o topo do Eoceno e constitui um excelente refletor.,1.0,1.0,"O topo da bio-zona N-470 coincide com o topo do Eoceno, constituindo um excelente refletor sismoestratigráfico, relevante para o mapeamento geológico na Bacia de Campos.",1.0,1.0,25,41,3
1751,O que aconteceu com a seção correspondente ao Eoceno Superior na região da Falha de Charneira de Campos?,SUCCESS,está ausente por erosão,A seção correspondente ao Eoceno Superior está ausente por erosão na região da Falha de Charneira de Campos.,1.0,1.0,A seção correspondente ao Eoceno Superior na região da Falha de Charneira de Campos está ausente devido à erosão.,1.0,0.0,20,31,1
1752,Como os resultados dos mapeamentos foram utilizados?,SUCCESS,na interpretação das seções sísmicas e perfis de poços disponíveis para o presente trabalho,Os resultados dos mapeamentos foram utilizados na interpretação das seções sísmicas e perfis de poços disponíveis.,1.0,1.0,Os resultados dos mapeamentos foram utilizados na interpretação das seções sísmicas e perfis de poços disponíveis para o presente trabalho.,1.0,1.0,17,24,4
1753,Quem descreveu os estratos de vertebrados fósseis?,SUCCESS,"Price apud Bortoluzzi e Barberena,",Barberena descreveu os estratos de vertebrados fósseis.,1.0,0.0,O pesquisador Barberena descreveu os estratos de vertebrados fósseis.,1.0,0.0,18,27,2
