question_id,question,status,expected_answer,answers.rag_answer,evaluation.rag.metrics.answer_relevancy.score,evaluation.rag.metrics.faithfulness.score,answers.graphrag_answer,evaluation.graph.answer_relevancy.score,evaluation.graph.faithfulness.score,total_graph_data_nodes,total_edges,total_ontology_valid_true
1292,O que representa a fácies sísmica interpretada?,SUCCESS,sedimentos clásticos finos,"A fácies sísmica interpretada representa um tipo específico de litotipo no reservatório, identificado por suas características sísmicas e associado, por exemplo, a arenitos muito porosos, sedimentos clásticos finos ou margas e calcilutitos. Ela guia a distribuição espacial desses litotipos na matriz de proporções durante a modelagem geológica.",1.0,1.0,"A fácies sísmica interpretada representa um tipo de litotipo predominante no reservatório, como arenitos muito porosos, sedimentos clásticos finos ou margas e calcilutitos, guiando a distribuição espacial dessas rochas na matriz de proporções.",1.0,1.0,34,47,16
1293,A que corresponde a fácies sísmica interpretada?,SUCCESS,sedimentos clásticos finos,"A fácies sísmica interpretada corresponde, no contexto dado, a uma associação específica de litotipos ou tipos de rocha inferida a partir dos dados sísmicos. Por exemplo, no texto: amarelo = arenitos muito porosos, verde = sedimentos clásticos finos, azul = margas e calcilutitos. Assim, a fácies sísmica interpretada representa zonas ou corpos geológicos distintos identificados e caracterizados a partir da resposta sísmica.",1.0,1.0,"A fácies sísmica interpretada corresponde ao tipo de litotipo associado no local, por exemplo: arenitos muito porosos (região amarela), sedimentos clásticos finos (região verde) ou margas e calcilutitos (região azul). Ela guia a distribuição espacial das propriedades do reservatório.",1.0,1.0,29,43,14
1296,Qual é a principal questão quando o conceito de fácies sísmicas é usado para construir a matriz de proporções?,SUCCESS,como distribuir no volume do reservatório as CPVs conhecidas somente nos poços?,A principal questão é como distribuir no volume do reservatório as CPVs (curvas de proporção vertical) conhecidas somente nos poços; o conceito de fácies sísmicas é usado para guiar essa repartição espacial na construção da matriz de proporções.,1.0,1.0,A principal questão é: como distribuir no volume do reservatório as CPVs conhecidas somente nos poços? O conceito de fácies sísmicas é usado para guiar essa repartição espacial ao construir a matriz de proporções.,1.0,1.0,33,52,15
1297,O que é interpretado como fácies sísmica?,SUCCESS,arenitos muito porosos,"Fácies sísmica é interpretada como uma unidade ou região identificada em dados sísmicos que apresenta características específicas de resposta sísmica, associadas a determinados tipos de rocha ou sedimento, como arenitos muito porosos, sedimentos clásticos finos, margas ou calcilutitos.",1.0,1.0,"Fácies sísmica é interpretada como uma classe interpretativa baseada no sinal sísmico, usada para guiar a distribuição espacial das propriedades petrofísicas e dos litotipos em um reservatório.",1.0,1.0,30,44,15
1301,Qual é a principal questão que envolve o conceito de fácies sísmicas?,SUCCESS,como distribuir no volume do reservatório as CPVs conhecidas somente nos poços?,"A principal questão que envolve o conceito de fácies sísmicas é como distribuir, no volume do reservatório, as características petrofísicas variáveis (CPVs) conhecidas somente nos poços, utilizando as fácies sísmicas para guiar a repartição espacial dessas propriedades.",0.75,1.0,"A principal questão que envolve o conceito de fácies sísmicas é como guiar a distribuição espacial das características petrofísicas do reservatório (CPVs), conhecidas apenas nos poços, para todo o volume do reservatório. Ou seja, como utilizar as fácies sísmicas para orientar a construção da matriz de proporções de litotipos e representar adequadamente a heterogeneidade do reservatório.",1.0,1.0,34,48,17
1304,O que guia a curva vertical de proporções na matriz de proporções para a unidade genética superior do reservatório de Namorado?,SUCCESS,respectiva fácies sísmica,A curva vertical de proporções na matriz de proporções para a unidade genética superior do reservatório de Namorado é guiada pela respectiva fácies sísmica.,1.0,1.0,"A curva vertical de proporções na matriz de proporções para a unidade genética superior do reservatório de Namorado é guiada pela fácies sísmica, que orienta a distribuição espacial dos litotipos conforme a interpretação sísmica.",1.0,1.0,30,42,17
1305,Qual fácies sísmica é interpretada como sedimentos clásticos finos na matriz de proporções?,SUCCESS,verde,A fácies sísmica interpretada como sedimentos clásticos finos na matriz de proporções é a que aparece mais na cor verde.,1.0,1.0,A fácies sísmica interpretada como sedimentos clásticos finos na matriz de proporções é a fácies correspondente à região verde.,1.0,1.0,33,52,17
1306,O que é utilizado para distribuir no volume do reservatório as CPVs conhecidas somente nos poços?,SUCCESS,conceito de fácies sísmicas,"Para distribuir no volume do reservatório as CPVs conhecidas somente nos poços, é utilizado o conceito de fácies sísmicas, que guia a repartição espacial das CPVs por meio da construção de uma matriz de proporções de litotipos.",1.0,1.0,"O que é utilizado para distribuir no volume do reservatório as CPVs conhecidas somente nos poços?

A matriz de proporções de litotipos, guiada pelas fácies sísmicas, é utilizada para distribuir no volume do reservatório as CPVs conhecidas somente nos poços.",1.0,1.0,38,61,18
1309,O que é a matriz de proporções na construção de uma matriz de proporções de litotipos?,SUCCESS,uma ferramenta muito importante para capturar o comportamento espacial dos litotipos,"A matriz de proporções é uma ferramenta que representa, para cada posição no reservatório, a proporção de cada litotipo (tipo de rocha) presente. Ela distribui espacialmente as proporções dos litotipos, guiada pelas fácies sísmicas, usando as CPVs conhecidas nos poços, ajudando a capturar o comportamento espacial dos litotipos e complementando os variogramas na análise geoestatística.",1.0,1.0,"A matriz de proporções na construção de uma matriz de proporções de litotipos é uma ferramenta utilizada para distribuir, no volume do reservatório, as proporções dos diferentes litotipos (tipos de rocha), guiada por fácies sísmicas e dados de poços. Ela captura o comportamento espacial dos litotipos e complementa os variogramas na modelagem geoestatística.",1.0,1.0,32,49,11
1310,O que é interpretado como arenitos muito porosos na região que domina o amarelo?,SUCCESS,a curva vertical de proporções é guiada pela respectiva fácies sísmica,"Na região que domina o amarelo, é interpretado como arenitos muito porosos.",1.0,1.0,O que é interpretado como arenitos muito porosos na região que domina o amarelo são as fácies sísmicas correspondentes à cor amarela na matriz de proporções.,1.0,1.0,31,49,16
1313,Qual é a área da Bacia do Espírito Santo?,SUCCESS,"41.500 km2,",A área da Bacia do Espírito Santo é de aproximadamente 41.500 km².,1.0,1.0,A área da Bacia do Espírito Santo é de aproximadamente 41.500 km².,1.0,1.0,41,61,23
1316,Quem apresentou a primeira estratigrafia formal da Bacia do Espírito Santo?,SUCCESS,"Asmus et al.,",A primeira estratigrafia formal da Bacia do Espírito Santo foi apresentada por Asmus et al.,1.0,1.0,A primeira estratigrafia formal da Bacia do Espírito Santo foi apresentada por Asmus et al.,1.0,1.0,34,55,17
1317,Quantos km2 da Bacia do Espírito Santo são de exploração?,SUCCESS,"41.500 km2,",A área de exploração da Bacia do Espírito Santo é de aproximadamente 41.500 km².,1.0,1.0,A área de exploração da Bacia do Espírito Santo é de aproximadamente 41.500 km².,1.0,1.0,43,63,26
1320,Qual é a área da Bacia do Espírito Santo?,SUCCESS,41.500 km2,A área da Bacia do Espírito Santo é de aproximadamente 41.500 km².,1.0,1.0,A área da Bacia do Espírito Santo é de aproximadamente 41.500 km².,1.0,1.0,52,75,25
1322,Quem apresentou a primeira estratigrafia formal da Bacia do Espírito Santo?,SUCCESS,Asmus et al.,A primeira estratigrafia formal da Bacia do Espírito Santo foi apresentada por Asmus et al.,1.0,1.0,A primeira estratigrafia formal da Bacia do Espírito Santo foi apresentada por Asmus et al.,1.0,1.0,47,72,26
1323,Quantos km2 da Bacia do Espírito Santo são de exploração?,FAILURE,41.500,,,,,,,0,0,0
1325,Qual é o limite leste da Bacia do Espírito Santo?,SUCCESS,crosta continental/oceânica,O limite leste da Bacia do Espírito Santo é a linha de transição entre a crosta continental e oceânica.,1.0,1.0,"O limite leste da Bacia do Espírito Santo é a fronteira crosta continental/oceânica, coincidindo com o alargamento da plataforma continental e a presença do Banco de Abrolhos.",1.0,1.0000000000000000,36,51,20
1326,Qual é a área aproximada da Bacia do Espírito Santo?,SUCCESS,41.500 km2,A área aproximada da Bacia do Espírito Santo é 41.500 km².,1.0,1.0,A área aproximada da Bacia do Espírito Santo é de 41.500 km².,1.0,1.0,42,61,24
1327,Qual é a largura da plataforma continental?,SUCCESS,240 km na porção centro-norte,A largura da plataforma continental varia de uma média de 40 km a sul até cerca de 240 km na porção centro-norte.,1.0,1.0,A largura da plataforma continental varia de uma média de 40 km ao sul até cerca de 240 km na porção centro-norte da Bacia do Espírito Santo.,1.0,1.0,49,80,23
1328,Quem apresentou a carta de costa da Bacia do Espírito Santo?,SUCCESS,Vieira et al.,Vieira et al. apresentaram a carta de costa da Bacia do Espírito Santo.,1.0,1.0,Vieira et al. apresentaram a carta estratigráfica da Bacia do Espírito Santo.,1.0,1.0,38,58,22
1333,A que se refere a fronteira leste da Bacia do Espírito Santo?,SUCCESS,crosta continental/oceânica,A fronteira leste da Bacia do Espírito Santo refere-se ao limite entre a crosta continental e oceânica.,1.0,1.0,A fronteira leste da Bacia do Espírito Santo refere-se ao limite crosta continental/oceânica.,1.0,1.0,45,67,25
1335,Quem apresentou a carta da Bacia do Espírito Santo?,SUCCESS,Vieira et al.,Vieira et al. apresentaram a carta da Bacia do Espírito Santo.,1.0,1.0,A carta da Bacia do Espírito Santo foi apresentada por Vieira et al.,1.0,1.0,39,56,23
1338,Quantos quilômetros de área a Bacia do Espírito Santo tem a ver com a bacia terrestre?,SUCCESS,3.000,"A Bacia do Espírito Santo possui uma área explorável de aproximadamente 41.500 km², dos quais 3.000 km² referem-se à bacia terrestre.",1.0,1.0,"A Bacia do Espírito Santo possui uma área total de aproximadamente 41.500 km², dos quais cerca de 3.000 km² correspondem à bacia terrestre.",1.0,1.0,33,51,18
1339,O que evidencia a fisiografia do Banco de Abrolhos?,SUCCESS,alargamento da plataforma continental,"A fisiografia do Banco de Abrolhos evidencia-se pelo alargamento da plataforma continental, que passa de uma média de 40 km de largura ao sul para cerca de 240 km na porção centro-norte da Bacia do Espírito Santo.",1.0,1.0,"A fisiografia do Banco de Abrolhos é evidenciada pelo alargamento da plataforma continental na região, que passa de uma média de 40 km de largura ao sul para cerca de 240 km na porção centro-norte da Bacia do Espírito Santo.",1.0,1.0,40,63,21
1340,O que o trabalho de Vieira et al. enfatiza?,SUCCESS,a cronoestratigrafia,O trabalho de Vieira et al. enfatiza a cronoestratigrafia da Bacia do Espírito Santo.,1.0,1.0,O trabalho de Vieira et al. enfatiza a cronoestratigrafia da Bacia do Espírito Santo.,1.0,1.0,43,67,23
1341,O que é enfatizado neste trabalho?,SUCCESS,cronoestratigrafia,Neste trabalho é enfatizada a cronoestratigrafia da Bacia do Espírito Santo.,1.0,1.0,O que é enfatizado neste trabalho é a cronoestratigrafia da Bacia do Espírito Santo.,1.0,1.0,36,62,19
1343,O que evidencia a fisiografia do Banco de Abrolhos?,SUCCESS,um alargamento da plataforma continental,"A fisiografia do Banco de Abrolhos evidencia-se pelo alargamento da plataforma continental, que passa de uma média de 40 km de largura ao sul para cerca de 240 km na porção centro-norte.",1.0,1.0,"A fisiografia do Banco de Abrolhos é evidenciada pelo alargamento da plataforma continental, que passa de uma média de 40 km de largura ao sul para cerca de 240 km no centro-norte da Bacia do Espírito Santo.",1.0,1.0,39,56,25
1344,O que o trabalho de Vieira et al. enfatiza?,SUCCESS,cronoestratigrafia,O trabalho de Vieira et al. enfatiza a cronoestratigrafia.,1.0,1.0,O trabalho de Vieira et al. enfatiza a cronoestratigrafia da Bacia do Espírito Santo.,1.0,1.0,41,63,21
1345,Qual é a área explorável da Bacia do Espírito Santo?,SUCCESS,aproximadamente 41.500 km2,"A área explorável da Bacia do Espírito Santo é de aproximadamente 41.500 km², dos quais 3.000 km² são terrestres.",1.0,1.0,"A área explorável da Bacia do Espírito Santo é de aproximadamente 41.500 km², dos quais 3.000 km² referem-se à bacia terrestre.",1.0,1.0,34,52,20
1346,O que atribui à bacia uma fisiografia particular?,SUCCESS,"A existência do Banco de Abrolhos,","O que atribui à bacia uma fisiografia particular é a existência do Banco de Abrolhos, que causa um alargamento da plataforma continental, passando de uma média de 40 km de largura a sul para cerca de 240 km na porção centro-norte.",1.0,1.0,"A existência do Banco de Abrolhos, a leste, atribui à bacia uma fisiografia particular, marcada pelo alargamento da plataforma continental.",1.0,1.0,40,65,20
1348,O que foi fundamental para a atualização da Carta Estratigráfica da Bacia do Espírito Santo?,SUCCESS,"O conhecimento adquirido ao longo de 50 anos de exploração,","O fundamental para a atualização da Carta Estratigráfica da Bacia do Espírito Santo foi o conhecimento adquirido ao longo de 50 anos de exploração, incluindo centenas de poços exploratórios, inúmeras linhas sísmicas 2D e 3D, além da contínua integração de novos dados.",1.0,1.0,"O fundamental para a atualização da Carta Estratigráfica da Bacia do Espírito Santo foi o conhecimento adquirido ao longo de 50 anos de exploração, com centenas de poços exploratórios, inúmeras linhas sísmicas 2D e 3D, e a contínua integração de novos dados.",1.0,1.0,39,58,22
1349,O que este trabalho enfatiza em relação à Bacia do Espírito Santo?,SUCCESS,a cronoestratigrafia,"Este trabalho enfatiza a cronoestratigrafia da Bacia do Espírito Santo, resumindo o conhecimento adquirido desde a última publicação sobre sua estratigrafia.",1.0,1.0,"Este trabalho enfatiza, em relação à Bacia do Espírito Santo, a atualização do conhecimento sobre sua cronoestratigrafia, baseada na integração de dados adquiridos ao longo de décadas de exploração, mantendo os princípios litoestratigráficos das versões anteriores da carta estratigráfica.",1.0,1.0,34,53,19
1350,Qual é a área total da Bacia do Espírito Santo?,SUCCESS,41.500 km2,A área total da Bacia do Espírito Santo é de aproximadamente 41.500 km².,1.0,1.0,A área total da Bacia do Espírito Santo é de aproximadamente 41.500 km².,1.0,1.0,41,59,23
1351,Qual é a área da bacia terrestre da Bacia do Espírito Santo?,SUCCESS,3.000 km2,A área da bacia terrestre da Bacia do Espírito Santo é de aproximadamente 3.000 km².,1.0,1.0,A área da bacia terrestre da Bacia do Espírito Santo é de aproximadamente 3.000 km².,1.0,1.0,34,48,18
1352,Onde a Bacia do Espírito Santo está situada?,SUCCESS,no Estado do Espírito Santo,"A Bacia do Espírito Santo está situada no Estado do Espírito Santo, entre a Bacia de Campos ao sul e a Bacia de Mucuri ao norte.",1.0,1.0,"A Bacia do Espírito Santo está situada no Estado do Espírito Santo, limitada ao sul pela Bacia de Campos (através do Alto de Vitória) e ao norte pela Bacia de Mucuri.",1.0,1.0,43,68,25
1353,Quais são os limites da Bacia do Espírito Santo?,SUCCESS,"a sul com a Bacia de Campos, através do Alto de Vitória, e a norte com a Bacia de Mucuri","Os limites da Bacia do Espírito Santo são: ao sul, a Bacia de Campos (Alto de Vitória); ao norte, a Bacia de Mucuri; e, a leste, o limite crosta continental/oceânica, próximo ao Banco de Abrolhos.",1.0,1.0,"Os limites da Bacia do Espírito Santo são: ao sul, a Bacia de Campos (separada pelo Alto de Vitória); ao norte, a Bacia de Mucuri; a leste, o limite crosta continental/oceânica, próximo ao Banco de Abrolhos. Ela está situada no Estado do Espírito Santo.",0.8,1.0,33,54,18
1354,Quem foi o primeiro engenheiro a perfurar o primeiro poço de petróleo da América do Sul?,SUCCESS,"E. A. Prentice, empregado da fábrica de gás de Lima, perfura o que se considera ser o primeiro poço de petróleo da América do Sul.","O primeiro engenheiro a perfurar o primeiro poço de petróleo da América do Sul foi E. A. Prentice, em 1863.",1.0,1.0,"O primeiro engenheiro a perfurar o primeiro poço de petróleo da América do Sul foi E. A. Prentice, em 1863, em Lima.",1.0,1.0,40,80,13
1355,Quantos poços a Companhia Peruana de Refino de Petróleo perfurava em 55 anos de operação?,SUCCESS,450,A Companhia Peruana de Refino de Petróleo perfurou 450 poços em 55 anos de operação.,1.0,1.0,A Companhia Peruana de Refino de Petróleo perfurou 450 poços em 55 anos de operação.,1.0,1.0,42,81,13
1356,Quantas empresas petrolíferas estavam operando em Talara em 1891?,SUCCESS,14,"Em 1891, já havia 14 empresas petrolíferas atuando na região de Talara.",1.0,1.0,"Em 1891, já havia 14 empresas petrolíferas operando em Talara.",1.0,1.0,37,71,13
1359,Quantas empresas petrolíferas operavam na região de Talara em 1891?,SUCCESS,14,"Em 1891, já havia 14 empresas petrolíferas atuando na região de Talara.",1.0,1.0,"Em 1891, já havia 14 empresas petrolíferas operando na região de Talara.",1.0,1.0,42,76,10
1362,Quem foi o primeiro engenheiro a perfurar o primeiro poço de petróleo da América do Sul?,SUCCESS,E. A. Prentice,"O primeiro engenheiro a perfurar o primeiro poço de petróleo da América do Sul foi E. A. Prentice, em 1863, no Peru.",1.0,1.0,"O primeiro engenheiro a perfurar o primeiro poço de petróleo da América do Sul foi E. A. Prentice, em 1863, em Lima, Peru.",1.0,1.0,55,109,20
1363,Quando foi perfurado o primeiro poço totalmente na plataforma peruana?,SUCCESS,1959,O primeiro poço perfurado totalmente na plataforma peruana ocorreu em 1959.,1.0,1.0,O primeiro poço perfurado totalmente na plataforma peruana foi em 1959.,1.0,1.0,43,79,12
1365,Quando foi perfurado o primeiro poço de petróleo da América do Sul?,SUCCESS,1863,"O primeiro poço de petróleo da América do Sul foi perfurado em 1863, no Peru.",1.0,1.0,O primeiro poço de petróleo da América do Sul foi perfurado em 1863.,1.0,1.0,38,75,9
1367,Quantas empresas petrolíferas estavam operando na área em 1891?,SUCCESS,14,"Em 1891, já havia 14 empresas petrolíferas atuando na região.",1.0,1.0,"Em 1891, já havia 14 empresas petrolíferas atuando na área.",1.0,1.0,34,67,8
1368,Quando foi perfurado o primeiro poço totalmente em plataforma peruana?,SUCCESS,1959,"O primeiro poço totalmente perfurado em plataforma peruana foi em 1959, pelas companhias Belco Petroleum Company e Peruvian Pacific Petroleum Company.",1.0,1.0,O primeiro poço totalmente em plataforma peruana foi perfurado em 1959.,1.0,1.0,32,62,8
1369,Quando foi fundada a primeira refinaria da América?,SUCCESS,1916,"A primeira refinaria da América foi fundada em 1916, na cidade de Talara, Peru.",1.0,1.0,"A primeira refinaria da América foi fundada em 1916 na cidade de Talara, no Peru.",1.0,1.0,41,80,14
1370,Quantos poços a Companhia Peruana de Refino de Petróleo abriu durante seus 55 anos?,SUCCESS,450,A Companhia Peruana de Refino de Petróleo abriu 450 poços em 55 anos de operação.,1.0,1.0,A Companhia Peruana de Refino de Petróleo abriu 450 poços durante seus 55 anos de operação.,1.0,1.0,36,66,11
1371,Quantos boeds a IPC aumentou a refinaria de Talara em 1924?,SUCCESS,20.000,"Em 1924, a IPC aumentou a refinaria de Talara para processar 20.000 boed.",1.0,1.0,"Em 1924, a IPC ampliou a refinaria de Talara para processar 20.000 boed.",1.0,1.0,45,87,12
1372,Em que ano foi perfurado o primeiro poço de petróleo da América do Sul?,SUCCESS,1863,O primeiro poço de petróleo da América do Sul foi perfurado em 1863.,1.0,1.0,O primeiro poço de petróleo da América do Sul foi perfurado em 1863.,1.0,1.0,51,91,16
1374,Quantas empresas petrolíferas estavam operando na região em 1891?,SUCCESS,14,"Em 1891, já havia 14 empresas petrolíferas atuando na região.",1.0,1.0,"Em 1891, já havia 14 empresas petrolíferas operando na região.",1.0,1.0,34,64,12
1376,Quando foi inaugurada a primeira refinaria da América?,SUCCESS,1916,"A primeira refinaria da América foi inaugurada em 1916, na cidade de Talara, Peru.",1.0,1.0,"A primeira refinaria da América foi inaugurada em 1916, na cidade de Talara, Peru.",1.0,1.0,49,98,17
1378,Quem perfurou o primeiro poço de petróleo da América do Sul em 1863?,SUCCESS,o engenheiro E. A. Prentice,O primeiro poço de petróleo da América do Sul foi perfurado em 1863 pelo engenheiro E. A. Prentice.,1.0,1.0,O primeiro poço de petróleo da América do Sul foi perfurado em 1863 pelo engenheiro E. A. Prentice.,1.0,1.0,41,81,11
1379,"Em que ano entrou em operação a primeira refinaria da América, localizada em Talara?",SUCCESS,1916,"A primeira refinaria da América, localizada em Talara, entrou em operação em 1916.",1.0,1.0,"A primeira refinaria da América, localizada em Talara, entrou em operação em 1916.",1.0,1.0,50,93,13
1380,Qual empresa foi precursora da Exxon e atuou em Talara realizando atividades exploratórias e de refino?,SUCCESS,"Internatio-nal Petroleum Company,",A empresa precursora da Exxon que atuou em Talara realizando atividades exploratórias e de refino foi a **International Petroleum Company (IPC)**.,1.0,1.0,A empresa precursora da Exxon que atuou em Talara realizando atividades exploratórias e de refino foi a International Petroleum Company.,1.0,1.0,38,73,9
1381,"Quando o governo peruano teve uma participação mais ativa na indústria petrolífera, criando a Empresa Petrolera Fiscal?",SUCCESS,1939,"O governo peruano teve uma participação mais ativa na indústria petrolífera em 1939, com a criação da Empresa Petrolera Fiscal.",1.0,1.0,"O governo peruano teve uma participação mais ativa na indústria petrolífera em 1939, com a criação da Empresa Petrolera Fiscal por decreto do presidente Oscar Benavides.",1.0,1.0,37,75,12
1382,Quais companhias foram responsáveis pelo primeiro poço perfurado totalmente na plataforma peruana em 1959?,SUCCESS,Belco Petroleum Company e Peruvian Pacific Petroleum Company,As companhias responsáveis pelo primeiro poço perfurado totalmente na plataforma peruana em 1959 foram a Belco Petroleum Company e a Peruvian Pacific Petroleum Company.,1.0,1.0,As companhias responsáveis pelo primeiro poço perfurado totalmente na plataforma peruana em 1959 foram a Belco Petroleum Company e a Peruvian Pacific Petroleum Company.,1.0,1.0,39,72,14
1383,Quem é considerado o primeiro a perfurar um poço de petróleo na América do Sul?,SUCCESS,o engenheiro E. A. Prentice,"O primeiro a perfurar um poço de petróleo na América do Sul foi o engenheiro E. A. Prentice, em 1863, em Lima, Peru.",1.0,1.0,"O primeiro a perfurar um poço de petróleo na América do Sul foi o engenheiro E. A. Prentice, em 1863, em Lima, Peru.",1.0,1.0,42,78,10
1384,Em que ano foi fundada a Companhia Peruana de Refino de Petróleo?,SUCCESS,1871,A Companhia Peruana de Refino de Petróleo foi fundada em 1871.,1.0,1.0,A Companhia Peruana de Refino de Petróleo foi fundada em 1871.,1.0,1.0,57,102,17
1385,Quantos poços a Companhia Peruana de Refino de Petróleo chegou a perfurar em 55 anos de operação?,SUCCESS,450 poços,A Companhia Peruana de Refino de Petróleo chegou a perfurar 450 poços em 55 anos de operação.,1.0,1.0,A Companhia Peruana de Refino de Petróleo perfurou 450 poços em 55 anos de operação.,1.0,1.0,29,52,11
1386,Em que ano entrou em operação a primeira refinaria da América?,SUCCESS,1916,A primeira refinaria da América entrou em operação em 1916.,1.0,1.0,A primeira refinaria da América entrou em operação em 1916.,1.0,1.0,38,68,7
1387,"Qual é o nome da companhia que marcaria época, tanto pelas suas atividades exploratórias como de refino?",SUCCESS,a Internatio-nal Petroleum Company,O nome da companhia é International Petroleum Company.,1.0,1.0,O nome da companhia é International Petroleum Company.,1.0,1.0,48,96,11
1390,O que poderia ser considerado compatível com a cinemática definida pelos outros elementos estruturais?,SUCCESS,a condição de obliqüidade constante,"Compatível com a cinemática definida pelos outros elementos estruturais seria a **hipótese c**, que considera uma condição de obliquidade constante em toda a área.",1.0,1.0,O que poderia ser considerado compatível com a cinemática definida pelos outros elementos estruturais é a hipótese de obliquidade constante em toda a área.,1.0,1.0,53,95,20
1391,O que sugere que a evolução direcional posterior à nucleação frontal da zona de falha desenvolva uma evolução direcional posterior à nucleação frontal?,SUCCESS,secciona-mento da zona de falha de Perimbó,"O fato de as falhas transcorrentes, principalmente as dextrais, seccionarem a zona de falha de Perimbó sugere que houve uma evolução direcional posterior à nucleação frontal dessa zona de falha. Isso indica que, após a nucleação frontal, passou a predominar uma deformação com movimento direcional (transcorrente), ao contrário do que ocorreria em um regime puramente transpressivo.",1.0,1.0,"O que sugere que a evolução direcional posterior à nucleação frontal da zona de falha ocorreu é o seccionamento da zona de falha de Perimbó por falhas transcorrentes dextrais. Isso indica que, após uma deformação inicial predominantemente frontal (nucleação frontal), houve uma reorganização do regime tectônico, com intensificação das falhas transcorrentes dextrais, levando a uma evolução direcional distinta da fase inicial.",1.0,1.0,29,43,18
1392,O encurtamento podería ser quantificado tomando-se como base qual marcador linear?,SUCCESS,"um marcador linear, paralelo à direção de compressão máxima.","O encurtamento poderia ser quantificado tomando-se como base um marcador linear, paralelo à direção de compressão máxima.",1.0000000000000000,1.0,O encurtamento poderia ser quantificado tomando-se como base um marcador linear paralelo à direção de compressão máxima.,1.0,1.0,27,40,13
1396,O encurtamento podería ser quantificado tomando-se como base qual marcador linear?,SUCCESS,"um marcador linear, paralelo à direção de compressão máxima",O encurtamento poderia ser quantificado tomando-se como base um marcador linear paralelo à direção de compressão máxima.,1.0,1.0,O encurtamento poderia ser quantificado tomando-se como base um marcador linear paralelo à direção de compressão máxima.,1.0,1.0,28,40,13
1398,Quais regimes produziriam uma rotação progressiva dos indicadores cinemáticos?,SUCCESS,oblíquo ou transpressivo,Os regimes que produziriam uma rotação progressiva dos indicadores cinemáticos são os regimes oblíquos ou transpressivos.,1.0,1.0,Os regimes que produziriam uma rotação progressiva dos indicadores cinemáticos são o regime oblíquo e o regime transpressivo.,1.0,1.0,34,51,12
1399,Como o encurtamento pode ser quantificado?,SUCCESS,"tomando-se como base um marcador linear, paralelo à direção de compressão máxima","O encurtamento pode ser quantificado tomando-se como base um marcador linear, paralelo à direção de compressão máxima.",1.0,1.0,"O encurtamento pode ser quantificado tomando-se como base um marcador linear, paralelo à direção de compressão máxima.",1.0,1.0,55,100,25
1401,Qual é a base para quantificar o encurtamento?,SUCCESS,"um marcador linear, paralelo à direção de compressão máxima","A base para quantificar o encurtamento é um marcador linear, paralelo à direção de compressão máxima.",1.0,1.0,"A base para quantificar o encurtamento é um marcador linear, paralelo à direção de compressão máxima.",1.0,1.0,38,54,20
1402,Quais são os dois regimes que produziriam uma rotação progressiva dos indicadores cinemáticos?,SUCCESS,oblíquo ou transpressivo,Os dois regimes que produziriam uma rotação progressiva dos indicadores cinemáticos são o regime oblíquo ou o regime transpressivo.,1.0,1.0,Os dois regimes que produziriam uma rotação progressiva dos indicadores cinemáticos são os regimes oblíquo e transpressivo.,1.0,1.0,30,45,9
1406,Qual é a direção do vetor tectônico na primeira fase de deformação?,SUCCESS,de SE para NW,A direção do vetor tectônico na primeira fase de deformação é de sudeste (SE) para noroeste (NW).,1.0,1.0,A direção do vetor tectônico na primeira fase de deformação é de sudeste para noroeste (SE-NW).,1.0,1.0,28,38,14
1407,O que sugere o seccionamento da zona de falha de Perimbó pelas falhas transcorrentes?,SUCCESS,uma evolução direcional posterior à nucleação frontal da referida zona de falha,"O seccionamento da zona de falha de Perimbó pelas falhas transcorrentes, principalmente dextrais, sugere uma evolução direcional posterior à nucleação frontal da zona de falha, indicando que o regime não era transpressivo, mas sim caracterizado por uma convergência inicial e, posteriormente, por movimentos direcionais ao longo das falhas transcorrentes.",1.0,1.0,"O seccionamento da zona de falha de Perimbó pelas falhas transcorrentes, principalmente pelas falhas dextrais, sugere uma evolução direcional posterior à nucleação frontal da zona de falha, indicando que houve um evento tectônico subsequente ao principal episódio de deformação compressiva inicial. Isso é contrário ao que se esperaria em um regime transpressivo, evidenciando que, após a formação inicial reversa da falha, o movimento e a deformação passaram a ser controlados principalmente pelas falhas transcorrentes dextrais.",0.8,1.0,33,44,19
1409,Como seria quantificado o encurtamento de acordo com o texto?,SUCCESS,"tomando-se como base um marcador linear, paralelo à direção de compressão máxima","O encurtamento poderia ser quantificado tomando-se como base um marcador linear, paralelo à direção de compressão máxima.",1.0,1.0,"O encurtamento seria quantificado tomando-se como base um marcador linear, paralelo à direção de compressão máxima.",1.0000000000000000,1.0,29,43,17
1412,O que a hipótese b sugere que deveria ocorrer também?,SUCCESS,uma dispersão dos valores de acamamento,A hipótese b sugere que deveria ocorrer também uma dispersão dos valores de acamamento que indicasse uma suposta deformação tardia.,1.0,1.0,A hipótese b sugere que deveria ocorrer também uma dispersão dos valores de acamamento que amostrassem uma suposta deformação tardia.,1.0,1.0,34,51,16
1413,Qual é a condição que a hipótese c considera constante em toda a área?,SUCCESS,a condição de obliqüidade,A hipótese c considera constante a condição de obliquidade em toda a área.,1.0,1.0,A hipótese c considera constante em toda a área a condição de obliquidade.,1.0,1.0,29,49,13
1414,Qual é o nome da descontinuidade crustal?,SUCCESS,"Arco de São Mateus,",O nome da descontinuidade crustal é **Arco de São Mateus**.,1.0,1.0,O nome da descontinuidade crustal é Arco de São Mateus.,1.0,1.0,49,80,22
1415,Qual é a idade do fragmento máfico?,SUCCESS,"69,4 ± 1,3 Ma, geocro-nologicamente compatível","A idade do fragmento máfico é 69,4 ± 1,3 milhões de anos (Ma).",1.0,1.0,"A idade do fragmento máfico é 69,4 ± 1,3 milhões de anos (Ma), determinada por datação Ar-Ar.",1.0,1.0,56,94,26
1416,Qual é a sequência vulcanoclástica da Fm. Rio Doce?,SUCCESS,Abrolhos,"A sequência vulcanoclástica da Fm. Rio Doce consiste em arenitos médios a muito grossos, quartzozos e feldspáticos, cinza-esverdeados, maciços ou com estratificações cruzadas, mal selecionados, pouco lamosos e extremamente litificados, com grãos cimentados por sílica criptocristalina, ocorrendo próxima ao contato com vulcânicas e podendo estar totalmente silicificada (""cozida"").",1.0,0.0,"A sequência vulcanoclástica da Fm. Rio Doce consiste principalmente em arenitos médios a muito grossos, quartzozos, feldspáticos, cinza-esverdeados, maciços ou com estratificações cruzadas, mal selecionados, pouco lamosos, extremamente litificados e cimentados por sílica criptocristalina, com ocorrência próxima ao contato com as rochas vulcânicas e completa silicificação (“cozida”).",1.0,0.8888890000000000,53,82,26
1419,Qual é a idade da amostra?,SUCCESS,"69,4 ± 1,3 Ma, geocro-nologicamente compatível","A idade da amostra é 69,4 ± 1,3 milhões de anos (Ma).",1.0,1.0,"A idade da amostra é 69,4 ± 1,3 milhões de anos.",1.0,1.0,48,73,23
1421,Qual é o nome da descontinuidade crustal?,SUCCESS,Arco de São Mateus,O nome da descontinuidade crustal é Arco de São Mateus.,1.0,1.0,O nome da descontinuidade crustal é Arco de São Mateus.,1.0,1.0,57,89,27
1422,Qual é a idade do fragmento máfico?,SUCCESS,"69,4 ± 1,3 Ma","A idade do fragmento máfico é 69,4 ± 1,3 milhões de anos (Ma).",1.0,1.0,"A idade do fragmento máfico é 69,4 ± 1,3 milhões de anos (Ma).",1.0,1.0,48,70,21
1425,Qual é a idade da amostra?,SUCCESS,"69,4 ± 1,3 Ma","A idade da amostra é 69,4 ± 1,3 milhões de anos (Ma).",1.0,1.0,"A idade da amostra é 69,4 ± 1,3 milhões de anos (Ma), obtida por datação Ar-Ar de fragmento máfico.",1.0,1.0,64,101,36
1426,Qual foi a data de um fragmento mafico de uma rocha?,SUCCESS,"69,4 ± 1,3 Ma","A data de um fragmento máfico de uma rocha, segundo datação Ar-Ar, foi de 69,4 ± 1,3 milhões de anos (Ma).",1.0,1.0,"A data de um fragmento máfico de uma rocha, obtida por datação Ar-Ar, é 69,4 ± 1,3 milhões de anos (Ma).",1.0,1.0,53,85,25
1427,Quem descreve uma forte ocorrência de rochas piroclásticas ácidas na região nordeste do estado de Minas Gerais?,SUCCESS,Raposo etal.,Raposo et al. descrevem uma forte ocorrência de rochas piroclásticas ácidas na região nordeste do estado de Minas Gerais.,1.0,1.0,Raposo et al. descrevem uma forte ocorrência de rochas piroclásticas ácidas na região nordeste do estado de Minas Gerais.,1.0,1.0,49,71,21
1428,Quem admitiu que há uma interrelação entre a sequência vulcanoclástica da Fm. Abrolhos e os sedimentos terciários da Fm. Rio Doce?,SUCCESS,Novais etal.,Quem admitiu que há uma interrelação entre a sequência vulcanoclástica da Fm. Abrolhos e os sedimentos terciários da Fm. Rio Doce foi **Novais et al.**,1.0,1.0,Novais et al. admitiram que há uma interrelação entre a sequência vulcanoclástica da Fm. Abrolhos e os sedimentos terciários da Fm. Rio Doce.,1.0,1.0,52,80,27
1429,Como é chamada a descontinuidade crustal?,SUCCESS,Arco de São Mateus,A descontinuidade crustal é chamada de **Arco de São Mateus**.,1.0,1.0,A descontinuidade crustal é chamada de Arco de São Mateus.,1.0,1.0,63,101,32
1430,Qual é a área das rochas piroclásticas ácidas encontradas na região nordeste de Minas Gerais?,SUCCESS,75km de comprimento por 25km de largura,A área das rochas piroclásticas ácidas encontradas na região nordeste de Minas Gerais é de aproximadamente 75 km de comprimento por 25 km de largura.,1.0,1.0,A área das rochas piroclásticas ácidas encontradas na região nordeste de Minas Gerais é de aproximadamente 75 km de comprimento por 25 km de largura.,1.0,1.0,55,84,26
1431,Quem descreveu uma grande ocorrência de rochas piroclásticas ácidas na região nordeste de Minas Gerais?,SUCCESS,Raposo etal.,Raposo et al. foram quem descreveram uma grande ocorrência de rochas piroclásticas ácidas na região nordeste de Minas Gerais.,1.0,1.0,Quem descreveu uma grande ocorrência de rochas piroclásticas ácidas na região nordeste de Minas Gerais foi Raposo et al.,1.0,1.0,52,75,24
1432,Quem admite que há uma interrelação entre a sequência vulcanoclástica da Fm. Abrolhos e os sedimentos terciários da Fm. Rio Doce?,SUCCESS,Novais etal.,Novais et al. admitem que há uma interrelação entre a sequência vulcanoclástica da Fm. Abrolhos e os sedimentos terciários da Fm. Rio Doce.,1.0,1.0,Novais et al. admitem que há uma interrelação entre a sequência vulcanoclástica da Formação Abrolhos e os sedimentos terciários da Formação Rio Doce.,1.0,1.0,48,73,25
1435,Quanta área as rochas piroclásticas ácidas ocupam?,SUCCESS,75km de comprimento por 25km de largura,As rochas piroclásticas ácidas ocupam uma área de 75 km de comprimento por 25 km de largura.,1.0,1.0,"As rochas piroclásticas ácidas ocupam uma área de 75 km de comprimento por 25 km de largura, na região nordeste do estado de Minas Gerais.",0.5,1.0,50,80,23
1436,Qual a idade geocronológica indicada pela datação Ar-Ar de um fragmento máfico?,SUCCESS,"69,4 ± 1,3 Ma","A idade geocronológica indicada pela datação Ar-Ar de um fragmento máfico é de **69,4 ± 1,3 Ma**.",1.0,1.0,"A idade geocronológica indicada pela datação Ar-Ar de um fragmento máfico é 69,4 ± 1,3 milhões de anos (Ma).",1.0,1.0,48,74,24
1437,O que é a Fm. Rio Doce?,SUCCESS,"corresponde a arenitos médios a muito grossos, quartzozos, feldspáticos, com cores cinza-esverdeadas, maciços ou com estratificações cruzadas","A Fm. Rio Doce é uma formação composta por arenitos médios a muito grossos, quartzosos e feldspáticos, de cor cinza-esverdeada, maciços ou com estratificação cruzada, mal selecionados, pouco lamosos e extremamente litificados, com grãos cimentados por sílica criptocristalina.",1.0,1.0,"A Fm. (Formação) Rio Doce é uma unidade geológica composta por arenitos médios a muito grossos, quartzozos e feldspáticos, pouco lamosos, extremamente litificados e cimentados por sílica, geralmente associados à silicificação e próximos de rochas vulcânicas. Ela representa sedimentos terciários que, próximos ao contato com vulcânicas, estão fortemente silicificados (“cozidos”).",1.0,1.0,56,94,27
1438,O que descrevem Raposo etal. sobre a região nordeste do estado de Minas Gerais?,SUCCESS,"uma expressiva ocorrência de rochas piroclásticas ácidas, de provável idade fanerozoica","Raposo et al. descrevem na região nordeste do estado de Minas Gerais uma expressiva ocorrência de rochas piroclásticas ácidas, de provável idade fanerozoica, ocupando uma área de 75 km por 25 km na direção NE-SW, cuja origem estaria relacionada à ruptura do Atlântico Sul.",1.0,1.0,"Raposo et al. descrevem uma expressiva ocorrência de rochas piroclásticas ácidas, de provável idade fanerozoica, na região nordeste do estado de Minas Gerais. Essas rochas ocupam uma área de 75 km por 25 km (direção NE-SW) e sua origem está relacionada à ruptura do Atlântico Sul, podendo estar ligadas à diferenciação de magmatismo básico alcalino terciário ou à fusão da crosta.",1.0,1.0,53,82,25
1439,"O que controlaria os fenômenos neotectônicos, o padrão de drenagem e a circulação de fluidos na região?",SUCCESS,"a uma descontinuidade crustal denominada Arco de São Mateus,","Os fenômenos neotectônicos, o padrão de drenagem e a circulação de fluidos na região seriam controlados pelas reativações da descontinuidade crustal denominada Arco de São Mateus, que constitui uma zona de profundas fissuras na crosta.",1.0,1.0,"Os fenômenos neotectônicos, o padrão de drenagem e a circulação de fluidos na região são controlados pela descontinuidade crustal denominada Arco de São Mateus, cujas reativações estruturais influenciam diretamente esses processos.",1.0,1.0,49,76,25
1440,Qual é a idade do fragmento máfico mencionado no texto?,SUCCESS,"69,4 ± 1,3 Ma","A idade do fragmento máfico mencionado no texto é 69,4 ± 1,3 milhões de anos (Ma).",1.0,1.0,"A idade do fragmento máfico é 69,4 ± 1,3 Ma.",1.0,1.0,59,96,30
1441,O que é a Fm. Rio Doce?,SUCCESS,"arenitos médios a muito grossos, quartzozos, feldspáticos, com cores cinza-esverdeadas, maciços ou com estratificações cruzadas","A Fm. Rio Doce corresponde a uma formação geológica composta por arenitos médios a muito grossos, quartzozos e feldspáticos, de cor cinza-esverdeada, maciços ou com estratificações cruzadas. Os sedimentos são mal selecionados, pouco lamosos e extremamente litificados, cimentados por sílica criptocristalina.",1.0,1.0,"A Fm. Rio Doce (Formação Rio Doce) é composta por sedimentos terciários areníticos, quartzosos e feldspáticos, com grãos mal selecionados e fortemente litificados, cimentados por sílica criptocristalina. Próxima ao contato com rochas vulcânicas, esses sedimentos apresentam forte silicificação (""cozimento"").",1.0,1.0,55,85,24
1442,Como são os sedimentos da Fm. Rio Doce?,SUCCESS,"mal selecionados, pouco lamosos e extremamente litificados, com os grãos cimentados por sílica criptocristalina","Os sedimentos da Formação Rio Doce são arenitos médios a muito grossos, quartzosos, feldspáticos, de cores cinza-esverdeadas, maciços ou com estratificações cruzadas. São mal selecionados, pouco lamosos, extremamente litificados e os grãos são cimentados por sílica criptocristalina.",1.0,1.0,"Os sedimentos da Fm. Rio Doce são arenitos médios a muito grossos, quartzozos, feldspáticos, de cor cinza-esverdeada, mal selecionados, pouco lamosos e extremamente litificados, com grãos cimentados por sílica criptocristalina. Próximo ao contato com rochas vulcânicas, os sedimentos apresentam silicificação intensa (""cozidos"").",1.0,1.0,51,77,27
1443,Qual é a direção das rochas piroclásticas ácidas mencionadas por Raposo et al.?,SUCCESS,NE-SW,A direção das rochas piroclásticas ácidas mencionadas por Raposo et al. é NE-SW (nordeste-sudoeste).,1.0,1.0,A direção das rochas piroclásticas ácidas mencionadas por Raposo et al. é NE-SW (nordeste-sudoeste).,1.0,1.0,53,81,22
1444,Quem foi o responsável pela descoberta do campo de Tubarão?,SUCCESS,"detentor do direito de exploração sob regime de contrato de risco, que perfurou apenas um poço e a considerou não atrativa, permitiu que no início de 1988 a PETROBRÁS descobrisse, com a perfuração do pioneiro 1-PRS-4, a acumulação de hidrocarbonetos do Campo de Tubarão. As","O responsável pela descoberta do campo de Tubarão foi a PETROBRÁS, com a perfuração do poço pioneiro 1-PRS-4 no início de 1988.",1.0,1.0,"O responsável pela descoberta do campo de Tubarão foi a PETROBRÁS, em 1988, com a perfuração do poço pioneiro 1-PRS-4.",1.0,1.0,43,65,21
1445,Qual é a coluna de hidrocarbonetos constatada?,SUCCESS,"255 m,",A coluna de hidrocarbonetos constatada foi de 255 m.,1.0,1.0,A coluna de hidrocarbonetos constatada foi de 255 metros.,1.0,1.0,30,43,12
1446,O que foi adotado para identificar a constância dos reservatórios?,SUCCESS,a subdivisão em zonas produtoras diferenciadas,"Adotou-se a subdivisão em zonas produtoras diferenciadas (B1, B2 e B3) proposta por Andrade e Saito para identificar a constância dos reservatórios.",1.0,1.0,"Foi adotada a subdivisão em zonas produtoras diferenciadas (B1, B2 e B3), proposta por Andrade e Saito, para identificar a constância dos reservatórios.",1.0,1.0,46,72,24
1447,Qual é a coluna de hidrocarbonetos constatada?,SUCCESS,255 m,A coluna de hidrocarbonetos constatada foi de 255 m.,1.0,1.0,A coluna de hidrocarbonetos constatada foi de 255 metros.,1.0,1.0,33,48,18
1449,Qual é o tamanho da coluna de hidrocarbonetos constatada?,SUCCESS,255 m,O tamanho da coluna de hidrocarbonetos constatada foi de 255 m.,1.0,1.0,O tamanho da coluna de hidrocarbonetos constatada foi de 255 metros.,1.0,1.0,39,64,14
1450,Qual é o caráter dos marcos elétricos?,SUCCESS,caráter cronoestratigráfico,Os marcos elétricos têm caráter cronoestratigráfico.,1.0,1.0,Os marcos elétricos têm caráter cronoestratigráfico.,1.0,1.0,40,61,14
1451,Qual foi o valor preditivo de porosidade previsto?,SUCCESS,7.0%,O valor preditivo de porosidade previsto era em torno de 7%.,1.0,1.0,O valor preditivo de porosidade previsto era em torno de 7%.,1.0,1.0,33,49,12
1452,Quantos poços a PETROBRÁS perfurou sob contrato de contrato de risco?,SUCCESS,um,A PETROBRÁS perfurou apenas um poço sob contrato de risco.,1.0,1.0,A PETROBRÁS perfurou apenas um poço sob contrato de risco.,1.0,1.0,26,37,9
1453,Quem propôs a subdivisão em zonas produtoras diferenciadas?,SUCCESS,Andrade e Saito,Andrade e Saito propuseram a subdivisão em zonas produtoras diferenciadas.,1.0,1.0,Andrade e Saito propuseram a subdivisão em zonas produtoras diferenciadas.,1.0,1.0,32,52,13
1454,O que a PETROBRÁS descobriu com o poço pioneiro 1 - PRS - 4?,SUCCESS,a acumulação de hidrocarbonetos do Campo de Tubarão,"A PETROBRÁS descobriu, com o poço pioneiro 1-PRS-4, a acumulação de hidrocarbonetos do Campo de Tubarão, encontrando uma coluna de hidrocarbonetos de 255 m em rochas-reservatório com porosidades altas (12% a 24%) e permeabilidades de até 1.400 md, surpreendentes para a profundidade perfurada (-4.540 m).",1.0,1.0,"A PETROBRÁS descobriu, com o poço pioneiro 1-PRS-4, a acumulação de hidrocarbonetos no Campo de Tubarão em 1988, identificando rochas-reservatório no topo da sequência carbonática Guarujá Inferior (a partir de 4.540 m), com coluna de hidrocarbonetos de 255 m, porosidade elevada (12–24%) e alta permeabilidade (até 1.400 md), superiores ao esperado para a profundidade.",1.0,1.0,37,55,15
1456,Onde as rochas do reservatório de Tubarão se encontram?,SUCCESS,Guarujá Inferior,"As rochas do reservatório de Tubarão se encontram no topo da sequência carbonática Guarujá Inferior, identificada a partir de -4.540 m de profundidade.",1.0,1.0,"As rochas do reservatório de Tubarão encontram-se no topo da sequência carbonática Guarujá Inferior, a partir de 4.540 metros de profundidade.",1.0,1.0,40,67,18
1457,O que os marcos elétricos têm?,SUCCESS,caráter cronoestratigráfico,Os marcos elétricos têm caráter cronoestratigráfico.,1.0,1.0,Os marcos elétricos têm caráter cronoestratigráfico.,1.0,1.0,31,49,13
1458,Qual foi o valor preditivo de porosidade?,SUCCESS,7.0%,O valor preditivo de porosidade era de aproximadamente 7%.,1.0,1.0,O valor preditivo de porosidade era em torno de 7%.,1.0,1.0,43,71,19
1459,Quantos poços a PETROBRÁS perfurava sob regime de contrato de risco?,SUCCESS,um,A PETROBRÁS perfurou apenas um poço sob regime de contrato de risco.,1.0,1.0,A PETROBRÁS perfurava apenas um poço sob regime de contrato de risco.,1.0,1.0,36,51,14
1462,O que a PETROBRÁS descobriu com o primeiro poço?,SUCCESS,a acumulação de hidrocarbonetos do Campo de Tubarão,"A PETROBRÁS descobriu, com o primeiro poço perfurado no início de 1988 (1-PRS-4), a acumulação de hidrocarbonetos do Campo de Tubarão, em rochas-reservatório com porosidades significativamente superiores ao esperado e boa permeabilidade.",1.0,1.0,"A PETROBRÁS descobriu, com o primeiro poço (1-PRS-4), a acumulação de hidrocarbonetos no Campo de Tubarão, em rochas carbonáticas do Guarujá Inferior, com porosidade e permeabilidade altas e inesperadas.",1.0,1.0,31,45,10
1464,O que a continuidade do processo de exploração permitiu identificar a constância?,SUCCESS,reservatórios,"A continuidade do processo de exploração permitiu identificar a constância das fácies potencialmente reservatórios, possibilitando a subdivisão em zonas produtoras diferenciadas (B1, B2, B3) dentro do campo.",1.0000000000000000,1.0,"A continuidade do processo de exploração permitiu identificar a constância das fácies potencialmente reservatórias, possibilitando a subdivisão em zonas produtoras diferenciadas (B1, B2 e B3), conforme proposto por Andrade e Saito.",1.0000000000000000,1.0,39,60,18
1465,Quantos poços foram perfurados na acumulação de hidrocarbonetos do Campo de Tubarão?,SUCCESS,um,Apenas um poço foi perfurado na acumulação de hidrocarbonetos do Campo de Tubarão.,1.0,1.0,Apenas um poço foi perfurado na acumulação de hidrocarbonetos do Campo de Tubarão.,1.0,1.0,32,47,11
1466,Quantos poços a PETROBRÁS perfurava no início de 1988?,SUCCESS,um,"No início de 1988, a PETROBRÁS perfurava um poço, o pioneiro 1-PRS-4.",1.0,1.0,"No início de 1988, a PETROBRÁS perfurou apenas um poço.",1.0,1.0,34,51,16
1467,Quem descobriu a acumulação de hidrocarbonetos do Campo de Tubarão?,SUCCESS,a PETROBRÁS,"A acumulação de hidrocarbonetos do Campo de Tubarão foi descoberta pela PETROBRÁS, com a perfuração do poço pioneiro 1-PRS-4 no início de 1988.",1.0,1.0,A acumulação de hidrocarbonetos do Campo de Tubarão foi descoberta pela PETROBRÁS.,1.0,1.0,46,65,22
1468,A que profundidade foram identificadas as rochas-reservatório do Campo de Tubarão?,SUCCESS,a partir de -4 540 m,As rochas-reservatório do Campo de Tubarão foram identificadas a partir de -4.540 m de profundidade.,1.0,1.0,As rochas-reservatório do Campo de Tubarão foram identificadas a partir de -4 540 m de profundidade.,1.0,1.0,38,59,14
1469,Qual foi a coluna de hidrocarbonetos constatada no Campo de Tubarão?,SUCCESS,255 m,A coluna de hidrocarbonetos constatada no Campo de Tubarão foi de 255 metros.,1.0,1.0,A coluna de hidrocarbonetos constatada no Campo de Tubarão foi de 255 metros.,1.0,1.0,34,56,13
1471,"Quais códigos foram utilizados para os reservatórios da porção superior, média e inferior da acumulação no Campo de Tubarão?",SUCCESS,"B1, B2 e B3","Os códigos utilizados foram:  
- B1 para o reservatório da porção superior,  
- B2 para a porção média,  
- B3 para a porção inferior da acumulação no Campo de Tubarão.",1.0,1.0,"Os códigos utilizados para os reservatórios da porção superior, média e inferior da acumulação no Campo de Tubarão são, respectivamente: B1 (superior), B2 (média) e B3 (inferior).",1.0,1.0,31,47,10
1472,Quem descobriu a acumulação de hidrocarbonetos do Campo de Tubarão?,SUCCESS,PETROBRÁS,"A acumulação de hidrocarbonetos do Campo de Tubarão foi descoberta pela PETROBRÁS em 1988, com a perfuração do poço pioneiro 1-PRS-4.",1.0,1.0,A acumulação de hidrocarbonetos do Campo de Tubarão foi descoberta pela Petrobras em 1988.,1.0,1.0,39,63,15
1473,Em que profundidade foi identificada a seqüência carbonática Guarujá Inferior?,SUCCESS,-4 540 m,A sequência carbonática Guarujá Inferior foi identificada a partir de -4.540 metros de profundidade.,1.0,1.0,A sequência carbonática Guarujá Inferior foi identificada a partir de -4.540 metros de profundidade.,1.0,1.0,37,60,14
1474,Qual é a extensão da coluna de hidrocarbonetos encontrada no Campo de Tubarão?,SUCCESS,255 m,A extensão da coluna de hidrocarbonetos encontrada no Campo de Tubarão foi de 255 metros.,1.0,1.0,A extensão da coluna de hidrocarbonetos encontrada no Campo de Tubarão é de 255 metros.,1.0,1.0,36,54,14
1475,Quais são os valores preditivos de porosidade para as rochas-reservatório do Campo de Tubarão?,SUCCESS,em torno de 7%,"Os valores preditivos de porosidade para as rochas-reservatório do Campo de Tubarão deveriam situar-se em torno de 7%, em função do rearranjo e obliteração do espaço poroso impostos pelo soterramento.",1.0,1.0,"Os valores preditivos de porosidade para as rochas-reservatório do Campo de Tubarão deveriam situar-se em torno de 7%, em função do rearranjo e obliteração do espaço poroso impostos pelo soterramento.",1.0,1.0,31,47,10
1476,Como os reservatórios do Campo de Tubarão foram subdivididos?,SUCCESS,"Utilizaram-se os códigos B1, B2 e B3,","Os reservatórios do Campo de Tubarão foram subdivididos em zonas produtoras diferenciadas, utilizando-se os códigos B1 (porção superior), B2 (porção média) e B3 (porção inferior) da acumulação.",1.0,1.0,"Os reservatórios do Campo de Tubarão foram subdivididos em três zonas produtoras principais, denominadas B1 (porção superior), B2 (porção média) e B3 (porção inferior), conforme a proposta de Andrade e Saito. Esses reservatórios são reconhecidos por marcos elétricos de caráter cronoestratigráfico.",1.0,1.0,28,47,8
1477,Qual é o termo usado para descrever a geologia das seqüências fanerozóicas ocorrentes dentro das fronteiras da Bacia do São Francisco?,SUCCESS,Bacia Sanfranciscana,"O termo utilizado é ""Bacia Sanfranciscana"".",1.0,1.0,"O termo usado é ""Bacia Sanfranciscana"".",1.0,1.0,58,96,32
1478,Qual grupo é o único remanescente erosional paleozóico de coberturas intracratônicas mais amplas?,SUCCESS,Grupo Santa Fé,O Grupo Santa Fé é o único remanescente erosional paleozóico de coberturas intracratônicas mais amplas.,1.0,1.0,O único remanescente erosional paleozóico de coberturas intracratônicas mais amplas é o Grupo Santa Fé.,1.0,1.0,51,89,27
1479,Quantas unidades cretácicas formam chapadas e tabuleiros na Bacia do São Francisco?,SUCCESS,Três,Três unidades cretácicas formam chapadas e tabuleiros na Bacia do São Francisco.,1.0,1.0,Três unidades cretácicas formam chapadas e tabuleiros na Bacia do São Francisco.,1.0,1.0,52,99,22
1480,Que grupo foi quebrado durante a sedimentação do Grupo Areado?,SUCCESS,Supercontinente Gondwana,"Durante a sedimentação do Grupo Areado, o grupo que foi quebrado foi o Supercontinente Gondwana.",1.0,1.0,O grupo que foi quebrado durante a sedimentação do Grupo Areado foi o Supercontinente Gondwana.,1.0,1.0,53,88,31
1481,Que estudo foi realizado em Sgarbi et al.?,SUCCESS,A geologia das seqüências fanerozóicas ocorrentes dentro dos limites da Bacia do São Francisco,"Sgarbi et al. realizaram uma revisão abrangente e objetiva da geologia das sequências fanerozóicas da Bacia do São Francisco, abordando litoestratigrafia, espessuras, interpretações paleoambientais e idades das unidades sedimentares/vulcânicas dessa região.",1.0,1.0,"Sgarbi et al. realizaram uma revisão abrangente da geologia das sequências fanerozóicas da Bacia do São Francisco, utilizando o termo ""Bacia Sanfranciscana"" para o registro sedimentar e vulcânico fanerozóico dessa bacia.",1.0,1.0,45,73,26
1482,Qual é o termo usado para descrever o registro geológico fanerozóico da Bacia do São Francisco?,SUCCESS,Bacia Sanfranciscana,"O termo usado é ""Bacia Sanfranciscana"".",1.0,1.0,"O termo usado é ""Bacia Sanfranciscana"".",1.0,1.0,37,61,19
1483,Qual grupo é o único remanescente erosional paleozóico que possui coberturas intracratônicas mais amplas?,SUCCESS,Grupo Santa Fé,O único remanescente erosional paleozóico com coberturas intracratônicas mais amplas é o **Grupo Santa Fé**.,1.0,1.0,O único grupo remanescente erosional paleozóico que possui coberturas intracratônicas mais amplas é o **Grupo Santa Fé**.,1.0,1.0,41,64,23
1485,Qual é a única seqüência erosional paleozóica que existe em toda a bacia?,SUCCESS,O Grupo Santa Fé,A única sequência erosional paleozóica que existe em toda a bacia é o **Grupo Santa Fé**.,1.0,1.0,A única seqüência erosional paleozóica que existe em toda a bacia é o Grupo Santa Fé.,1.0,1.0,41,62,25
1486,Qual grupo é o único remanescente erosional paleozóico que possui coberturas intracratônicas mais amplas?,SUCCESS,O Grupo Santa Fé,O Grupo Santa Fé é o único remanescente erosional paleozóico que possui coberturas intracratônicas mais amplas.,1.0,1.0,O único remanescente erosional paleozóico que possui coberturas intracratônicas mais amplas é o Grupo Santa Fé.,1.0,1.0,58,93,35
1487,Qual é o nome da seqüência fanerozóica da Bacia do São Francisco?,SUCCESS,Bacia Sanfranciscana,"O nome da sequência fanerozóica da Bacia do São Francisco é ""Bacia Sanfranciscana"".",1.0,1.0,"O nome da sequência fanerozóica da Bacia do São Francisco é ""Bacia Sanfranciscana"".",1.0,1.0,48,75,28
1488,Quem escreveu a geologia das seqüências fanerozóicas?,SUCCESS,Sgarbi et al.,Sgarbi et al. escreveram a geologia das sequências fanerozóicas.,1.0,1.0,Quem escreveu a geologia das seqüências fanerozóicas foi Sgarbi et al.,1.0,1.0,50,83,27
1489,Que tipo de ambiente tectônico prevalecia durante a sedimentação do Grupo Areado?,SUCCESS,distensional,O ambiente tectônico prevalecente durante a sedimentação do Grupo Areado foi distensional.,1.0,1.0,O ambiente tectônico prevalecente durante a sedimentação do Grupo Areado foi distensional.,1.0,1.0,55,88,32
1491,Qual é o único remanescente paleozóico de coberturas intracratônicas mais amplas?,SUCCESS,O Grupo Santa Fé,O único remanescente paleozóico de coberturas intracratônicas mais amplas é o Grupo Santa Fé.,1.0,1.0,O único remanescente paleozóico de coberturas intracratônicas mais amplas é o Grupo Santa Fé.,1.0,1.0,53,87,31
1492,Qual grupo começa com extrusão de rochas vulcânicas e subvulcânicas kamafugíticas datadas em torno de 90 a 80 Ma?,SUCCESS,Grupo Mata da Corda,O grupo que começa com extrusão de rochas vulcânicas e subvulcânicas kamafugíticas datadas em torno de 90 a 80 Ma é o **Grupo Mata da Corda**.,1.0,1.0,O grupo que começa com extrusão de rochas vulcânicas e subvulcânicas kamafugíticas datadas em torno de 90 a 80 Ma é o **Grupo Mata da Corda**.,1.0,1.0,46,74,27
1493,Qual é o termo para o registro sedimentar fanerozóico da Bacia do São Francisco?,SUCCESS,Bacia Sanfranciscana,"O termo é ""Bacia Sanfranciscana"".",1.0,1.0,"O termo para o registro sedimentar fanerozóico da Bacia do São Francisco é ""Bacia Sanfranciscana"".",1.0,1.0,53,89,29
1494,Quem revisou a geologia das seqüências fanerozóicas da Bacia do São Francisco?,SUCCESS,Sgarbi et al.,Sgarbi et al. revisaram a geologia das seqüências fanerozóicas da Bacia do São Francisco.,1.0,1.0,Quem revisou a geologia das sequências fanerozóicas da Bacia do São Francisco foi Sgarbi et al.,1.0,1.0,46,75,25
1495,Qual foi o ambiente tectônico prevalente durante a sedimentação do Grupo Areado?,SUCCESS,distensional,"O ambiente tectônico prevalente durante a sedimentação do Grupo Areado foi distensional, como reflexo intracontinental do quebramento do Supercontinente Gondwana.",1.0,1.0,"O ambiente tectônico prevalente durante a sedimentação do Grupo Areado foi distensional, refletindo o rompimento intracontinental do Supercontinente Gondwana.",1.0,1.0,43,72,21
1496,Qual grupo iniciou - se com extrusão de rochas vulcânicas e subvulcânicas kamafugíticas datadas em torno de 90 - 80 Ma?,SUCCESS,O Grupo Mata da Corda,O grupo que iniciou-se com extrusão de rochas vulcânicas e subvulcânicas kamafugíticas datadas em torno de 90-80 Ma é o **Grupo Mata da Corda**.,1.0,1.0,O grupo que se iniciou com extrusão de rochas vulcânicas e subvulcânicas kamafugíticas datadas em torno de 90-80 Ma é o Grupo Mata da Corda.,1.0,1.0,33,52,17
1497,Qual é o único remanescente erosional paleozóico de coberturas intracratônicas mais amplas que eventualmente existiu na Bacia do São Francisco?,SUCCESS,O Grupo Santa Fé,O único remanescente erosional paleozóico de coberturas intracratônicas mais amplas na Bacia do São Francisco é o **Grupo Santa Fé**.,1.0,1.0,O único remanescente erosional paleozóico de coberturas intracratônicas mais amplas que eventualmente existiu na Bacia do São Francisco é o Grupo Santa Fé.,1.0,1.0,46,74,25
1498,Qual grupo iniciou - se com extrusão de rochas vulcânicas e subvulcânicas kamafugíticas datadas em torno de 90 - 80 Ma?,SUCCESS,Grupo Mata da Corda,O grupo que iniciou-se com extrusão de rochas vulcânicas e subvulcânicas kamafugíticas datadas em torno de 90-80 Ma é o **Grupo Mata da Corda**.,1.0,1.0,O grupo que se iniciou com extrusão de rochas vulcânicas e subvulcânicas kamafugíticas datadas em torno de 90–80 Ma é o Grupo Mata da Corda.,1.0,1.0,41,63,23
1499,Quais autores utilizam o termo Bacia Sanfranciscana para o registro sedimentar/vulcânico fanerozóico da Bacia do São Francisco?,SUCCESS,Sgarbi et al.,"Os autores que utilizam o termo ""Bacia Sanfranciscana"" para o registro sedimentar/vulcânico fanerozóico da Bacia do São Francisco são Sgarbi et al.",1.0,1.0,"Os autores que utilizam o termo ""Bacia Sanfranciscana"" para o registro sedimentar/vulcânico fanerozóico da Bacia do São Francisco são Sgarbi et al.",1.0,1.0,50,78,29
1500,O que o Grupo Santa Fé representa na geologia da Bacia do São Francisco?,SUCCESS,o único remanescente erosional paleozóico de coberturas intracratônicas mais amplas,"O Grupo Santa Fé representa, na geologia da Bacia do São Francisco, o único remanescente erosional paleozóico de coberturas intracratônicas mais amplas, contendo diamictitos/tilitos/glaciais crono-correlatos ao Grupo Itararé (Permocarbonífero) da Bacia do Paraná.",1.0,1.0,"O Grupo Santa Fé representa o único remanescente erosional paleozóico de coberturas intracratônicas mais amplas que existiram sobre a Bacia do São Francisco, ligando as bacias do Paraná e do Parnaíba. Seus depósitos (diamictitos, tilitos e folhelhos com dropstones) são crono-correlatos aos sedimentos permocarboníferos glaciais do Grupo Itararé, da Bacia do Paraná.",1.0,1.0,51,82,30
1501,Qual a natureza das três unidades cretácicas que formam chapadas e tabuleiros na Bacia do São Francisco?,SUCCESS,de natureza continental,As três unidades cretácicas que formam chapadas e tabuleiros na Bacia do São Francisco são de natureza continental.,1.0,1.0,"As três unidades cretácicas que formam chapadas e tabuleiros na Bacia do São Francisco são de natureza continental: Grupo Areado (arenitos flúvio-deltaicos, fluviais, eólicos e lacustres), Grupo Mata da Corda (rochas vulcânicas e subvulcânicas kamafugíticas), e uma terceira unidade continental não nomeada explicitamente no contexto, mas todas com sedimentação de origem continental.",1.0,0.8,39,61,22
1502,Qual o ambiente tectônico prevalente durante a sedimentação do Grupo Areado na Bacia do São Francisco?,SUCCESS,distensional,"O ambiente tectônico prevalente durante a sedimentação do Grupo Areado na Bacia do São Francisco foi **distensional**, reflexo intracontinental do quebramento do Supercontinente Gondwana.",1.0,1.0,"O ambiente tectônico prevalente durante a sedimentação do Grupo Areado na Bacia do São Francisco foi distensional, reflexo intracontinental do quebramento do supercontinente Gondwana.",1.0,1.0,44,68,27
1504,Quais autores revisaram a geologia das seqüências fanerozóicas da Bacia do São Francisco de maneira abrangente?,SUCCESS,Sgarbi et al.,Os autores que revisaram de maneira abrangente a geologia das sequências fanerozóicas da Bacia do São Francisco foram Sgarbi et al.,1.0,1.0,Os autores que revisaram de maneira abrangente a geologia das sequências fanerozóicas da Bacia do São Francisco foram Sgarbi et al.,1.0,1.0,46,77,27
1505,O que é o Grupo Santa Fé?,SUCCESS,o único remanescente erosional paleozóico de coberturas intracratônicas mais amplas,"O Grupo Santa Fé é o único remanescente erosional paleozóico de coberturas intracratônicas mais amplas que existiram sobre a Bacia do São Francisco, caracterizado por diamictitos/tilitos/fácies tilóides e folhelhos com dropstones basais, correlato aos sedimentos glaciais permocarboníferos do Grupo Itararé da Bacia do Paraná.",1.0,1.0,"O Grupo Santa Fé é um remanescente erosional paleozóico da Bacia do São Francisco, composto por diamictitos, tillitos e folhelhos com dropstones basais, correlato a depósitos glaciais do Grupo Itararé da Bacia do Paraná.",1.0,1.0,54,88,30
1506,O que os diamictitos/tilitos/fácies tilóides e folhelhos com dropstones basais do Grupo Santa Fé apontam?,SUCCESS,para uma unidade crono-correlata aos sedimentos permocarboníferos glaciais do Grupo Itararé da Bacia do Paraná,"Os diamictitos/tilitos/fácies tilóides e folhelhos com dropstones basais do Grupo Santa Fé apontam para uma origem glacial, indicando que essa unidade é crono-correlata aos sedimentos permocarboníferos glaciais do Grupo Itararé da Bacia do Paraná.",1.0,1.0,"Os diamictitos/tilitos/fácies tilóides e folhelhos com dropstones basais do Grupo Santa Fé apontam para influência ou origem glacial, sendo crono-correlatos aos sedimentos glaciais permocarboníferos do Grupo Itararé da Bacia do Paraná. Isso indica episódios glaciais na região durante o Paleozoico.",1.0,1.0,48,77,26
1508,Em que ambiente tectônico ocorreu a sedimentação do Grupo Areado?,SUCCESS,"distensional, provável reflexo intracontinental do quebramento do Supercontinente Gondwana","A sedimentação do Grupo Areado ocorreu em um ambiente tectônico distensional, provavelmente relacionado ao rifteamento intracontinental causado pelo rompimento do Supercontinente Gondwana.",1.0,1.0,"A sedimentação do Grupo Areado ocorreu em um ambiente tectônico distensional, provavelmente reflexo intracontinental do quebramento do Supercontinente Gondwana.",1.0,1.0,43,69,25
1510,Que documento alterou o direito de propriedade dos recursos minerais do Brasil?,SUCCESS,a Constituição de 1891,O documento que alterou o direito de propriedade dos recursos minerais do Brasil foi a Constituição de 1891.,1.0,1.0,O documento que alterou o direito de propriedade dos recursos minerais do Brasil foi a Constituição de 1891.,1.0,1.0,50,86,18
1511,Quem criou o primeiro órgão brasileiro dedicado à Geologia?,SUCCESS,Afonso Augusto Penna,"O primeiro órgão brasileiro dedicado à Geologia foi criado pelo presidente Afonso Augusto Penna, em 1907: o Serviço Geológico e Mineralógico do Brasil (SGMB).",1.0,1.0,"O primeiro órgão brasileiro dedicado à Geologia, o Serviço Geológico e Mineralógico do Brasil, foi criado pelo presidente Afonso Augusto Penna, em 1907, por sugestão do ministro Miguel Calmon du Pin e Almeida.",1.0,1.0,50,85,18
1512,Onde foi perfurado o primeiro poço de petróleo?,SUCCESS,"Marechal Mallet, no Paraná,","O primeiro poço de petróleo no Brasil foi perfurado em Marechal Mallet, no Paraná, nos anos de 1919 e 1920.",1.0000000000000000,1.0,"O primeiro poço de petróleo foi perfurado em Marechal Mallet, no Paraná, Brasil.",1.0,1.0,37,57,16
1514,Qual foi o código de 1934 que revogou o direito de propriedade mineral do solo?,SUCCESS,"o Código de Minas de 1934,","O Código de Minas de 1934 foi o código que revogou o direito de propriedade mineral do solo, separando as propriedades do solo e do subsolo, sendo a última da União.",1.0,1.0,O código de 1934 que revogou o direito de propriedade mineral do solo foi o Código de Minas de 1934.,1.0,1.0,37,57,13
1516,Onde foi perfurado o primeiro poço de petróleo?,SUCCESS,"Marechal Mallet, no Paraná","O primeiro poço de petróleo do Brasil foi perfurado em Marechal Mallet, no Paraná, nos anos de 1919 e 1920.",1.0,1.0,"O primeiro poço de petróleo foi perfurado em Marechal Mallet, no Paraná, entre 1919 e 1920.",0.75,1.0,40,65,15
1518,Qual foi o primeiro órgão brasileiro dedicado à geologia?,SUCCESS,Serviço Geológico e Mi-neralógico do Brasil,"O primeiro órgão brasileiro dedicado à geologia foi o Serviço Geológico e Mineralógico do Brasil (SGMB), criado em 10 de janeiro de 1907.",1.0,1.0,"O primeiro órgão brasileiro dedicado à geologia foi o Serviço Geológico e Mineralógico do Brasil (SGMB), criado em 1907.",1.0,1.0,47,81,19
1520,"Quem foi o ministro da Indústria, Viação e Obras Públicas?",SUCCESS,Miguel Calmon du Pin e Almeida,"O ministro da Indústria, Viação e Obras Públicas foi o engenheiro Miguel Calmon du Pin e Almeida.",1.0,1.0,"O ministro da Indústria, Viação e Obras Públicas foi o engenheiro Miguel Calmon du Pin e Almeida.",1.0,1.0,42,69,12
1521,Que documento alterou a propriedade dos recursos minerais do Brasil?,SUCCESS,a Constituição de 1891,"A Constituição de 1891 alterou a propriedade dos recursos minerais do Brasil, passando-os do domínio da Nação para o domínio particular do proprietário do solo.",1.0,1.0,O documento que alterou a propriedade dos recursos minerais do Brasil foi a Constituição de 1891.,1.0,1.0,56,95,20
1522,Quando os empresários privados mantiveram a concessão de minérios e petróleo?,SUCCESS,em 1889,"Os empresários privados mantiveram a concessão de minérios e petróleo de 1889 até 1934, quando a Constituição e o Código de Minas separaram as propriedades do solo e do subsolo, sendo este último da União.",1.0,1.0,"Os empresários privados mantiveram a concessão de minérios e petróleo entre 1889 (com a República) e 1934, quando a Constituição e o Código de Minas restauraram o domínio desses recursos à União.",1.0,1.0,38,64,13
1523,Em que ano foi promulgada a Constituição?,SUCCESS,1891,A Constituição foi promulgada em 1891.,1.0,1.0,A Constituição foi promulgada em 1891.,1.0,1.0,31,49,12
1524,Em substituição a que regime o governo Vargas substituiu?,SUCCESS,monárquico,O governo Vargas substituiu o regime de domínio particular do proprietário do solo pelo regime em que a propriedade do subsolo (recursos minerais) passou a ser da União.,1.0,1.0,"O governo Vargas substituiu o regime instituído pela Constituição de 1891, que transferia a propriedade dos recursos minerais do domínio nacional para o domínio privado. Vargas restaurou o controle estatal com a Constituição de 1934.",0.6666670000000000,1.0,52,88,18
1526,Em que ano o regime monárquico foi substituído pelo regime de concessões?,SUCCESS,1889,O regime monárquico foi substituído pelo regime de concessões em 1889.,1.0,1.0,O regime monárquico foi substituído pelo regime de concessões em 1889.,1.0,1.0,39,64,12
1528,O que alterou o direito de propriedade dos recursos minerais do Brasil?,SUCCESS,a Constituição de 1891,"A Constituição de 1891 alterou o direito de propriedade dos recursos minerais do Brasil, passando-os do domínio da Nação para o domínio particular do proprietário do solo.",1.0,1.0,"O direito de propriedade dos recursos minerais do Brasil foi alterado pela Constituição de 1891, que transferiu esses recursos do domínio da Nação para o domínio particular do proprietário do solo. Essa mudança foi posteriormente revertida pela Constituição e pelo Código de Minas de 1934, que devolveram à União a propriedade dos recursos minerais do subsolo.",1.0,1.0,39,66,14
1529,Quando foi promulgada a Constituição do Brasil?,SUCCESS,1891,A Constituição do Brasil mencionada no contexto foi promulgada em 1891.,1.0,1.0,A Constituição do Brasil foi promulgada em 1891.,1.0,1.0,57,97,22
1530,Em que ano foi criado o Serviço Geológico e Mineralógico do Brasil?,SUCCESS,Em 10 de janeiro de 1907,O Serviço Geológico e Mineralógico do Brasil foi criado em 1907.,1.0,1.0,O Serviço Geológico e Mineralógico do Brasil foi criado em 1907.,1.0,1.0,31,49,14
1531,Quem foi o presidente que criou o Serviço Geológico e Mineralógico do Brasil?,SUCCESS,Afonso Augusto Penna,"O presidente que criou o Serviço Geológico e Mineralógico do Brasil foi Afonso Augusto Penna, em 10 de janeiro de 1907.",1.0,1.0,O presidente que criou o Serviço Geológico e Mineralógico do Brasil foi Afonso Augusto Penna.,1.0,1.0,35,54,17
1532,Quem foi o ministro responsável pela sugestão de criação do Serviço Geológico e Mineralógico do Brasil?,SUCCESS,engenheiro Miguel Calmon du Pin e Almeida,O ministro responsável pela sugestão de criação do Serviço Geológico e Mineralógico do Brasil foi o engenheiro Miguel Calmon du Pin e Almeida.,1.0,1.0,O ministro responsável pela sugestão de criação do Serviço Geológico e Mineralógico do Brasil foi Miguel Calmon du Pin e Almeida.,1.0,1.0,29,44,12
1533,O que o Serviço Geológico e Mineralógico do Brasil tinha como missão institucional?,SUCCESS,pela questão do petróleo no Brasil. É,"O Serviço Geológico e Mineralógico do Brasil tinha como missão institucional atuar com amplo espectro em geologia, incluindo a responsabilidade pela questão do petróleo no Brasil.",1.0,1.0,"O Serviço Geológico e Mineralógico do Brasil tinha como missão institucional a pesquisa e exploração geológica e mineralógica, incluindo o petróleo.",1.0,1.0,53,89,16
1534,Onde foi feita a primeira perfuração de um poço para exploração petrolífera pelo Estado brasileiro?,SUCCESS,"em Marechal Mallet, no Paraná","A primeira perfuração de um poço para exploração petrolífera pelo Estado brasileiro foi feita em Marechal Mallet, no Paraná, nos anos de 1919 e 1920.",1.0,1.0,"A primeira perfuração de um poço para exploração petrolífera pelo Estado brasileiro foi feita em Marechal Mallet, no Paraná, nos anos de 1919 e 1920.",1.0,1.0,32,54,12
1536,Quem foi o presidente que criou o primeiro órgão brasileiro dedicado à Geologia?,SUCCESS,Afonso Augusto Penna,"O presidente que criou o primeiro órgão brasileiro dedicado à Geologia foi Afonso Augusto Penna, em 1907.",1.0,1.0,O presidente que criou o primeiro órgão brasileiro dedicado à Geologia foi Afonso Augusto Penna.,1.0,1.0,33,53,17
1537,Em que ano o Estado brasileiro investiu pela primeira vez na exploração petrolífera?,SUCCESS,1919 e 1920,O Estado brasileiro investiu pela primeira vez na exploração petrolífera nos anos de 1919 e 1920.,1.0,1.0,O Estado brasileiro investiu pela primeira vez na exploração petrolífera em 1919.,1.0,1.0,44,78,15
1538,Quem foi o geólogo que utilizou referências à deriva continental como argumentos?,SUCCESS,Euzébio de Oliveira,O geólogo que utilizou referências à deriva continental como argumentos foi Euzébio de Oliveira.,1.0,1.0,O geólogo que utilizou referências à deriva continental como argumentos foi Euzébio de Oliveira.,1.0,1.0,47,85,18
1539,Qual é o nome do órgão brasileiro dedicado à Geologia criado em 1907?,SUCCESS,Serviço Geológico e Mi-neralógico do Brasil.,O nome do órgão é Serviço Geológico e Mineralógico do Brasil (SGMB).,1.0,1.0,O nome do órgão é Serviço Geológico e Mineralógico do Brasil (SGMB).,1.0,1.0,44,74,16
1541,Quais são as duas ordens que não apresentam conteúdo de resolução suficientemente alto para permitir discriminar padrões de terminação de refletores sísmicos?,SUCCESS,4a e 5a ordens.,As duas ordens que não apresentam conteúdo de resolução suficientemente alto para permitir discriminar padrões de terminação de refletores sísmicos são a 4ª e a 5ª ordens.,1.0,1.0,As duas ordens que não apresentam conteúdo de resolução suficientemente alto para permitir discriminar padrões de terminação de refletores sísmicos são a 4ª e a 5ª ordens.,1.0,1.0,40,57,24
1542,O que não permite discriminar padrões de terminação de refletores sísmicos na 4a e 5a ordens?,SUCCESS,as seções sísmicas disponíveis,O que não permite discriminar padrões de terminação de refletores sísmicos na 4ª e 5ª ordens é a falta de resolução suficientemente alta nas seções sísmicas disponíveis.,1.0,1.0,O que não permite discriminar padrões de terminação de refletores sísmicos na 4ª e 5ª ordens é a baixa resolução sísmica das seções disponíveis.,1.0,1.0,37,55,19
1543,Quais são as duas ordens que não apresentam conteúdo de resolução suficientemente alto para permitir discriminar padrões de terminação de refletores sísmicos?,SUCCESS,4a e 5a,As duas ordens que não apresentam conteúdo de resolução suficientemente alto para permitir discriminar padrões de terminação de refletores sísmicos são a **4ª e 5ª ordens**.,1.0,1.0,As duas ordens que não apresentam conteúdo de resolução suficientemente alto para permitir discriminar padrões de terminação de refletores sísmicos são a 4ª e 5ª ordens.,1.0,1.0,64,90,30
1544,"Qual foi a dificuldade de rastrear os refletores e marcadores de um rollover para outro, principalmente no sentido dlp?",SUCCESS,intensa halocinese,"A dificuldade de rastrear os refletores e marcadores de um rollover para outro, principalmente no sentido dlp, deve-se principalmente à intensa halocinese no intervalo estratigráfico e à baixa resolução das seções sísmicas disponíveis, que não permitem discriminar claramente os padrões de terminação dos refletores.",1.0,1.0,"A dificuldade de rastrear os refletores e marcadores de um rollover para outro, principalmente no sentido dlp, ocorreu devido à intensa halocinese e à baixa resolução das seções sísmicas disponíveis, que impossibilitaram a identificação clara dos padrões de terminação dos refletores e, consequentemente, dificultaram a correlação estratigráfica de alta frequência.",1.0,1.0,50,75,29
1545,O que não permite discriminar padrões de terminação de refletores sísmicos na 4a e 5a ordens?,SUCCESS,conteúdo de resolução suficientemente alto,O que não permite discriminar padrões de terminação de refletores sísmicos na 4ª e 5ª ordens é a baixa resolução das seções sísmicas disponíveis.,1.0,1.0,O que não permite discriminar padrões de terminação de refletores sísmicos na 4ª e 5ª ordens é a baixa resolução das seções sísmicas disponíveis.,1.0,1.0,40,58,22
1546,O que foi difícil de identificar?,SUCCESS,um arcabouço estratigráfico de alta frequência,"Foi difícil identificar os refletores e marcadores de um rollover para outro, especialmente no sentido dlp, devido à intensa halocinese e à baixa resolução das seções sísmicas.",1.0,1.0,"Foi difícil identificar os refletores e marcadores estratigráficos de um rollover para outro, especialmente devido à intensa halocinese e à baixa resolução das seções sísmicas, o que dificultou a discriminação dos padrões de terminação dos refletores e a delimitação de sequências de alta frequência.",1.0,1.0,56,88,28
1547,O que as seções sísmicas disponíveis não permitiram discriminar?,SUCCESS,padrões de terminação de refletores sísmicos,As seções sísmicas disponíveis não permitiram discriminar padrões de terminação de refletores sísmicos na 4ª e 5ª ordens.,1.0,1.0,As seções sísmicas disponíveis não permitiram discriminar padrões de terminação de refletores sísmicos de 4ª e 5ª ordem.,1.0,1.0,48,64,31
1548,Em que ano Catunea - nu publicou seus estudos?,SUCCESS,2006,Catunea-nu publicou seus estudos em 2006.,1.0,1.0,Catunea - nu publicou seus estudos em 2006.,1.0,1.0,50,66,24
1549,O que foi responsável pelo rastreamento dos refletores e marcadores de um rollover para outro?,SUCCESS,intensa halocinese,O difícil rastreamento dos refletores e marcadores de um rollover para outro foi causado principalmente pela intensa halocinese e pela baixa resolução das seções sísmicas disponíveis.,1.0,1.0,O difícil rastreamento dos refletores e marcadores de um rollover para outro foi causado principalmente pela intensa halocinese e pela baixa resolução das seções sísmicas disponíveis.,1.0,1.0,42,64,20
1550,O que foi dificultado para traçar sequências de alta frequência?,SUCCESS,um arcabouço estratigráfico de alta frequência,O rastreamento difícil dos refletores e marcadores sísmicos devido à intensa halocinese e à baixa resolução das seções sísmicas dificultou o traçamento de sequências de alta frequência.,0.8,1.0,"O traçamento de sequências de alta frequência foi dificultado pela intensa halocinese (que dificultou o rastreamento dos refletores e marcadores), pela baixa resolução das seções sísmicas (impossibilitando identificar padrões de terminação de refletores) e pela ausência de descontinuidades erosivas cíclicas nos poços analisados.",1.0,1.0,53,73,26
1551,O que foi dificultado para rastrear refletores e marcadores de um rollover para outro?,SUCCESS,arcabouço estratigráfico de alta frequência,O rastreamento dos refletores e marcadores de um rollover para outro foi dificultado pela intensa halocinese e pela baixa resolução das seções sísmicas disponíveis.,1.0,1.0,O rastreamento de refletores e marcadores de um rollover para outro foi dificultado pela intensa halocinese e pela baixa resolução das seções sísmicas disponíveis.,1.0,1.0,44,67,25
1552,O que as seções sísmicas disponíveis não permitem discriminar?,SUCCESS,padrões de terminação de refletores sísmicos,As seções sísmicas disponíveis não permitem discriminar padrões de terminação de refletores sísmicos na 4ª e 5ª ordens.,1.0,1.0,As seções sísmicas disponíveis não permitem discriminar padrões de terminação de refletores sísmicos na 4ª e 5ª ordens.,1.0,1.0,46,76,23
1553,Quando Catunea - nu escreveu sobre a Estratigrafia Moderna?,SUCCESS,2006,Catunea-nu escreveu sobre a Estratigrafia Moderna em 2006.,1.0,1.0,"Catuneanu escreveu sobre a Estratigrafia Moderna, sim. O texto cita Catuneanu (2006) como referência dos preceitos da Estratigrafia Moderna.",1.0,1.0,49,77,21
1554,O que os autores modernos usaram para segui-la?,SUCCESS,Estratigrafia,Os autores modernos usaram as superfícies transgressivas ou de afogamento que recobrem os carbonatos de plataforma como limites de parassequências para segui-la.,0.75,1.0,"Os autores modernos usaram as superfícies transgressivas ou de afogamento que recobrem os carbonatos de plataforma como limites de parassequências para seguir a Moderna Estratigrafia, devido à dificuldade de identificar outros marcadores estratigráficos.",0.75,1.0,36,51,14
1555,O que foi dificultado para traçar sequências de alta frequência?,SUCCESS,rastreamento dos refletores e marcadores,"O que dificultou traçar sequências de alta frequência foi o difícil rastreamento dos refletores e marcadores devido à intensa halocinese, a baixa resolução das seções sísmicas e a ausência de descontinuidades erosivas cíclicas nos poços analisados.",1.0,1.0,"O rastreamento dos refletores e marcadores foi dificultado pela intensa halocinese e pela baixa resolução das seções sísmicas, além da ausência de descontinuidades erosivas cíclicas nos perfis de poço.",1.0,1.0,46,73,26
1556,Quais são os preceitos utilizados para a utilização de um arcabouço estratigráfico de alta frequência na Sequência A?,SUCCESS,"Moderna Estratigrafia (Catunea-nu, 2006; Catuneanu et al. 2009, Hunt e Tucker, 1992; VanWagoner et al., 1988; Galloway, 1989; Posamentier e Allen, 1999)","Os preceitos utilizados para a utilização de um arcabouço estratigráfico de alta frequência na Sequência A são: seguir a Moderna Estratigrafia (Catuneanu et al.), priorizando o uso de superfícies transgressivas ou de afogamento que recobrem os carbonatos de plataforma como limites de parassequências, devido à dificuldade em rastrear refletores e marcadores e à ausência de descontinuidades erosivas cíclicas nos poços analisados.",1.0,1.0,"Os preceitos utilizados para a utilização de um arcabouço estratigráfico de alta frequência na Sequência A seguem a Moderna Estratigrafia (Catuneanu, Hunt e Tucker, VanWagoner, Galloway, Posamentier e Allen), que propõe a identificação de superfícies estratigráficas correlativas às flutuações do nível de base. Contudo, devido à intensa halocinese e à baixa resolução sísmica, optou-se pelo uso das superfícies transgressivas ou de afogamento que recobrem os carbonatos de plataforma como limites de parassequências, compostas por uma sucessão basal transgressiva e uma superior regressiva, já que outros marcadores (como descontinuidades erosivas em canais incisos) não puderam ser utilizados de modo confiável.",0.9,1.0,53,76,30
1557,Por que a utilização de um arcabouço estratigráfico de alta frequência para a Sequência A foi dificultada?,SUCCESS,"pelo difícil rastreamento dos refletores e marcadores de um rollover para outro, principalmente no sentido dlp, em um intervalo estratigráfico dominado por intensa halocinese","A utilização de um arcabouço estratigráfico de alta frequência para a Sequência A foi dificultada devido ao difícil rastreamento dos refletores e marcadores entre rollovers, principalmente por causa da intensa halocinese e pela baixa resolução das seções sísmicas disponíveis, que não permitiram discriminar padrões de terminação de refletores na 4ª e 5ª ordem. Além disso, as descontinuidades erosivas nos canais incisos não ocorrem de forma cíclica nos poços analisados, impossibilitando sua utilização como limites de sequências de alta frequência.",1.0,1.0,"A utilização de um arcabouço estratigráfico de alta frequência para a Sequência A foi dificultada devido ao difícil rastreamento de refletores e marcadores sísmicos entre rollovers em um intervalo dominado por intensa halocinese e pela baixa resolução das seções sísmicas disponíveis, que impede a identificação de padrões de terminação de elevada ordem. Além disso, as descontinuidades erosivas nos poços analisados não ocorrem de forma cíclica, inviabilizando seu uso como limites de sequências de alta frequência.",1.0,1.0,43,62,24
1558,O que as seções sísmicas disponíveis não apresentam para permitir discriminar padrões de terminação de refletores sísmicos na 4a e 5a ordens?,SUCCESS,conteúdo de resolução suficientemente alto,As seções sísmicas disponíveis não apresentam resolução suficientemente alta para permitir discriminar padrões de terminação de refletores sísmicos na 4ª e 5ª ordens.,1.0,1.0,As seções sísmicas disponíveis não apresentam resolução suficientemente alta para permitir discriminar padrões de terminação de refletores sísmicos nas 4ª e 5ª ordens.,1.0,1.0,30,47,17
1559,Por que as descontinuidades erosivas registradas nos canais incisos não puderam ser utilizadas como superfícies delimitadoras de sequências de alta frequência?,SUCCESS,"não ocorrem, nos poços analisados, de forma cíclica, impossibilitando sua utilização como superfícies delimitadoras de sequências de alta frequência","As descontinuidades erosivas registradas nos canais incisos não puderam ser utilizadas como superfícies delimitadoras de sequências de alta frequência porque, nos poços analisados, essas descontinuidades não ocorrem de forma cíclica. Isso impossibilita sua correlação e uso sistemático como limites de sequências de alta frequência.",1.0,1.0,"As descontinuidades erosivas registradas nos canais incisos não puderam ser utilizadas como superfícies delimitadoras de sequências de alta frequência porque, nos poços analisados, elas não ocorrem de forma cíclica, ou seja, não apresentam a repetição necessária para marcar limites de alta frequência.",1.0,1.0,45,71,15
1560,"O que foi utilizado como limites de parassequências, compostas por uma sucessão basal transgressiva e uma sucessão superior regressiva?",SUCCESS,as superfícies transgressivas ou de afogamento que recobrem os carbonatos de plataforma,Foram utilizadas as superfícies transgressivas ou de afogamento que recobrem os carbonatos de plataforma como limites de parassequências.,1.0,1.0,Foram utilizadas as superfícies transgressivas (ou de afogamento) que recobrem os carbonatos de plataforma como limites de parassequências compostas por uma sucessão basal transgressiva e uma sucessão superior regressiva.,0.8333330000000000,1.0,53,82,27
1561,Quais autores são citados como preceitos da Moderna Estratigrafia?,SUCCESS,"Catunea-nu, 2006; Catuneanu et al. 2009, Hunt e Tucker, 1992; VanWagoner et al., 1988; Galloway, 1989; Posamentier e Allen, 1999","Os autores citados como preceitos da Moderna Estratigrafia são: Catuneanu (2006), Catuneanu et al. (2009), Hunt e Tucker (1992), Van Wagoner et al. (1988), Galloway (1989) e Posamentier e Allen (1999).",1.0,1.0,"Os autores citados como preceitos da Moderna Estratigrafia são: Catuneanu (2006), Catuneanu et al. (2009), Hunt e Tucker (1992), Van Wagoner et al. (1988), Galloway (1989), e Posamentier e Allen (1999).",1.0,1.0,45,67,25
1562,O que dificultou a utilização de um arcabouço estratigráfico de alta frequência para a Sequência A?,SUCCESS,"o difícil rastreamento dos refletores e marcadores de um rollover para outro, principalmente no sentido dlp, em um intervalo estratigráfico dominado por intensa halocinese","O que dificultou a utilização de um arcabouço estratigráfico de alta frequência para a Sequência A foi o difícil rastreamento dos refletores sísmicos devido à intensa halocinese, baixa resolução das seções sísmicas (impedindo a identificação de padrões de terminação de alta ordem) e a ausência de descontinuidades erosivas cíclicas nos poços analisados.",1.0,1.0,"A utilização de um arcabouço estratigráfico de alta frequência para a Sequência A foi dificultada pelo difícil rastreamento dos refletores e marcadores sísmicos devido à intensa halocinese e pela baixa resolução das seções sísmicas disponíveis, que impediram a identificação dos padrões necessários. Além disso, não foram observadas descontinuidades erosivas cíclicas nos poços que pudessem ser usadas como limites de sequências de alta frequência.",1.0,1.0,57,83,27
1563,O que poderia auxiliar na determinação das principais superfícies estratigráficas correlativas às flutuações do nível de base?,SUCCESS,padrões de terminação de refletores sísmicos na 4a e 5a ordens,"Os padrões de terminação de refletores sísmicos, se perceptíveis, poderiam auxiliar na determinação das principais superfícies estratigráficas correlativas às flutuações do nível de base.",1.0,1.0,"Padrões de terminação de refletores sísmicos, se perceptíveis em seções sísmicas de alta resolução, poderiam auxiliar na determinação das principais superfícies estratigráficas correlativas às flutuações do nível de base.",1.0,1.0,55,85,25
1564,O que não ocorrem de forma cíclica nos poços analisados?,SUCCESS,descontinuidades erosivas registradas nos canais incisos,Descontinuidades erosivas registradas nos canais incisos não ocorrem de forma cíclica nos poços analisados.,1.0,1.0,"Nos poços analisados, as descontinuidades erosivas registradas nos canais incisos não ocorrem de forma cíclica.",1.0,1.0,56,85,31
1565,O que foram usadas como limites de parassequências?,SUCCESS,superfícies transgressivas ou de afogamento que recobrem os carbonatos de plataforma,Foram usadas as superfícies transgressivas ou de afogamento que recobrem os carbonatos de plataforma como limites de parassequências.,1.0,1.0,Como limites de parassequências foram usadas as superfícies transgressivas ou de afogamento que recobrem os carbonatos de plataforma.,1.0,1.0,49,72,29
1566,Qual é a parte mais superior da Formação Pendência?,SUCCESS,a Seqüência K40,A parte mais superior da Formação Pendência é a Seqüência K40.,1.0,1.0,A parte mais superior da Formação Pendência é a Seqüência K40.,1.0,1.0,34,50,19
1567,Qual é a seção mais superior da Formação Pendência?,SUCCESS,a Seqüência K40,A seção mais superior da Formação Pendência é a Seqüência K40.,1.0,1.0,A seção mais superior da Formação Pendência é a Seqüência K40.,1.0,1.0,51,76,28
1568,Qual sistema é o limite proximal de ocorrência da Seqüência K40?,SUCCESS,sistema de falhas de Pescada,O limite proximal de ocorrência da Seqüência K40 é o sistema de falhas de Pescada.,1.0,1.0,O sistema que constitui o limite proximal de ocorrência da Seqüência K40 é o sistema de falhas de Pescada.,1.0,1.0,55,91,30
1569,Quando começa a deposição da megasseqüência proto-oceânica?,SUCCESS,Neo-aptiano,A deposição da megassequência proto-oceânica começa a partir do Neo-aptiano.,1.0,1.0,A deposição da megassequência proto-oceânica começa no Neo-aptiano.,1.0,1.0,42,64,25
1570,Qual sistema é o limite proximal de ocorrência da seqüência K40?,SUCCESS,O sistema de falhas de Pescada,O limite proximal de ocorrência da Seqüência K40 é o sistema de falhas de Pescada.,1.0,1.0,O limite proximal de ocorrência da Seqüência K40 é o sistema de falhas de Pescada.,1.0,1.0,32,46,18
1571,Em que período começa a deposição da megasseqüência proto - oceânica?,SUCCESS,Neo-aptiano,A deposição da megassequência proto-oceânica começa a partir do Neo-aptiano.,1.0,1.0,A deposição da megassequência proto-oceânica começa no Neo-aptiano.,1.0,1.0,27,39,14
1572,Qual é a direção geral do sistema de falhas de Pescada?,SUCCESS,WNW-ESE,A direção geral do sistema de falhas de Pescada é WNW-ESE (oeste-noroeste a leste-sudeste).,1.0,1.0,A direção geral do sistema de falhas de Pescada é WNW-ESE (oeste-noroeste a leste-sudeste).,1.0,1.0,53,84,31
1573,Quais são os materiais da Seqüência K40?,SUCCESS,arenitos grossos e pelitos,"Os materiais da Seqüência K40 são arenitos grossos e pelitos, compondo uma cunha clástica sintectônica de origem flúvio-deltaico-lacustrina, com predominância de depósitos continentais de leques aluviais e sistemas fluviais de alta energia, além de bancos carbonáticos restritos.",1.0,1.0,"Os materiais da Sequência K40 são arenitos grossos e pelitos, originados em sistema flúvio-deltaico-lacustrino, com predomínio de leques aluviais, rios de alta energia e bancos carbonáticos restritos.",1.0,1.0,39,54,24
1574,O que está geneticamente relacionado à atividade da Seqüência K40?,SUCCESS,aumento da taxa de subsidência,A atividade da Seqüência K40 está geneticamente relacionada ao aumento da taxa de subsidência no final da fase de rifteamento da bacia.,1.0,1.0,"A atividade da Seqüência K40 está geneticamente relacionada ao aumento da taxa de subsidência no final da fase de rifteamento da bacia, especialmente ligada à atividade da Falha de Pescada.",1.0,1.0,41,61,24
1575,Qual é o tipo de rocha que inicia a deposição da megasseqüência proto - oceânica?,SUCCESS,Neo-aptiano,O tipo de rocha que inicia a deposição da megassequência proto-oceânica é o carbonato.,1.0,1.0,"O tipo de rocha que inicia a deposição da megasseqüência proto-oceânica é rocha sedimentar, mais especificamente depósitos clásticos da Seqüência K50.",1.0,1.0,47,76,26
1577,Quais são as duas rochas que constituem a Seqüência K40?,SUCCESS,arenitos grossos e pelitos,As duas rochas que constituem a Seqüência K40 são arenitos grossos e pelitos.,1.0,1.0,As duas rochas que constituem a Seqüência K40 são arenitos grossos e pelitos.,1.0,1.0,48,75,26
1578,A que está geneticamente relacionada a atividade da Seqüência K40?,SUCCESS,aumento da taxa de subsidência,A atividade da Seqüência K40 está geneticamente relacionada a um aumento da taxa de subsidência no final da fase de rifteamento da bacia.,1.0,1.0,"A atividade da Seqüência K40 está geneticamente relacionada a um aumento da taxa de subsidência no final da fase de rifteamento da bacia, especialmente associada à atividade da Falha de Pescada.",1.0,1.0,36,55,22
1579,A que está geneticamente relacionada a atividade da Seqüência K40?,SUCCESS,um aumento da taxa de subsidência,A atividade da Seqüência K40 está geneticamente relacionada a um aumento da taxa de subsidência no final da fase de rifteamento da bacia.,1.0,1.0,"A atividade da Seqüência K40 está geneticamente relacionada a um aumento da taxa de subsidência no final da fase de rifteamento da bacia, especialmente associada à atividade da Falha de Pescada.",1.0,1.0,50,83,27
1580,O que constitui a parte mais superior da Formação Pendência?,SUCCESS,A Seqüência K40,"A parte mais superior da Formação Pendência é constituída pela Seqüência K40, composta por arenitos grossos e pelitos de um sistema flúvio-deltaico-lacustrino.",1.0,1.0,"A parte mais superior da Formação Pendência é constituída pela Seqüência K40, composta por arenitos grossos e pelitos de um sistema flúvio-deltaico-lacustrino.",1.0,1.0,39,57,23
1582,O que preenche o sistema de falhas de Pescada?,SUCCESS,"sistemas deposicionais continentais, dominados por leques aluviais e sistemas fluviais de alta energia","O sistema de falhas de Pescada é preenchido por sistemas deposicionais continentais, dominados por leques aluviais e sistemas fluviais de alta energia, com bancos carbonáticos restritos.",1.0,1.0,"O sistema de falhas de Pescada é preenchido por sedimentos de sistemas deposicionais continentais, dominados por leques aluviais e sistemas fluviais de alta energia, com bancos carbonáticos restritos.",1.0,1.0,38,53,22
1583,Qual é a unidade litoestratigráfica correspondente à seção de rochas dominada por sistemas deposicionais continentais?,SUCCESS,Formação Pescada,A unidade litoestratigráfica correspondente é a Formação Pescada.,1.0,1.0,A unidade litoestratigráfica correspondente à seção de rochas dominada por sistemas deposicionais continentais é a Formação Pescada.,1.0,1.0,41,62,24
1584,Quando inicia-se a deposição da megasseqüência proto-oceânica?,SUCCESS,A partir do Neo-aptiano,A deposição da megasseqüência proto-oceânica inicia-se a partir do Neo-aptiano.,1.0,1.0,A deposição da megassequência proto-oceânica inicia-se a partir do Neo-aptiano.,1.0,1.0,55,88,31
1585,Qual é a direção geral das falhas de Pescada?,SUCCESS,direção geral WNW-ESE,A direção geral das falhas de Pescada é WNW-ESE.,1.0,1.0,A direção geral das falhas de Pescada é WNW-ESE (Oeste-Noroeste a Leste-Sudeste).,1.0,1.0,38,57,23
1586,O que é a Seqüência K40?,SUCCESS,"A Seqüência K40 é constituída por uma cunha clástica sintectônica, reconhecida inicialmente no bloco baixo da Falha de Pescada, cuja atividade está geneticamente relacionada a um aumento da taxa de subsidência no final da fase de rifteamento da bacia.","A Seqüência K40 é a parte mais superior da Formação Pendência, composta por arenitos grossos e pelitos de um sistema flúvio-deltaico-lacustrino, formando uma cunha clástica sintectônica relacionada à atividade das falhas e ao aumento da subsidência no final da fase de rifteamento da bacia.",1.0,1.0,"A Seqüência K40 é a parte superior da Formação Pendência, composta por arenitos grossos e pelitos de um sistema flúvio-deltaico-lacustrino. Ela representa uma cunha clástica sintectônica relacionada a movimentos tectônicos e subsidência no final do rifteamento, predominando sistemas continentais de alta energia, leques aluviais e bancos carbonáticos.",1.0,0.5,56,89,30
1587,Quais são os sistemas deposicionais continentais que preenchem o sedimentar da Seqüência K40?,SUCCESS,"sistemas deposicionais continentais, dominados por leques aluviais e sistemas fluviais de alta energia, com bancos carbonáticos restritos.","Os sistemas deposicionais continentais que preenchem o sedimentar da Seqüência K40 são dominados por leques aluviais e sistemas fluviais de alta energia, com bancos carbonáticos restritos.",0.8,0.5,"Os sistemas deposicionais continentais que preenchem o sedimentar da Seqüência K40 são dominados por leques aluviais e sistemas fluviais de alta energia, com ocorrência restrita de bancos carbonáticos.",1.0,1.0,60,96,33
1588,Qual é a unidade litoestratigráfica que corresponde à seção de rochas da Seqüência K40?,SUCCESS,Formação Pescada,A unidade litoestratigráfica que corresponde à seção de rochas da Seqüência K40 é a **Formação Pescada**.,1.0,1.0,A unidade litoestratigráfica que corresponde à seção de rochas da Seqüência K40 é a Formação Pescada.,1.0,1.0,29,42,18
1632,O que causou o processo de dobramento por deslizamento flexural?,SUCCESS,anisotropia mecânica,"O processo de dobramento por deslizamento flexural foi causado pela anisotropia mecânica entre as camadas, com a deformação concentrando-se em níveis de folhelhos e siltitos intercalados a arenitos.",1.0,1.0,"O processo de dobramento por deslizamento flexural foi causado pela anisotropia mecânica entre as camadas, com a deformação concentrando-se em níveis de folhelhos e siltitos intercalados a arenitos.",1.0,1.0,40,59,22
1633,Qual foi a principal característica da região de charneira?,SUCCESS,"flexural slip e buckling, sensu Park, 1989; fig. 15).","A principal característica da região de charneira é a prevalência do mecanismo de flambagem (buckling), indicando uma resposta homogênea do material, com a nucleação de falhas reversas quando a deformação atinge o ponto de ruptura.",0.6666670000000000,1.0,"A principal característica da região de charneira é a predominância do mecanismo de flambagem (buckling), que indica uma resposta homogênea do material, frequentemente levando à nucleação de falhas reversas quando a deformação atinge o ponto de ruptura.",0.6666670000000000,1.0,28,44,14
1634,Que mecanismo predomina nos flancos das dobras?,SUCCESS,mecanismos de deslizamento flexural,O mecanismo que predomina nos flancos das dobras é o deslizamento flexural (flexural slip).,1.0,1.0,O mecanismo que predomina nos flancos das dobras é o deslizamento flexural.,1.0,1.0,28,42,14
1636,Em que região de dobras predomina o mecanismo de flambagem?,SUCCESS,charneira,O mecanismo de flambagem predomina na região de charneira das dobras.,1.0,1.0,O mecanismo de flambagem predomina na região de charneira das dobras.,1.0,1.0,33,57,15
1637,O que ocorreu em conseqüência da anisotropia mecânica entre camadas?,SUCCESS,O processo de dobramento por deslizamento flexural,"Em consequência da anisotropia mecânica entre camadas, a deformação concentrou-se em níveis de folhelhos e siltitos intercalados a arenitos, resultando no processo de dobramento por deslizamento flexural.",1.0,1.0,"Em consequência da anisotropia mecânica entre camadas, ocorreu o dobramento por deslizamento flexural, com a deformação concentrando-se em níveis de folhelhos e siltitos intercalados a arenitos.",1.0,1.0,32,46,18
1638,Onde se concentra a deformação?,SUCCESS,"níveis de folhelhos e siltitos, intercalados a arenitos","A deformação se concentra em níveis de folhelhos e siltitos intercalados a arenitos, e na região de charneira das dobras.",1.0,1.0,"A deformação se concentra em níveis de folhelhos e siltitos nos flancos das dobras, devido à anisotropia mecânica entre as camadas.",1.0,1.0,38,60,19
1639,O que foi conseqüência da anisotropia mecânica entre camadas?,SUCCESS,processo de dobramento por deslizamento flexural,"A consequência da anisotropia mecânica entre camadas foi o dobramento por deslizamento flexural, com a deformação concentrando-se em níveis de folhelhos e siltitos intercalados a arenitos.",1.0,1.0,"A consequência da anisotropia mecânica entre camadas foi o deslizamento flexural durante o dobramento, com a deformação concentrando-se em níveis de folhelhos e siltitos intercalados a arenitos.",1.0,1.0,33,55,15
1641,O que revela que a deformação atingiu o ponto de ruptura?,SUCCESS,a nucleação de falhas reversas,A nucleação de falhas reversas revela que a deformação atingiu o ponto de ruptura.,1.0,1.0,O que revela que a deformação atingiu o ponto de ruptura é a nucleação (formação) de falhas reversas.,1.0,1.0,34,51,19
1642,O que indica a relação angular entre os indicadores cinemáticos nas superfícies de deslizamento e os eixos das dobras F1?,SUCCESS,a atuação de uma componente de rotação horária,"A relação angular entre os indicadores cinemáticos nas superfícies de deslizamento e os eixos das dobras F1 indica a atuação de uma componente de rotação horária durante o deslizamento flexural, ou que essa rotação ocorreu após a nucleação das dobras F1.",1.0,1.0,"A relação angular entre os indicadores cinemáticos nas superfícies de deslizamento e os eixos das dobras F1 indica a atuação de uma componente de rotação horária durante o fenômeno de deslizamento flexural, ou que essa rotação ocorreu após a nucleação das dobras F1.",1.0,1.0,35,52,18
1643,O que a relação angular entre os indicadores cinemáticos nas superfícies de deslizamento e os eixos das dobras indica?,SUCCESS,uma componente de rotação horária,A relação angular entre os indicadores cinemáticos nas superfícies de deslizamento e os eixos das dobras F1 indica a atuação de uma componente de rotação horária durante o deslizamento flexural ou após a nucleação das dobras F1.,1.0,1.0,"A relação angular entre os indicadores cinemáticos nas superfícies de deslizamento e os eixos das dobras indica a atuação de uma componente de rotação horária durante o deslizamento flexural, sugerindo que houve rotação associada à deformação após a nucleação das dobras F1.",0.8333330000000000,1.0,30,44,12
1645,Em que região das dobras predomina a flambagem?,SUCCESS,charneira,Na região de charneira das dobras predomina a flambagem.,1.0,1.0,A flambagem (buckling) predomina na região da charneira das dobras.,1.0,1.0,34,52,19
1646,O que foi conseqüência da anisotropia mecânica entre camadas?,SUCCESS,O processo de dobramento por deslizamento flexural,"A consequência da anisotropia mecânica entre camadas foi o dobramento por deslizamento flexural, com a deformação concentrando-se em níveis de folhelhos e siltitos intercalados a arenitos.",1.0,1.0,"A consequência da anisotropia mecânica entre camadas foi o deslizamento flexural, com a deformação concentrando-se nos níveis de folhelhos e siltitos intercalados a arenitos.",1.0,1.0,37,58,23
1653,Qual foi o mecanismo de deslizamento dominante nas dobras?,SUCCESS,mecanismos de deslizamento flexural,O mecanismo de deslizamento dominante nas dobras foi o deslizamento flexural nos flancos das dobras.,1.0,1.0,"O mecanismo de deslizamento dominante nas dobras foi o deslizamento flexural nos flancos, enquanto na região de charneira prevaleceu a flambagem.",1.0,1.0,31,51,17
1654,Em que região de dobras predomina o mecanismo de flambagem?,SUCCESS,região de charneira,O mecanismo de flambagem predomina na região de charneira das dobras.,1.0,1.0,O mecanismo de flambagem predomina na região de charneira das dobras.,1.0,1.0,36,62,21
1655,O que ocorreu em conseqüência da anisotropia mecânica entre camadas?,SUCCESS,processo de dobramento por deslizamento flexural,"Em consequência da anisotropia mecânica entre camadas, a deformação concentrou-se em níveis de folhelhos e siltitos intercalados a arenitos, resultando no dobramento por deslizamento flexural.",1.0,1.0,"Em consequência da anisotropia mecânica entre camadas, ocorreu o deslizamento flexural, concentrando a deformação em folhelhos e siltitos durante o dobramento das rochas.",1.0,1.0,33,47,18
1656,Onde se concentra a deformação?,SUCCESS,níveis de folhelhos e siltitos,"A deformação se concentra nos níveis de folhelhos e siltitos, intercalados a arenitos, e próximo à zona de charneira das dobras.",1.0,1.0,"A deformação se concentra nos níveis de folhelhos e siltitos intercalados aos arenitos, especialmente nos flancos das dobras, e na zona de charneira quando ocorre flambagem e formação de falhas reversas.",1.0,1.0000000000000000,30,44,16
1658,O que revela que a deformação atingiu o ponto de ruptura?,SUCCESS,falhas reversas,A nucleação de falhas reversas revela que a deformação atingiu o ponto de ruptura.,1.0,1.0,O que revela que a deformação atingiu o ponto de ruptura é a nucleação de falhas reversas na zona de charneira das dobras.,1.0,1.0,29,47,14
1659,Qual foi o mecanismo predominante nos flancos das dobras?,SUCCESS,mecanismos de deslizamento flexural,O mecanismo predominante nos flancos das dobras foi o deslizamento flexural.,1.0,1.0,O mecanismo predominante nos flancos das dobras foi o deslizamento flexural.,1.0,1.0,36,57,21
1664,Qual a relação angular entre os indicadores cinemáticos nas superfícies de deslizamento e os eixos das dobras F1?,SUCCESS,indica a atuação de uma componente de rotação horária durante o fenômeno de deslizamento flexural,A relação angular entre os indicadores cinemáticos nas superfícies de deslizamento e os eixos das dobras F1 indica a atuação de uma componente de rotação horária durante o deslizamento flexural.,0.8333330000000000,1.0,A relação angular entre os indicadores cinemáticos nas superfícies de deslizamento e os eixos das dobras F1 indica a presença de uma componente de rotação horária durante o deslizamento flexural.,1.0,1.0,29,47,14
1665,O que foi consequência da anisotropia mecânica entre as camadas no processo de dobramento por deslizamento flexural?,SUCCESS,"a deformação concentrando-se em níveis de folhelhos e siltitos, intercalados a arenitos",A consequência da anisotropia mecânica entre as camadas no processo de dobramento por deslizamento flexural foi a concentração da deformação em níveis de folhelhos e siltitos intercalados aos arenitos.,1.0,1.0,"A consequência da anisotropia mecânica entre as camadas no processo de dobramento por deslizamento flexural foi a concentração da deformação em níveis de folhelhos e siltitos, intercalados a arenitos.",1.0,1.0,38,55,23
1666,O que indica o mecanismo de flambagem em relação à resposta do material próximo à zona de charneira das dobras?,SUCCESS,uma resposta homogênea do material próximo à zona de charneira das dobras,"O mecanismo de flambagem indica uma resposta homogênea do material próximo à zona de charneira das dobras, com a deformação atingindo o ponto de ruptura e nucleando falhas reversas.",1.0000000000000000,1.0000000000000000,"O mecanismo de flambagem indica que, próximo à zona de charneira das dobras, o material responde de forma homogênea, com a deformação sendo distribuída uniformemente. A ocorrência de falhas reversas nessa região revela que a deformação atingiu o ponto de ruptura.",1.0000000000000000,1.0,31,46,13
1668,Quais mecanismos de dobramento predominaram nos flancos das dobras?,SUCCESS,mecanismos de deslizamento flexural,Nos flancos das dobras predominaram mecanismos de deslizamento flexural.,1.0,1.0,"Nos flancos das dobras, predominaram mecanismos de deslizamento flexural.",1.0,1.0,35,54,19
1669,O que prevaleceu na região de charneira das dobras?,SUCCESS,flambagem,"Na região de charneira das dobras prevaleceu o mecanismo de flambagem (buckling), indicando uma resposta homogênea do material, com nucleação de falhas reversas.",1.0,1.0,"Na região de charneira das dobras prevaleceu o mecanismo de flambagem (buckling), indicando uma resposta homogênea do material e a nucleação de falhas reversas.",1.0000000000000000,1.0,34,54,17
1670,O que é indicado pela relação angular entre os indicadores cinemáticos nas superfícies de deslizamento e os eixos das dobras F1?,SUCCESS,a atuação de uma componente de rotação horária durante o fenômeno de deslizamento flexural,"A relação angular indica que houve uma componente de rotação horária durante o deslizamento flexural, ou que essa rotação ocorreu após a nucleação das dobras F1.",1.0,1.0,"A relação angular entre os indicadores cinemáticos nas superfícies de deslizamento e os eixos das dobras F1 indica a atuação de uma componente de rotação horária durante o deslizamento flexural, ou seja, mostra que houve rotação das camadas associada ao processo de dobramento.",1.0,1.0,32,49,16
1672,O que é conseqüência da anisotropia mecânica entre as camadas?,SUCCESS,o processo de dobramento por deslizamento flexural,"A consequência da anisotropia mecânica entre as camadas é o dobramento por deslizamento flexural, com a deformação concentrando-se em níveis de folhelhos e siltitos intercalados a arenitos.",1.0,1.0,"A consequência da anisotropia mecânica entre as camadas é o deslizamento flexural, ou seja, o dobramento das rochas por deslizamento ao longo das camadas, com a deformação concentrando-se em níveis mais dúcteis (folhelhos e siltitos) entre camadas mais rígidas (arenitos).",1.0,1.0,40,60,21
1673,O que é muito raro em outros ambientes sedimentares antigos?,SUCCESS,a infiltração mecânica de argilas,O que é muito raro em outros ambientes sedimentares antigos é a infiltração mecânica de argilas.,1.0,1.0,O reconhecimento de argilas introduzidas por infiltração mecânica (infiltração mecânica de argilas) é muito raro em outros ambientes sedimentares antigos.,1.0,1.0,38,70,18
1675,Quem identificou cutículas de argila e hematita em arenitos de duna e wadi do Permiano do Mar do Norte como acumuladas por infiltração mecânica?,SUCCESS,KESSLER,KESSLER foi quem identificou cutículas de argila e hematita em arenitos de duna e wadi do Permiano do Mar do Norte como acumuladas por infiltração mecânica.,1.0,1.0,Kessler foi quem identificou cutículas de argila e hematita em arenitos de duna e wadi do Permiano do Mar do Norte como acumuladas por infiltração mecânica.,1.0,1.0,41,67,21
1676,Qual é o teor de argila infiltrada em depósitos terciários e pleistocênicos do Sudoeste americano?,SUCCESS,10 a 20%,Os depósitos terciários e pleistocênicos do Sudoeste americano contêm comumente de 10 a 20% de argilas infiltradas.,1.0,1.0,O teor de argila infiltrada em depósitos terciários e pleistocênicos do Sudoeste americano é comumente de 10 a 20%.,1.0,1.0,39,64,20
1678,Quem identificou cutículas de argila e hematita no arenito do Mar do Norte como sendo infiltradas?,SUCCESS,KESSLER,KESSLER identificou cutículas de argila e hematita no arenito do Mar do Norte como sendo infiltradas.,1.0,1.0,Kessler foi quem identificou cutículas de argila e hematita no arenito do Mar do Norte como sendo infiltradas.,1.0,1.0,38,60,21
1680,O que é muito raro em outros ambientes sedimentares antigos?,SUCCESS,infiltração mecânica de argilas,Muito raro em outros ambientes sedimentares antigos é a infiltração mecânica de argilas.,1.0,1.0,O que é muito raro em outros ambientes sedimentares antigos é a infiltração mecânica de argilas.,1.0,1.0,35,56,17
1681,Que processo é raro e superficial?,SUCCESS,infiltração mecânica,O processo raro e superficial mencionado no contexto é a **infiltração mecânica de argilas** em ambientes sedimentares antigos.,1.0,1.0,O processo raro e superficial é a infiltração mecânica de argilas.,1.0,1.0,49,79,26
1682,Em que região estão localizadas as ilhas de barreira?,SUCCESS,Terciário da Costa do Golfo,As ilhas de barreira estão localizadas no Terciário da Costa do Golfo.,1.0,1.0,As ilhas de barreira estão localizadas no Terciário da Costa do Golfo.,1.0,1.0,48,77,24
1683,Que porcentagem de argilas infiltradas existem nos depósitos terciários e pleistocênicos do Sudoeste americano?,SUCCESS,10 a 20%,Os depósitos terciários e pleistocênicos do Sudoeste americano contêm comumente de 10 a 20% de argilas infiltradas.,1.0,1.0,Os depósitos terciários e pleistocênicos do Sudoeste americano contêm comumente de 10 a 20% de argilas infiltradas.,1.0,1.0,42,71,21
1684,Onde estão localizadas as cutículas de argila e hematita que KESSLER identificou como acumuladas por infiltração mecânica?,SUCCESS,Permiano do Mar do Norte,"As cutículas de argila e hematita identificadas por KESSLER estão localizadas em arenitos de duna e wadi do Permiano do Mar do Norte, como acumuladas por infiltração mecânica.",1.0,1.0,"As cutículas de argila e hematita identificadas por KESSLER estão localizadas em arenitos de duna e wadi do Permiano do Mar do Norte, acumuladas por infiltração mecânica.",1.0,1.0,55,97,25
1685,"O que promove modificações marcantes na textura, mineralogia e composição química dos sedimentos?",SUCCESS,processo de infiltração mecânica,"O processo de infiltração mecânica promove modificações marcantes na textura, mineralogia e composição química dos sedimentos.",1.0,1.0,"O processo que promove modificações marcantes na textura, mineralogia e composição química dos sedimentos é a infiltração mecânica.",1.0,1.0,45,73,24
1686,O que é raro em outros ambientes sedimentares antigos?,SUCCESS,infiltração mecânica,Raro em outros ambientes sedimentares antigos é a infiltração mecânica de argilas.,1.0,1.0,O que é raro em outros ambientes sedimentares antigos é a infiltração mecânica de argilas.,1.0,1.0,52,98,23
1687,Em que área de arenitos estão localizados algumas das argilas infiltradas?,SUCCESS,Terciário da Costa do Golfo,"Algumas das argilas infiltradas estão localizadas em arenitos de deltas e ilhas de barreira, e especialmente em arenitos de sistemas aluviais entrelaçados sob clima árido/semi-árido.",1.0,1.0,"Algumas das argilas infiltradas estão localizadas em arenitos de duna e wadi, além de arenitos depositados em deltas, ilhas de barreira e sistemas aluviais entrelaçados, especialmente sob clima árido/semi-árido.",1.0,1.0,43,78,20
1688,Que porcentagem de argilas infiltradas os depósitos terciários e pleistocênicos do Sudoeste americano contêm?,SUCCESS,10 a 20%,Os depósitos terciários e pleistocênicos do Sudoeste americano contêm comumente de 10 a 20% de argilas infiltradas.,1.0,1.0,Os depósitos terciários e pleistocênicos do Sudoeste americano contêm comumente de 10 a 20% de argilas infiltradas.,1.0,1.0,38,63,20
1690,"Qual processo promove modificações marcantes na textura, mineralogia e composição química dos sedimentos onde atua?",SUCCESS,processo de infiltração mecânica,"O processo que promove modificações marcantes na textura, mineralogia e composição química dos sedimentos onde atua é a **infiltração mecânica**.",1.0,1.0,"O processo que promove modificações marcantes na textura, mineralogia e composição química dos sedimentos é a infiltração mecânica de argila.",1.0,1.0,47,83,23
1691,Que processo é raro e superficial?,SUCCESS,infiltração mecânica de argilas,O processo raro e superficial referido no contexto é a infiltração mecânica de argilas em ambientes sedimentares antigos.,1.0,1.0,O processo raro e superficial é a infiltração mecânica de argila em ambientes sedimentares antigos.,1.0,0.0,34,54,19
1692,O que é raro em outros ambientes sedimentares antigos?,SUCCESS,infiltração mecânica de argilas,O que é raro em outros ambientes sedimentares antigos é a infiltração mecânica de argilas.,1.0,1.0,O que é raro em outros ambientes sedimentares antigos é a infiltração mecânica de argilas.,1.0,1.0,32,53,16
1695,"Segundo WALKER et alii, qual a porcentagem comum de argilas infiltradas nos depósitos terciários e pleistocênicos do Sudoeste americano?",SUCCESS,de 10 a 20%,"Segundo WALKER et alii, os depósitos terciários e pleistocênicos do Sudoeste americano contêm comumente de 10 a 20% de argilas infiltradas.",1.0,1.0,"Segundo WALKER et alii, os depósitos terciários e pleistocênicos do Sudoeste americano contêm comumente de 10 a 20% de argilas infiltradas.",1.0,1.0,35,56,18
1696,O que a infiltração mecânica promove nos sedimentos onde atua?,SUCCESS,"modificações marcantes na textura, mineralogia e composição química dos sedimentos","A infiltração mecânica promove modificações marcantes na textura, mineralogia e composição química dos sedimentos onde atua.",1.0,1.0,"A infiltração mecânica promove modificações marcantes na textura, na mineralogia e na composição química dos sedimentos onde atua.",1.0,1.0,45,79,22
1697,Qual a melhor ferramenta para identificar e descrever argilas mecanicamente infiltradas em sedimentos antigos?,SUCCESS,análise de lâminas delgadas,A melhor ferramenta para identificar e descrever argilas mecanicamente infiltradas em sedimentos antigos é a análise de lâminas delgadas.,1.0,1.0,A melhor ferramenta para identificar e descrever argilas mecanicamente infiltradas em sedimentos antigos é a análise de lâminas delgadas.,1.0,1.0,45,79,22
1699,Quais são os depósitos que LOUCKS et alii invocam para explicar os day coats presentes em alguns arenitos?,SUCCESS,"depositados em deltas e ilhas de barreira no Terciário da Costa do Golfo,",LOUCKS et alii invocam depósitos de deltas e ilhas de barreira no Terciário da Costa do Golfo para explicar os day coats presentes em alguns arenitos.,1.0,1.0,LOUCKS et alii invocam depósitos de deltas e ilhas de barreira no Terciário da Costa do Golfo para explicar os day coats presentes em alguns arenitos.,1.0,0.0,34,57,15
1700,O que KESSLER identifica em arenitos de duna e wadi do Permiano do Mar do Norte?,SUCCESS,cutículas de argila e hematita,KESSLER identifica cutículas de argila e hematita em arenitos de duna e wadi do Permiano do Mar do Norte como acumuladas por infiltração mecânica.,1.0,1.0,"KESSLER identifica, em arenitos de duna e wadi do Permiano do Mar do Norte, cutículas de argila e hematita acumuladas por infiltração mecânica.",1.0,1.0,34,53,18
1701,"De acordo com WALKER et alii, quais são os depósitos que contêm comumente de 10 a 20% de argilas infiltradas?",SUCCESS,depósitos terciários e pleistocênicos do Sudoeste americano,"De acordo com WALKER et alii, os depósitos que contêm comumente de 10 a 20% de argilas infiltradas são os depósitos terciários e pleistocênicos do Sudoeste americano.",1.0,1.0,"De acordo com WALKER et alii, os depósitos que contêm comumente de 10 a 20% de argilas infiltradas são os depósitos terciários e pleistocênicos do Sudoeste americano.",1.0,1.0,37,55,21
1702,O que o processo de infiltração mecânica promove nos sedimentos onde atua?,SUCCESS,"modificações marcantes na textura, mineralogia e composição química dos sedimentos","O processo de infiltração mecânica promove modificações marcantes na textura, mineralogia e composição química dos sedimentos onde atua.",1.0,1.0,"O processo de infiltração mecânica promove modificações marcantes na textura, mineralogia e composição química dos sedimentos onde atua.",1.0,1.0,44,71,23
1703,Qual é a porcentagem de receitas bruta dos campos que pagam Participação Especial?,SUCCESS,1.0%,A porcentagem de receitas bruta dos campos que pagam Participação Especial é 1%.,1.0,1.0,A porcentagem de receitas bruta dos campos que pagam Participação Especial destinada a despesas qualificadas como pesquisa e desenvolvimento é de 1%.,1.0,1.0,44,76,14
1704,"O que constitui um grande desafio para a Agência Nacional do Petróleo, Gás Natural e Biocombustíveis?",SUCCESS,grande desafio para o nosso País a melhoria do conhecimento sobre as 29 bacias sedimentares que apresentam interesse para a indústria de petróleo e gás natural.,"Um grande desafio para a Agência Nacional do Petróleo, Gás Natural e Biocombustíveis é a melhoria do conhecimento sobre as 29 bacias sedimentares que apresentam interesse para a indústria de petróleo e gás natural.",1.0,1.0,"Um grande desafio para a Agência Nacional do Petróleo, Gás Natural e Biocombustíveis é a melhoria do conhecimento sobre as 29 bacias sedimentares que apresentam interesse para a indústria de petróleo e gás natural.",1.0,1.0,36,55,14
1705,O que tem sido decisivo no desenho de novos projetos?,SUCCESS,"Plano Plurianual de Estudos de Geologia e Geofísica,",O Plano Plurianual de Estudos de Geologia e Geofísica tem sido decisivo no desenho de novos projetos.,1.0,1.0,O Plano Plurianual de Estudos de Geologia e Geofísica tem sido decisivo no desenho de novos projetos.,1.0,1.0,35,49,13
1706,Qual é a porcentagem mínima de gastos com pesquisa e desenvolvimento exigida pelos concessionários para obterem Participação Especial?,SUCCESS,1.0%,A porcentagem mínima de gastos com pesquisa e desenvolvimento exigida é 1% da receita bruta dos campos que pagam Participação Especial.,1.0,1.0,A porcentagem mínima de gastos com pesquisa e desenvolvimento exigida pelos concessionários para obterem Participação Especial é 1% da receita bruta dos campos que pagam essa taxa.,1.0,1.0,41,51,15
1707,Em que ano a ANP introduziu uma cláusula que obriga os concessionários a realizar despesas com pesquisa e desenvolvimento?,SUCCESS,1998,A ANP introduziu a cláusula que obriga os concessionários a realizar despesas com pesquisa e desenvolvimento em 1998.,1.0,1.0,A ANP introduziu a cláusula em 1998.,1.0,1.0,41,72,12
1708,"O que constitui um grande desafio para a Agência Nacional do Petróleo, Gás Natural e Biocombustíveis?",SUCCESS,a melhoria do conhecimento sobre as 29 bacias sedimentares,"Um grande desafio para a Agência Nacional do Petróleo, Gás Natural e Biocombustíveis é a melhoria do conhecimento sobre as 29 bacias sedimentares que apresentam interesse para a indústria de petróleo e gás natural.",1.0,1.0,"Um grande desafio para a Agência Nacional do Petróleo, Gás Natural e Biocombustíveis é a melhoria do conhecimento sobre as 29 bacias sedimentares de interesse para a indústria de petróleo e gás natural.",1.0,1.0,38,65,14
1709,O que tem sido decisivo no desenho de novos projetos?,SUCCESS,Plano Plurianual de Estudos de Geologia e Geofísica,O Plano Plurianual de Estudos de Geologia e Geofísica tem sido decisivo no desenho de novos projetos.,1.0,1.0,O Plano Plurianual de Estudos de Geologia e Geofísica tem sido decisivo no desenho de novos projetos.,1.0,1.0,42,64,13
1710,Qual é a porcentagem mínima de gastos com pesquisa e desenvolvimento exigida pelos concessionários para obterem Participação Especial?,SUCCESS,50.0%,A porcentagem mínima de gastos com pesquisa e desenvolvimento exigida é de 1% da receita bruta dos campos que pagam Participação Especial.,1.0,1.0,A porcentagem mínima de gastos com pesquisa e desenvolvimento exigida pelos concessionários para obterem Participação Especial é 1% da receita bruta dos campos que pagam Participação Especial.,1.0,0.0,37,63,13
1711,Qual é o desafio que a ANP enfrenta?,SUCCESS,a melhoria do conhecimento sobre as 29 bacias sedimentares que apresentam interesse para a indústria de petróleo e gás natural,O desafio que a ANP enfrenta é a melhoria do conhecimento sobre as 29 bacias sedimentares de interesse para a indústria de petróleo e gás natural.,1.0,1.0,O desafio que a ANP enfrenta é a melhoria do conhecimento sobre as 29 bacias sedimentares de interesse para a indústria de petróleo e gás natural no Brasil.,1.0,1.0,37,63,12
1712,Que plano a ANP conduz?,SUCCESS,Plano Plurianual de Estudos de Geologia e Geofísica,A ANP conduz o Plano Plurianual de Estudos de Geologia e Geofísica.,1.0,1.0,A ANP conduz o Plano Plurianual de Estudos de Geologia e Geofísica.,1.0,1.0,30,46,13
1713,Para onde deve ser aplicado o restante dos recursos do PBP?,SUCCESS,universidades ou institutos de pesquisa credenciados pela ANP,O restante dos recursos do PBP deve ser aplicado em empresas e instituições que não sejam universidades ou institutos de pesquisa credenciados pela ANP.,1.0,1.0,"O restante dos recursos do PBP (Plano Plurianual de Estudos de Geologia e Geofísica) deve ser aplicado em despesas qualificadas como pesquisa e desenvolvimento, sendo que pelo menos 50% desses recursos devem ser investidos em universidades ou institutos de pesquisa credenciados pela ANP. O restante pode ser aplicado em outras atividades de P&D aprovadas nos contratos do setor de petróleo, gás e biocombustíveis.",1.0,1.0,33,50,15
1714,Qual é o desafio da ANP?,SUCCESS,a melhoria do conhecimento sobre as 29 bacias sedimentares que apresentam interesse para a indústria de petróleo e gás natural,O desafio da ANP é melhorar o conhecimento sobre as 29 bacias sedimentares de interesse para a indústria de petróleo e gás natural no Brasil.,1.0,1.0,"O desafio da ANP é melhorar o conhecimento sobre as 29 bacias sedimentares de interesse para a indústria de petróleo e gás natural no Brasil, mobilizando diferentes atores e estimulando pesquisa e desenvolvimento, especialmente por meio de programas, políticas públicas e investimentos em novas tecnologias.",1.0,1.0,31,49,14
1715,Qual plano tem sido decisivo no desenho de novos projetos?,SUCCESS,Plano Plurianual de Estudos de Geologia e Geofísica,O plano decisivo no desenho de novos projetos é o Plano Plurianual de Estudos de Geologia e Geofísica.,1.0,1.0,O plano decisivo no desenho de novos projetos tem sido o Plano Plurianual de Estudos de Geologia e Geofísica.,1.0,1.0,37,66,15
1716,Em que devem ser investidos pelo menos 50 % dos recursos de Pesquisa e Desenvolvimento?,SUCCESS,universidades ou institutos de pesquisa credenciados pela ANP,Pelo menos 50% dos recursos de Pesquisa e Desenvolvimento devem ser investidos em universidades ou institutos de pesquisa credenciados pela ANP.,1.0,1.0,Pelo menos 50% dos recursos de Pesquisa e Desenvolvimento devem ser investidos em universidades ou institutos de pesquisa credenciados pela ANP.,1.0,1.0,42,79,13
1717,Qual é o órgão responsável por desenvolver programas e apoiar políticas públicas relacionadas à indústria de petróleo e gás natural?,SUCCESS,"Agência Nacional do Petróleo, Gás Natural e Biocombustíveis","O órgão responsável é a Agência Nacional do Petróleo, Gás Natural e Biocombustíveis (ANP).",1.0,1.0,"O órgão responsável é a Agência Nacional do Petróleo, Gás Natural e Biocombustíveis (ANP).",1.0,1.0,39,66,16
1718,O que a ANP introduziu nos contratos para exploração e produção de petróleo e gás natural desde 1998?,SUCCESS,uma cláusula que obriga os concessionários a realizar Despesas Qualificadas como Pesquisa e Desenvolvimento equivalentes a 1% da receita bruta dos campos que pagam Participação Especial,"Desde 1998, a ANP introduziu nos contratos para exploração e produção de petróleo e gás natural uma cláusula que obriga os concessionários a destinar 1% da receita bruta dos campos que pagam Participação Especial em despesas com Pesquisa e Desenvolvimento, sendo que pelo menos 50% desses recursos devem ser investidos em universidades ou institutos de pesquisa credenciados pela ANP.",1.0,1.0,"A ANP introduziu, desde 1998, nos contratos para exploração e produção de petróleo e gás natural, uma cláusula que obriga os concessionários a realizar despesas em Pesquisa e Desenvolvimento (P&D) equivalentes a 1% da receita bruta dos campos que pagam Participação Especial, sendo que pelo menos 50% desses recursos devem ser investidos em universidades ou institutos de pesquisa credenciados pela ANP.",1.0,1.0,32,53,14
1719,Qual é o objetivo da realização do Plano Plurianual de Estudos de Geologia e Geofísica pela ANP?,SUCCESS,"desenho de novos projetos que, em 2013, terão como desdobramento a realização da 11a Rodada de Licitações de Blocos","O objetivo da realização do Plano Plurianual de Estudos de Geologia e Geofísica pela ANP é melhorar o conhecimento sobre as bacias sedimentares de interesse para a indústria de petróleo e gás natural, apoiando o desenvolvimento de novos projetos, promovendo a pesquisa, o desenvolvimento tecnológico e incentivando a participação de diversos atores do setor.",1.0,1.0,"O objetivo do Plano Plurianual de Estudos de Geologia e Geofísica da ANP é melhorar o conhecimento sobre as bacias sedimentares de interesse para a indústria de petróleo e gás natural, estimulando pesquisa, desenvolvimento e cooperação entre diversos setores para apoiar novos projetos e políticas públicas no setor.",0.8571430000000000,1.0,35,58,15
1720,"O que deve ser feito com pelo menos 50% dos recursos provenientes das Despesas Qualificadas como Pesquisa e Desenvolvimento nos setores de petróleo, gás natural e biocombustíveis?",SUCCESS,investidos em universidades ou institutos de pesquisa credenciados pela ANP,"Pelo menos 50% dos recursos provenientes das Despesas Qualificadas como Pesquisa e Desenvolvimento nos setores de petróleo, gás natural e biocombustíveis devem ser investidos em universidades ou institutos de pesquisa credenciados pela ANP.",1.0,1.0,"Pelo menos 50% dos recursos provenientes das Despesas Qualificadas como Pesquisa e Desenvolvimento nos setores de petróleo, gás natural e biocombustíveis devem ser investidos em universidades ou institutos de pesquisa credenciados pela ANP.",1.0,1.0,40,59,15
1721,Quais são os atores envolvidos na melhoria do conhecimento sobre as bacias sedimentares no Brasil?,SUCCESS,"a esfera pública, empresas petrolíferas, empresas de aquisição de dados, empresas fornecedoras da cadeia de petróleo e gás, universidades e instituições de pesquisa","Os atores envolvidos na melhoria do conhecimento sobre as bacias sedimentares no Brasil são: a esfera pública (governo e agências reguladoras como a ANP), empresas petrolíferas, empresas de aquisição de dados, empresas fornecedoras da cadeia de petróleo e gás, universidades e instituições de pesquisa.",1.0,1.0,"Os principais atores envolvidos na melhoria do conhecimento sobre as bacias sedimentares no Brasil são: a Agência Nacional do Petróleo, Gás Natural e Biocombustíveis (ANP), instituições públicas, empresas petrolíferas, empresas de aquisição de dados, fornecedores da cadeia de petróleo e gás, universidades e instituições de pesquisa.",1.0,1.0,44,70,15
1722,Quais leilões serão realizados em 2013 como desdobramento do Plano Plurianual de Estudos de Geologia e Geofísica?,SUCCESS,um leilão específico para áreas com potencial para a produção de gás natural e do primeiro leilão do pré-sal,"Em 2013, serão realizados como desdobramento do Plano Plurianual de Estudos de Geologia e Geofísica: a 11ª Rodada de Licitações de Blocos, um leilão específico para áreas com potencial para produção de gás natural e o primeiro leilão do pré-sal.",1.0,1.0,"Em 2013, como desdobramento do Plano Plurianual de Estudos de Geologia e Geofísica, serão realizados os seguintes leilões:

- 11ª Rodada de Licitações de Blocos
- Leilão específico para áreas com potencial para a produção de gás natural
- Primeiro leilão do pré-sal",1.0,1.0,34,54,15
1723,Qual é a importância das novas tecnologias para o sucesso dos empreendimentos na indústria de petróleo e gás natural?,SUCCESS,o desenvolvimento de novas tecnologias se reveste de importância fundamental para o sucesso dos empreendimentos,"As novas tecnologias são fundamentais para o sucesso dos empreendimentos na indústria de petróleo e gás natural, pois permitem a melhoria do conhecimento das bacias sedimentares, viabilizam a exploração em ambientes geológicos desafiadores e estimulam a pesquisa e o desenvolvimento, garantindo maior eficiência, inovação e competitividade no setor.",1.0,1.0,"As novas tecnologias são fundamentais para o sucesso dos empreendimentos na indústria de petróleo e gás natural porque permitem superar desafios geológicos, aprimorar o conhecimento sobre bacias sedimentares, aumentar a eficiência da exploração e produção, e estimular a pesquisa e desenvolvimento. Políticas públicas, como a exigência de investimentos em P&D nos contratos, fomentam inovação e fortalecem o setor.",0.625,1.0,41,69,14
1724,"Qual é a política pública introduzida pela ANP em 1998 que visa a estimular a pesquisa e desenvolvimento nos setores de petróleo, gás natural e biocombustíveis?",SUCCESS,"a introdução pela ANP, desde 1998, nos contratos para exploração e produção de petróleo e gás natural, de uma cláusula que obriga os concessionários a realizar Despesas Qualificadas como Pesquisa e Desenvolvimento equivalentes a 1% da receita bruta dos campos que pagam Participação Especial","A política pública introduzida pela ANP em 1998 é a cláusula nos contratos de exploração e produção que obriga os concessionários a investir em Pesquisa e Desenvolvimento (P&D), equivalente a 1% da receita bruta dos campos que pagam Participação Especial, sendo pelo menos 50% desse valor destinado a universidades ou institutos de pesquisa credenciados pela ANP.",1.0,1.0,"A política pública introduzida pela ANP em 1998 foi a inclusão, nos contratos de exploração e produção de petróleo e gás natural, de uma cláusula que obriga os concessionários a realizar despesas em Pesquisa e Desenvolvimento (P&D) equivalentes a 1% da receita bruta dos campos que pagam Participação Especial, sendo que pelo menos 50% desses recursos devem ser investidos em universidades ou institutos de pesquisa credenciados pela ANP.",1.0,1.0,43,73,14
1732,O que constitui um bom marco sismoestratigráfico em quase toda a Bacia de Campos?,SUCCESS,Topo da biozona N-520,"Um bom marco sismoestratigráfico em quase toda a Bacia de Campos é o topo da biozona N-520, datado do Oligoceno Inferior, que corresponde a uma zona condensada e superfície de downlap.",1.0,1.0,"Um bom marco sismoestratigráfico em quase toda a Bacia de Campos é o topo da biozona N-520 (Oligoceno Inferior), que corresponde a uma zona condensada e superfície de downlap.",1.0,1.0,49,76,26
1733,Qual é o refletor localizado na zona N - 470?,SUCCESS,Topo do Eoceno,O refletor localizado na zona N-470 é o topo do Eoceno.,1.0,1.0,"O refletor localizado na zona N-470 é o topo do Eoceno, que coincide com o topo da biozona N-470 e constitui um excelente refletor sísmico.",1.0,1.0,55,82,32
1734,O que fez com que o topo do Eoceno Superior não fosse encontrado?,SUCCESS,erosão,O topo do Eoceno Superior não foi encontrado porque a seção correspondente está ausente por erosão na região próxima à Falha de Charneira de Campos.,1.0,1.0,O topo do Eoceno Superior não foi encontrado porque a seção correspondente está ausente por erosão na região próxima à Falha de Charneira de Campos.,1.0,1.0,50,78,27
1735,O que mostra o mapeamento de detalhe realizado para confirmar essa afirmação?,SUCCESS,rochas magmáticas intrusivas e extrusivas,"O mapeamento de detalhe confirma a presença de rochas magmáticas intrusivas e extrusivas também no Cretáceo Superior, baseado em dados paleontológicos.",1.0000000000000000,1.0,"O mapeamento de detalhe mostra, com base em dados paleontológicos, que há a presença de rochas magmáticas intrusivas e extrusivas também no Cretáceo Superior, confirmando a afirmação feita. Além disso, identifica marcos sismoestratigráficos importantes (como o topo do Eoceno e da biozona N-520) e a ausência de certas seções por erosão, sendo esses resultados utilizados na interpretação de seções sísmicas e perfis de poços da área estudada.",1.0,1.0,56,81,34
1736,Quando Mohriak e outros trabalharam na área de estudo?,SUCCESS,1995,Mohriak e outros trabalharam na área de estudo nos anos de 1992 e 1995.,1.0,1.0,"Mohriak e outros trabalharam na área de estudo nos anos de 1992, 1995, 1999, 2000 e 2002, conforme citado nas referências: Mizusaki e Mohriak, 1992; Mohriak et al. 1995; Thomaz Filho e Rodrigues, 1999; Thomaz Filho et al. 2000; Mizusaki et al. 2002.",0.8,1.0,46,70,28
1737,Qual refletor datado do Oligoceno Inferior constitui um excelente marco sismoestratigráfico em quase toda a Bacia de Campos?,SUCCESS,Topo da biozona N-520,O refletor datado do Oligoceno Inferior que constitui um excelente marco sismoestratigráfico em quase toda a Bacia de Campos é o **Topo da biozona N-520**.,1.0,1.0,O refletor datado do Oligoceno Inferior que constitui um excelente marco sismoestratigráfico em quase toda a Bacia de Campos é o **topo da biozona N-520**.,1.0,1.0,46,75,22
1739,Por que a seção correspondente ao Eoceno Superior está ausente?,SUCCESS,erosão,A seção correspondente ao Eoceno Superior está ausente por erosão na região próxima à Falha de Charneira de Campos.,1.0,1.0,A seção correspondente ao Eoceno Superior está ausente por erosão na região próxima à Falha de Charneira de Campos.,1.0,1.0,43,65,26
1740,O que o mapeamento de detalhe indica a presença no Cretáceo Superior?,SUCCESS,rochas magmáticas intrusivas e extrusivas,O mapeamento de detalhe indica a presença de rochas magmáticas intrusivas e extrusivas no Cretáceo Superior.,1.0,1.0,O mapeamento de detalhe indica a presença de rochas magmáticas intrusivas e extrusivas no Cretáceo Superior.,1.0,1.0,42,74,18
1741,Quando Mohriak e outros trabalharam juntos?,SUCCESS,1995,"Mohriak trabalhou junto com outros autores em 1995, conforme citado: ""Mohriak et al. 1995"".",1.0,1.0,"Mohriak e outros trabalharam juntos em 1995, conforme indicado na referência ""Mohriak et al. 1995"" sobre estudos e mapeamento geológico na Bacia de Campos.",1.0000000000000000,1.0,53,82,26
1742,O que mostra o mapeamento de detalhe realizado para confirmar essa afirmação?,SUCCESS,indica a presença de rochas magmáticas intrusivas e extrusivas,O mapeamento de detalhe mostrou e confirmou a presença de rochas magmáticas intrusivas e extrusivas também no Cretáceo Superior.,1.0,1.0,"O mapeamento de detalhe confirma a afirmação ao indicar, com base em dados paleontológicos, a presença de rochas magmáticas intrusivas e extrusivas também no Cretáceo Superior na Bacia de Campos.",1.0,1.0,46,74,24
1743,Por que a seção correspondente ao Eoceno Superior está ausente?,SUCCESS,erosão na região próxima à Falha de Charneira de Campos,A seção correspondente ao Eoceno Superior está ausente por erosão na região próxima à Falha de Charneira de Campos.,1.0,1.0,A seção correspondente ao Eoceno Superior está ausente por erosão na região próxima à Falha de Charneira de Campos.,1.0,1.0,43,69,21
1744,Quais foram as referências utilizadas para o mapeamento detalhado descrito no texto?,SUCCESS,"Mizusaki e Mohriak, 1992; Mohriak et al. 1995; Thomaz Filho e Rodrigues, 1999; Thomaz Filho et al. 2000; Mizusaki et al. 2002","As referências utilizadas para o mapeamento detalhado descrito no texto foram: Mizusaki e Mohriak, 1992; Mohriak et al. 1995; Thomaz Filho e Rodrigues, 1999; Thomaz Filho et al. 2000; Mizusaki et al. 2002.",1.0,1.0,"As referências utilizadas para o mapeamento detalhado descrito no texto foram: Mizusaki e Mohriak, 1992; Mohriak et al. 1995; Thomaz Filho e Rodrigues, 1999; Thomaz Filho et al. 2000; Mizusaki et al. 2002.",1.0,1.0,46,73,24
1745,O que constitui um excelente marco sismoestratigráfico em quase toda a Bacia de Campos?,SUCCESS,"N-520 : esse refletor, datado do Oligoceno Inferior, constitui um","O excelente marco sismoestratigráfico em quase toda a Bacia de Campos é o topo da biozona N-520, datado do Oligoceno Inferior.",1.0,1.0,"O topo da biozona N-520, datado do Oligoceno Inferior, constitui um excelente marco sismoestratigráfico em quase toda a Bacia de Campos.",1.0,1.0,47,72,28
1746,O que aconteceu com a seção correspondente ao Eoceno Superior na região próxima à Falha de Charneira de Campos?,SUCCESS,está ausente por erosão,A seção correspondente ao Eoceno Superior está ausente por erosão na região próxima à Falha de Charneira de Campos.,1.0,1.0,A seção correspondente ao Eoceno Superior está ausente por erosão na região próxima à Falha de Charneira de Campos.,1.0,1.0,48,68,31
1747,O que foi utilizado na interpretação das seções sísmicas e perfis de poços disponíveis para o presente trabalho?,SUCCESS,Os resultados dos mapeamentos acima descritos,"Foram utilizados os resultados dos mapeamentos de detalhe, baseados em dados paleontológicos, na interpretação das seções sísmicas e perfis de poços disponíveis para o presente trabalho.",1.0,1.0,"Foram utilizados os resultados dos mapeamentos detalhados, baseados em dados paleontológicos, além de marcos sismoestratigráficos identificados em trabalhos anteriores (como Mizusaki e Mohriak, 1992; Mohriak et al., 1995; Thomaz Filho e Rodrigues, 1999; Thomaz Filho et al., 2000; Mizusaki et al., 2002) na interpretação das seções sísmicas e perfis de poços disponíveis para o presente trabalho.",1.0,1.0,43,70,21
1748,Em que período geológico ocorreu a presença de rochas magmáticas intrusivas e extrusivas na Bacia de Campos?,SUCCESS,Cretáceo Superior,A presença de rochas magmáticas intrusivas e extrusivas na Bacia de Campos ocorreu no Cretáceo Superior.,1.0,1.0,A presença de rochas magmáticas intrusivas e extrusivas na Bacia de Campos ocorreu no Cretáceo Superior.,1.0,1.0,29,43,14
1749,O que é um refletor no contexto do texto?,SUCCESS,um excelente marco sismoestratigráfico,"No contexto do texto, um ""refletor"" é uma superfície ou horizonte nas camadas geológicas que se destaca nas interpretações das seções sísmicas por refletir fortemente as ondas sísmicas, servindo como um marco de referência para correlação estratigráfica.",1.0,1.0,"No contexto do texto, um refletor é uma superfície ou horizonte geológico que cria um contraste nas propriedades das rochas, permitindo sua identificação em perfis sísmicos como marcadores importantes (por exemplo, topos do Eoceno e da biozona N-520), usados na interpretação sismoestratigráfica.",1.0,1.0,44,62,27
1750,Qual é a importância do topo da bio-zona N-470?,SUCCESS,coincide com o topo da bio-zona N-470 e também constitui um excelente refletor,"O topo da bio-zona N-470 é importante porque coincide com o topo do Eoceno e constitui um excelente refletor sismoestratigráfico, sendo usado como referência em interpretações sísmicas e de perfis de poços.",1.0,1.0,"O topo da biozona N-470 é importante porque coincide com o topo do Eoceno, constituindo um excelente refletor sísmico utilizado como referência em correlações estratigráficas na Bacia de Campos.",1.0,1.0,42,62,22
1751,O que aconteceu com a seção correspondente ao Eoceno Superior na região da Falha de Charneira de Campos?,SUCCESS,está ausente por erosão,A seção correspondente ao Eoceno Superior está ausente por erosão na região próxima à Falha de Charneira de Campos.,1.0,1.0,A seção correspondente ao Eoceno Superior está ausente por erosão na região próxima à Falha de Charneira de Campos.,1.0,1.0,43,60,27
1752,Como os resultados dos mapeamentos foram utilizados?,SUCCESS,na interpretação das seções sísmicas e perfis de poços disponíveis para o presente trabalho,Os resultados dos mapeamentos foram utilizados na interpretação das seções sísmicas e perfis de poços disponíveis para o presente trabalho.,1.0,1.0,Os resultados dos mapeamentos foram utilizados na interpretação das seções sísmicas e perfis de poços disponíveis para o presente trabalho.,1.0,1.0,41,63,20
1753,Quem descreveu os estratos de vertebrados fósseis?,SUCCESS,"Price apud Bortoluzzi e Barberena,",Barberena descreveu os estratos de vertebrados fósseis.,1.0,1.0,Quem descreveu os estratos de vertebrados fósseis foi Barberena.,1.0,0.0,62,101,37
