question_id,question,status,expected_answer,answers.rag_answer,evaluation.rag.metrics.answer_relevancy.score,evaluation.rag.metrics.faithfulness.score,answers.graphrag_answer,evaluation.graph.answer_relevancy.score,evaluation.graph.faithfulness.score,total_graph_data_nodes,total_edges,total_ontology_valid_true
1292,O que representa a fácies sísmica interpretada?,SUCCESS,sedimentos clásticos finos,"A fácies sísmica interpretada representa o tipo de rocha/sedimento inferido a partir da sísmica, guiando a distribuição espacial das proporções de litotipos no reservatório. No contexto dado:

- amarelo: arenitos muito porosos;
- verde: sedimentos clásticos finos;
- azul: margas e calcilutitos.",1.0,1.0,"A fácies sísmica interpretada representa, conforme a região, **arenitos muito porosos**, **sedimentos clásticos finos** ou **margas e calcilutitos**.",1.0,1.0,52,92,21
1293,A que corresponde a fácies sísmica interpretada?,SUCCESS,sedimentos clásticos finos,"Corresponde ao **tipo de rocha/sedimento inferido a partir da sísmica**. No contexto:

- **amarelo** → **arenitos muito porosos**
- **verde** → **sedimentos clásticos finos**
- **azul** → **margas e calcilutitos**",1.0,1.0,"Corresponde a um litotipo/sedimento específico, conforme a região:  
- amarelo: **arenitos muito porosos**  
- verde: **sedimentos clásticos finos**  
- azul: **margas e calcilutitos**",1.0,1.0,50,84,23
1296,Qual é a principal questão quando o conceito de fácies sísmicas é usado para construir a matriz de proporções?,SUCCESS,como distribuir no volume do reservatório as CPVs conhecidas somente nos poços?,"A principal questão é **como distribuir no volume do reservatório as CPVs conhecidas apenas nos poços**.  
Para isso, usa-se o **conceito de fácies sísmicas** para **guiar a repartição espacial das CPVs** e, assim, **construir a matriz de proporções**.",1.0,1.0,"A principal questão é **como distribuir no volume do reservatório as CPVs conhecidas somente nos poços**, usando o conceito de **fácies sísmicas** para guiar essa repartição espacial na matriz de proporções.",1.0,1.0,58,95,23
1297,O que é interpretado como fácies sísmica?,SUCCESS,arenitos muito porosos,"Como **fácies sísmica**, no contexto dado, interpretam-se tipos de rocha/sedimento associados ao padrão sísmico, por exemplo:

- **arenitos muito porosos**  
- **sedimentos clásticos finos**  
- **margas e calcilutitos**  

Essas fácies sísmicas guiam a distribuição espacial das proporções de litotipos no reservatório.",1.0,1.0,"No contexto dado, a fácies sísmica é interpretada como diferentes litotipos, conforme a região:

- **amarelo**: **arenitos muito porosos**
- **verde**: **sedimentos clásticos finos**
- **azul**: **margas e calcilutitos**",1.0,1.0,52,84,22
1301,Qual é a principal questão que envolve o conceito de fácies sísmicas?,SUCCESS,como distribuir no volume do reservatório as CPVs conhecidas somente nos poços?,"A principal questão é **como distribuir no volume do reservatório as CPVs conhecidas apenas nos poços**, usando o conceito de **fácies sísmicas** para **guiar essa repartição espacial**.",1.0,1.0,"A principal questão é **como distribuir no volume do reservatório as CPVs conhecidas somente nos poços**, usando o **conceito de fácies sísmicas** para guiar essa repartição espacial.",1.0,1.0,53,91,21
1304,O que guia a curva vertical de proporções na matriz de proporções para a unidade genética superior do reservatório de Namorado?,SUCCESS,respectiva fácies sísmica,"A curva vertical de proporções é guiada pela **fácies sísmica correspondente**.  
Na unidade genética superior de Namorado:

- **amarelo** → fácies sísmica interpretada como **arenitos muito porosos**;
- **verde** → **sedimentos clásticos finos**;
- **azul** → **margas e calcilutitos**.",1.0,1.0,A curva vertical de proporções é guiada pela respectiva fácies sísmica.,1.0,1.0,59,99,26
1305,Qual fácies sísmica é interpretada como sedimentos clásticos finos na matriz de proporções?,SUCCESS,verde,A fácies sísmica **verde** é interpretada como **sedimentos clásticos finos**.,1.0,1.0,A **fácies sísmica de sedimentos clásticos finos**.,1.0,1.0,52,95,19
1306,O que é utilizado para distribuir no volume do reservatório as CPVs conhecidas somente nos poços?,SUCCESS,conceito de fácies sísmicas,"Utiliza-se **o conceito de fácies sísmicas**, que **guia a repartição espacial das CPVs** por meio da **construção da matriz de proporções** no volume do reservatório.",1.0,1.0,"Utiliza-se o **conceito de fácies sísmicas**, por meio da **matriz de proporções**, para guiar a distribuição das **CPVs** no volume do reservatório.",1.0,1.0,53,92,21
1309,O que é a matriz de proporções na construção de uma matriz de proporções de litotipos?,SUCCESS,uma ferramenta muito importante para capturar o comportamento espacial dos litotipos,"A matriz de proporções é uma ferramenta usada para distribuir espacialmente, no volume do reservatório, as curvas/proporções verticais de litotipos conhecidas apenas nos poços. Ela usa as fácies sísmicas como guia para repartir essas proporções no espaço, capturando o comportamento espacial dos litotipos.  

No exemplo dado:
- amarelo → arenitos muito porosos  
- verde → sedimentos clásticos finos  
- azul → margas e calcilutitos  

Assim, a matriz de proporções representa, em cada região do reservatório, a proporção esperada de cada litotipo, servindo também como complemento aos variogramas na modelagem geoestatística.",0.625,1.0,"A matriz de proporções, na construção de uma matriz de proporções de litotipos, é uma ferramenta que distribui no volume do reservatório as curvas de proporção vertical conhecidas nos poços, usando as fácies sísmicas como guia espacial, para capturar o comportamento espacial dos litotipos e apoiar a modelagem geoestatística.",1.0,1.0,44,74,18
1310,O que é interpretado como arenitos muito porosos na região que domina o amarelo?,SUCCESS,a curva vertical de proporções é guiada pela respectiva fácies sísmica,"Na região dominada pelo amarelo, interpreta-se **arenitos muito porosos**.",1.0,1.0,"Na região em que domina o amarelo, o que é interpretado são **arenitos muito porosos**.",1.0,1.0,48,82,20
1313,Qual é a área da Bacia do Espírito Santo?,SUCCESS,"41.500 km2,",A Bacia do Espírito Santo possui área explorável de aproximadamente **41.500 km²**.,1.0,1.0,A Bacia do Espírito Santo possui uma área explorável de aproximadamente **41.500 km²**.,1.0,1.0,47,76,24
1316,Quem apresentou a primeira estratigrafia formal da Bacia do Espírito Santo?,SUCCESS,"Asmus et al.,",Asmus et al.,1.0,1.0,A primeira estratigrafia formal da Bacia do Espírito Santo foi apresentada por **Asmus et al.**,1.0,1.0,58,92,27
1317,Quantos km2 da Bacia do Espírito Santo são de exploração?,SUCCESS,"41.500 km2,",A Bacia do Espírito Santo possui aproximadamente **41.500 km²** de área explorável.,1.0,1.0,A Bacia do Espírito Santo tem aproximadamente **41.500 km²** de área explorável.,1.0,1.0,63,98,31
1320,Qual é a área da Bacia do Espírito Santo?,SUCCESS,41.500 km2,A Bacia do Espírito Santo possui área explorável de aproximadamente **41.500 km²**.,1.0,1.0,A Bacia do Espírito Santo possui área explorável de aproximadamente **41.500 km²**.,1.0,1.0,62,97,33
1322,Quem apresentou a primeira estratigrafia formal da Bacia do Espírito Santo?,SUCCESS,Asmus et al.,Asmus et al. ներկայացaram a primeira estratigrafia formal da Bacia do Espírito Santo.,1.0,1.0,A primeira estratigrafia formal da Bacia do Espírito Santo foi apresentada por **Asmus et al.**,1.0,1.0,56,87,28
1323,Quantos km2 da Bacia do Espírito Santo são de exploração?,SUCCESS,41.500,A Bacia do Espírito Santo tem aproximadamente **41.500 km² de área explorável**.,1.0,1.0,A Bacia do Espírito Santo tem aproximadamente **41.500 km²** de área explorável.,1.0,1.0,55,86,31
1325,Qual é o limite leste da Bacia do Espírito Santo?,SUCCESS,crosta continental/oceânica,O limite leste da Bacia do Espírito Santo coincide com o **limite entre a crosta continental e a oceânica**.,1.0,1.0,O limite leste da Bacia do Espírito Santo é o **limite crosta continental/oceânica**.,1.0,1.0,48,75,26
1326,Qual é a área aproximada da Bacia do Espírito Santo?,SUCCESS,41.500 km2,A Bacia do Espírito Santo tem área explorável aproximada de **41.500 km²**.,1.0,1.0,A área aproximada da Bacia do Espírito Santo é de **41.500 km²**.,1.0,1.0,56,90,28
1327,Qual é a largura da plataforma continental?,SUCCESS,240 km na porção centro-norte,A plataforma continental varia de uma média de **40 km** de largura ao sul até cerca de **240 km** na porção centro-norte.,1.0,1.0,A plataforma continental tem em média 40 km de largura ao sul e chega a cerca de 240 km na porção centro-norte.,1.0,1.0,50,78,25
1328,Quem apresentou a carta de costa da Bacia do Espírito Santo?,SUCCESS,Vieira et al.,A carta da Bacia do Espírito Santo foi apresentada por **Vieira et al.**,1.0,1.0,A carta foi apresentada por **Vieira et al.**,1.0,1.0,56,91,26
1333,A que se refere a fronteira leste da Bacia do Espírito Santo?,SUCCESS,crosta continental/oceânica,A fronteira leste da Bacia do Espírito Santo refere-se ao **limite entre a crosta continental e a crosta oceânica**.,1.0,1.0,A fronteira leste da Bacia do Espírito Santo refere-se ao **limite crosta continental/oceânica**.,1.0,1.0,64,100,29
1335,Quem apresentou a carta da Bacia do Espírito Santo?,SUCCESS,Vieira et al.,Vieira et al.,1.0,1.0,A carta da Bacia do Espírito Santo foi apresentada por **Vieira et al.**,1.0,1.0,41,68,21
1338,Quantos quilômetros de área a Bacia do Espírito Santo tem a ver com a bacia terrestre?,SUCCESS,3.000,3.000 km².,1.0,1.0,A bacia terrestre corresponde a **3.000 km²** da Bacia do Espírito Santo.,1.0,1.0,52,83,25
1339,O que evidencia a fisiografia do Banco de Abrolhos?,SUCCESS,alargamento da plataforma continental,Por um alargamento da plataforma continental.,1.0,1.0,"A fisiografia do Banco de Abrolhos é evidenciada pelo alargamento da plataforma continental, que passa de cerca de 40 km ao sul para até 240 km na porção centro-norte.",1.0,1.0,48,73,24
1340,O que o trabalho de Vieira et al. enfatiza?,SUCCESS,a cronoestratigrafia,O trabalho de Vieira et al. enfatiza **a cronoestratigrafia**.,1.0,1.0,O trabalho de Vieira et al. enfatiza a **cronoestratigrafia**.,1.0,1.0,55,86,30
1341,O que é enfatizado neste trabalho?,SUCCESS,cronoestratigrafia,A cronoestratigrafia.,1.0,1.0,É enfatizada a **cronoestratigrafia**.,1.0,1.0,63,102,32
1343,O que evidencia a fisiografia do Banco de Abrolhos?,SUCCESS,um alargamento da plataforma continental,Por um alargamento da plataforma continental.,1.0,1.0,"A fisiografia do Banco de Abrolhos é evidenciada pelo alargamento da plataforma continental, que passa de cerca de 40 km no sul para aproximadamente 240 km na porção centro-norte.",1.0,0.0,66,108,33
1344,O que o trabalho de Vieira et al. enfatiza?,SUCCESS,cronoestratigrafia,O trabalho de Vieira et al. enfatiza **a cronoestratigrafia**.,1.0,1.0,O trabalho enfatiza a **cronoestratigrafia**.,1.0,1.0,51,86,28
1345,Qual é a área explorável da Bacia do Espírito Santo?,SUCCESS,aproximadamente 41.500 km2,A área explorável da Bacia do Espírito Santo é de aproximadamente **41.500 km²**.,1.0,1.0,A área explorável da Bacia do Espírito Santo é de aproximadamente **41.500 km²**.,1.0,1.0,47,81,23
1346,O que atribui à bacia uma fisiografia particular?,SUCCESS,"A existência do Banco de Abrolhos,","A existência do Banco de Abrolhos, a leste.",1.0,1.0,"A existência do Banco de Abrolhos, a leste, é o que atribui à bacia uma fisiografia particular.",1.0,1.0,46,78,24
1348,O que foi fundamental para a atualização da Carta Estratigráfica da Bacia do Espírito Santo?,SUCCESS,"O conhecimento adquirido ao longo de 50 anos de exploração,","Foi fundamental o conhecimento acumulado em 50 anos de exploração — com centenas de poços exploratórios, inúmeras linhas sísmicas 2D e 3D e a contínua integração de novos dados.",1.0,1.0,"Foi fundamental **o conhecimento adquirido ao longo de 50 anos de exploração, somado à contínua integração de novos dados**.",1.0,1.0,59,98,28
1349,O que este trabalho enfatiza em relação à Bacia do Espírito Santo?,SUCCESS,a cronoestratigrafia,Este trabalho enfatiza **a cronoestratigrafia da Bacia do Espírito Santo**.,1.0,1.0,Este trabalho enfatiza **a cronoestratigrafia da Bacia do Espírito Santo**.,1.0,1.0,66,109,31
1350,Qual é a área total da Bacia do Espírito Santo?,SUCCESS,41.500 km2,A área total explorável da Bacia do Espírito Santo é de aproximadamente **41.500 km²**.,1.0,1.0,A Bacia do Espírito Santo possui área explorável aproximada de **41.500 km²**.,1.0,1.0,50,79,27
1351,Qual é a área da bacia terrestre da Bacia do Espírito Santo?,SUCCESS,3.000 km2,A área da bacia terrestre da Bacia do Espírito Santo é de aproximadamente **3.000 km²**.,1.0,1.0,A área da bacia terrestre da Bacia do Espírito Santo é de aproximadamente **3.000 km²**.,1.0,1.0,53,84,25
1352,Onde a Bacia do Espírito Santo está situada?,SUCCESS,no Estado do Espírito Santo,A Bacia do Espírito Santo está situada no Estado do Espírito Santo.,1.0,1.0,A Bacia do Espírito Santo está situada no Estado do Espírito Santo.,1.0,1.0,56,94,27
1353,Quais são os limites da Bacia do Espírito Santo?,SUCCESS,"a sul com a Bacia de Campos, através do Alto de Vitória, e a norte com a Bacia de Mucuri","A Bacia do Espírito Santo é delimitada:

- **ao sul** pela **Bacia de Campos**, através do **Alto de Vitória**;
- **ao norte** pela **Bacia de Mucuri**;
- **a leste** pelo limite entre a **crosta continental e oceânica**.",1.0,1.0,"A Bacia do Espírito Santo é limitada:

- **ao sul**, pela **Bacia de Campos**, através do **Alto de Vitória**;
- **ao norte**, pela **Bacia de Mucuri**;
- **a leste**, pelo **limite crosta continental/oceânica**.",1.0,1.0,46,76,20
1354,Quem foi o primeiro engenheiro a perfurar o primeiro poço de petróleo da América do Sul?,SUCCESS,"E. A. Prentice, empregado da fábrica de gás de Lima, perfura o que se considera ser o primeiro poço de petróleo da América do Sul.",Foi o engenheiro **E. A. Prentice**.,1.0,1.0,Foi o engenheiro **E. A. Prentice**.,1.0,1.0,73,145,21
1355,Quantos poços a Companhia Peruana de Refino de Petróleo perfurava em 55 anos de operação?,SUCCESS,450,A Companhia Peruana de Refino de Petróleo perfurou **450 poços** em 55 anos de operação.,1.0,1.0,A Companhia Peruana de Refino de Petróleo perfurou **450 poços** em 55 anos de operação.,1.0,1.0,57,114,19
1356,Quantas empresas petrolíferas estavam operando em Talara em 1891?,SUCCESS,14,14 empresas.,1.0,1.0,"Em 1891, havia **14 empresas petrolíferas** operando em Talara.",1.0,1.0,67,131,21
1359,Quantas empresas petrolíferas operavam na região de Talara em 1891?,SUCCESS,14,14 empresas petrolíferas.,1.0,1.0,"Em 1891, operavam **14 empresas petrolíferas** na região de Talara.",1.0,1.0,54,112,13
1362,Quem foi o primeiro engenheiro a perfurar o primeiro poço de petróleo da América do Sul?,SUCCESS,E. A. Prentice,Foi o engenheiro **E. A. Prentice**.,1.0,1.0,Foi **E. A. Prentice**.,1.0,1.0,68,139,18
1363,Quando foi perfurado o primeiro poço totalmente na plataforma peruana?,SUCCESS,1959,Em 1959.,1.0,1.0,Foi perfurado em **1959**.,1.0,1.0,73,142,23
1365,Quando foi perfurado o primeiro poço de petróleo da América do Sul?,SUCCESS,1863,Em **1863**.,1.0,1.0,Foi perfurado em **1863**.,1.0,1.0,66,138,18
1367,Quantas empresas petrolíferas estavam operando na área em 1891?,SUCCESS,14,14 empresas petrolíferas.,1.0,1.0,"Em 1891, havia **14 empresas petrolíferas** atuando na área.",1.0,1.0,64,132,16
1368,Quando foi perfurado o primeiro poço totalmente em plataforma peruana?,SUCCESS,1959,Em **1959**.,1.0,1.0,Foi perfurado em **1959**.,1.0,1.0,57,119,17
1369,Quando foi fundada a primeira refinaria da América?,SUCCESS,1916,Foi fundada em **1916**.,1.0,1.0,"A primeira refinaria da América entrou em operação em **1916**, em **Talara**.",1.0,1.0,54,112,13
1370,Quantos poços a Companhia Peruana de Refino de Petróleo abriu durante seus 55 anos?,SUCCESS,450,450 poços.,1.0,1.0,A Companhia Peruana de Refino de Petróleo abriu **450 poços** durante seus 55 anos.,1.0,1.0,60,118,14
1371,Quantos boeds a IPC aumentou a refinaria de Talara em 1924?,SUCCESS,20.000,A 20.000 boed.,1.0,1.0,"Em 1924, a IPC ampliou a refinaria de Talara para processar **20.000 boed**.",1.0,1.0,55,111,15
1372,Em que ano foi perfurado o primeiro poço de petróleo da América do Sul?,SUCCESS,1863,1863.,1.0,1.0,1863.,1.0,1.0,63,123,18
1374,Quantas empresas petrolíferas estavam operando na região em 1891?,SUCCESS,14,14 empresas petrolíferas.,1.0,1.0,"Em 1891, havia **14 empresas petrolíferas** operando na região.",1.0,1.0,65,133,18
1376,Quando foi inaugurada a primeira refinaria da América?,SUCCESS,1916,Foi inaugurada em **1916**.,1.0,1.0,Foi inaugurada em **1916**.,1.0,1.0,71,146,19
1378,Quem perfurou o primeiro poço de petróleo da América do Sul em 1863?,SUCCESS,o engenheiro E. A. Prentice,Foi o engenheiro **E. A. Prentice**.,1.0,1.0,Foi o engenheiro **E. A. Prentice**.,1.0,1.0,71,145,20
1379,"Em que ano entrou em operação a primeira refinaria da América, localizada em Talara?",SUCCESS,1916,1916.,1.0,1.0,Em **1916**.,1.0,1.0,75,151,22
1380,Qual empresa foi precursora da Exxon e atuou em Talara realizando atividades exploratórias e de refino?,SUCCESS,"Internatio-nal Petroleum Company,","A **International Petroleum Company (IPC)**, precursora da Exxon.",1.0,1.0,A **International Petroleum Company (IPC)**.,1.0,1.0,72,144,21
1381,"Quando o governo peruano teve uma participação mais ativa na indústria petrolífera, criando a Empresa Petrolera Fiscal?",SUCCESS,1939,Em 1939.,1.0,1.0,Em 1939.,1.0,1.0,62,128,14
1382,Quais companhias foram responsáveis pelo primeiro poço perfurado totalmente na plataforma peruana em 1959?,SUCCESS,Belco Petroleum Company e Peruvian Pacific Petroleum Company,As companhias foram a **Belco Petroleum Company** e a **Peruvian Pacific Petroleum Company**.,1.0,1.0,As companhias foram a **Belco Petroleum Company** e a **Peruvian Pacific Petroleum Company**.,1.0,1.0,66,131,17
1383,Quem é considerado o primeiro a perfurar um poço de petróleo na América do Sul?,SUCCESS,o engenheiro E. A. Prentice,"Foi o engenheiro **E. A. Prentice**, em **1863**.",1.0,1.0,"Foi o engenheiro **E. A. Prentice**, em **1863**.",1.0,1.0,59,122,16
1384,Em que ano foi fundada a Companhia Peruana de Refino de Petróleo?,SUCCESS,1871,1871.,1.0,1.0,Foi fundada em **1871**.,1.0,1.0,64,130,18
1385,Quantos poços a Companhia Peruana de Refino de Petróleo chegou a perfurar em 55 anos de operação?,SUCCESS,450 poços,A Companhia Peruana de Refino de Petróleo chegou a perfurar **450 poços** em 55 anos de operação.,1.0,1.0,A Companhia Peruana de Refino de Petróleo perfurou **450 poços** em 55 anos de operação.,1.0,1.0,56,115,12
1386,Em que ano entrou em operação a primeira refinaria da América?,SUCCESS,1916,1916.,1.0,1.0,Em **1916**.,1.0,1.0,61,120,17
1387,"Qual é o nome da companhia que marcaria época, tanto pelas suas atividades exploratórias como de refino?",SUCCESS,a Internatio-nal Petroleum Company,International Petroleum Company.,1.0,1.0,A companhia era a **International Petroleum Company (IPC)**.,1.0,1.0,66,136,18
1390,O que poderia ser considerado compatível com a cinemática definida pelos outros elementos estruturais?,SUCCESS,a condição de obliqüidade constante,"Seria **a hipótese c, considerando uma condição de obliquidade constante em toda a área**.",1.0,1.0,"O que poderia ser considerado compatível é a **hipótese c**, **desde que se considere obliquidade constante em toda a área**.",1.0,1.0,70,119,23
1391,O que sugere que a evolução direcional posterior à nucleação frontal da zona de falha desenvolva uma evolução direcional posterior à nucleação frontal?,SUCCESS,secciona-mento da zona de falha de Perimbó,"O que sugere isso é o fato de a zona de falha de Perimbó ser seccionada por falhas transcorrentes, sobretudo dextrais. Segundo o texto, esse corte indica que a fase direcional ocorreu depois da nucleação frontal da zona de falha.",1.0,1.0,"O que sugere isso é o seccionamento da zona de falha de Perimbó por falhas transcorrentes, principalmente pelas falhas dextrais.",1.0,1.0,70,125,21
1392,O encurtamento podería ser quantificado tomando-se como base qual marcador linear?,SUCCESS,"um marcador linear, paralelo à direção de compressão máxima.",Um **marcador linear paralelo à direção de compressão máxima**.,1.0,1.0,Tomando-se como base **um marcador linear paralelo à direção de compressão máxima**.,1.0,1.0,72,127,26
1396,O encurtamento podería ser quantificado tomando-se como base qual marcador linear?,SUCCESS,"um marcador linear, paralelo à direção de compressão máxima",Um **marcador linear paralelo à direção de compressão máxima**.,1.0,1.0,Tomando-se como base **um marcador linear paralelo à direção de compressão máxima**.,1.0,1.0,71,129,24
1398,Quais regimes produziriam uma rotação progressiva dos indicadores cinemáticos?,SUCCESS,oblíquo ou transpressivo,"Os regimes **oblíquo** ou **transpressivo**. No contexto, a rotação progressiva dos indicadores cinemáticos é associada a esses dois regimes.",1.0,0.0,"Os regimes seriam **oblíquo ou transpressivo**, pois o texto diz explicitamente: “**oblíquo ou transpressivo, o que produziria uma rotação progressiva dos indicadores cinemáticos**”.",1.0,0.5,70,113,25
1399,Como o encurtamento pode ser quantificado?,SUCCESS,"tomando-se como base um marcador linear, paralelo à direção de compressão máxima","Segundo o contexto, **o encurtamento pode ser quantificado tomando-se como base um marcador linear, paralelo à direção de compressão máxima**.  

Ou seja, mede-se a variação desse marcador durante a deformação, no caso **bidimensional**, para explicar, por exemplo, a **abertura do ângulo do par conjugado de 60° para 100°**.",0.6666666666666666,1.0,O encurtamento pode ser quantificado tomando-se como base um marcador linear paralelo à direção de compressão máxima.,1.0,1.0,72,116,25
1401,Qual é a base para quantificar o encurtamento?,SUCCESS,"um marcador linear, paralelo à direção de compressão máxima",A base seria **um marcador linear paralelo à direção de compressão máxima**.,1.0,1.0,A base para quantificar o encurtamento é **um marcador linear paralelo à direção de compressão máxima**.,1.0,1.0,59,110,15
1402,Quais são os dois regimes que produziriam uma rotação progressiva dos indicadores cinemáticos?,SUCCESS,oblíquo ou transpressivo,Os dois regimes são **oblíquo** e **transpressivo**.,1.0,0.0,Os dois regimes são o **regime oblíquo** e o **regime transpressivo**.,1.0,1.0,76,117,25
1406,Qual é a direção do vetor tectônico na primeira fase de deformação?,SUCCESS,de SE para NW,De SE para NW.,1.0,1.0,A direção do vetor tectônico na primeira fase de deformação foi de **SE para NW**.,1.0,1.0,74,121,25
1407,O que sugere o seccionamento da zona de falha de Perimbó pelas falhas transcorrentes?,SUCCESS,uma evolução direcional posterior à nucleação frontal da referida zona de falha,"Sugere que houve uma evolução direcional posterior à nucleação frontal da zona de falha de Perimbó, especialmente marcada pela atuação das falhas transcorrentes dextrais. Isso indica um regime deformacional não transpressivo nesse estágio.",1.0,1.0,"Sugere **uma evolução direcional posterior à nucleação frontal da zona de falha de Perimbó**, especialmente indicada pelo seccionamento por **falhas transcorrentes dextrais**.",1.0,1.0,75,115,24
1409,Como seria quantificado o encurtamento de acordo com o texto?,SUCCESS,"tomando-se como base um marcador linear, paralelo à direção de compressão máxima","De acordo com o texto, o encurtamento seria quantificado **tomando-se como base um marcador linear, paralelo à direção de compressão máxima**.",1.0,1.0,"De acordo com o texto, o encurtamento seria quantificado **tomando-se como base um marcador linear paralelo à direção de compressão máxima**.",1.0,1.0,66,114,21
1412,O que a hipótese b sugere que deveria ocorrer também?,SUCCESS,uma dispersão dos valores de acamamento,"A hipótese b sugere que **também deveria ocorrer uma dispersão dos valores de acamamento**, indicando uma **suposta deformação tardia**.",1.0,1.0,"A hipótese b sugere que deveria ocorrer também **uma dispersão dos valores de acamamento**, indicando **uma suposta deformação tardia**.",1.0,1.0,66,117,25
1413,Qual é a condição que a hipótese c considera constante em toda a área?,SUCCESS,a condição de obliqüidade,A hipótese c considera **a condição de obliquidade constante em toda a área**.,1.0,1.0,A hipótese c considera constante em toda a área **a condição de obliquidade**.,1.0,1.0,73,118,25
1414,Qual é o nome da descontinuidade crustal?,SUCCESS,"Arco de São Mateus,",Arco de São Mateus.,0.0,1.0,O nome da descontinuidade crustal é **Arco de São Mateus**.,0.0,1.0,66,113,29
1415,Qual é a idade do fragmento máfico?,SUCCESS,"69,4 ± 1,3 Ma, geocro-nologicamente compatível","A idade do fragmento máfico é **69,4 ± 1,3 Ma**.",1.0,1.0,"A idade do fragmento máfico é **69,4 ± 1,3 Ma**.",1.0,1.0,64,111,29
1416,Qual é a sequência vulcanoclástica da Fm. Rio Doce?,SUCCESS,Abrolhos,"A sequência vulcanoclástica da Fm. Rio Doce é descrita como formada por **arenitos médios a muito grossos, quartzosos e feldspáticos**, de cor **cinza-esverdeada**, **maciços ou com estratificação cruzada**, **mal selecionados**, **pouco lamosos**, **muito litificados** e com **cimento de sílica criptocristalina**. Próximo ao contato com as vulcânicas da **Fm. Abrolhos**, esses sedimentos aparecem **totalmente silicificados (“cozidos”)**.",1.0,0.2,"A sequência vulcanoclástica mencionada é a da Formação Abrolhos, relacionada aos sedimentos terciários da Formação Rio Doce.",0.5,1.0,61,108,28
1419,Qual é a idade da amostra?,SUCCESS,"69,4 ± 1,3 Ma, geocro-nologicamente compatível","A idade da amostra é **69,4 ± 1,3 Ma**.",1.0,1.0,"A idade da amostra é **69,4 ± 1,3 Ma**.",1.0,1.0,61,103,27
1421,Qual é o nome da descontinuidade crustal?,SUCCESS,Arco de São Mateus,Arco de São Mateus.,0.0,1.0,O nome da descontinuidade crustal é **Arco de São Mateus**.,1.0,1.0,69,116,33
1422,Qual é a idade do fragmento máfico?,SUCCESS,"69,4 ± 1,3 Ma","A idade do fragmento máfico é **69,4 ± 1,3 Ma**.",1.0,1.0,"A idade do fragmento máfico é **69,4 ± 1,3 Ma**.",1.0,1.0,65,114,31
1425,Qual é a idade da amostra?,SUCCESS,"69,4 ± 1,3 Ma","A idade da amostra é **69,4 ± 1,3 Ma**.",1.0,1.0,"A idade da amostra é **69,4 ± 1,3 Ma**.",1.0,1.0,82,144,33
1426,Qual foi a data de um fragmento mafico de uma rocha?,SUCCESS,"69,4 ± 1,3 Ma","A data foi **69,4 ± 1,3 Ma**.",1.0,1.0,"A datação do fragmento máfico foi de **69,4 ± 1,3 Ma**.",1.0,1.0,69,117,34
1427,Quem descreve uma forte ocorrência de rochas piroclásticas ácidas na região nordeste do estado de Minas Gerais?,SUCCESS,Raposo etal.,Raposo et al.,1.0,1.0,Quem descreve essa ocorrência é **Raposo et al.**,1.0,1.0,63,110,29
1428,Quem admitiu que há uma interrelação entre a sequência vulcanoclástica da Fm. Abrolhos e os sedimentos terciários da Fm. Rio Doce?,SUCCESS,Novais etal.,Novais et al.,1.0,1.0,Foi **Novais et al.** quem admitiu essa interrelação.,1.0,1.0,78,135,37
1429,Como é chamada a descontinuidade crustal?,SUCCESS,Arco de São Mateus,É chamada de **Arco de São Mateus**.,0.0,1.0,É chamada **Arco de São Mateus**.,0.0,1.0,69,116,33
1430,Qual é a área das rochas piroclásticas ácidas encontradas na região nordeste de Minas Gerais?,SUCCESS,75km de comprimento por 25km de largura,As rochas ocupam uma área de **75 km de comprimento por 25 km de largura**.,1.0,1.0,As rochas ocupam uma área de **75 km de comprimento por 25 km de largura**.,1.0,1.0,74,129,34
1431,Quem descreveu uma grande ocorrência de rochas piroclásticas ácidas na região nordeste de Minas Gerais?,SUCCESS,Raposo etal.,Raposo et al.,1.0,1.0,Foi **Raposo et al.**.,1.0,1.0,65,106,30
1432,Quem admite que há uma interrelação entre a sequência vulcanoclástica da Fm. Abrolhos e os sedimentos terciários da Fm. Rio Doce?,SUCCESS,Novais etal.,Novais et al.,1.0,1.0,Quem admite isso é **Novais et al.**,1.0,1.0,68,116,33
1435,Quanta área as rochas piroclásticas ácidas ocupam?,SUCCESS,75km de comprimento por 25km de largura,As rochas piroclásticas ácidas ocupam uma área de **75 km de comprimento por 25 km de largura**.,1.0,1.0,As rochas piroclásticas ácidas ocupam uma área de **75 km de comprimento por 25 km de largura**.,1.0,1.0,74,132,36
1436,Qual a idade geocronológica indicada pela datação Ar-Ar de um fragmento máfico?,SUCCESS,"69,4 ± 1,3 Ma","A idade geocronológica indicada é **69,4 ± 1,3 Ma**.",1.0,1.0,"A idade geocronológica indicada pela datação Ar-Ar do fragmento máfico é **69,4 ± 1,3 Ma**.",1.0,1.0,67,114,30
1437,O que é a Fm. Rio Doce?,SUCCESS,"corresponde a arenitos médios a muito grossos, quartzozos, feldspáticos, com cores cinza-esverdeadas, maciços ou com estratificações cruzadas","A Fm. Rio Doce é uma formação geológica composta por arenitos médios a muito grossos, quartzosos e feldspáticos, de cor cinza-esverdeada, maciços ou com estratificação cruzada. Seus sedimentos são mal selecionados, pouco lamosos, muito litificados e cimentados por sílica criptocristalina.",1.0,1.0,"A Fm. Rio Doce é a Formação Rio Doce: uma unidade sedimentar terciária composta por arenitos médios a muito grossos, quartzozos e feldspáticos. No texto, ela também é descrita como cinza-esverdeada, mal selecionada, pouco lamosa, muito litificada e cimentada por sílica criptocristalina.",1.0,1.0,59,101,25
1438,O que descrevem Raposo etal. sobre a região nordeste do estado de Minas Gerais?,SUCCESS,"uma expressiva ocorrência de rochas piroclásticas ácidas, de provável idade fanerozoica","Raposo et al. descrevem uma expressiva ocorrência de rochas piroclásticas ácidas, provavelmente fanerozoicas, no nordeste de Minas Gerais, ocupando uma área de cerca de 75 km por 25 km, com direção NE-SW, possivelmente relacionada à ruptura do Atlântico Sul.",1.0,1.0,"Raposo et al. descrevem, na região nordeste de Minas Gerais, uma expressiva ocorrência de rochas piroclásticas ácidas, provavelmente fanerozoicas.",1.0,1.0,78,140,35
1439,"O que controlaria os fenômenos neotectônicos, o padrão de drenagem e a circulação de fluidos na região?",SUCCESS,"a uma descontinuidade crustal denominada Arco de São Mateus,","As reativações posteriores da descontinuidade crustal chamada **Arco de São Mateus** controlariam os fenômenos neotectônicos, o padrão de drenagem e a circulação de fluidos na região.",1.0,1.0,"Os fenômenos neotectônicos, o padrão de drenagem e a circulação de fluidos seriam controlados pelas reativações posteriores do Arco de São Mateus, uma descontinuidade crustal.",1.0,1.0,68,118,32
1440,Qual é a idade do fragmento máfico mencionado no texto?,SUCCESS,"69,4 ± 1,3 Ma","A idade do fragmento máfico é **69,4 ± 1,3 Ma**.",1.0,1.0,"A idade do fragmento máfico é **69,4 ± 1,3 Ma**.",1.0,1.0,68,115,31
1441,O que é a Fm. Rio Doce?,SUCCESS,"arenitos médios a muito grossos, quartzozos, feldspáticos, com cores cinza-esverdeadas, maciços ou com estratificações cruzadas","A Fm. Rio Doce é uma formação geológica composta por arenitos médios a muito grossos, quartzosos e feldspáticos, de cor cinza-esverdeada, geralmente maciços ou com estratificação cruzada. Seus sedimentos são mal selecionados, pouco lamosos e muito litificados, com grãos cimentados por sílica criptocristalina.",1.0,0.5,"A Fm. Rio Doce é uma unidade sedimentar formada por arenitos médios a muito grossos, quartzosos e feldspáticos, mal selecionados, pouco lamosos e extremamente litificados, com cimentação por sílica. Próximo ao contato com rochas vulcânicas, seus sedimentos terciários encontram-se intensamente silicificados.",1.0,1.0,66,111,31
1442,Como são os sedimentos da Fm. Rio Doce?,SUCCESS,"mal selecionados, pouco lamosos e extremamente litificados, com os grãos cimentados por sílica criptocristalina","Os sedimentos da Fm. Rio Doce são **arenitos médios a muito grossos, quartzosos e feldspáticos**, de **cor cinza-esverdeada**, **maciços ou com estratificação cruzada**. São **mal selecionados**, **pouco lamosos** e **extremamente litificados**, com os grãos **cimentados por sílica criptocristalina**.",1.0,1.0,"Os sedimentos da Fm. Rio Doce são **arenitos médios a muito grossos, quartzosos/quartzozos e feldspáticos**, de cor **cinza-esverdeada**, **maciços ou com estratificações cruzadas**, **mal selecionados**, **pouco lamosos** e **extremamente litificados**.",1.0,1.0,85,153,34
1443,Qual é a direção das rochas piroclásticas ácidas mencionadas por Raposo et al.?,SUCCESS,NE-SW,A direção é **NE-SW**.,1.0,1.0,A direção é **NE-SW (nordeste-sudoeste)**.,1.0,1.0,71,121,33
1444,Quem foi o responsável pela descoberta do campo de Tubarão?,SUCCESS,"detentor do direito de exploração sob regime de contrato de risco, que perfurou apenas um poço e a considerou não atrativa, permitiu que no início de 1988 a PETROBRÁS descobrisse, com a perfuração do pioneiro 1-PRS-4, a acumulação de hidrocarbonetos do Campo de Tubarão. As",A PETROBRÁS foi a responsável pela descoberta do Campo de Tubarão.,1.0,1.0,"O responsável foi a **PETROBRÁS**, com a perfuração do poço pioneiro **1-PRS-4**, no início de 1988.",1.0,1.0,54,93,20
1445,Qual é a coluna de hidrocarbonetos constatada?,SUCCESS,"255 m,",A coluna de hidrocarbonetos constatada foi de **255 m**.,1.0,1.0,A coluna de hidrocarbonetos constatada foi de **255 m**.,1.0,1.0,59,96,21
1446,O que foi adotado para identificar a constância dos reservatórios?,SUCCESS,a subdivisão em zonas produtoras diferenciadas,Foi adotada **a subdivisão em zonas produtoras diferenciadas proposta por Andrade e Saito**.,1.0,1.0,Foi adotada **a subdivisão em zonas produtoras diferenciadas proposta por Andrade e Saito**.,1.0,1.0,62,98,24
1447,Qual é a coluna de hidrocarbonetos constatada?,SUCCESS,255 m,255 m,1.0,1.0,A coluna de hidrocarbonetos constatada foi de **255 m**.,1.0,1.0,63,102,20
1449,Qual é o tamanho da coluna de hidrocarbonetos constatada?,SUCCESS,255 m,255 m,1.0,1.0,A coluna de hidrocarbonetos constatada foi de **255 m**.,1.0,1.0,59,97,23
1450,Qual é o caráter dos marcos elétricos?,SUCCESS,caráter cronoestratigráfico,Eles têm caráter cronoestratigráfico.,1.0,1.0,Os marcos elétricos têm caráter cronoestratigráfico.,1.0,1.0,69,122,23
1451,Qual foi o valor preditivo de porosidade previsto?,SUCCESS,7%,O valor preditivo de porosidade previsto era **em torno de 7%**.,1.0,1.0,O valor preditivo de porosidade previsto era em torno de **7%**.,1.0,1.0,63,103,20
1452,Quantos poços a PETROBRÁS perfurou sob contrato de contrato de risco?,SUCCESS,um,A PETROBRÁS perfurou **um poço** sob contrato de risco.,1.0,0.0,"A PETROBRÁS perfurou 1 poço, o pioneiro 1-PRS-4.",1.0,0.0,69,114,23
1453,Quem propôs a subdivisão em zonas produtoras diferenciadas?,SUCCESS,Andrade e Saito,Andrade e Saito.,1.0,1.0,A subdivisão foi proposta por **Andrade e Saito**.,1.0,1.0,52,87,20
1454,O que a PETROBRÁS descobriu com o poço pioneiro 1 - PRS - 4?,SUCCESS,a acumulação de hidrocarbonetos do Campo de Tubarão,A PETROBRÁS descobriu **a acumulação de hidrocarbonetos do Campo de Tubarão** com o poço pioneiro **1-PRS-4**.,1.0,1.0,A PETROBRÁS descobriu a **acumulação de hidrocarbonetos do Campo de Tubarão** com o poço pioneiro **1-PRS-4**.,1.0,1.0,72,115,24
1456,Onde as rochas do reservatório de Tubarão se encontram?,SUCCESS,Guarujá Inferior,"No topo da sequência carbonática Guarujá Inferior, a partir de cerca de 4.540 m de profundidade.",1.0,1.0,"As rochas-reservatório do Campo de Tubarão encontram-se no topo da sequência carbonática Guarujá Inferior, a partir de 4.540 m.",1.0,1.0,41,70,12
1457,O que os marcos elétricos têm?,SUCCESS,caráter cronoestratigráfico,Eles têm caráter cronoestratigráfico.,1.0,1.0,Os marcos elétricos têm caráter cronoestratigráfico.,1.0,1.0,53,87,18
1458,Qual foi o valor preditivo de porosidade?,SUCCESS,7%,O valor preditivo de porosidade era **em torno de 7%**.,1.0,1.0,O valor preditivo de porosidade foi em torno de **7%**.,1.0,1.0,59,98,21
1459,Quantos poços a PETROBRÁS perfurava sob regime de contrato de risco?,SUCCESS,um,"A PETROBRÁS perfurou **um poço**, o pioneiro **1-PRS-4**.",0.5,1.0,"Sob regime de contrato de risco, foi perfurado **apenas um poço**.",1.0,1.0,66,104,20
1462,O que a PETROBRÁS descobriu com o primeiro poço?,SUCCESS,a acumulação de hidrocarbonetos do Campo de Tubarão,A PETROBRÁS descobriu a **acumulação de hidrocarbonetos do Campo de Tubarão**.,1.0,1.0,A PETROBRÁS descobriu **a acumulação de hidrocarbonetos do Campo de Tubarão** com o primeiro poço (**1-PRS-4**).,1.0,1.0,62,104,24
1464,O que a continuidade do processo de exploração permitiu identificar a constância?,SUCCESS,reservatórios,A constância das fácies potencialmente reservatório.,1.0,1.0,A continuidade do processo exploratório permitiu identificar **a constância das fácies potencialmente reservatórios**.,1.0,1.0,60,93,22
1465,Quantos poços foram perfurados na acumulação de hidrocarbonetos do Campo de Tubarão?,SUCCESS,um,Foi perfurado apenas **um poço**.,1.0,0.0,Foi perfurado **apenas um poço**.,1.0,1.0,56,95,21
1466,Quantos poços a PETROBRÁS perfurava no início de 1988?,SUCCESS,um,"No início de 1988, a PETROBRÁS perfurava o poço pioneiro **1-PRS-4**.",1.0,1.0,"No início de 1988, a PETROBRÁS perfurava o poço pioneiro **1-PRS-4**.",1.0,1.0,67,110,25
1467,Quem descobriu a acumulação de hidrocarbonetos do Campo de Tubarão?,SUCCESS,a PETROBRÁS,"Foi a **PETROBRÁS**, no início de 1988, com a perfuração do poço pioneiro **1-PRS-4**.",1.0,1.0,A PETROBRÁS.,1.0,1.0,53,87,20
1468,A que profundidade foram identificadas as rochas-reservatório do Campo de Tubarão?,SUCCESS,a partir de -4 540 m,As rochas-reservatório foram identificadas a partir de **-4.540 m** de profundidade.,1.0,1.0,As rochas-reservatório foram identificadas a partir de **-4.540 m** de profundidade.,1.0,0.0,61,106,22
1469,Qual foi a coluna de hidrocarbonetos constatada no Campo de Tubarão?,SUCCESS,255 m,A coluna de hidrocarbonetos constatada no Campo de Tubarão foi de **255 m**.,1.0,1.0,A coluna de hidrocarbonetos constatada no Campo de Tubarão foi de **255 m**.,1.0,1.0,70,111,21
1471,"Quais códigos foram utilizados para os reservatórios da porção superior, média e inferior da acumulação no Campo de Tubarão?",SUCCESS,"B1, B2 e B3","Foram utilizados os códigos **B1, B2 e B3**, respectivamente para os reservatórios da **porção superior, média e inferior** da acumulação no Campo de Tubarão.",1.0,1.0,"Foram utilizados os códigos **B1, B2 e B3**, respectivamente para as porções **superior, média e inferior** da acumulação.",1.0,1.0,41,66,16
1472,Quem descobriu a acumulação de hidrocarbonetos do Campo de Tubarão?,SUCCESS,PETROBRÁS,"A PETROBRÁS, no início de 1988, com a perfuração do poço pioneiro 1-PRS-4.",1.0,1.0,A PETROBRÁS.,1.0,1.0,53,88,20
1473,Em que profundidade foi identificada a seqüência carbonática Guarujá Inferior?,SUCCESS,-4 540 m,A seqüência carbonática Guarujá Inferior foi identificada a partir de **-4 540 m**.,1.0,1.0,A seqüência carbonática Guarujá Inferior foi identificada a partir de **-4540 m**.,1.0,0.0,59,95,23
1474,Qual é a extensão da coluna de hidrocarbonetos encontrada no Campo de Tubarão?,SUCCESS,255 m,A coluna de hidrocarbonetos encontrada no Campo de Tubarão foi de **255 m**.,1.0,1.0,A extensão da coluna de hidrocarbonetos encontrada no Campo de Tubarão foi de **255 m**.,1.0,1.0,68,111,20
1475,Quais são os valores preditivos de porosidade para as rochas-reservatório do Campo de Tubarão?,SUCCESS,em torno de 7%,Os valores preditivos de porosidade deveriam situar-se em torno de **7%**.,1.0,1.0,Os valores preditivos de porosidade para as rochas-reservatório do Campo de Tubarão deveriam situar-se em torno de **7%**.,1.0,1.0,46,84,15
1476,Como os reservatórios do Campo de Tubarão foram subdivididos?,SUCCESS,"Utilizaram-se os códigos B1, B2 e B3,","Os reservatórios do Campo de Tubarão foram subdivididos em três zonas produtoras: **B1, B2 e B3**, correspondendo respectivamente às porções **superior, média e inferior** da acumulação.",1.0,1.0,"Os reservatórios do Campo de Tubarão foram subdivididos em zonas produtoras diferenciadas, com os códigos **B1, B2 e B3** para as porções **superior, média e inferior** da acumulação, respectivamente.",1.0,1.0,60,98,23
1477,Qual é o termo usado para descrever a geologia das seqüências fanerozóicas ocorrentes dentro das fronteiras da Bacia do São Francisco?,SUCCESS,Bacia Sanfranciscana,O termo é **Bacia Sanfranciscana**.,1.0,1.0,O termo é **Bacia Sanfranciscana**.,1.0,1.0,60,99,31
1478,Qual grupo é o único remanescente erosional paleozóico de coberturas intracratônicas mais amplas?,SUCCESS,Grupo Santa Fé,O **Grupo Santa Fé**.,1.0,1.0,O **Grupo Santa Fé**.,1.0,1.0,66,117,33
1479,Quantas unidades cretácicas formam chapadas e tabuleiros na Bacia do São Francisco?,SUCCESS,Três,Três.,1.0,1.0,Três unidades cretácicas.,1.0,1.0,57,98,29
1480,Que grupo foi quebrado durante a sedimentação do Grupo Areado?,SUCCESS,Supercontinente Gondwana,O **Supercontinente Gondwana**.,1.0,1.0,Foi o **Supercontinente Gondwana**.,1.0,1.0,53,92,27
1481,Que estudo foi realizado em Sgarbi et al.?,SUCCESS,A geologia das seqüências fanerozóicas ocorrentes dentro dos limites da Bacia do São Francisco,"Em **Sgarbi et al.**, foi realizada **uma revisão abrangente e objetiva da geologia das sequências fanerozóicas dentro dos limites da Bacia do São Francisco**.",1.0,1.0,Sgarbi et al. realizaram uma revisão abrangente e objetiva da geologia das sequências fanerozóicas dentro dos limites da Bacia do São Francisco.,1.0,1.0,64,113,30
1482,Qual é o termo usado para descrever o registro geológico fanerozóico da Bacia do São Francisco?,SUCCESS,Bacia Sanfranciscana,O termo é **Bacia Sanfranciscana**.,1.0,1.0,O termo é **Bacia Sanfranciscana**.,1.0,1.0,60,102,30
1483,Qual grupo é o único remanescente erosional paleozóico que possui coberturas intracratônicas mais amplas?,SUCCESS,Grupo Santa Fé,O **Grupo Santa Fé**.,1.0,1.0,O **Grupo Santa Fé**.,1.0,1.0,55,95,25
1485,Qual é a única seqüência erosional paleozóica que existe em toda a bacia?,SUCCESS,O Grupo Santa Fé,O **Grupo Santa Fé**.,1.0,1.0,A única seqüência erosional paleozóica em toda a bacia é o **Grupo Santa Fé**.,1.0,1.0,55,99,27
1486,Qual grupo é o único remanescente erosional paleozóico que possui coberturas intracratônicas mais amplas?,SUCCESS,O Grupo Santa Fé,O **Grupo Santa Fé**.,1.0,1.0,O **Grupo Santa Fé**.,1.0,1.0,67,120,31
1487,Qual é o nome da seqüência fanerozóica da Bacia do São Francisco?,SUCCESS,Bacia Sanfranciscana,O nome é **Bacia Sanfranciscana**.,1.0,1.0,O nome é **Bacia Sanfranciscana**.,1.0,1.0,49,86,23
1488,Quem escreveu a geologia das seqüências fanerozóicas?,SUCCESS,Sgarbi et al.,Sgarbi et al.,1.0,1.0,Foi **Sgarbi et al.**.,1.0,1.0,60,103,31
1489,Que tipo de ambiente tectônico prevalecia durante a sedimentação do Grupo Areado?,SUCCESS,distensional,"O ambiente tectônico prevalente era **distensional**, provavelmente como **reflexo intracontinental da fragmentação do Supercontinente Gondwana**.",1.0,1.0,O ambiente tectônico prevalente era **distensional**.,1.0,1.0,54,94,27
1491,Qual é o único remanescente paleozóico de coberturas intracratônicas mais amplas?,SUCCESS,O Grupo Santa Fé,O **Grupo Santa Fé**.,1.0,1.0,O **Grupo Santa Fé**.,1.0,1.0,60,101,32
1492,Qual grupo começa com extrusão de rochas vulcânicas e subvulcânicas kamafugíticas datadas em torno de 90 a 80 Ma?,SUCCESS,Grupo Mata da Corda,Grupo Mata da Corda.,1.0,1.0,O **Grupo Mata da Corda**.,1.0,1.0,50,87,26
1493,Qual é o termo para o registro sedimentar fanerozóico da Bacia do São Francisco?,SUCCESS,Bacia Sanfranciscana,O termo é **Bacia Sanfranciscana**.,1.0,1.0,O termo é **Bacia Sanfranciscana**.,1.0,1.0,52,99,23
1494,Quem revisou a geologia das seqüências fanerozóicas da Bacia do São Francisco?,SUCCESS,Sgarbi et al.,Foi revista por **Sgarbi et al.**,1.0,1.0,Sgarbi et al.,1.0,1.0,54,102,24
1495,Qual foi o ambiente tectônico prevalente durante a sedimentação do Grupo Areado?,SUCCESS,distensional,"O ambiente tectônico prevalente foi **distensional**, provavelmente como **reflexo intracontinental da ruptura do Supercontinente Gondwana**.",1.0,1.0,O ambiente tectônico prevalente foi **distensional**.,1.0,1.0,61,104,32
1496,Qual grupo iniciou - se com extrusão de rochas vulcânicas e subvulcânicas kamafugíticas datadas em torno de 90 - 80 Ma?,SUCCESS,O Grupo Mata da Corda,O **Grupo Mata da Corda**.,1.0,1.0,O **Grupo Mata da Corda**.,1.0,1.0,59,101,29
1497,Qual é o único remanescente erosional paleozóico de coberturas intracratônicas mais amplas que eventualmente existiu na Bacia do São Francisco?,SUCCESS,O Grupo Santa Fé,O **Grupo Santa Fé**.,1.0,1.0,O **Grupo Santa Fé**.,1.0,1.0,57,98,29
1498,Qual grupo iniciou - se com extrusão de rochas vulcânicas e subvulcânicas kamafugíticas datadas em torno de 90 - 80 Ma?,SUCCESS,Grupo Mata da Corda,Grupo Mata da Corda.,1.0,1.0,O **Grupo Mata da Corda**.,1.0,1.0,54,102,24
1499,Quais autores utilizam o termo Bacia Sanfranciscana para o registro sedimentar/vulcânico fanerozóico da Bacia do São Francisco?,SUCCESS,Sgarbi et al.,Sgarbi et al. utilizam o termo **Bacia Sanfranciscana** para o registro sedimentar/vulcânico fanerozóico da Bacia do São Francisco.,1.0,1.0,Os autores são **Sgarbi et al.**.,1.0,1.0,58,105,28
1500,O que o Grupo Santa Fé representa na geologia da Bacia do São Francisco?,SUCCESS,o único remanescente erosional paleozóico de coberturas intracratônicas mais amplas,"O Grupo Santa Fé representa o único remanescente erosional paleozóico de coberturas intracratônicas mais amplas na Bacia do São Francisco, provavelmente ligando as bacias do Paraná e do Parnaíba.",1.0,1.0,"O Grupo Santa Fé representa **o único remanescente erosional paleozóico** de coberturas intracratônicas mais amplas que provavelmente existiram sobre a Bacia do São Francisco, possivelmente ligando as bacias do Paraná e do Parnaíba.",1.0,1.0,54,95,26
1501,Qual a natureza das três unidades cretácicas que formam chapadas e tabuleiros na Bacia do São Francisco?,SUCCESS,de natureza continental,Elas são de **natureza continental**.,1.0,1.0,Elas são de **natureza continental**.,1.0,1.0,54,96,27
1502,Qual o ambiente tectônico prevalente durante a sedimentação do Grupo Areado na Bacia do São Francisco?,SUCCESS,distensional,"O ambiente tectônico prevalente foi **distensional**, provavelmente como **reflexo intracontinental da ruptura do Supercontinente Gondwana**.",1.0,1.0,"O ambiente tectônico prevalente foi **distensional**, provavelmente como reflexo intracontinental do **quebramento do supercontinente Gondwana**.",1.0,1.0,60,103,32
1504,Quais autores revisaram a geologia das seqüências fanerozóicas da Bacia do São Francisco de maneira abrangente?,SUCCESS,Sgarbi et al.,Sgarbi et al.,1.0,1.0,Foram **Sgarbi et al.**,1.0,1.0,55,95,24
1505,O que é o Grupo Santa Fé?,SUCCESS,o único remanescente erosional paleozóico de coberturas intracratônicas mais amplas,"O Grupo Santa Fé é o único remanescente erosional paleozóico de coberturas intracratônicas mais amplas na Bacia do São Francisco, provavelmente ligado às bacias do Paraná e do Parnaíba. Seus diamictitos, tilitos, fácies tilóides e folhelhos com dropstones indicam correlação com os sedimentos glaciais permocarboníferos do Grupo Itararé da Bacia do Paraná.",1.0,1.0,"O Grupo Santa Fé é o único remanescente erosional paleozóico de coberturas intracratônicas mais amplas que provavelmente existiram sobre a Bacia do São Francisco. Seus depósitos indicam correlação com os sedimentos glaciais permocarboníferos do Grupo Itararé, da Bacia do Paraná.",1.0,1.0,63,106,32
1506,O que os diamictitos/tilitos/fácies tilóides e folhelhos com dropstones basais do Grupo Santa Fé apontam?,SUCCESS,para uma unidade crono-correlata aos sedimentos permocarboníferos glaciais do Grupo Itararé da Bacia do Paraná,"Apontam para uma unidade crono-correlata aos sedimentos glaciais permocarboníferos do Grupo Itararé, da Bacia do Paraná.",1.0,1.0,"Apontam para uma unidade crono-correlata aos sedimentos glaciais permocarboníferos do Grupo Itararé, da Bacia do Paraná.",1.0,1.0,49,89,24
1508,Em que ambiente tectônico ocorreu a sedimentação do Grupo Areado?,SUCCESS,"distensional, provável reflexo intracontinental do quebramento do Supercontinente Gondwana","Em ambiente tectônico distensional, provavelmente como reflexo intracontinental da ruptura do Supercontinente Gondwana.",1.0,1.0,A sedimentação do Grupo Areado ocorreu em **ambiente tectônico distensional**.,1.0,1.0,60,109,29
1510,Que documento alterou o direito de propriedade dos recursos minerais do Brasil?,SUCCESS,a Constituição de 1891,A Constituição de 1891.,1.0,1.0,O documento foi a **Constituição de 1891**.,1.0,1.0,50,99,16
1511,Quem criou o primeiro órgão brasileiro dedicado à Geologia?,SUCCESS,Afonso Augusto Penna,Foi criado pelo presidente **Afonso Augusto Penna**.,1.0,1.0,Foi o presidente **Afonso Augusto Penna**.,1.0,1.0,65,132,15
1512,Onde foi perfurado o primeiro poço de petróleo?,SUCCESS,"Marechal Mallet, no Paraná,","O primeiro poço de petróleo foi perfurado em **Marechal Mallet, no Paraná**.",1.0,1.0,"O primeiro poço de petróleo mencionado no contexto foi perfurado em **Marechal Mallet, no Paraná**.",1.0,1.0,57,116,14
1514,Qual foi o código de 1934 que revogou o direito de propriedade mineral do solo?,SUCCESS,"o Código de Minas de 1934,",Foi o **Código de Minas de 1934**.,1.0,0.0,Foi o **Código de Minas de 1934**.,1.0,1.0,63,131,17
1516,Onde foi perfurado o primeiro poço de petróleo?,SUCCESS,"Marechal Mallet, no Paraná","O primeiro poço de petróleo foi perfurado em **Marechal Mallet, no Paraná**.",1.0,1.0,"O primeiro poço de petróleo mencionado no contexto foi perfurado em **Marechal Mallet, no Paraná**.",1.0,1.0,52,105,14
1518,Qual foi o primeiro órgão brasileiro dedicado à geologia?,SUCCESS,Serviço Geológico e Mi-neralógico do Brasil,"O primeiro órgão brasileiro dedicado à geologia foi o **Serviço Geológico e Mineralógico do Brasil (SGMB)**, criado em **10 de janeiro de 1907**.",1.0,1.0,O primeiro órgão brasileiro dedicado à geologia foi o **Serviço Geológico e Mineralógico do Brasil**.,1.0,1.0,71,139,17
1520,"Quem foi o ministro da Indústria, Viação e Obras Públicas?",SUCCESS,Miguel Calmon du Pin e Almeida,Foi o engenheiro **Miguel Calmon du Pin e Almeida**.,1.0,1.0,Foi **Miguel Calmon du Pin e Almeida**.,1.0,1.0,59,114,14
1521,Que documento alterou a propriedade dos recursos minerais do Brasil?,SUCCESS,a Constituição de 1891,A **Constituição de 1891**.,1.0,1.0,A **Constituição de 1891**.,1.0,1.0,63,123,18
1522,Quando os empresários privados mantiveram a concessão de minérios e petróleo?,SUCCESS,em 1889,"Os empresários privados mantiveram a concessão de minérios e petróleo **com a Proclamação da República, em 1889**.",1.0,1.0,"Os empresários privados mantiveram a concessão de minérios e petróleo com a instauração da República, em 1889.",1.0,0.0,60,120,17
1523,Em que ano foi promulgada a Constituição?,SUCCESS,1891,1934.,1.0,1.0,1934.,1.0,1.0,53,107,16
1524,Em substituição a que regime o governo Vargas substituiu?,SUCCESS,monárquico,"O governo Vargas substituiu o regime anterior em que, desde 1889, vigorava a **República em substituição ao regime monárquico**. Portanto, a resposta é: **ao regime monárquico**.",0.5,1.0,"O Governo Vargas atuou após a República instaurada em 1889, que havia substituído o regime monárquico. Portanto, o regime substituído foi o **monárquico**.",1.0,1.0,58,120,14
1526,Em que ano o regime monárquico foi substituído pelo regime de concessões?,SUCCESS,1889,1889.,1.0,1.0,Em 1889.,1.0,1.0,61,124,16
1528,O que alterou o direito de propriedade dos recursos minerais do Brasil?,SUCCESS,a Constituição de 1891,"Foi a **Constituição de 1891** que alterou o direito de propriedade dos recursos minerais no Brasil, transferindo-os **do domínio da Nação para o domínio particular do proprietário do solo**.",1.0,1.0,"A **Constituição de 1891** alterou o direito de propriedade dos recursos minerais do Brasil, transferindo-os **do domínio da Nação para o domínio particular do proprietário do solo**.",1.0,1.0,49,94,16
1529,Quando foi promulgada a Constituição do Brasil?,SUCCESS,1891,Foi promulgada em 1891.,1.0,1.0,Foi promulgada em **1891**.,1.0,1.0,64,123,17
1530,Em que ano foi criado o Serviço Geológico e Mineralógico do Brasil?,SUCCESS,Em 10 de janeiro de 1907,1907.,1.0,1.0,Foi criado em **1907**.,1.0,1.0,60,120,14
1531,Quem foi o presidente que criou o Serviço Geológico e Mineralógico do Brasil?,SUCCESS,Afonso Augusto Penna,Foi o presidente **Afonso Augusto Penna**.,1.0,1.0,Foi **Afonso Augusto Penna**.,1.0,1.0,42,80,13
1532,Quem foi o ministro responsável pela sugestão de criação do Serviço Geológico e Mineralógico do Brasil?,SUCCESS,engenheiro Miguel Calmon du Pin e Almeida,"Foi o ministro da Indústria, Viação e Obras Públicas, **Miguel Calmon du Pin e Almeida**.",1.0,1.0,Foi o ministro **Miguel Calmon du Pin e Almeida**.,1.0,1.0,56,116,14
1533,O que o Serviço Geológico e Mineralógico do Brasil tinha como missão institucional?,SUCCESS,pela questão do petróleo no Brasil. É,"Tinha a missão institucional de **responder pela questão do petróleo no Brasil**, dentro de um **amplo espectro de atuação geológica e mineralógica**.",1.0,1.0,O Serviço Geológico e Mineralógico do Brasil tinha como missão institucional **responder pela questão do petróleo no Brasil**.,1.0,1.0,50,94,18
1534,Onde foi feita a primeira perfuração de um poço para exploração petrolífera pelo Estado brasileiro?,SUCCESS,"em Marechal Mallet, no Paraná","A primeira perfuração feita pelo Estado brasileiro ocorreu em **Marechal Mallet, no Paraná**.",1.0,1.0,"A primeira perfuração foi feita em **Marechal Mallet, no Paraná**.",1.0,1.0,57,120,15
1536,Quem foi o presidente que criou o primeiro órgão brasileiro dedicado à Geologia?,SUCCESS,Afonso Augusto Penna,Afonso Augusto Penna.,1.0,1.0,Foi **Afonso Augusto Penna**.,1.0,1.0,46,87,18
1537,Em que ano o Estado brasileiro investiu pela primeira vez na exploração petrolífera?,SUCCESS,1919 e 1920,"Foi em **1919 e 1920**, com a perfuração de um poço em **Marechal Mallet, no Paraná**.",1.0,1.0,Foi em **1919 e 1920**.,1.0,1.0,64,131,16
1538,Quem foi o geólogo que utilizou referências à deriva continental como argumentos?,SUCCESS,Euzébio de Oliveira,Foi o geólogo **Euzébio de Oliveira**.,1.0,1.0,O geólogo foi **Euzébio de Oliveira**.,1.0,1.0,58,119,14
1539,Qual é o nome do órgão brasileiro dedicado à Geologia criado em 1907?,SUCCESS,Serviço Geológico e Mi-neralógico do Brasil.,Serviço Geológico e Mineralógico do Brasil.,1.0,1.0,Serviço Geológico e Mineralógico do Brasil.,1.0,1.0,47,92,14
1541,Quais são as duas ordens que não apresentam conteúdo de resolução suficientemente alto para permitir discriminar padrões de terminação de refletores sísmicos?,SUCCESS,4a e 5a ordens.,As **4ª e 5ª ordens**.,1.0,1.0,As duas ordens são a **4ª ordem** e a **5ª ordem**.,1.0,1.0,78,147,22
1542,O que não permite discriminar padrões de terminação de refletores sísmicos na 4a e 5a ordens?,SUCCESS,as seções sísmicas disponíveis,O que não permite essa discriminação é o fato de que **as seções sísmicas disponíveis não têm resolução suficientemente alta**.,1.0,1.0,A **baixa resolução das seções sísmicas disponíveis** não permite discriminar padrões de terminação de refletores sísmicos na **4ª e 5ª ordens**.,1.0,1.0,75,132,27
1543,Quais são as duas ordens que não apresentam conteúdo de resolução suficientemente alto para permitir discriminar padrões de terminação de refletores sísmicos?,SUCCESS,4a e 5a,As duas ordens são a **4ª e a 5ª ordens**.,1.0,1.0,As duas ordens são a **4ª e a 5ª ordens**.,1.0,1.0,76,133,17
1544,"Qual foi a dificuldade de rastrear os refletores e marcadores de um rollover para outro, principalmente no sentido dlp?",SUCCESS,intensa halocinese,"A principal dificuldade foi a **intensa halocinese**, que dificultou o **rastreamento dos refletores e marcadores entre um rollover e outro**, especialmente **no sentido dlp**. Além disso, a **baixa resolução das seções sísmicas** impediu distinguir com clareza os **padrões de terminação dos refletores**, o que prejudicou uma correlação estratigráfica mais precisa.",1.0,1.0,"A dificuldade foi que o rastreamento dos refletores e marcadores entre um rollover e outro foi especialmente difícil no sentido DLP, em um intervalo estratigráfico marcado por intensa halocinese.",0.5,1.0,80,133,17
1545,O que não permite discriminar padrões de terminação de refletores sísmicos na 4a e 5a ordens?,SUCCESS,conteúdo de resolução suficientemente alto,O que **não permite** discriminar esses padrões é o fato de que **as seções sísmicas disponíveis não têm resolução suficientemente alta**.,1.0,1.0,"As seções sísmicas disponíveis, por não terem resolução suficientemente alta.",1.0,1.0,69,118,24
1546,O que foi difícil de identificar?,SUCCESS,um arcabouço estratigráfico de alta frequência,"Foi difícil identificar/rastrear **os refletores e marcadores de um rollover para outro**, principalmente no sentido **dlp**. Além disso, também foi difícil **discriminar os padrões de terminação dos refletores sísmicos de 4ª e 5ª ordens**.",1.0,1.0,"Foi difícil identificar/rastrear os **refletores e marcadores**, especialmente de um rollover para outro, principalmente no **sentido DLP**.",1.0,1.0,69,114,22
1547,O que as seções sísmicas disponíveis não permitiram discriminar?,SUCCESS,padrões de terminação de refletores sísmicos,As seções sísmicas disponíveis não permitiram discriminar **os padrões de terminação dos refletores sísmicos de 4ª e 5ª ordens**.,1.0,1.0,As seções sísmicas disponíveis não permitiram discriminar **os padrões de terminação de refletores sísmicos na 4ª e 5ª ordens**.,1.0,1.0,82,145,17
1548,Em que ano Catunea - nu publicou seus estudos?,SUCCESS,2006,2006.,1.0,1.0,Catuneanu publicou seus estudos em **2006**.,1.0,1.0,76,139,22
1549,O que foi responsável pelo rastreamento dos refletores e marcadores de um rollover para outro?,SUCCESS,intensa halocinese,"Foi dificultado principalmente pela intensa halocinese, sobretudo no sentido dlp.",1.0,1.0,"Foi dificultado principalmente pela intensa halocinese, sobretudo no sentido DLP, ao rastrear de um rollover para outro.",1.0,1.0,66,101,17
1550,O que foi dificultado para traçar sequências de alta frequência?,SUCCESS,um arcabouço estratigráfico de alta frequência,"Foi dificultado o rastreamento dos refletores e marcadores de um rollover para outro, sobretudo no sentido dlp, além da baixa resolução das seções sísmicas.",1.0,1.0,Foi dificultado **o uso/aplicação de um arcabouço estratigráfico de alta frequência para a Sequência A**.,1.0,1.0,70,126,21
1551,O que foi dificultado para rastrear refletores e marcadores de um rollover para outro?,SUCCESS,arcabouço estratigráfico de alta frequência,Foi dificultada **a utilização de um arcabouço estratigráfico de alta frequência para a Sequência A**.,1.0,1.0,"Foi dificultada **a aplicação de um arcabouço estratigráfico de alta frequência na Sequência A**, principalmente **no sentido dip**.",1.0,0.0,65,114,21
1552,O que as seções sísmicas disponíveis não permitem discriminar?,SUCCESS,padrões de terminação de refletores sísmicos,As seções sísmicas disponíveis não permitem discriminar **os padrões de terminação dos refletores sísmicos de 4ª e 5ª ordens**.,1.0,1.0,As seções sísmicas disponíveis não permitem discriminar **os padrões de terminação de refletores sísmicos de 4ª e 5ª ordens**.,1.0,1.0,72,122,24
1553,Quando Catunea - nu escreveu sobre a Estratigrafia Moderna?,SUCCESS,2006,"Não. No contexto, **Catuneanu** é citado explicitamente como referência da **Moderna Estratigrafia**: **“Catuneanu, 2006”** e **“Catuneanu et al., 2009”**.",1.0,1.0,"Não. Pelo contexto, **Catuneanu** é citado **como referência da Moderna Estratigrafia** (“Catunea-nu, 2006” e “Catuneanu et al. 2009”). Portanto, ele **escreveu/foi autor de referência sobre Moderna Estratigrafia**.",1.0,1.0,67,114,20
1554,O que os autores modernos usaram para segui-la?,SUCCESS,Estratigrafia,"Eles optaram por usar **superfícies transgressivas ou de afogamento que recobrem os carbonatos de plataforma**, como **limites de parassequências**.",1.0,1.0,Os autores modernos a seguiram usando **um arcabouço estratigráfico de alta frequência**.,1.0,1.0,82,151,23
1555,O que foi dificultado para traçar sequências de alta frequência?,SUCCESS,rastreamento dos refletores e marcadores,"Foi dificultado **o rastreamento dos refletores e marcadores de um rollover para outro**, principalmente no sentido dip, **devido à intensa halocinese** e também **à baixa resolução das seções sísmicas**, que não permitia distinguir padrões de terminação de refletores de alta ordem.",1.0,0.0,"Foi dificultado pelo difícil rastreamento dos refletores e marcadores de um rollover para outro, principalmente no sentido DLP, em um intervalo dominado por intensa halocinese, além da baixa resolução das seções sísmicas.",1.0,1.0,75,123,25
1556,Quais são os preceitos utilizados para a utilização de um arcabouço estratigráfico de alta frequência na Sequência A?,SUCCESS,"Moderna Estratigrafia (Catunea-nu, 2006; Catuneanu et al. 2009, Hunt e Tucker, 1992; VanWagoner et al., 1988; Galloway, 1989; Posamentier e Allen, 1999)","Foram adotados os preceitos da **Moderna Estratigrafia** — conforme **Catuneanu (2006), Catuneanu et al. (2009), Hunt e Tucker (1992), Van Wagoner et al. (1988), Galloway (1989) e Posamentier e Allen (1999)**.  

Na prática, como houve limitações sísmicas e estruturais, **optou-se por usar as superfícies transgressivas ou de afogamento que recobrem os carbonatos de plataforma como limites de parassequências**, sendo estas formadas por **uma sucessão basal transgressiva e uma sucessão superior regressiva**.",0.8333333333333334,1.0,"Na Sequência A, o arcabouço estratigráfico de alta frequência foi utilizado **seguindo os preceitos da Moderna Estratigrafia**, conforme **Catuneanu (2006), Catuneanu et al. (2009), Hunt e Tucker (1992), Van Wagoner et al. (1988), Galloway (1989) e Posamentier e Allen (1999)**.",1.0,0.5,74,124,27
1557,Por que a utilização de um arcabouço estratigráfico de alta frequência para a Sequência A foi dificultada?,SUCCESS,"pelo difícil rastreamento dos refletores e marcadores de um rollover para outro, principalmente no sentido dlp, em um intervalo estratigráfico dominado por intensa halocinese","Porque foi difícil correlacionar refletores e marcadores entre os rollovers, sobretudo no sentido dip, em um intervalo afetado por intensa halocinese; além disso, as seções sísmicas não tinham resolução suficiente para identificar terminações de refletores de 4ª e 5ª ordens, e as descontinuidades erosivas nos canais incisos não apareciam de forma cíclica nos poços, impedindo definir sequências de alta frequência.",1.0,0.6666666666666666,"Porque houve três limitações principais:  
1. **dificuldade de rastrear e correlacionar refletores e marcadores** de um rollover para outro, sobretudo no sentido dlp, em um intervalo com **intensa halocinese**;  
2. **baixa resolução das seções sísmicas**, que não permitiu distinguir terminações de refletores de **4ª e 5ª ordens**;  
3. as **descontinuidades erosivas** nos canais incisos **não apresentaram recorrência cíclica** nos poços, impedindo seu uso como **superfícies delimitadoras de sequências de alta frequência**.",1.0,1.0,74,123,26
1558,O que as seções sísmicas disponíveis não apresentam para permitir discriminar padrões de terminação de refletores sísmicos na 4a e 5a ordens?,SUCCESS,conteúdo de resolução suficientemente alto,As seções sísmicas disponíveis **não apresentam conteúdo de resolução suficientemente alto** para discriminar os padrões de terminação de refletores sísmicos de **4ª e 5ª ordens**.,1.0,1.0,As seções sísmicas disponíveis não apresentam **conteúdo de resolução suficientemente alto** para discriminar esses padrões na **4ª e 5ª ordens**.,1.0,1.0,76,119,22
1559,Por que as descontinuidades erosivas registradas nos canais incisos não puderam ser utilizadas como superfícies delimitadoras de sequências de alta frequência?,SUCCESS,"não ocorrem, nos poços analisados, de forma cíclica, impossibilitando sua utilização como superfícies delimitadoras de sequências de alta frequência","Porque, nos poços analisados, essas descontinuidades erosivas dos canais incisos **não apareciam de forma cíclica**. Assim, embora pudessem sugerir exposições subaéreas de alta frequência, **não permitiam definir de modo consistente superfícies delimitadoras de sequências de alta frequência**.",1.0,1.0,"Porque, nos poços analisados, as descontinuidades erosivas dos canais incisos não ocorrem de forma cíclica. Embora pudessem indicar exposições subaéreas de alta frequência, essa falta de recorrência impediu usá-las como superfícies delimitadoras de sequências de alta frequência.",1.0,1.0,78,128,22
1560,"O que foi utilizado como limites de parassequências, compostas por uma sucessão basal transgressiva e uma sucessão superior regressiva?",SUCCESS,as superfícies transgressivas ou de afogamento que recobrem os carbonatos de plataforma,Foram utilizadas **as superfícies transgressivas ou de afogamento que recobrem os carbonatos de plataforma**.,1.0,1.0,Foram utilizadas as **superfícies transgressivas ou de afogamento**.,1.0,1.0,84,152,27
1561,Quais autores são citados como preceitos da Moderna Estratigrafia?,SUCCESS,"Catunea-nu, 2006; Catuneanu et al. 2009, Hunt e Tucker, 1992; VanWagoner et al., 1988; Galloway, 1989; Posamentier e Allen, 1999","Os autores citados são: **Catuneanu (2006), Catuneanu et al. (2009), Hunt e Tucker (1992), Van Wagoner et al. (1988), Galloway (1989) e Posamentier e Allen (1999)**.",1.0,1.0,"Os autores citados como preceitos da Moderna Estratigrafia são: **Catuneanu (2006), Catuneanu et al. (2009), Hunt e Tucker (1992), Van Wagoner et al. (1988), Galloway (1989) e Posamentier e Allen (1999).**",1.0,1.0,68,96,22
1562,O que dificultou a utilização de um arcabouço estratigráfico de alta frequência para a Sequência A?,SUCCESS,"o difícil rastreamento dos refletores e marcadores de um rollover para outro, principalmente no sentido dlp, em um intervalo estratigráfico dominado por intensa halocinese","Foi dificultada por três fatores principais: o difícil rastreamento de refletores e marcadores entre rollovers, sobretudo no sentido dip, em uma área com intensa halocinese; a baixa resolução das seções sísmicas, que impediu reconhecer terminações de refletores de 4ª e 5ª ordens; e a ausência de descontinuidades erosivas cíclicas nos poços, o que inviabilizou usá-las como limites de sequências de alta frequência.",1.0,0.6666666666666666,"Foi dificultada por três fatores principais: o difícil rastreamento de refletores e marcadores entre rollovers, sobretudo no sentido dlp, em um intervalo com intensa halocinese; a resolução insuficiente das seções sísmicas para identificar terminações de refletores de 4ª e 5ª ordens; e a ausência de descontinuidades erosivas cíclicas nos poços, o que impediu definir superfícies delimitadoras de sequências de alta frequência.",1.0,1.0,79,142,17
1563,O que poderia auxiliar na determinação das principais superfícies estratigráficas correlativas às flutuações do nível de base?,SUCCESS,padrões de terminação de refletores sísmicos na 4a e 5a ordens,"Os **padrões de terminação dos refletores sísmicos**, se fossem perceptíveis nas seções sísmicas com resolução mais alta, poderiam auxiliar nessa determinação.",1.0,1.0,"Os padrões de terminação de refletores sísmicos, se perceptíveis, poderiam auxiliar nessa determinação.",1.0,1.0,78,140,23
1564,O que não ocorrem de forma cíclica nos poços analisados?,SUCCESS,descontinuidades erosivas registradas nos canais incisos,As descontinuidades erosivas registradas nos canais incisos.,1.0,1.0,As descontinuidades erosivas registradas nos canais incisos.,1.0,1.0,76,126,26
1565,O que foram usadas como limites de parassequências?,SUCCESS,superfícies transgressivas ou de afogamento que recobrem os carbonatos de plataforma,Foram usadas **as superfícies transgressivas ou de afogamento que recobrem os carbonatos de plataforma** como limites de parassequências.,1.0,1.0,Foram usadas **as superfícies transgressivas ou de afogamento** como limites de parassequências.,1.0,1.0,78,140,25
1566,Qual é a parte mais superior da Formação Pendência?,SUCCESS,a Seqüência K40,A Seqüência K40.,1.0,1.0,A parte mais superior da Formação Pendência é a **Seqüência K40**.,1.0,1.0,67,111,36
1567,Qual é a seção mais superior da Formação Pendência?,SUCCESS,a Seqüência K40,A seção mais superior da Formação Pendência é a **Seqüência K40**.,1.0,1.0,A seção mais superior da Formação Pendência é a **Seqüência K40**.,1.0,1.0,61,106,32
1568,Qual sistema é o limite proximal de ocorrência da Seqüência K40?,SUCCESS,sistema de falhas de Pescada,O **sistema de falhas de Pescada**.,1.0,1.0,O limite proximal de ocorrência da Seqüência K40 é o **sistema de falhas de Pescada**.,1.0,1.0,68,113,36
1569,Quando começa a deposição da megasseqüência proto-oceânica?,SUCCESS,Neo-aptiano,A deposição da megasseqüência proto-oceânica começa **a partir do Neo-aptiano**.,1.0,1.0,A deposição da megasseqüência proto-oceânica começa a partir do Neo-aptiano.,1.0,1.0,63,107,35
1570,Qual sistema é o limite proximal de ocorrência da seqüência K40?,SUCCESS,O sistema de falhas de Pescada,O **sistema de falhas de Pescada**.,1.0,1.0,O limite proximal de ocorrência da Seqüência K40 é o **sistema de falhas de Pescada**.,1.0,1.0,59,102,25
1571,Em que período começa a deposição da megasseqüência proto - oceânica?,SUCCESS,Neo-aptiano,No **Neo-aptiano**.,1.0,0.0,Começa a partir do **Neo-aptiano**.,1.0,1.0,59,101,29
1572,Qual é a direção geral do sistema de falhas de Pescada?,SUCCESS,WNW-ESE,A direção geral do sistema de falhas de Pescada é **WNW-ESE**.,1.0,1.0,A direção geral do sistema de falhas de Pescada é **WNW-ESE**.,1.0,1.0,61,103,30
1573,Quais são os materiais da Seqüência K40?,SUCCESS,arenitos grossos e pelitos,A Seqüência K40 é constituída por **arenitos grossos e pelitos**.,1.0,1.0,A Seqüência K40 é constituída por **arenitos grossos e pelitos**.,1.0,1.0,60,105,31
1574,O que está geneticamente relacionado à atividade da Seqüência K40?,SUCCESS,aumento da taxa de subsidência,A atividade da Seqüência K40 está geneticamente relacionada a **um aumento da taxa de subsidência no final da fase de rifteamento da bacia**.,1.0,0.0,A atividade da Seqüência K40 está geneticamente relacionada a **um aumento da taxa de subsidência no final da fase de rifteamento da bacia**.,1.0,0.0,64,109,32
1575,Qual é o tipo de rocha que inicia a deposição da megasseqüência proto - oceânica?,SUCCESS,Neo-aptiano,A **Formação Pescada**.,1.0,1.0,"A rocha/unidade que inicia essa deposição é a **Seqüência K50**, correspondente à megasseqüência proto-oceânica.",1.0,1.0,63,110,33
1577,Quais são as duas rochas que constituem a Seqüência K40?,SUCCESS,arenitos grossos e pelitos,As duas rochas são **arenitos grossos** e **pelitos**.,1.0,1.0,As duas rochas são **arenitos grossos** e **pelitos**.,1.0,1.0,63,105,33
1578,A que está geneticamente relacionada a atividade da Seqüência K40?,SUCCESS,aumento da taxa de subsidência,A atividade da Seqüência K40 está geneticamente relacionada **a um aumento da taxa de subsidência no final da fase de rifteamento da bacia**.,1.0,0.0,A atividade da Seqüência K40 está geneticamente relacionada **a um aumento da taxa de subsidência no final da fase de rifteamento da bacia**.,1.0,0.0,64,108,33
1579,A que está geneticamente relacionada a atividade da Seqüência K40?,SUCCESS,um aumento da taxa de subsidência,A atividade da Seqüência K40 está geneticamente relacionada a **um aumento da taxa de subsidência no final da fase de rifteamento da bacia**.,1.0,0.0,A atividade da Seqüência K40 está geneticamente relacionada a **um aumento da taxa de subsidência no final da fase de rifteamento da bacia**.,1.0,0.0,58,103,29
1580,O que constitui a parte mais superior da Formação Pendência?,SUCCESS,A Seqüência K40,A Seqüência K40.,1.0,1.0,A parte mais superior da Formação Pendência é a **Seqüência K40**.,1.0,1.0,59,103,27
1582,O que preenche o sistema de falhas de Pescada?,SUCCESS,"sistemas deposicionais continentais, dominados por leques aluviais e sistemas fluviais de alta energia","O sistema de falhas de Pescada é preenchido por sistemas deposicionais continentais, dominados por leques aluviais e sistemas fluviais de alta energia, com bancos carbonáticos restritos.",1.0,1.0,"O sistema de falhas de Pescada é preenchido por **sistemas deposicionais continentais**, dominados por **leques aluviais** e **sistemas fluviais de alta energia**, com **bancos carbonáticos restritos**.",1.0,1.0,63,104,31
1583,Qual é a unidade litoestratigráfica correspondente à seção de rochas dominada por sistemas deposicionais continentais?,SUCCESS,Formação Pescada,Formação Pescada.,1.0,1.0,A unidade litoestratigráfica é a **Formação Pescada**.,1.0,1.0,66,111,36
1584,Quando inicia-se a deposição da megasseqüência proto-oceânica?,SUCCESS,A partir do Neo-aptiano,A partir do **Neo-aptiano**.,1.0,1.0,A deposição da megasseqüência proto-oceânica inicia-se a partir do **Neo-aptiano**.,1.0,1.0,61,107,29
1585,Qual é a direção geral das falhas de Pescada?,SUCCESS,direção geral WNW-ESE,A direção geral das falhas de Pescada é **WNW-ESE**.,1.0,1.0,A direção geral das falhas de Pescada é **WNW-ESE**.,1.0,1.0,59,103,27
1586,O que é a Seqüência K40?,SUCCESS,"A Seqüência K40 é constituída por uma cunha clástica sintectônica, reconhecida inicialmente no bloco baixo da Falha de Pescada, cuja atividade está geneticamente relacionada a um aumento da taxa de subsidência no final da fase de rifteamento da bacia.","A **Seqüência K40** é a **parte mais superior da Formação Pendência**, composta por **arenitos grossos e pelitos** depositados em um **sistema flúvio-deltaico-lacustrino**. Ela corresponde a uma **cunha clástica sintectônica**, ligada ao aumento da subsidência no final da fase de rifteamento da bacia.",1.0,1.0,"A Seqüência K40 é a parte mais superior da Formação Pendência, composta por arenitos grossos e pelitos de um sistema flúvio-deltaico-lacustrino, interpretada como uma cunha clástica sintectônica.",1.0,1.0,60,103,30
1587,Quais são os sistemas deposicionais continentais que preenchem o sedimentar da Seqüência K40?,SUCCESS,"sistemas deposicionais continentais, dominados por leques aluviais e sistemas fluviais de alta energia, com bancos carbonáticos restritos.","Os sistemas deposicionais continentais são **leques aluviais** e **sistemas fluviais de alta energia**, com **bancos carbonáticos restritos**.",0.6666666666666666,1.0,Os sistemas deposicionais continentais que preenchem a Seqüência K40 são **leques aluviais** e **sistemas fluviais de alta energia**.,1.0,1.0,62,107,33
1588,Qual é a unidade litoestratigráfica que corresponde à seção de rochas da Seqüência K40?,SUCCESS,Formação Pescada,Formação Pescada.,1.0,1.0,A unidade litoestratigráfica correspondente à seção de rochas da Seqüência K40 é a **Formação Pescada**.,1.0,1.0,56,97,27
1632,O que causou o processo de dobramento por deslizamento flexural?,SUCCESS,anisotropia mecânica,"Foi consequência da anisotropia mecânica entre as camadas, com a deformação concentrada em níveis de folhelhos e siltitos intercalados a arenitos.",1.0,1.0,"Foi causado pela **anisotropia mecânica entre as camadas**, com a deformação concentrando-se em **níveis de folhelhos e siltitos intercalados a arenitos**.",1.0,1.0,44,71,15
1633,Qual foi a principal característica da região de charneira?,SUCCESS,"flexural slip e buckling, sensu Park, 1989; fig. 15).","A principal característica da região de charneira foi o predomínio da flambagem, indicando uma resposta homogênea do material e nucleação de falhas reversas.",1.0,1.0,"A principal característica da região de charneira foi o predomínio da flambagem, indicando resposta homogênea do material.",1.0,1.0,43,69,15
1634,Que mecanismo predomina nos flancos das dobras?,SUCCESS,mecanismos de deslizamento flexural,"Nos flancos das dobras, predominou o **deslizamento flexural**.",1.0,1.0,Nos flancos das dobras predomina o **deslizamento flexural**.,1.0,1.0,52,87,21
1636,Em que região de dobras predomina o mecanismo de flambagem?,SUCCESS,charneira,Na região de charneira das dobras.,1.0,1.0,Na região de charneira das dobras.,1.0,1.0,54,81,22
1637,O que ocorreu em conseqüência da anisotropia mecânica entre camadas?,SUCCESS,O processo de dobramento por deslizamento flexural,"Ocorreu o dobramento por deslizamento flexural, com a deformação concentrando-se em níveis de folhelhos e siltitos intercalados a arenitos.",1.0,1.0,"Em conseqüência da anisotropia mecânica entre as camadas, ocorreu o dobramento por deslizamento flexural, com a deformação concentrando-se em níveis de folhelhos e siltitos intercalados a arenitos.",1.0,1.0,45,76,12
1638,Onde se concentra a deformação?,SUCCESS,"níveis de folhelhos e siltitos, intercalados a arenitos",A deformação se concentra **nos níveis de folhelhos e siltitos intercalados aos arenitos**.,1.0,1.0,"A deformação concentra-se em níveis de folhelhos e siltitos intercalados a arenitos; na zona de charneira, ela chegou ao ponto de ruptura.",1.0,1.0,45,75,15
1639,O que foi conseqüência da anisotropia mecânica entre camadas?,SUCCESS,processo de dobramento por deslizamento flexural,"Foi o **processo de dobramento por deslizamento flexural**, com a deformação concentrando-se em **níveis de folhelhos e siltitos intercalados a arenitos**.",1.0,1.0,Foi o processo de dobramento por deslizamento flexural.,1.0,1.0,45,72,14
1641,O que revela que a deformação atingiu o ponto de ruptura?,SUCCESS,a nucleação de falhas reversas,A nucleação de falhas reversas revela que a deformação atingiu o ponto de ruptura.,1.0,1.0,A nucleação de falhas reversas revela que a deformação atingiu o ponto de ruptura.,1.0,1.0,41,72,18
1642,O que indica a relação angular entre os indicadores cinemáticos nas superfícies de deslizamento e os eixos das dobras F1?,SUCCESS,a atuação de uma componente de rotação horária,"Indica a atuação de uma componente de rotação horária durante o deslizamento flexural; alternativamente, que essa rotação pode ter ocorrido após a nucleação das dobras F1.",1.0,1.0,"Indica a atuação de uma componente de rotação horária durante o deslizamento flexural; alternativamente, que essa rotação ocorreu após a nucleação das dobras F1.",1.0,1.0,41,76,15
1643,O que a relação angular entre os indicadores cinemáticos nas superfícies de deslizamento e os eixos das dobras indica?,SUCCESS,uma componente de rotação horária,"Indica a atuação de uma componente de rotação horária durante o deslizamento flexural; alternativamente, que essa rotação ocorreu após a nucleação das dobras F1.",1.0,1.0,"Indica a atuação de uma componente de rotação horária durante o deslizamento flexural; alternativamente, essa rotação pode ter ocorrido após a nucleação das dobras F1.",1.0,1.0,51,89,20
1645,Em que região das dobras predomina a flambagem?,SUCCESS,charneira,Na região de charneira das dobras.,1.0,1.0,Na região de charneira das dobras.,1.0,1.0,41,68,14
1646,O que foi conseqüência da anisotropia mecânica entre camadas?,SUCCESS,O processo de dobramento por deslizamento flexural,Foi o processo de dobramento por deslizamento flexural.,1.0,1.0,Foi o processo de dobramento por deslizamento flexural.,1.0,1.0,45,76,14
1653,Qual foi o mecanismo de deslizamento dominante nas dobras?,SUCCESS,mecanismos de deslizamento flexural,"O mecanismo dominante foi o **deslizamento flexural nos flancos das dobras**; **na charneira**, predominou a **flambagem (buckling)**.",1.0,1.0,"O mecanismo de deslizamento dominante nas dobras foi o **deslizamento flexural**, predominante **nos flancos das dobras**.",1.0,1.0,43,74,15
1654,Em que região de dobras predomina o mecanismo de flambagem?,SUCCESS,região de charneira,Na região de charneira das dobras.,1.0,1.0,Na **região de charneira** das dobras.,1.0,1.0,38,68,14
1655,O que ocorreu em conseqüência da anisotropia mecânica entre camadas?,SUCCESS,processo de dobramento por deslizamento flexural,"Ocorreu o dobramento por deslizamento flexural, com a deformação concentrando-se em níveis de folhelhos e siltitos intercalados a arenitos.",1.0,1.0,"Em conseqüência da anisotropia mecânica entre as camadas, **ocorreu o dobramento por deslizamento flexural**, com **deformação concentrada em níveis de folhelhos e siltitos intercalados a arenitos**.",1.0,1.0,41,73,12
1656,Onde se concentra a deformação?,SUCCESS,níveis de folhelhos e siltitos,"A deformação concentrou-se **em níveis de folhelhos e siltitos, intercalados a arenitos**.",1.0,1.0,"A deformação se concentra em níveis de folhelhos e siltitos, intercalados a arenitos.",1.0,1.0,40,73,14
1658,O que revela que a deformação atingiu o ponto de ruptura?,SUCCESS,falhas reversas,A nucleação de falhas reversas.,1.0,1.0,A nucleação de falhas reversas revela que a deformação atingiu o ponto de ruptura.,1.0,1.0,45,74,18
1659,Qual foi o mecanismo predominante nos flancos das dobras?,SUCCESS,mecanismos de deslizamento flexural,"Nos flancos das dobras, predominou o **deslizamento flexural**.",1.0,1.0,O mecanismo predominante nos flancos das dobras foi o **deslizamento flexural**.,1.0,1.0,45,73,17
1664,Qual a relação angular entre os indicadores cinemáticos nas superfícies de deslizamento e os eixos das dobras F1?,SUCCESS,indica a atuação de uma componente de rotação horária durante o fenômeno de deslizamento flexural,"A relação angular indica a atuação de uma componente de rotação horária durante o deslizamento flexural, ou, alternativamente, que essa rotação ocorreu após a nucleação das dobras F1.",1.0,1.0,"A relação angular indica a atuação de uma componente de rotação horária durante o deslizamento flexural, ou alternativamente após a nucleação das dobras F1.",1.0,1.0,41,71,18
1665,O que foi consequência da anisotropia mecânica entre as camadas no processo de dobramento por deslizamento flexural?,SUCCESS,"a deformação concentrando-se em níveis de folhelhos e siltitos, intercalados a arenitos","Foi a **concentração da deformação em níveis de folhelhos e siltitos, intercalados a arenitos**.",1.0,1.0,Foi o **processo de dobramento por deslizamento flexural**.,0.0,1.0,46,71,17
1666,O que indica o mecanismo de flambagem em relação à resposta do material próximo à zona de charneira das dobras?,SUCCESS,uma resposta homogênea do material próximo à zona de charneira das dobras,"Indica **uma resposta homogênea do material próximo à zona de charneira das dobras** e que, com a **nucleação de falhas reversas**, a deformação **atingiu o ponto de ruptura**.",0.5,1.0,Indica que o material próximo à zona de charneira das dobras teve uma resposta homogênea.,1.0,1.0,48,77,16
1668,Quais mecanismos de dobramento predominaram nos flancos das dobras?,SUCCESS,mecanismos de deslizamento flexural,Nos flancos das dobras predominaram mecanismos de **deslizamento flexural**.,1.0,1.0,Nos flancos das dobras predominaram mecanismos de **deslizamento flexural**.,1.0,1.0,48,73,19
1669,O que prevaleceu na região de charneira das dobras?,SUCCESS,flambagem,Na região de charneira das dobras prevaleceu a **flambagem** (*buckling*).,1.0,1.0,"Na região de charneira das dobras, prevaleceu a flambagem.",1.0,1.0,42,69,12
1670,O que é indicado pela relação angular entre os indicadores cinemáticos nas superfícies de deslizamento e os eixos das dobras F1?,SUCCESS,a atuação de uma componente de rotação horária durante o fenômeno de deslizamento flexural,"Indica a atuação de uma componente de rotação horária durante o deslizamento flexural; alternativamente, que essa rotação ocorreu após a nucleação das dobras F1.",1.0,1.0,"Indica a atuação de uma componente de rotação horária durante o deslizamento flexural; alternativamente, que essa rotação ocorreu após a nucleação das dobras F1.",1.0,1.0,45,73,16
1672,O que é conseqüência da anisotropia mecânica entre as camadas?,SUCCESS,o processo de dobramento por deslizamento flexural,"A conseqüência foi o dobramento por deslizamento flexural, com a deformação concentrada em níveis de folhelhos e siltitos intercalados a arenitos.",1.0,1.0,"A conseqüência foi o dobramento por deslizamento flexural, com a deformação concentrando-se em níveis de folhelhos e siltitos intercalados a arenitos.",1.0,1.0,38,74,15
1673,O que é muito raro em outros ambientes sedimentares antigos?,SUCCESS,a infiltração mecânica de argilas,Infiltração mecânica de argilas.,1.0,1.0,O que é muito raro em outros ambientes sedimentares antigos são as **referências à infiltração mecânica de argilas**.,1.0,1.0,54,97,26
1675,Quem identificou cutículas de argila e hematita em arenitos de duna e wadi do Permiano do Mar do Norte como acumuladas por infiltração mecânica?,SUCCESS,KESSLER,KESSLER.,1.0,1.0,Foi **Kessler**.,1.0,1.0,42,80,17
1676,Qual é o teor de argila infiltrada em depósitos terciários e pleistocênicos do Sudoeste americano?,SUCCESS,10 a 20%,De **10 a 20%** de argilas infiltradas.,1.0,1.0,O teor comum é de **10 a 20% de argilas infiltradas**.,1.0,1.0,65,118,31
1678,Quem identificou cutículas de argila e hematita no arenito do Mar do Norte como sendo infiltradas?,SUCCESS,KESSLER,KESSLER.,1.0,1.0,Foi **KESSLER**.,1.0,1.0,63,117,29
1680,O que é muito raro em outros ambientes sedimentares antigos?,SUCCESS,infiltração mecânica de argilas,“Infiltração mecânica de argilas” em outros ambientes sedimentares antigos.,1.0,1.0,O que é muito raro em outros ambientes sedimentares antigos são as **referências à infiltração mecânica de argilas**.,1.0,1.0,65,119,31
1681,Que processo é raro e superficial?,SUCCESS,infiltração mecânica,O processo é a **infiltração mecânica de argilas**.,1.0,1.0,O processo é a **infiltração mecânica de argilas**.,1.0,1.0,59,110,25
1682,Em que região estão localizadas as ilhas de barreira?,SUCCESS,Terciário da Costa do Golfo,"Na Costa do Golfo, no Terciário.",1.0,1.0,As ilhas de barreira mencionadas estão localizadas no **Terciário da Costa do Golfo**.,1.0,1.0,50,88,20
1683,Que porcentagem de argilas infiltradas existem nos depósitos terciários e pleistocênicos do Sudoeste americano?,SUCCESS,10 a 20%,Os depósitos terciários e pleistocênicos do Sudoeste americano contêm comumente **10 a 20% de argilas infiltradas**.,1.0,1.0,Os depósitos terciários e pleistocênicos do Sudoeste americano contêm comumente **10 a 20% de argilas infiltradas**.,1.0,1.0,54,92,27
1684,Onde estão localizadas as cutículas de argila e hematita que KESSLER identificou como acumuladas por infiltração mecânica?,SUCCESS,Permiano do Mar do Norte,Em arenitos de duna e wadi do Permiano do Mar do Norte.,1.0,1.0,KESSLER as identificou **em arenitos de duna e wadi do Permiano do Mar do Norte**.,1.0,1.0,66,120,30
1685,"O que promove modificações marcantes na textura, mineralogia e composição química dos sedimentos?",SUCCESS,processo de infiltração mecânica,O que promove essas modificações marcantes é **o processo de infiltração mecânica de argilas**.,1.0,1.0,O que promove essas modificações marcantes é o **processo de infiltração mecânica de argilas**.,1.0,1.0,58,103,26
1686,O que é raro em outros ambientes sedimentares antigos?,SUCCESS,infiltração mecânica,O que é raro em outros ambientes sedimentares antigos é a **infiltração mecânica de argilas** — e as referências a esse processo são **muito raras e superficiais**.,1.0,1.0,"O raro em outros ambientes sedimentares antigos são as **referências à infiltração mecânica de argilas**, que são descritas como **muito raras e superficiais**.",1.0,1.0,51,90,22
1687,Em que área de arenitos estão localizados algumas das argilas infiltradas?,SUCCESS,Terciário da Costa do Golfo,Em alguns **arenitos depositados em deltas e ilhas de barreira no Terciário da Costa do Golfo**.,1.0,1.0,Algumas das argilas infiltradas estão em **arenitos depositados em deltas e ilhas de barreira no Terciário da Costa do Golfo**.,1.0,1.0,49,89,21
1688,Que porcentagem de argilas infiltradas os depósitos terciários e pleistocênicos do Sudoeste americano contêm?,SUCCESS,10 a 20%,Os depósitos terciários e pleistocênicos do Sudoeste americano contêm comumente **10 a 20% de argilas infiltradas**.,1.0,1.0,Os depósitos terciários e pleistocênicos do Sudoeste americano contêm comumente **10 a 20% de argilas infiltradas**.,1.0,1.0,47,78,22
1690,"Qual processo promove modificações marcantes na textura, mineralogia e composição química dos sedimentos onde atua?",SUCCESS,processo de infiltração mecânica,O processo é a **infiltração mecânica**.,0.0,1.0,O processo é a **infiltração mecânica de argilas**.,0.0,1.0,48,84,22
1691,Que processo é raro e superficial?,SUCCESS,infiltração mecânica de argilas,"O processo é a **infiltração mecânica de argilas**, descrita como tendo referências “muito raras e superficiais” em outros ambientes sedimentares antigos.",1.0,1.0,O processo é a **infiltração mecânica de argilas**.,1.0,1.0,66,118,31
1692,O que é raro em outros ambientes sedimentares antigos?,SUCCESS,infiltração mecânica de argilas,"O que é raro em outros ambientes sedimentares antigos é a **infiltração mecânica de argilas** — e, quando mencionada, as referências são **muito raras e superficiais**.",1.0,1.0,"O raro em outros ambientes sedimentares antigos são as referências à infiltração mecânica de argilas, que são muito raras e superficiais.",1.0,1.0,50,85,25
1695,"Segundo WALKER et alii, qual a porcentagem comum de argilas infiltradas nos depósitos terciários e pleistocênicos do Sudoeste americano?",SUCCESS,de 10 a 20%,"Segundo WALKER et alii, esses depósitos contêm comumente **10 a 20% de argilas infiltradas**.",1.0,1.0,"Segundo WALKER et alii, a porcentagem comum é de **10 a 20% de argilas infiltradas**.",1.0,1.0,61,113,26
1696,O que a infiltração mecânica promove nos sedimentos onde atua?,SUCCESS,"modificações marcantes na textura, mineralogia e composição química dos sedimentos","Promove **modificações marcantes na textura, mineralogia e composição química dos sedimentos** onde atua.",1.0,1.0,"A infiltração mecânica promove **modificações marcantes na textura, na mineralogia e na composição química dos sedimentos** onde atua.",1.0,1.0,52,90,25
1697,Qual a melhor ferramenta para identificar e descrever argilas mecanicamente infiltradas em sedimentos antigos?,SUCCESS,análise de lâminas delgadas,A **análise de lâminas delgadas** é a melhor ferramenta para identificar e descrever argilas mecanicamente infiltradas em sedimentos antigos.,1.0,1.0,"A melhor ferramenta é a **análise de lâminas delgadas**, indicada no contexto como a mais adequada para **identificar e descrever argilas mecanicamente infiltradas em sedimentos antigos**.",1.0,1.0,51,91,25
1699,Quais são os depósitos que LOUCKS et alii invocam para explicar os day coats presentes em alguns arenitos?,SUCCESS,"depositados em deltas e ilhas de barreira no Terciário da Costa do Golfo,",LOUCKS et alii invocam depósitos em deltas e ilhas de barreira no Terciário da Costa do Golfo.,1.0,1.0,"LOUCKS et alii invocam depósitos em **deltas e ilhas de barreira**, especificamente **arenitos do Terciário da Costa do Golfo**.",1.0,1.0,49,87,22
1700,O que KESSLER identifica em arenitos de duna e wadi do Permiano do Mar do Norte?,SUCCESS,cutículas de argila e hematita,"KESSLER identifica **cutículas de argila e hematita** em arenitos de duna e wadi do Permiano do Mar do Norte, **acumuladas por infiltração mecânica**.",1.0,1.0,"KESSLER identifica **cutículas de argila e hematita**, interpretadas como **acumuladas por infiltração mecânica**.",1.0,1.0,66,125,27
1701,"De acordo com WALKER et alii, quais são os depósitos que contêm comumente de 10 a 20% de argilas infiltradas?",SUCCESS,depósitos terciários e pleistocênicos do Sudoeste americano,"De acordo com WALKER et alii, **os depósitos terciários e pleistocênicos do Sudoeste americano** contêm comumente **10 a 20% de argilas infiltradas**.",1.0,1.0,"De acordo com WALKER et alii, **os depósitos terciários e pleistocênicos do sudoeste americano** contêm comumente **10 a 20% de argilas infiltradas**.",1.0,1.0,61,114,23
1702,O que o processo de infiltração mecânica promove nos sedimentos onde atua?,SUCCESS,"modificações marcantes na textura, mineralogia e composição química dos sedimentos","Promove **modificações marcantes na textura, mineralogia e composição química dos sedimentos** onde atua.",1.0,1.0,"O processo de infiltração mecânica promove modificações marcantes na textura, na mineralogia e na composição química dos sedimentos onde atua.",0.3333333333333333,1.0,61,106,27
1703,Qual é a porcentagem de receitas bruta dos campos que pagam Participação Especial?,SUCCESS,1%,É **1% da receita bruta** dos campos que pagam Participação Especial.,1.0,1.0,A porcentagem é **1% da receita bruta** dos campos que pagam Participação Especial.,1.0,1.0,60,107,15
1704,"O que constitui um grande desafio para a Agência Nacional do Petróleo, Gás Natural e Biocombustíveis?",SUCCESS,grande desafio para o nosso País a melhoria do conhecimento sobre as 29 bacias sedimentares que apresentam interesse para a indústria de petróleo e gás natural.,Um grande desafio é **melhorar o conhecimento sobre as 29 bacias sedimentares de interesse para a indústria de petróleo e gás natural**.,1.0,1.0,Um grande desafio é **melhorar o conhecimento sobre as 29 bacias sedimentares de interesse para a indústria de petróleo e gás natural**.,1.0,1.0,69,124,15
1705,O que tem sido decisivo no desenho de novos projetos?,SUCCESS,"Plano Plurianual de Estudos de Geologia e Geofísica,",O **Plano Plurianual de Estudos de Geologia e Geofísica** tem sido decisivo no desenho de novos projetos.,1.0,1.0,O **Plano Plurianual de Estudos de Geologia e Geofísica** tem sido decisivo no desenho de novos projetos.,1.0,1.0,62,114,12
1706,Qual é a porcentagem mínima de gastos com pesquisa e desenvolvimento exigida pelos concessionários para obterem Participação Especial?,SUCCESS,1%,A porcentagem mínima é **1% da receita bruta dos campos que pagam Participação Especial**.,1.0,1.0,A porcentagem mínima é **1% da receita bruta dos campos que pagam Participação Especial**.,1.0,1.0,59,110,15
1707,Em que ano a ANP introduziu uma cláusula que obriga os concessionários a realizar despesas com pesquisa e desenvolvimento?,SUCCESS,1998,1998.,1.0,1.0,1998.,1.0,1.0,62,116,16
1708,"O que constitui um grande desafio para a Agência Nacional do Petróleo, Gás Natural e Biocombustíveis?",SUCCESS,a melhoria do conhecimento sobre as 29 bacias sedimentares,Um grande desafio é **melhorar o conhecimento sobre as 29 bacias sedimentares de interesse para a indústria de petróleo e gás natural**.,1.0,1.0,Um grande desafio é **melhorar o conhecimento sobre as 29 bacias sedimentares de interesse para a indústria de petróleo e gás natural**.,1.0,1.0,49,86,14
1709,O que tem sido decisivo no desenho de novos projetos?,SUCCESS,Plano Plurianual de Estudos de Geologia e Geofísica,O que tem sido decisivo no desenho de novos projetos é **a condução do Plano Plurianual de Estudos de Geologia e Geofísica**.,1.0,1.0,O que tem sido decisivo no desenho de novos projetos é o **Plano Plurianual de Estudos de Geologia e Geofísica**.,1.0,1.0,56,106,14
1710,Qual é a porcentagem mínima de gastos com pesquisa e desenvolvimento exigida pelos concessionários para obterem Participação Especial?,SUCCESS,50%,A porcentagem mínima é de **1% da receita bruta dos campos que pagam Participação Especial**.,1.0,1.0,A porcentagem mínima é **1% da receita bruta dos campos que pagam Participação Especial**.,1.0,1.0,42,72,10
1711,Qual é o desafio que a ANP enfrenta?,SUCCESS,a melhoria do conhecimento sobre as 29 bacias sedimentares que apresentam interesse para a indústria de petróleo e gás natural,O desafio que a ANP enfrenta é **melhorar o conhecimento sobre as 29 bacias sedimentares de interesse para a indústria de petróleo e gás natural**.,1.0,1.0,O desafio mencionado é **melhorar o conhecimento sobre as 29 bacias sedimentares de interesse para a indústria de petróleo e gás natural**.,1.0,1.0,58,110,14
1712,Que plano a ANP conduz?,SUCCESS,Plano Plurianual de Estudos de Geologia e Geofísica,A ANP conduz o **Plano Plurianual de Estudos de Geologia e Geofísica**.,1.0,1.0,A ANP conduz o **Plano Plurianual de Estudos de Geologia e Geofísica**.,1.0,1.0,65,124,18
1713,Para onde deve ser aplicado o restante dos recursos do PBP?,SUCCESS,universidades ou institutos de pesquisa credenciados pela ANP,"O restante dos recursos do PBP deve ser aplicado em pesquisa e desenvolvimento nos setores de petróleo, gás natural e biocombustíveis.",1.0,1.0,"Pelo contexto, pelo menos 50% dos recursos do PBP/P&D devem ir para universidades ou institutos de pesquisa credenciados pela ANP; portanto, o restante deve ser aplicado em outras atividades de pesquisa e desenvolvimento nos setores de petróleo, gás natural e biocombustíveis.",1.0,1.0,47,91,12
1714,Qual é o desafio da ANP?,SUCCESS,a melhoria do conhecimento sobre as 29 bacias sedimentares que apresentam interesse para a indústria de petróleo e gás natural,O desafio da ANP é melhorar o conhecimento sobre as 29 bacias sedimentares de interesse para a indústria de petróleo e gás natural no Brasil.,1.0,1.0,"O desafio da ANP, segundo o texto, é **melhorar o conhecimento sobre as 29 bacias sedimentares de interesse para a indústria de petróleo e gás natural**.",1.0,1.0,61,116,14
1715,Qual plano tem sido decisivo no desenho de novos projetos?,SUCCESS,Plano Plurianual de Estudos de Geologia e Geofísica,O **Plano Plurianual de Estudos de Geologia e Geofísica**.,1.0,1.0,O **Plano Plurianual de Estudos de Geologia e Geofísica**.,1.0,1.0,56,111,15
1716,Em que devem ser investidos pelo menos 50 % dos recursos de Pesquisa e Desenvolvimento?,SUCCESS,universidades ou institutos de pesquisa credenciados pela ANP,Pelo menos 50% dos recursos de Pesquisa e Desenvolvimento devem ser investidos **em universidades ou institutos de pesquisa credenciados pela ANP**.,1.0,1.0,Pelo menos 50% dos recursos de Pesquisa e Desenvolvimento devem ser investidos em universidades ou institutos de pesquisa credenciados pela ANP.,1.0,1.0,65,117,15
1717,Qual é o órgão responsável por desenvolver programas e apoiar políticas públicas relacionadas à indústria de petróleo e gás natural?,SUCCESS,"Agência Nacional do Petróleo, Gás Natural e Biocombustíveis","O órgão é a **Agência Nacional do Petróleo, Gás Natural e Biocombustíveis (ANP)**.",1.0,1.0,"O órgão responsável é a **Agência Nacional do Petróleo, Gás Natural e Biocombustíveis (ANP)**.",1.0,1.0,67,120,16
1718,O que a ANP introduziu nos contratos para exploração e produção de petróleo e gás natural desde 1998?,SUCCESS,uma cláusula que obriga os concessionários a realizar Despesas Qualificadas como Pesquisa e Desenvolvimento equivalentes a 1% da receita bruta dos campos que pagam Participação Especial,"A ANP introduziu, desde 1998, **uma cláusula contratual** que obriga os concessionários a investir em **Pesquisa e Desenvolvimento (P&D)**, com **despesas qualificadas equivalentes a 1% da receita bruta** dos campos que pagam Participação Especial.",1.0,1.0,"A ANP introduziu, desde 1998, **uma cláusula contratual** que obriga os concessionários a realizar **Despesas Qualificadas em Pesquisa e Desenvolvimento (P&D)** equivalentes a **1% da receita bruta** dos campos que pagam Participação Especial, sendo que **pelo menos 50%** desses recursos devem ser investidos em **universidades ou institutos de pesquisa credenciados pela ANP**.",1.0,1.0,64,120,13
1719,Qual é o objetivo da realização do Plano Plurianual de Estudos de Geologia e Geofísica pela ANP?,SUCCESS,"desenho de novos projetos que, em 2013, terão como desdobramento a realização da 11a Rodada de Licitações de Blocos","O objetivo é **melhorar o conhecimento sobre as 29 bacias sedimentares de interesse para a indústria de petróleo e gás natural**, sendo esse plano **decisivo para o desenho de novos projetos** e para futuras rodadas de licitação.",1.0,1.0,O objetivo é apoiar a melhoria do conhecimento geológico e geofísico das bacias sedimentares e servir de base para o desenho de novos projetos e licitações da ANP.,1.0,1.0,60,109,15
1720,"O que deve ser feito com pelo menos 50% dos recursos provenientes das Despesas Qualificadas como Pesquisa e Desenvolvimento nos setores de petróleo, gás natural e biocombustíveis?",SUCCESS,investidos em universidades ou institutos de pesquisa credenciados pela ANP,Pelo menos **50% desses recursos devem ser investidos em universidades ou institutos de pesquisa credenciados pela ANP**.,1.0,1.0,Pelo menos 50% desses recursos devem ser investidos em universidades ou institutos de pesquisa credenciados pela ANP.,1.0,1.0,62,115,17
1721,Quais são os atores envolvidos na melhoria do conhecimento sobre as bacias sedimentares no Brasil?,SUCCESS,"a esfera pública, empresas petrolíferas, empresas de aquisição de dados, empresas fornecedoras da cadeia de petróleo e gás, universidades e instituições de pesquisa","Os atores envolvidos são: a esfera pública, empresas petrolíferas, empresas de aquisição de dados, empresas fornecedoras da cadeia de petróleo e gás, universidades e instituições de pesquisa.",1.0,1.0,"Os atores envolvidos são: a esfera pública, empresas petrolíferas, empresas de aquisição de dados, empresas fornecedoras da cadeia de petróleo e gás, universidades e instituições de pesquisa, com apoio da ANP.",1.0,1.0,69,130,18
1722,Quais leilões serão realizados em 2013 como desdobramento do Plano Plurianual de Estudos de Geologia e Geofísica?,SUCCESS,um leilão específico para áreas com potencial para a produção de gás natural e do primeiro leilão do pré-sal,"Em 2013, seriam realizados:

- a **11ª Rodada de Licitações de Blocos**;
- um **leilão específico para áreas com potencial para produção de gás natural**;
- o **primeiro leilão do pré-sal**.",1.0,1.0,"Em 2013, seriam realizados:

- a **11ª Rodada de Licitações de Blocos**;
- um **leilão específico para áreas com potencial para produção de gás natural**;
- o **primeiro leilão do pré-sal**.",1.0,1.0,41,73,12
1723,Qual é a importância das novas tecnologias para o sucesso dos empreendimentos na indústria de petróleo e gás natural?,SUCCESS,o desenvolvimento de novas tecnologias se reveste de importância fundamental para o sucesso dos empreendimentos,"As novas tecnologias são fundamentais para o sucesso dos empreendimentos porque ajudam a enfrentar os desafios dos diferentes ambientes geológicos, ampliar o conhecimento das bacias sedimentares e viabilizar projetos de exploração e produção de petróleo e gás natural. Além disso, impulsionam inovação e competitividade no setor, apoiadas por investimentos em pesquisa e desenvolvimento estimulados pela ANP.",1.0,1.0,"As novas tecnologias são de importância fundamental para o sucesso dos empreendimentos na indústria de petróleo e gás natural, especialmente porque ajudam a enfrentar os desafios de diferentes ambientes geológicos e a ampliar o conhecimento sobre as bacias sedimentares. O contexto também indica que o estímulo à pesquisa e desenvolvimento, apoiado pela ANP, foi essencial para promover esse avanço tecnológico no setor.",0.8,1.0,49,84,11
1724,"Qual é a política pública introduzida pela ANP em 1998 que visa a estimular a pesquisa e desenvolvimento nos setores de petróleo, gás natural e biocombustíveis?",SUCCESS,"a introdução pela ANP, desde 1998, nos contratos para exploração e produção de petróleo e gás natural, de uma cláusula que obriga os concessionários a realizar Despesas Qualificadas como Pesquisa e Desenvolvimento equivalentes a 1% da receita bruta dos campos que pagam Participação Especial","A política pública foi a introdução, pela ANP em 1998, de uma cláusula nos contratos de exploração e produção que obriga os concessionários a investir 1% da receita bruta dos campos com Participação Especial em Pesquisa e Desenvolvimento (P&D).",1.0,1.0,"A política foi a introdução, pela ANP, desde 1998, de uma cláusula nos contratos de exploração e produção que obriga os concessionários a investir em P&D, com Despesas Qualificadas equivalentes a 1% da receita bruta dos campos com Participação Especial.",1.0,1.0,59,111,15
1732,O que constitui um bom marco sismoestratigráfico em quase toda a Bacia de Campos?,SUCCESS,Topo da biozona N-520,"O **topo da biozona N-520**, datado do **Oligoceno Inferior**, que corresponde a **uma zona condensada e superfície de downlap**.",1.0,1.0,O **topo da biozona N-520** constitui um bom marco sismoestratigráfico em quase toda a **Bacia de Campos**.,1.0,0.0,64,105,31
1733,Qual é o refletor localizado na zona N - 470?,SUCCESS,Topo do Eoceno,"O refletor localizado na zona N-470 é o **Topo do Eoceno**, que coincide com o topo da biozona N-470 e constitui **um excelente refletor**.",1.0,1.0,"O refletor localizado na zona N-470 é o **topo do Eoceno**, que coincide com o topo dessa biozona e constitui um **excelente refletor**.",0.6666666666666666,1.0,68,106,32
1734,O que fez com que o topo do Eoceno Superior não fosse encontrado?,SUCCESS,erosão,"Porque a seção do Eoceno Superior está ausente por erosão, especialmente na região próxima à Falha de Charneira de Campos.",1.0,1.0,"Porque a seção correspondente ao Eoceno Superior está ausente por erosão, na região próxima à Falha de Charneira de Campos.",1.0,1.0,61,96,24
1735,O que mostra o mapeamento de detalhe realizado para confirmar essa afirmação?,SUCCESS,rochas magmáticas intrusivas e extrusivas,Mostra que a afirmação é confirmada e indica a presença de rochas magmáticas intrusivas e extrusivas também no Cretáceo Superior.,1.0,1.0,"O mapeamento de detalhe mostra, com amarrações baseadas em dados paleontológicos, a presença de rochas magmáticas intrusivas e extrusivas também no Cretáceo Superior.",1.0,1.0,67,103,31
1736,Quando Mohriak e outros trabalharam na área de estudo?,SUCCESS,1995,"Mohriak e outros trabalharam na área de estudo em **1992, 1995, 1999, 2000 e 2002**.",1.0,1.0,"Mohriak e outros trabalharam na área de estudo nas referências citadas de 1992, 1995 e 2002.",1.0,1.0,65,103,27
1737,Qual refletor datado do Oligoceno Inferior constitui um excelente marco sismoestratigráfico em quase toda a Bacia de Campos?,SUCCESS,Topo da biozona N-520,O **topo da biozona N-520**.,1.0,1.0,O refletor é o **Topo da biozona N-520**.,1.0,1.0,69,114,34
1739,Por que a seção correspondente ao Eoceno Superior está ausente?,SUCCESS,erosão,"A seção do Eoceno Superior está ausente **por erosão**, **na região próxima à Falha de Charneira de Campos**.",1.0,1.0,"A seção correspondente ao Eoceno Superior está ausente por erosão, na região próxima à Falha de Charneira de Campos.",1.0,1.0,67,114,32
1740,O que o mapeamento de detalhe indica a presença no Cretáceo Superior?,SUCCESS,rochas magmáticas intrusivas e extrusivas,Indica a presença de **rochas magmáticas intrusivas e extrusivas** também no **Cretáceo Superior**.,1.0,1.0,O mapeamento de detalhe indica a presença de rochas magmáticas intrusivas e extrusivas no Cretáceo Superior.,1.0,1.0,65,101,29
1741,Quando Mohriak e outros trabalharam juntos?,SUCCESS,1995,Mohriak e outros trabalharam juntos em **1995** (“Mohriak et al. 1995”).,1.0,1.0,"Mohriak trabalhou junto com outros em **1992** (“Mizusaki e Mohriak, 1992”). Além disso, há trabalhos de **Mohriak et al. em 1995**.",1.0,1.0,66,109,32
1742,O que mostra o mapeamento de detalhe realizado para confirmar essa afirmação?,SUCCESS,indica a presença de rochas magmáticas intrusivas e extrusivas,Mostra **a presença de rochas magmáticas intrusivas e extrusivas também no Cretáceo Superior**.,1.0,1.0,"O mapeamento de detalhe mostra, com base em dados paleontológicos, a presença de rochas magmáticas intrusivas e extrusivas também no Cretáceo Superior.",1.0,1.0,67,105,33
1743,Por que a seção correspondente ao Eoceno Superior está ausente?,SUCCESS,erosão na região próxima à Falha de Charneira de Campos,"A seção do Eoceno Superior está ausente **por erosão**, na região próxima à **Falha de Charneira de Campos**.",1.0,1.0,"A seção correspondente ao Eoceno Superior está ausente por erosão, na região próxima à Falha de Charneira de Campos.",1.0,1.0,68,106,34
1744,Quais foram as referências utilizadas para o mapeamento detalhado descrito no texto?,SUCCESS,"Mizusaki e Mohriak, 1992; Mohriak et al. 1995; Thomaz Filho e Rodrigues, 1999; Thomaz Filho et al. 2000; Mizusaki et al. 2002","As referências mencionadas para o mapeamento detalhado foram: **Mizusaki e Mohriak (1992), Mohriak et al. (1995), Thomaz Filho e Rodrigues (1999), Thomaz Filho et al. (2000) e Mizusaki et al. (2002)**.",1.0,1.0,"As referências citadas para esse mapeamento detalhado foram:

- Mizusaki e Mohriak, 1992  
- Mohriak et al., 1995  
- Thomaz Filho e Rodrigues, 1999  
- Thomaz Filho et al., 2000  
- Mizusaki et al., 2002",1.0,1.0,63,101,29
1745,O que constitui um excelente marco sismoestratigráfico em quase toda a Bacia de Campos?,SUCCESS,"N-520 : esse refletor, datado do Oligoceno Inferior, constitui um","O topo da biozona N-520, datado do Oligoceno Inferior.",1.0,1.0,"O **topo da biozona N-520**, datado do **Oligoceno Inferior**, constitui um excelente marco sismoestratigráfico em quase toda a Bacia de Campos.",1.0,1.0,61,100,24
1746,O que aconteceu com a seção correspondente ao Eoceno Superior na região próxima à Falha de Charneira de Campos?,SUCCESS,está ausente por erosão,A seção do Eoceno Superior **está ausente por erosão** na região próxima à **Falha de Charneira de Campos**.,1.0,1.0,A seção correspondente ao Eoceno Superior está ausente por erosão na região próxima à Falha de Charneira de Campos.,1.0,1.0,68,118,31
1747,O que foi utilizado na interpretação das seções sísmicas e perfis de poços disponíveis para o presente trabalho?,SUCCESS,Os resultados dos mapeamentos acima descritos,Foram utilizados **os resultados dos mapeamentos acima descritos**.,1.0,1.0,Foram utilizados **os resultados dos mapeamentos acima descritos**.,1.0,1.0,62,101,24
1748,Em que período geológico ocorreu a presença de rochas magmáticas intrusivas e extrusivas na Bacia de Campos?,SUCCESS,Cretáceo Superior,No **Cretáceo Superior**.,1.0,1.0,No **Cretáceo Superior**.,1.0,1.0,62,106,29
1749,O que é um refletor no contexto do texto?,SUCCESS,um excelente marco sismoestratigráfico,"No contexto do texto, um **refletor** é uma **superfície ou horizonte identificado em dados sísmicos** que reflete bem as ondas sísmicas, servindo como **marco para correlacionar e mapear camadas geológicas**. No trecho, ele é usado como **marco sismoestratigráfico** para datar e interpretar unidades como o Eoceno e o Oligoceno.",0.8571428571428571,1.0,"No contexto do texto, um **refletor** é um **horizonte sísmico** usado como **marco sismoestratigráfico**. No trecho, ele se refere especialmente ao **topo do Eoceno** e ao **topo da biozona N-520**, identificados como superfícies bem marcadas nas seções sísmicas.",1.0,1.0,67,109,33
1750,Qual é a importância do topo da bio-zona N-470?,SUCCESS,coincide com o topo da bio-zona N-470 e também constitui um excelente refletor,"O topo da bio-zona N-470 é importante porque coincide com o topo do Eoceno e constitui um excelente refletor sísmico, servindo como marco para correlação e interpretação sismoestratigráfica.",1.0,1.0,A importância do topo da bio-zona N-470 é que ele coincide com o topo do Eoceno e constitui um excelente refletor sísmico.,1.0,1.0,62,105,29
1751,O que aconteceu com a seção correspondente ao Eoceno Superior na região da Falha de Charneira de Campos?,SUCCESS,está ausente por erosão,A seção do Eoceno Superior está ausente por erosão na região próxima à Falha de Charneira de Campos.,1.0,1.0,A seção correspondente ao Eoceno Superior está ausente por erosão na região próxima à Falha de Charneira de Campos.,1.0,1.0,69,107,32
1752,Como os resultados dos mapeamentos foram utilizados?,SUCCESS,na interpretação das seções sísmicas e perfis de poços disponíveis para o presente trabalho,Os resultados dos mapeamentos foram utilizados na interpretação das seções sísmicas e dos perfis de poços disponíveis para o presente trabalho.,1.0,1.0,Os resultados dos mapeamentos foram utilizados na interpretação das seções sísmicas e dos perfis de poços disponíveis para o presente trabalho.,1.0,1.0,69,107,29
1753,Quem descreveu os estratos de vertebrados fósseis?,SUCCESS,"Price apud Bortoluzzi e Barberena,",Price apud Bortoluzzi e Barberena.,1.0,1.0,Barberena.,1.0,1.0,74,127,34
