question_id,question,expected_answer,answer,answer_relevancy_score,faithfulness_score,answer_relevancy_reason,faithfulness_reason,source_file,error
1292,O que representa a fácies sísmica interpretada?,sedimentos clásticos finos,"A fácies sísmica interpretada representa um conjunto de características observadas em dados sísmicos (como amplitude, continuidade, frequência e geometria dos refletores), associadas a tipos específicos de ambientes deposicionais ou condições geológicas. Ela indica, portanto, a possível origem, litologia e processos sedimentares ou tectônicos relacionados àquele intervalo estratigráfico.",1.0,1.0,The score is 1.00 because the answer addressed exactly what fácies sísmica interpretada represents without any irrelevant information. Excellent focus and relevance!,"The score is 1.00 because there are no contradictions provided, indicating that the actual output is fully aligned with the retrieval context. Excellent job on ensuring faithfulness!",input\georegis\dataset.json,
1293,A que corresponde a fácies sísmica interpretada?,sedimentos clásticos finos,"A fácies sísmica interpretada corresponde ao conjunto de características dos refletores sísmicos, como continuidade, amplitude, frequência e geometria, que permite inferir propriedades litológicas, estratigráficas e deposicionais de uma unidade geológica em subsuperfície.",1.0,1.0,"A resposta é totalmente relevante, abordando diretamente a pergunta e sem quaisquer elementos irrelevantes. Excelente trabalho ao focar na informação solicitada!","The score is 1.00 because there are no contradictions provided, indicating the actual output aligns perfectly with the retrieval context. Great job maintaining full faithfulness!",input\georegis\dataset.json,
1296,Qual é a principal questão quando o conceito de fácies sísmicas é usado para construir a matriz de proporções?,como distribuir no volume do reservatório as CPVs conhecidas somente nos poços?,"A principal questão ao usar o conceito de fácies sísmicas para construir a matriz de proporções é a subjetividade na identificação e delimitação das fácies, o que pode levar a ambiguidades na definição dos limites entre os diferentes tipos de fácies e, consequentemente, na estimativa acurada das proporções de cada classe na matriz.",1.0,1.0,O score é 1.00 porque a resposta foi totalmente relevante ao abordar diretamente a questão principal sobre o uso do conceito de fácies sísmicas na construção da matriz de proporções. Excelente trabalho em focar no que foi pedido!,The score is 1.00 because there are no contradictions detected. Great job staying faithful to the retrieval context!,input\georegis\dataset.json,
1297,O que é interpretado como fácies sísmica?,arenitos muito porosos,"Fácies sísmica é o conjunto de características observadas em registros sísmicos (como amplitude, continuidade, frequência, geometria dos refletores) que ajudam a interpretar ambientes de deposição e propriedades geológicas das camadas subsuperficiais. Em resumo, fácies sísmica é a expressão sísmica de diferentes tipos de rochas ou depósitos, permitindo inferir sua origem e evolução.",1.0,1.0,"Ótimo trabalho! A resposta foi totalmente relevante ao responder exatamente o que foi perguntado, sem adicionar informações desnecessárias.","The score is 1.00 because there are no contradictions listed, indicating the actual output is perfectly aligned with the retrieval context. Great job keeping everything accurate!",input\georegis\dataset.json,
1301,Qual é a principal questão que envolve o conceito de fácies sísmicas?,como distribuir no volume do reservatório as CPVs conhecidas somente nos poços?,"A principal questão que envolve o conceito de fácies sísmicas é a identificação, interpretação e correlação de padrões distintos nos dados sísmicos, que refletem diferentes ambientes deposicionais, propriedades litológicas e condições geológicas. Esses padrões permitem inferir características do subsuperfície, auxiliando na análise estratigráfica e na exploração de recursos naturais.",0.8,1.0,"The score is 0.80 because although the response addresses aspects related to seismic facies, it includes statements about practical applications that do not directly address the main conceptual question, reducing overall relevancy.",The score is 1.00 because no contradictions were found. Great job staying consistent with the retrieval context!,input\georegis\dataset.json,
1304,O que guia a curva vertical de proporções na matriz de proporções para a unidade genética superior do reservatório de Namorado?,respectiva fácies sísmica,"A curva vertical de proporções na matriz de proporções para a unidade genética superior do reservatório de Namorado é guiada pelas proporções relativas de cada unidade genética ao longo do intervalo vertical de profundidade, considerando a distribuição estratigráfica das facies e a influência das barreiras geológicas. Ela reflete a predominância ou mistura das unidades genéticas conforme se avança em profundidade, sendo determinada principalmente pelas características deposicionais e pela arquitetura interna do reservatório.",1.0,1.0,"O score é 1.00 porque a resposta foi totalmente relevante ao que foi perguntado, mantendo o foco e clareza. Ótimo trabalho mantendo a resposta alinhada à dúvida!","The score is 1.00 because there are no contradictions, indicating that the actual output aligns perfectly with the retrieval context. Great job maintaining faithfulness!",input\georegis\dataset.json,
1305,Qual fácies sísmica é interpretada como sedimentos clásticos finos na matriz de proporções?,verde,"Na matriz de proporções, a fácies sísmica interpretada como sedimentos clásticos finos geralmente corresponde à fácies **caótica**, que apresenta motivos sísmicos com baixa continuidade, baixa frequência e baixa amplitude. Essas características são típicas de depósitos de argilas e siltes, que têm granulometria fina e resultam em respostas sísmicas menos organizadas, associadas à litologia de sedimentos clásticos finos.",0.875,0.6666666666666666,"The score is 0.88 because the answer was mostly relevant to the question, but included an extra contextual detail about granulometry of clays and silts that was not directly needed for identifying seismic facies in the proportion matrix. Without this unrelated detail, the score could be higher.","The score is 0.67 because the actual output incorrectly associates chaotic facies with fine clastic sediments, which the retrieval context does not support. The context only links the green in the proportion matrix to fine clastic sediments, without mentioning chaotic facies for these sediments, leading to partial misalignment.",input\georegis\dataset.json,
1306,O que é utilizado para distribuir no volume do reservatório as CPVs conhecidas somente nos poços?,conceito de fácies sísmicas,"Para distribuir no volume do reservatório as CPVs (Carcterísticas de Propriedades de Vazão) conhecidas somente nos poços, normalmente utiliza-se a **interpolação geoestatística**, sendo o método mais comum a **krigagem** (ou kriging). Este método permite estimar as propriedades nas regiões entre os poços, gerando um modelo contínuo para todo o reservatório.",1.0,1.0,"O score está em 1.00 porque a resposta está totalmente relevante e direta, não havendo afirmações irrelevantes. Excelente trabalho respondendo com precisão!",The score is 1.00 because there are no contradictions provided. The actual output aligns perfectly with the retrieval context!,input\georegis\dataset.json,
1309,O que é a matriz de proporções na construção de uma matriz de proporções de litotipos?,uma ferramenta muito importante para capturar o comportamento espacial dos litotipos,"A matriz de proporções, na construção de uma matriz de proporções de litotipos, é uma tabela (ou matriz) que expressa quantitativamente as frações relativas (normalmente em porcentagem ou fração) de cada litotipo (tipo de rocha ou unidade geológica distinta) presentes em uma série de amostras, sondagens ou setores estudados. Cada linha normalmente representa uma amostra, furo ou setor, enquanto as colunas representam os diferentes litotipos identificados. Os valores dentro da matriz indicam a proporção (ou percentual) que cada litotipo compõe em cada amostra ou setor, sendo a soma de cada linha igual a 1 (ou 100%). Essa matriz é fundamental, por exemplo, em modelagem geológica, geoestatística ou classificação de domínios litológicos.",1.0,1.0,"A resposta recebeu nota máxima porque abordou diretamente a definição e função da matriz de proporções no contexto solicitado, sem trazer informações irrelevantes. Excelente foco!",The score is 1.00 because there are no contradictions—the actual output perfectly aligns with the retrieval context. Great job maintaining accuracy!,input\georegis\dataset.json,
1310,O que é interpretado como arenitos muito porosos na região que domina o amarelo?,a curva vertical de proporções é guiada pela respectiva fácies sísmica,"A expressão ""arenitos muito porosos na região que domina o amarelo"" geralmente faz referência a áreas em perfis geofísicos ou mapas de interpretação geológica onde a cor amarela indica litologia de arenito com elevada porosidade. Isso é interpretado como zonas de rocha sedimentar (arenito) que apresentam muitos espaços vazios (poros), importantes para armazenamento de água ou hidrocarbonetos. Portanto, no contexto, a área amarela destaca a presença de reservatórios potenciais devido à sua porosidade significativa.",1.0,1.0,"A resposta recebeu nota máxima porque está totalmente relevante ao abordar diretamente a interpretação de arenitos muito porosos na região destacada em amarelo, sem informações irrelevantes. Excelente foco e clareza!","The score is 1.00 because there are no contradictions reported, showing that the actual output aligns perfectly with the retrieval context. Great job!",input\georegis\dataset.json,
1313,Qual é a área da Bacia do Espírito Santo?,"41.500 km2,",A área da Bacia do Espírito Santo é de aproximadamente 13.000 km².,1.0,0.0,"A pontuação é 1.00 porque a resposta foi totalmente relevante, respondendo exatamente ao que foi solicitado. Ótimo trabalho!","The score is 0.00 because the actual output stated that the area explorável da Bacia do Espírito Santo is 13,000 km², which directly contradicts the retrieval context specifying it as approximately 41,500 km².",input\georegis\dataset.json,
1316,Quem apresentou a primeira estratigrafia formal da Bacia do Espírito Santo?,"Asmus et al.,",A primeira estratigrafia formal da Bacia do Espírito Santo foi apresentada por Martinelli em 1966.,1.0,0.0,"Ótimo trabalho! Toda a resposta foi relevante para a pergunta, sem informações desnecessárias ou fora de contexto.","The score is 0.00 because the actual output incorrectly attributes the first formal stratigraphy of the Espírito Santo Basin to Martinelli in 1966, while the context specifies that it was presented by Asmus et al.",input\georegis\dataset.json,
1317,Quantos km2 da Bacia do Espírito Santo são de exploração?,"41.500 km2,","A Bacia do Espírito Santo possui cerca de 18.000 km² de áreas sob concessão para exploração de petróleo e gás, conforme dados da Agência Nacional do Petróleo, Gás Natural e Biocombustíveis (ANP).",1.0,1.0,"A pontuação é 1.00 porque a resposta foi totalmente relevante, abordando exatamente a pergunta feita. Excelente trabalho em manter o foco na informação pedida!","The score is 1.00 because there are no contradictions listed, indicating that the actual output is fully aligned with the retrieval context. Great job staying true to the information provided!",input\georegis\dataset.json,
1320,Qual é a área da Bacia do Espírito Santo?,41.500 km2,A área da Bacia do Espírito Santo é aproximadamente 15.000 km².,1.0,0.0,"A resposta foi totalmente relevante, respondendo diretamente à pergunta sem incluir informações irrelevantes. Ótimo trabalho!","The score is 0.00 because the actual output incorrectly states the area as approximately 15,000 km², whereas the retrieval context confirms it is approximately 41,500 km². This significant discrepancy justifies the lowest faithfulness score.",input\georegis\dataset.json,
1322,Quem apresentou a primeira estratigrafia formal da Bacia do Espírito Santo?,Asmus et al.,A primeira estratigrafia formal da Bacia do Espírito Santo foi apresentada por Mohriak et al. (1989).,1.0,0.0,"Ótimo trabalho! O score é 1.00 porque a resposta focou diretamente na pergunta, sem incluir informações irrelevantes.","The score is 0.00 because the actual output incorrectly attributes the first formal stratigraphy of the Espírito Santo Basin to Mohriak et al. (1989), whereas the retrieval context clearly states that it was Asmus et al. who presented it. This is a direct contradiction.",input\georegis\dataset.json,
1323,Quantos km2 da Bacia do Espírito Santo são de exploração?,41.500,"A Bacia do Espírito Santo possui aproximadamente 18.500 km² de áreas sob concessão para exploração de petróleo e gás, segundo dados da Agência Nacional do Petróleo, Gás Natural e Biocombustíveis (ANP).",1.0,1.0,"O score é 1.00 porque toda a resposta foi relevante e focada na pergunta, mantendo clareza e concisão. Continue assim!",The score is 1.00 because there are no contradictions found. Great job—everything aligns perfectly with the retrieval context!,input\georegis\dataset.json,
1325,Qual é o limite leste da Bacia do Espírito Santo?,crosta continental/oceânica,O limite leste da Bacia do Espírito Santo é o Oceano Atlântico.,1.0,1.0,O score é 1.00 porque a resposta aborda diretamente a pergunta sem apresentar informações irrelevantes. Excelente foco e clareza!,The score is 1.00 because there are no contradictions; the actual output aligns perfectly with the retrieval context. Great job staying accurate!,input\georegis\dataset.json,
1326,Qual é a área aproximada da Bacia do Espírito Santo?,41.500 km2,A área aproximada da Bacia do Espírito Santo é de 13.000 km².,1.0,0.0,Ótimo trabalho! Todas as informações apresentadas são relevantes para responder à pergunta sobre a área da Bacia do Espírito Santo.,"The score is 0.00 because the actual output incorrectly claims the area explorável da Bacia do Espírito Santo is 13,000 km², while the retrieval context clearly states it is approximately 41,500 km². This significant discrepancy constitutes a direct contradiction.",input\georegis\dataset.json,
1327,Qual é a largura da plataforma continental?,240 km na porção centro-norte,"A largura da plataforma continental varia bastante, podendo ser desde menos de 1 km até mais de 1.000 km, dependendo da região. Em média, ela tem cerca de 70 km de largura.",1.0,0.0,"O score é 1.00 porque a resposta abordou exatamente o que foi perguntado, sem incluir informações irrelevantes. Excelente trabalho mantendo o foco!","The score is 0.00 because the actual output incorrectly describes the width of the continental shelf in the Bacia do Espírito Santo, suggesting ranges and averages that do not match what is stated in the retrieval context. The context specifies a range from 40 km to 240 km, while the actual output mentions values from less than 1 km to more than 1,000 km and an average of 70 km, which are not supported by the provided information.",input\georegis\dataset.json,
1328,Quem apresentou a carta de costa da Bacia do Espírito Santo?,Vieira et al.,A carta de costa da Bacia do Espírito Santo foi apresentada por José Martins da Silva Coutinho.,1.0,0.0,"O score é 1.00 porque a resposta foi totalmente relevante e focada no que foi perguntado, ótimo trabalho!","The score is 0.00 because the actual output incorrectly attributes the first formal stratigraphy of the Espírito Santo Basin and the coastal chart to José Martins da Silva Coutinho, while the context states they are attributed to Asmus et al. and not Coutinho.",input\georegis\dataset.json,
1333,A que se refere a fronteira leste da Bacia do Espírito Santo?,crosta continental/oceânica,"A fronteira leste da Bacia do Espírito Santo refere-se ao limite oriental dessa bacia sedimentar, que está em contato com o oceano Atlântico. Ou seja, é o lado da bacia que faz divisa com a plataforma continental marítima.",1.0,1.0,"A pontuação é 1.00 porque toda a resposta está relevante ao que foi perguntado, excelente trabalho mantendo o foco no tema!","The score is 1.00 because there are no contradictions listed, indicating the actual output is fully aligned with the retrieval context. Great job maintaining accuracy!",input\georegis\dataset.json,
1335,Quem apresentou a carta da Bacia do Espírito Santo?,Vieira et al.,A carta da Bacia do Espírito Santo foi apresentada pelo geólogo Fernando Luiz Dalla Vecchia.,1.0,0.0,"Excelente trabalho! A resposta está totalmente relevante ao que foi perguntado, sem informações irrelevantes.","The score is 0.00 because the actual output incorrectly attributes authorship of the stratigraphic chart to Fernando Luiz Dalla Vecchia, while the contradiction clarifies that Asmus et al. and Vieira et al. are the mentioned authors in the context, and Dalla Vecchia is not referenced as an author.",input\georegis\dataset.json,
1338,Quantos quilômetros de área a Bacia do Espírito Santo tem a ver com a bacia terrestre?,3.000,A Bacia do Espírito Santo possui uma área de aproximadamente 16.500 km² em sua porção terrestre.,1.0,0.0,"A pontuação é 1.00 porque toda a resposta foi diretamente relevante para a pergunta, sem incluir informações desnecessárias. Ótimo trabalho em manter o foco na solicitação!","The score is 0.00 because the actual output incorrectly claims that the exploitable area of the Espírito Santo Basin is 16,500 km², while the retrieval context clearly states it is approximately 3,000 km² for the terrestrial basin. This is a significant factual contradiction.",input\georegis\dataset.json,
1339,O que evidencia a fisiografia do Banco de Abrolhos?,alargamento da plataforma continental,"A fisiografia do Banco de Abrolhos é evidenciada pela presença de extensos recifes de coral, bancos arenosos, águas rasas, ilhas e estruturas recifais alongadas, que destacam a complexidade geomorfológica e a biodiversidade da região.",0.8571428571428571,1.0,"The score is 0.86 because, although most of the answer addresses the question about the physiography of Banco de Abrolhos, it included an irrelevant mention of biodiversity, which is not directly related to physiography. This prevents a higher score, but overall the response is mostly relevant.","The score is 1.00 because there are no contradictions detected, indicating the actual output aligns perfectly with the retrieval context. Great job!",input\georegis\dataset.json,
1340,O que o trabalho de Vieira et al. enfatiza?,a cronoestratigrafia,"O trabalho de Vieira et al. enfatiza a importância da análise crítica e multidisciplinar sobre determinado tema, destacando fatores como contexto histórico, impactos sociais e possíveis desafios enfrentados.",1.0,1.0,"A resposta atendeu perfeitamente ao que foi solicitado, focando diretamente na ênfase do trabalho de Vieira et al., sem incluir comentários irrelevantes. Excelente foco e clareza!","The score is 1.00 because there are no contradictions found, indicating the actual output is fully faithful to the retrieval context. Great job maintaining alignment!",input\georegis\dataset.json,
1341,O que é enfatizado neste trabalho?,cronoestratigrafia,"O que é enfatizado neste trabalho são os principais objetivos, conclusões ou aspectos centrais do estudo realizado. Normalmente, destaca-se a contribuição original, os métodos empregados e os resultados mais relevantes.",1.0,1.0,A pontuação é 1.00 porque a resposta foi totalmente relevante e diretamente relacionada ao que foi perguntado. Ótimo trabalho mantendo o foco na resposta!,"The score is 1.00 because there are no contradictions, indicating the actual output is fully faithful to the retrieval context. Great job staying accurate!",input\georegis\dataset.json,
1343,O que evidencia a fisiografia do Banco de Abrolhos?,um alargamento da plataforma continental,"A fisiografia do Banco de Abrolhos evidencia uma região de águas rasas, com extensa formação de recifes de coral, ilhas e bancos arenosos. Destaca-se pela presença de estruturas como chapeirões (recifes de coral em formato de coluna), áreas de baixa profundidade e praias isoladas, refletindo um ambiente marinho complexo, rico em biodiversidade e importante para a ecologia e geomorfologia da costa brasileira.",0.8888888888888888,1.0,"The score is 0.89 because, although the response addressed the question, it included an irrelevant statement about biodiversity, which is not directly related to the physiographic characteristics asked for. The answer could be higher if it stayed solely focused on physiography.",The score is 1.00 because there are no contradictions. Great job aligning the actual output perfectly with the retrieval context!,input\georegis\dataset.json,
1344,O que o trabalho de Vieira et al. enfatiza?,cronoestratigrafia,"O trabalho de Vieira et al. enfatiza a importância da avaliação crítica e aprofundada de determinado tema, destacando aspectos essenciais como análise de dados, discussão de resultados relevantes e implicações para a área de estudo.",1.0,1.0,"O score é 1.00 porque a resposta foi completamente relevante, abordando diretamente o que foi solicitado. Ótimo trabalho mantendo o foco na pergunta!","The score is 1.00 because there are no contradictions listed, indicating that the actual output aligns perfectly with the retrieval context. Great job on being completely faithful to the source!",input\georegis\dataset.json,
1345,Qual é a área explorável da Bacia do Espírito Santo?,aproximadamente 41.500 km2,A área explorável da Bacia do Espírito Santo é de aproximadamente 16.180 km².,1.0,0.0,"A pontuação é 1.00 porque a resposta tratou exclusivamente da área explorável da Bacia do Espírito Santo, sem incluir nenhuma informação irrelevante. Excelente foco e precisão!","The score is 0.00 because the actual output contradicts the retrieval context by stating the area of the Bacia do Espírito Santo as 16,180 km², while the context clearly says it is approximately 41,500 km². Such a direct mismatch justifies a score of zero.",input\georegis\dataset.json,
1346,O que atribui à bacia uma fisiografia particular?,"A existência do Banco de Abrolhos,","A bacia possui uma fisiografia particular devido à sua forma, relevo, drenagem e características geológicas que determinam o modo como as águas e sedimentos se distribuem e escoam nela. Essas características incluem o contorno das margens, o fundo, a declividade, e os tipos de solo e rochas presentes, definindo os processos hidrológicos e geomorfológicos únicos da região.",1.0,1.0,"O score é 1.00 porque a resposta está totalmente alinhada com a pergunta, sem nenhuma afirmação irrelevante. Ótimo trabalho em focar diretamente no tema solicitado!",The score is 1.00 because there are no contradictions found; the actual output aligns perfectly with the retrieval context. Great job staying true to the source material!,input\georegis\dataset.json,
1348,O que foi fundamental para a atualização da Carta Estratigráfica da Bacia do Espírito Santo?,"O conhecimento adquirido ao longo de 50 anos de exploração,","O principal fator para a atualização da Carta Estratigráfica da Bacia do Espírito Santo foi o avanço na aquisição de novos dados geológicos, geofísicos e paleontológicos, especialmente decorrentes de novos poços exploratórios, sísmica de alta resolução e reinterpretação dos registros fósseis. Estes elementos permitiram maior precisão na definição das unidades estratigráficas, suas idades, limites e correlações regionais, tornando a carta mais representativa da realidade geológica da bacia.",1.0,1.0,"O score é 1.00 porque a resposta foi totalmente relevante e focada, sem apresentar nenhuma informação irrelevante. Excelente trabalho mantendo o foco no que foi perguntado!",The score is 1.00 because there are no contradictions at all—excellent alignment between the actual output and the retrieval context!,input\georegis\dataset.json,
1349,O que este trabalho enfatiza em relação à Bacia do Espírito Santo?,a cronoestratigrafia,"Este trabalho enfatiza a importância da Bacia do Espírito Santo em termos de sua geologia, potencial petrolífero e características sedimentares, destacando os aspectos relevantes para a exploração de hidrocarbonetos e os avanços no conhecimento científico sobre a região.",1.0,1.0,"O score é 1.00 porque a resposta abordou diretamente a ênfase do trabalho em relação à Bacia do Espírito Santo, com total relevância e sem apresentar informações irrelevantes. Ótimo trabalho!",The score is 1.00 because there are no contradictions; the actual output perfectly aligns with the retrieval context. Great job maintaining accuracy!,input\georegis\dataset.json,
1350,Qual é a área total da Bacia do Espírito Santo?,41.500 km2,A área total da Bacia do Espírito Santo é de aproximadamente 13.000 km².,1.0,0.0,"O score é 1.00 porque a resposta está totalmente relevante, respondendo diretamente à pergunta sem incluir informações irrelevantes. Ótimo trabalho mantendo o foco na questão!","The score is 0.00 because the actual output claims the explorable area of the Bacia do Espírito Santo is approximately 13,000 km², while the retrieval context states it is about 41,500 km². This significant discrepancy demonstrates that the actual output is not faithful to the context.",input\georegis\dataset.json,
1351,Qual é a área da bacia terrestre da Bacia do Espírito Santo?,3.000 km2,A área da bacia terrestre da Bacia do Espírito Santo é de aproximadamente 201.000 km².,1.0,0.0,"A pontuação é 1.00 porque a resposta está totalmente relevante, sem declarações irrelevantes, e aborda diretamente o que foi solicitado. Parabéns, continue assim!","The score is 0.00 because the actual output claims the area of the Bacia do Espírito Santo is 201,000 km², while the retrieval context clearly states it is approximately 41,500 km² (with 3,000 km² being terrestrial), indicating a significant factual contradiction.",input\georegis\dataset.json,
1352,Onde a Bacia do Espírito Santo está situada?,no Estado do Espírito Santo,"A Bacia do Espírito Santo está situada na região leste do Brasil, abrangendo principalmente o litoral do estado do Espírito Santo e parte do sul do estado da Bahia.",1.0,1.0,"O score é 1.00 porque a resposta está totalmente relevante, respondendo claramente à pergunta sem nenhuma informação desnecessária. Ótimo trabalho!",The score is 1.00 because there are no contradictions; the actual output aligns perfectly with the retrieval context. Great job!,input\georegis\dataset.json,
1353,Quais são os limites da Bacia do Espírito Santo?,"a sul com a Bacia de Campos, através do Alto de Vitória, e a norte com a Bacia de Mucuri","Os limites da Bacia do Espírito Santo são: ao norte, a Bacia do Mucuri; ao sul, a Bacia de Campos; a oeste, o embasamento cristalino do terreno continental; e a leste, o Oceano Atlântico.",1.0,1.0,"Ótimo trabalho! Toda a resposta se manteve focada na pergunta sobre os limites da Bacia do Espírito Santo, sem incluir informações irrelevantes.",The score is 1.00 because there are no contradictions; the actual output is perfectly consistent with the retrieval context. Great job!,input\georegis\dataset.json,
1354,Quem foi o primeiro engenheiro a perfurar o primeiro poço de petróleo da América do Sul?,"E. A. Prentice, empregado da fábrica de gás de Lima, perfura o que se considera ser o primeiro poço de petróleo da América do Sul.","O primeiro engenheiro a perfurar o primeiro poço de petróleo da América do Sul foi o canadense Edwin Foster Hewett, em 1865, na cidade de Bahia, atual Salvador, no Brasil.",1.0,0.0,A pontuação é 1.00 porque a resposta abordou diretamente a pergunta sem incluir informações irrelevantes. Excelente foco na resposta!,"The score is 0.00 because the actual output incorrectly claims Edwin Foster Hewett in Brazil in 1865 was responsible for the first oil well in South America, while the retrieval context clearly states it was E. A. Prentice in Peru in 1863. This is a direct contradiction with the facts given.",input\georegis\dataset.json,
1355,Quantos poços a Companhia Peruana de Refino de Petróleo perfurava em 55 anos de operação?,450,A Companhia Peruana de Refino de Petróleo (C.P.R.P.) perfurou 1.644 poços em 55 anos de operação.,1.0,0.0,"The score is 1.00 because the answer was completely relevant, directly addressing the input without any irrelevant statements. Great job keeping it concise and focused!","The score is 0.00 because the actual output states that the Companhia Peruana de Refino de Petróleo drilled 1,644 wells, while the retrieval context specifies it drilled only 450 wells in 55 years of operation. This is a clear contradiction.",input\georegis\dataset.json,
1356,Quantas empresas petrolíferas estavam operando em Talara em 1891?,14,"Em 1891, havia cinco empresas petrolíferas operando em Talara, no Peru.",1.0,0.0,A resposta recebeu nota máxima pois todas as informações fornecidas são diretamente relevantes à pergunta e não há declarações irrelevantes. Excelente trabalho respondendo de forma focada!,"The score is 0.00 because the actual output incorrectly stated there were only five companies operating in Talara in 1891, while the retrieval context confirms there were actually 14, demonstrating a complete contradiction.",input\georegis\dataset.json,
1359,Quantas empresas petrolíferas operavam na região de Talara em 1891?,14,"Em 1891, havia 16 empresas petrolíferas operando na região de Talara, no Peru.",1.0,0.0,"A pontuação é 1.00 porque a resposta foi totalmente relevante, respondendo diretamente à pergunta feita. Excelente trabalho!","The score is 0.00 because the actual output incorrectly states there were 16 oil companies operating in the Talara region in 1891, while the retrieval context confirms there were only 14. This clear contradiction fully justifies the lowest faithfulness score.",input\georegis\dataset.json,
1362,Quem foi o primeiro engenheiro a perfurar o primeiro poço de petróleo da América do Sul?,E. A. Prentice,"O primeiro engenheiro a perfurar o primeiro poço de petróleo da América do Sul foi o engenheiro brasileiro Ignacio Kubitschek, em 1897, em Bofete, no interior de São Paulo, Brasil.",0.75,0.0,"The score is 0.75 because, although the answer provides some relevant information, it references the date of drilling, which does not directly address who the first engineer was. This irrelevant detail lowers the score, but the answer still partially responds to the question.","The score is 0.00 because the actual output incorrectly attributes the first oil well in South America to Ignacio Kubitschek in 1897, Brazil, while the context states it was drilled by E. A. Prentice in 1863, Peru, indicating a complete contradiction to the information presented.",input\georegis\dataset.json,
1363,Quando foi perfurado o primeiro poço totalmente na plataforma peruana?,1959,O primeiro poço totalmente perfurado na plataforma peruana foi em 1961.,1.0,0.0,O score é 1.00 porque a resposta abordou diretamente a pergunta sem incluir informações irrelevantes. Ótimo trabalho em manter o foco e precisão!,"The score is 0.00 because the actual output contradicted the retrieval context by stating that the first well drilled entirely in the Peruvian platform occurred in 1961, while the context clarifies it happened in 1959.",input\georegis\dataset.json,
1365,Quando foi perfurado o primeiro poço de petróleo da América do Sul?,1863,"O primeiro poço de petróleo da América do Sul foi perfurado em 1875, na cidade de Lima, no Peru.",1.0,0.0,A pontuação é 1.00 porque todas as informações fornecidas são diretamente relevantes e respondem de forma clara à pergunta. Excelente foco no tema!,"The score is 0.00 because the actual output incorrectly states that the first oil well in South America was drilled in 1875, while the retrieval context clearly affirms the correct date as 1863. This contradiction fully justifies the lowest faithfulness score.",input\georegis\dataset.json,
1367,Quantas empresas petrolíferas estavam operando na área em 1891?,14,"Em 1891, apenas uma empresa petrolífera estava operando na área: a Pennsylvania Oil Company.",1.0,0.0,"A pontuação é 1.00 porque a resposta foi totalmente relevante e focada na pergunta, sem incluir informações desnecessárias. Ótimo trabalho em manter a resposta precisa e direta ao ponto!","The score is 0.00 because the actual output incorrectly states that only one company was operating in Talara in 1891, while the retrieval context asserts that there were 14 petroleum companies active at that time. This direct contradiction justifies the lowest faithfulness score.",input\georegis\dataset.json,
1368,Quando foi perfurado o primeiro poço totalmente em plataforma peruana?,1959,"O primeiro poço totalmente perfurado em plataforma peruana foi o Poço Peña Negra PN-1, em 1978.",1.0,0.0,"O score é 1.00 porque a resposta fornecida está completamente relevante ao que foi perguntado, sem nenhuma informação irrelevante. Ótimo trabalho mantendo o foco na solicitação!","The score is 0.00 because the actual output incorrectly states that the Peña Negra PN-1 well in 1978 was the first to be drilled entirely on the Peruvian platform, while the context specifies that this occurred in 1959 by Belco Petroleum Company and Peruvian Pacific Petroleum Company. This direct contradiction fully justifies the lowest faithfulness score.",input\georegis\dataset.json,
1369,Quando foi fundada a primeira refinaria da América?,1916,"A primeira refinaria de petróleo das Américas foi fundada em 1857, na cidade de Lima, no estado da Pensilvânia, Estados Unidos.",0.5,0.0,"The score is 0.50 because, while the response addressed aspects regarding the first refinery in America, it included irrelevant details about the location (Lima, Pennsylvania) and its position in the USA, which do not answer the question directly about the founding date. The score reflects that some relevant information was given, but unrelated content reduced its accuracy.","The score is 0.00 because the actual output incorrectly claims that the first refinery in the Americas was founded in 1857 in Lima, Pennsylvania, United States, whereas the retrieval context states it began operations in 1916 in Talara, Peru, directly contradicting the provided information.",input\georegis\dataset.json,
1370,Quantos poços a Companhia Peruana de Refino de Petróleo abriu durante seus 55 anos?,450,A Companhia Peruana de Refino de Petróleo (CPRP) abriu 1.358 poços durante seus 55 anos de operação.,1.0,0.0,"O score é 1.00 porque a resposta foi totalmente relevante, sem nenhuma afirmação irrelevante. Ótimo trabalho respondendo diretamente à pergunta!","The score is 0.00 because the actual output claims that the Companhia Peruana de Refino de Petróleo perfurou 1.358 poços, while according to the context, it was only 450 poços in 55 years of operation. This is a clear contradiction with no alignment to the retrieval context.",input\georegis\dataset.json,
1371,Quantos boeds a IPC aumentou a refinaria de Talara em 1924?,20.000,"Em 1924, a International Petroleum Company (IPC) aumentou a capacidade da refinaria de Talara em 10.000 boeds (barris de óleo equivalente por dia).",1.0,0.0,The score is 1.00 because the answer addressed the input precisely and there were no irrelevant statements. Great job staying focused and relevant!,"The score is 0.00 because the actual output incorrectly stated that the refinery's capacity increased by 10,000 boeds, whereas the retrieval context only confirms it reached a total capacity of 20,000 boeds, not the amount of increase. This direct mismatch justifies the lowest faithfulness score.",input\georegis\dataset.json,
1372,Em que ano foi perfurado o primeiro poço de petróleo da América do Sul?,1863,"O primeiro poço de petróleo da América do Sul foi perfurado em 1875, na Venezuela.",1.0,0.0,Ótimo trabalho! Todas as informações da resposta são totalmente relevantes para a pergunta.,"The score is 0.00 because the actual output incorrectly states that the first oil well in South America was drilled in Venezuela in 1875, whereas the retrieval context clearly specifies it was drilled at the Lima gasworks in 1863. This direct contradiction justifies the lowest faithfulness score.",input\georegis\dataset.json,
1374,Quantas empresas petrolíferas estavam operando na região em 1891?,14,"Em 1891, havia apenas uma empresa petrolífera operando na região: a Standard Oil Company.",1.0,0.0,"A pontuação é 1.00 porque a resposta foi totalmente relevante, direta ao ponto e respondeu perfeitamente à pergunta. Excelente trabalho, continue assim!","The score is 0.00 because the actual output incorrectly claimed that only the Standard Oil Company operated in Talara in 1891, while the context clearly states there were 14 oil companies operating there, showing a complete contradiction.",input\georegis\dataset.json,
1376,Quando foi inaugurada a primeira refinaria da América?,1916,"A primeira refinaria de petróleo das Américas foi inaugurada em 1861, na cidade de Pescador, Pensilvânia, Estados Unidos.",1.0,1.0,"Ótimo trabalho! A resposta foi totalmente relevante, respondendo diretamente à pergunta sem incluir informações desnecessárias.","The score is 1.00 because there are no contradictions provided, indicating that the actual output perfectly aligns with the retrieval context. Great job!",input\georegis\dataset.json,
1378,Quem perfurou o primeiro poço de petróleo da América do Sul em 1863?,o engenheiro E. A. Prentice,"O primeiro poço de petróleo da América do Sul foi perfurado por Manuel Felix de Lima, em 1863, na cidade de La Brea, no Peru.",1.0,0.0,"The score is 1.00 because every part of the output directly answers the question with relevant information, showing excellent focus!","The score is 0.00 because the actual output incorrectly attributes the first oil well in South America to Manuel Felix de Lima and the city of La Brea, while the context states it was engineered by E. A. Prentice in Peru, with no mention of La Brea or Lima as the driller.",input\georegis\dataset.json,
1379,"Em que ano entrou em operação a primeira refinaria da América, localizada em Talara?",1916,"A primeira refinaria da América, localizada em Talara, entrou em operação em 1917.",1.0,0.0,"O score é 1.00 porque a resposta está totalmente relevante e responde diretamente à pergunta, sem apresentar nenhuma informação irrelevante. Excelente precisão!","The score is 0.00 because the actual output incorrectly states that the first refinery in Talara began operations in 1917, whereas the retrieval context confirms it was in 1916, resulting in a clear contradiction.",input\georegis\dataset.json,
1380,Qual empresa foi precursora da Exxon e atuou em Talara realizando atividades exploratórias e de refino?,"Internatio-nal Petroleum Company,","A empresa precursora da Exxon que atuou em Talara realizando atividades exploratórias e de refino foi a Standard Oil Company (de Nova Jersey), conhecida posteriormente como Exxon.",1.0,0.0,"A pontuação é 1.00 porque a resposta fornecida foi totalmente relevante e focada na questão, sem incluir declarações irrelevantes. Ótimo trabalho mantendo a resposta clara e precisa!","The score is 0.00 because the actual output incorrectly identifies the Standard Oil Company (de Nova Jersey) as the predecessor in Talara, while the context clearly states that the International Petroleum Company held that role, showing a complete mismatch between the output and context.",input\georegis\dataset.json,
1381,"Quando o governo peruano teve uma participação mais ativa na indústria petrolífera, criando a Empresa Petrolera Fiscal?",1939,"O governo peruano teve uma participação mais ativa na indústria petrolífera em 1927, quando criou a Empresa Petrolera Fiscal.",1.0,0.0,"O score é 1.00 porque a resposta está totalmente relevante, abordando diretamente a criação da Empresa Petrolera Fiscal pelo governo peruano. Excelente trabalho!","The score is 0.00 because the actual output incorrectly states the creation date of the Empresa Petrolera Fiscal as 1927, contradicting the context which confirms it was established in 1939 by presidential decree from Oscar Benavides.",input\georegis\dataset.json,
1382,Quais companhias foram responsáveis pelo primeiro poço perfurado totalmente na plataforma peruana em 1959?,Belco Petroleum Company e Peruvian Pacific Petroleum Company,As companhias responsáveis pelo primeiro poço perfurado totalmente na plataforma peruana em 1959 foram a Petroleos del Peru (PEDEP) e a International Petroleum Company (IPC).,1.0,0.0,The score is 1.00 because the answer was fully relevant and addressed exactly what was asked—great job staying focused and directly answering the question!,"The score is 0.00 because the actual output incorrectly claims that the first well drilled entirely on the Peruvian platform in 1959 was by Petroleos del Peru (PEDEP) and International Petroleum Company (IPC), while the context clearly states it was performed by Belco Petroleum Company and Peruvian Pacific Petroleum Company.",input\georegis\dataset.json,
1383,Quem é considerado o primeiro a perfurar um poço de petróleo na América do Sul?,o engenheiro E. A. Prentice,"O primeiro a perfurar um poço de petróleo na América do Sul foi o Coronel Antônio Teodoro de Oliveira, em 1897, em Bacia de Bofete, no Estado do Ceará, Brasil.",1.0,0.0,"Ótimo trabalho! O score é 1.00 porque todas as informações fornecidas são totalmente relevantes e abordam diretamente a pergunta, sem nenhuma informação irrelevante.","The score is 0.00 because the actual output credits the first oil well in South America to Coronel Antônio Teodoro de Oliveira in 1897 in Brazil, while the context states that it was E. A. Prentice who did so in 1863, creating a direct contradiction.",input\georegis\dataset.json,
1384,Em que ano foi fundada a Companhia Peruana de Refino de Petróleo?,1871,A Companhia Peruana de Refino de Petróleo foi fundada em 1914.,1.0,0.0,"Ótimo trabalho! A resposta foi totalmente relevante e focada na pergunta do usuário, não incluindo informações desnecessárias.","The score is 0.00 because the actual output incorrectly states that the Companhia Peruana de Refino de Petróleo was founded in 1914, while the retrieval context clearly says it was founded in 1871.",input\georegis\dataset.json,
1385,Quantos poços a Companhia Peruana de Refino de Petróleo chegou a perfurar em 55 anos de operação?,450 poços,A Companhia Peruana de Refino de Petróleo chegou a perfurar apenas 5 poços em 55 anos de operação.,1.0,0.0,"O score é 1.00 porque a resposta foi totalmente relevante e focada na pergunta, sem qualquer informação irrelevante. Ótimo trabalho em manter a resposta precisa e direta!","The score is 0.00 because the actual output claims the Companhia Peruana de Refino de Petróleo only drilled 5 wells, while the context states it drilled 450 wells in 55 years, clearly contradicting the factual information.",input\georegis\dataset.json,
1386,Em que ano entrou em operação a primeira refinaria da América?,1916,"A primeira refinaria de petróleo da América entrou em operação em 1861, em Ploiești, na Romênia. Contudo, se a pergunta se refere às Américas, a primeira refinaria entrou em operação nos Estados Unidos em 1862, na Pensilvânia.",0.5,1.0,"The score is 0.50 because the answer incorrectly mentions the Ploiești refinery in Romania, which is irrelevant to the question about America; however, some partial relevance is retained if other parts are addressed.",The score is 1.00 because there are no contradictions. Awesome job staying completely faithful to the retrieval context!,input\georegis\dataset.json,
1387,"Qual é o nome da companhia que marcaria época, tanto pelas suas atividades exploratórias como de refino?",a Internatio-nal Petroleum Company,A Standard Oil.,1.0,1.0,"O score é 1.00 porque a resposta está totalmente relevante e perfeitamente alinhada à pergunta, sem informações irrelevantes. Ótimo trabalho!",The score is 1.00 because there are no contradictions found; the actual output aligns perfectly with the retrieval context. Well done in maintaining full faithfulness!,input\georegis\dataset.json,
1390,O que poderia ser considerado compatível com a cinemática definida pelos outros elementos estruturais?,a condição de obliqüidade constante,"Pode ser considerado compatível com a cinemática definida pelos outros elementos estruturais qualquer componente ou ligação cuja movimentação ou deformação não restrinja nem entre em conflito com os deslocamentos e rotações previstos para o conjunto estrutural. Ou seja, a compatibilidade ocorre quando os elementos permitem que as condições de deslocamento, rotação e deformação se ajustem às exigências da estrutura, sem gerar incompatibilidades ou esforços extras não previstos.",1.0,1.0,"A pontuação é 1.00 porque todas as informações apresentadas estão diretamente relacionadas à pergunta, sem incluir conteúdos irrelevantes. Ótimo trabalho mantendo foco e clareza!",The score is 1.00 because there are no contradictions at all between the actual output and the retrieval context. Excellent alignment!,input\georegis\dataset.json,
1391,O que sugere que a evolução direcional posterior à nucleação frontal da zona de falha desenvolva uma evolução direcional posterior à nucleação frontal?,secciona-mento da zona de falha de Perimbó,"O enunciado sugere que, após a nucleação frontal em uma zona de falha, ocorre uma evolução direcional subsequente. Isso implica que, uma vez iniciada a nucleação (ou seja, o início do deslizamento ou ruptura na falha), há desenvolvimentos ou processos que seguem numa direção específica ao longo da falha, provavelmente associados à propagação do rompimento. Em sismologia e geologia, isso costuma estar relacionado ao modo como a ruptura sísmica ou o deslizamento se expandem a partir do ponto inicial de nucleação, indicando que o processo não é aleatório, mas sim orientado, controlado por condições estruturais ou pelo acúmulo de tensões pré-existentes.",1.0,1.0,"A resposta está totalmente relevante ao que foi solicitado, sem afirmações irrelevantes. Ótimo trabalho em manter o foco na pergunta!","The score is 1.00 because there are no contradictions listed, indicating that the actual output aligns perfectly with the retrieval context. Great job on maintaining accuracy!",input\georegis\dataset.json,
1392,O encurtamento podería ser quantificado tomando-se como base qual marcador linear?,"um marcador linear, paralelo à direção de compressão máxima.","O encurtamento pode ser quantificado tomando-se como base o comprimento inicial do marcador linear avaliado, geralmente a distância entre dois pontos anatômicos previamente definidos, como, por exemplo, a distância entre a espinha ilíaca ântero-superior e o maléolo medial (no caso de membros inferiores).",1.0,1.0,"The score is 1.00 because the answer was perfectly relevant to the input, directly addressing the question without including any unnecessary or unrelated information. Great job staying focused and concise!",The score is 1.00 because there are no contradictions—great job maintaining complete alignment with the retrieval context!,input\georegis\dataset.json,
1396,O encurtamento podería ser quantificado tomando-se como base qual marcador linear?,"um marcador linear, paralelo à direção de compressão máxima",O encurtamento pode ser quantificado tomando-se como base o marcador linear da distância entre a origem e a inserção do músculo ou segmento avaliado.,1.0,1.0,"A resposta recebeu a nota máxima porque está totalmente alinhada à pergunta, sem apresentar qualquer informação irrelevante. Excelente foco no tema!","The score is 1.00 because there are no contradictions present, showing the actual output aligns perfectly with the retrieval context. Great job staying completely faithful!",input\georegis\dataset.json,
1398,Quais regimes produziriam uma rotação progressiva dos indicadores cinemáticos?,oblíquo ou transpressivo,"Regimes não-inerciais que apresentam aceleração angular (ou seja, que estão sujeitos a uma rotação acelerada ou desacelerada) produzem uma rotação progressiva dos indicadores cinemáticos, como vetores velocidade e aceleração. Exemplos disso incluem referenciais em rotação não uniforme. Isso acontece, por exemplo, em movimento rotacional acelerado, como um disco cuja velocidade angular varia com o tempo.",1.0,1.0,"A pontuação é 1.00 porque todas as informações apresentadas estavam alinhadas com a pergunta, sem nenhum conteúdo irrelevante. Ótimo trabalho mantendo a resposta focada!","The score is 1.00 because there are no contradictions present, showing perfect alignment between the actual output and the retrieval context. Great job!",input\georegis\dataset.json,
1399,Como o encurtamento pode ser quantificado?,"tomando-se como base um marcador linear, paralelo à direção de compressão máxima","O encurtamento pode ser quantificado medindo a diferença entre o comprimento inicial e o comprimento final de um objeto, estrutura ou tecido após submetido a determinado estímulo ou processo. Usualmente, utiliza-se a fórmula: Encurtamento = Comprimento inicial − Comprimento final Para expressar em termos relativos, pode-se usar: Percentual de encurtamento = [(Comprimento inicial − Comprimento final) / Comprimento inicial] × 100% Em estudos biomecânicos, muscular, ou materiais, instrumentos como régua, paquímetro, tensiômetro ou softwares de análise de imagem podem ser utilizados para realizar essas medições.",1.0,1.0,"A nota é 1.00 porque a resposta abordou diretamente como o encurtamento pode ser quantificado, sem apresentar informações irrelevantes. Excelente foco na questão!",The score is 1.00 because there are no contradictions listed. The actual output aligns perfectly with the retrieval context. Great job maintaining accuracy!,input\georegis\dataset.json,
1401,Qual é a base para quantificar o encurtamento?,"um marcador linear, paralelo à direção de compressão máxima","A base para quantificar o encurtamento é a comparação entre o comprimento original e o comprimento final de algo, geralmente um músculo, tecido ou estrutura. O encurtamento é calculado pela diferença em comprimento ou pela porcentagem de redução em relação ao valor inicial.",1.0,1.0,"A resposta está totalmente relevante para a pergunta, sem nenhuma informação irrelevante. Ótimo trabalho ao focar diretamente no que foi solicitado!","The score is 1.00 because there are no contradictions listed, showing perfect alignment between the actual output and the retrieval context.",input\georegis\dataset.json,
1402,Quais são os dois regimes que produziriam uma rotação progressiva dos indicadores cinemáticos?,oblíquo ou transpressivo,Os dois regimes que produziriam uma rotação progressiva dos indicadores cinemáticos são o regime de cisalhamento simples (shear simples) e o regime de cisalhamento generalizado.,0.6666666666666666,1.0,"The score is 0.67 because the actual output only translates the name of one regime and does not specifically address the question about the two regimes responsible for progressive rotation of kinematic indicators, limiting its relevancy.",The score is 1.00 because there are no contradictions listed; the actual output aligns perfectly with the retrieval context. Great job maintaining faithfulness!,input\georegis\dataset.json,
1406,Qual é a direção do vetor tectônico na primeira fase de deformação?,de SE para NW,"Na primeira fase de deformação, a direção do vetor tectônico geralmente corresponde à direção do principal estresse compressivo (σ1). Em muitas regiões do Brasil, por exemplo, essa direção é NE-SW (nordeste-sudoeste). No entanto, a direção exata pode variar de acordo com o contexto geológico local analisado.",1.0,1.0,O score é 1.00 porque a resposta foi totalmente relevante e respondeu diretamente à pergunta sem incluir informações irrelevantes. Ótimo trabalho mantendo o foco na questão!,The score is 1.00 because there are no contradictions; the actual output perfectly aligns with the retrieval context.,input\georegis\dataset.json,
1407,O que sugere o seccionamento da zona de falha de Perimbó pelas falhas transcorrentes?,uma evolução direcional posterior à nucleação frontal da referida zona de falha,"O seccionamento da zona de falha de Perimbó por falhas transcorrentes sugere que houve reativações tectônicas posteriores ao seu desenvolvimento original, indicando episódios de deformação múltipla. Isso evidencia que a região experimentou diferentes regimes de esforços tectônicos ao longo do tempo, resultando na segmentação e deslocamento da zona de falha de Perimbó.",1.0,1.0,Ótimo trabalho! Todas as partes da resposta são relevantes e respondem diretamente à pergunta sobre o seccionamento da zona de falha de Perimbó. Continue assim!,The score is 1.00 because there are no contradictions listed—great job staying perfectly faithful to the retrieval context!,input\georegis\dataset.json,
1409,Como seria quantificado o encurtamento de acordo com o texto?,"tomando-se como base um marcador linear, paralelo à direção de compressão máxima","O encurtamento seria quantificado por meio da medição da diferença de comprimento entre o estado inicial e o final do objeto ou estrutura analisada, geralmente expressa em unidades de comprimento (como milímetros ou centímetros), ou em termos percentuais em relação ao comprimento original.",1.0,1.0,"A resposta recebeu pontuação máxima porque abordou precisamente o que foi pedido sem incluir informações irrelevantes. Parabéns, continue assim!",The score is 1.00 because no contradictions were found—great job staying fully aligned with the retrieval context!,input\georegis\dataset.json,
1412,O que a hipótese b sugere que deveria ocorrer também?,uma dispersão dos valores de acamamento,"A hipótese b sugere que deveria ocorrer outro evento ou fenômeno adicional ao principal, que complementa ou reforça o resultado esperado. Normalmente, essa hipótese indica que, se a variável b for verdadeira, então além do efeito primário, um efeito secundário também deve ser observado como consequência.",1.0,1.0,"A resposta está totalmente relevante, sem elementos irrelevantes, mostrando excelente foco e clareza na abordagem da pergunta!",The score is 1.00 because there are no contradictions; the actual output perfectly aligns with the retrieval context. Great job!,input\georegis\dataset.json,
1413,Qual é a condição que a hipótese c considera constante em toda a área?,a condição de obliqüidade,A hipótese c considera constante a **umidade do solo** em toda a área.,1.0,1.0,"Ótimo trabalho! A resposta foi totalmente relevante, sem nenhum comentário irrelevante, atendendo perfeitamente à pergunta.","The score is 1.00 because there are no contradictions found, meaning the actual output aligns perfectly with the retrieval context. Wonderful job!",input\georegis\dataset.json,
1414,Qual é o nome da descontinuidade crustal?,"Arco de São Mateus,","O nome da descontinuidade crustal é Descontinuidade de Mohorovičić, também conhecida como ""Moho"".",1.0,0.0,O score é 1.00 porque a resposta está totalmente relevante e não contém afirmações irrelevantes. Ótimo trabalho em focar diretamente na pergunta!,"The score is 0.00 because the actual output incorrectly refers to the crustal discontinuity as the 'Descontinuidade de Mohorovičić (Moho)', while the retrieval context clearly states it is called 'Arco de São Mateus'. This direct contradiction justifies the lowest faithfulness score.",input\georegis\dataset.json,
1415,Qual é a idade do fragmento máfico?,"69,4 ± 1,3 Ma, geocro-nologicamente compatível","O fragmento máfico geralmente refere-se a pedaços de rocha de origem ígnea, ricos em minerais como olivina e piroxena, presentes em depósitos sedimentares ou em rochas metamórficas. A idade desses fragmentos varia conforme o contexto geológico, mas, em estudos brasileiros, fragmentos máficos encontrados em terrenos como o cráton do São Francisco têm idades entre 2,1 e 2,6 bilhões de anos (Ga). Portanto, a idade de fragmentos máficos pode variar, mas frequentemente está relacionada a eventos geológicos entre 2,1 e 2,6 bilhões de anos. Para uma resposta precisa, é necessário especificar qual fragmento máfico ou o contexto geológico ao qual você se refere.",0.625,0.8,"The score is 0.62 because the response contains explanations about what a máfico fragment is, its mineral composition, and typical environments, but doesn't directly address the asked question about its age, limiting its relevancy.","The score is 0.80 because the actual output incorrectly claims the presence of máfico fragments with ages between 2.1 and 2.6 Ga, while the retrieval context specifies a fragment age of 69.4 ± 1.3 Ma near the mouth of the Rio São Mateus, with no evidence supporting those older ages. This contradiction reduces faithfulness.",input\georegis\dataset.json,
1416,Qual é a sequência vulcanoclástica da Fm. Rio Doce?,Abrolhos,"A sequência vulcanoclástica da Formação Rio Doce é composta predominantemente por tufos, brechas vulcanoclásticas e níveis subordinados de lavas e arenitos. Essas rochas refletem eventos de vulcanismo explosivo e, em menor proporção, efusivo, sendo comuns intercalações de sedimentos epiclásticos. Na coluna estratigráfica, ocorrem depósitos com granulometria variada, desde camadas de cinzas finas até blocos e bombas vulcânicas, além de estratos de arenitos associados.",1.0,1.0,"O score é 1.00 porque a resposta foi totalmente relevante e diretamente relacionada ao que foi perguntado, excelente trabalho ao focar somente no tema solicitado!","The score is 1.00 because there are no contradictions listed, indicating that the actual output aligns perfectly with the retrieval context. Great job on maintaining faithfulness!",input\georegis\dataset.json,
1419,Qual é a idade da amostra?,"69,4 ± 1,3 Ma, geocro-nologicamente compatível","Sua pergunta está incompleta. Por favor, especifique a qual amostra você está se referindo para que eu possa responder corretamente.",1.0,1.0,"Ótimo trabalho! O score é 1.00 porque a resposta foi totalmente relevante e focada na pergunta, sem qualquer informação irrelevante.",The score is 1.00 because there are no contradictions at all. Excellent alignment between the actual output and the retrieval context!,input\georegis\dataset.json,
1421,Qual é o nome da descontinuidade crustal?,Arco de São Mateus,"O nome da descontinuidade crustal é descontinuidade de Mohorovičić, também conhecida como ""Moho"".",1.0,0.0,O score é 1.00 porque a resposta aborda diretamente a pergunta sem incluir informações irrelevantes. Excelente trabalho mantendo o foco e a precisão!,"The score is 0.00 because the actual output incorrectly names the crustal discontinuity as 'descontinuidade de Mohorovičić' or 'Moho', while the context clearly states the correct name is Arco de São Mateus.",input\georegis\dataset.json,
1422,Qual é a idade do fragmento máfico?,"69,4 ± 1,3 Ma","O fragmento máfico típico é associado a rochas ígneas e pode variar muito em idade dependendo do contexto geológico em questão. No entanto, se você se refere ao Fragmento Máfico presente no Quadrilátero Ferrífero (Minas Gerais, Brasil), ele é datado do Arqueano, com idade aproximada entre 2,7 e 2,8 bilhões de anos.",0.75,1.0,"The score is 0.75 because, although the answer discusses typical associations of mafic fragments with igneous rocks (which is partially relevant), it does not provide any information about the age of the mafic fragment, which is the precise focus of the input question. The answer could not receive a higher score due to this lack of direct response, but it does earn 0.75 for partially addressing the geological context.",The score is 1.00 because there are no contradictions—great job keeping the output perfectly aligned with the retrieval context!,input\georegis\dataset.json,
1425,Qual é a idade da amostra?,"69,4 ± 1,3 Ma","A expressão ""idade da amostra"" refere-se à média ou intervalo de idade dos indivíduos incluídos em um estudo ou pesquisa. Sem detalhes específicos sobre a amostra em questão, não é possível fornecer uma resposta exata.",1.0,1.0,"Pontuação máxima! A resposta foi totalmente relevante, focando exatamente no que foi perguntado.","The score is 1.00 because there are no contradictions, indicating that the actual output fully aligns with the retrieval context. Great job staying accurate!",input\georegis\dataset.json,
1426,Qual foi a data de um fragmento mafico de uma rocha?,"69,4 ± 1,3 Ma","A data de um fragmento máfico de uma rocha depende do contexto específico em que ele foi analisado. Por exemplo, fragmentos máficos em meteoritos foram datados com idades entre 4,5 bilhões de anos (idade do Sistema Solar), enquanto fragmentos máficos em rochas terrestres podem variar de dezenas de milhões a bilhões de anos, dependendo da formação. Se você está se referindo a um estudo específico, normalmente a datação de fragmentos máficos é realizada por métodos como U-Pb em zircão, Ar-Ar ou Sm-Nd, que fornecem idades geológicas precisas dentro do intervalo mencionado. Sem um contexto mais específico, a resposta é: fragmentos máficos de rochas podem ter idades que variam desde alguns milhões até bilhões de anos, conforme o método de datação e o local onde foram encontrados.",1.0,1.0,"A pontuação é 1.00 porque toda a resposta foi relevante e diretamente relacionada à pergunta. Parabéns, continue assim!",The score is 1.00 because there are no contradictions listed. Great job—everything is fully aligned with the retrieval context!,input\georegis\dataset.json,
1427,Quem descreve uma forte ocorrência de rochas piroclásticas ácidas na região nordeste do estado de Minas Gerais?,Raposo etal.,Quem descreve uma forte ocorrência de rochas piroclásticas ácidas na região nordeste do estado de Minas Gerais é Dorr (1969).,1.0,0.0,The score is 1.00 because the response directly answered the question without including any irrelevant information. Great job maintaining full relevancy!,"The score is 0.00 because the actual output incorrectly attributes the description of acidic pyroclastic rocks in northeastern Minas Gerais to Dorr (1969), when, as indicated in the contradiction, it was actually Raposo et al. who reported this.",input\georegis\dataset.json,
1428,Quem admitiu que há uma interrelação entre a sequência vulcanoclástica da Fm. Abrolhos e os sedimentos terciários da Fm. Rio Doce?,Novais etal.,Quem admitiu a interrelação entre a sequência vulcanoclástica da Formação Abrolhos e os sedimentos terciários da Formação Rio Doce foi MARTIN et al. (1981).,1.0,0.0,"O score é 1.00 porque a resposta está totalmente relevante ao que foi perguntado, sem nenhuma informação irrelevante. Ótimo trabalho focando exatamente no que foi solicitado!","The score is 0.00 because the actual output incorrectly attributes the admission of the relationship between the vulcanoclastic sequence of the Abrolhos Formation and the tertiary sediments of the Rio Doce Formation to MARTIN et al. (1981), when according to the context, it was Novais et al. who made this claim.",input\georegis\dataset.json,
1429,Como é chamada a descontinuidade crustal?,Arco de São Mateus,"A descontinuidade crustal é chamada de Descontinuidade de Mohorovičić, ou simplesmente ""Moho"".",1.0,1.0,Ótimo trabalho! A resposta foi completamente relevante e atendeu à pergunta sem adicionar informações desnecessárias.,The score is 1.00 because there are no contradictions; the actual output aligns perfectly with the retrieval context. Great job maintaining accuracy!,input\georegis\dataset.json,
1430,Qual é a área das rochas piroclásticas ácidas encontradas na região nordeste de Minas Gerais?,75km de comprimento por 25km de largura,A área das rochas piroclásticas ácidas na região nordeste de Minas Gerais é de aproximadamente **1.100 km²**.,,,,,input\georegis\dataset.json,Expecting property name enclosed in double quotes: line 3 column 6 (char 23)
1431,Quem descreveu uma grande ocorrência de rochas piroclásticas ácidas na região nordeste de Minas Gerais?,Raposo etal.,A grande ocorrência de rochas piroclásticas ácidas na região nordeste de Minas Gerais foi descrita por Danni et al. (1982).,1.0,0.0,A pontuação é 1.00 porque a resposta foi totalmente relevante e respondeu diretamente à pergunta sem apresentar nenhuma informação irrelevante. Ótimo trabalho!,"The score is 0.00 because the actual output incorrectly attributes the description of acidic pyroclastic rocks in northeast Minas Gerais to Danni et al. (1982), while the context states that this was described by Raposo et al.",input\georegis\dataset.json,
1432,Quem admite que há uma interrelação entre a sequência vulcanoclástica da Fm. Abrolhos e os sedimentos terciários da Fm. Rio Doce?,Novais etal.,"Quem admite essa interrelação é Almeida (1961), que sugeriu a relação entre a sequência vulcanoclástica da Formação Abrolhos e os sedimentos terciários da Formação Rio Doce.",1.0,1.0,"O score é 1.00 porque a resposta está completamente relevante e focada na pergunta, sem nenhuma informação irrelevante. Excelente trabalho em manter a resposta precisa!",The score is 1.00 because there are no contradictions—the actual output aligns perfectly with the retrieval context. Great job maintaining accuracy!,input\georegis\dataset.json,
1435,Quanta área as rochas piroclásticas ácidas ocupam?,75km de comprimento por 25km de largura,As rochas piroclásticas ácidas ocupam cerca de 2% da superfície continental da Terra.,1.0,1.0,The score is 1.00 because the response was perfectly relevant and directly addressed the input without including any unnecessary or off-topic information. Great job!,"The score is 1.00 because there are no contradictions listed, indicating that the actual output is fully aligned with the retrieval context. Great job staying true to the source information!",input\georegis\dataset.json,
1436,Qual a idade geocronológica indicada pela datação Ar-Ar de um fragmento máfico?,"69,4 ± 1,3 Ma","A idade geocronológica indicada pela datação Ar-Ar (^40Ar/^39Ar) de um fragmento máfico corresponde ao tempo decorrido desde o resfriamento e cristalização desse material, ou seja, quando o sistema de argônio se tornou fechado no mineral ou rocha máfica analisada. Portanto, a idade obtida reflete o momento em que o fragmento máfico solidificou, geralmente representando a idade de sua formação magmática (ou, em alguns casos, de eventos térmicos subsequentes).",1.0,1.0,The score is 1.00 because the answer directly and completely addressed the input without any irrelevant statements. Great job keeping it focused and clear!,"The score is 1.00 because there are no contradictions, meaning the actual output aligns perfectly with the retrieval context. Great job staying faithful to the source!",input\georegis\dataset.json,
1437,O que é a Fm. Rio Doce?,"corresponde a arenitos médios a muito grossos, quartzozos, feldspáticos, com cores cinza-esverdeadas, maciços ou com estratificações cruzadas","A Fm. Rio Doce (Formação Rio Doce) é uma unidade geológica, ou seja, um conjunto de rochas com características semelhantes, que ocorre principalmente na região sudeste do Brasil, especialmente nos estados de Minas Gerais e Espírito Santo. Ela faz parte do Grupo Barreiras e é composta, predominantemente, por arenitos, argilitos e conglomerados, representando sedimentos depositados durante o Cenozoico (principalmente o período Terciário). É importante em estudos de geologia e hidrologia na região, e pode apresentar fósseis e registros de ambientes antigos.",0.9,1.0,"The score is 0.90 because while the answer mostly focused on the specifics of the Formação Rio Doce, it also included a general definition of geological units, which was not needed for the question asked.",The score is 1.00 because there are no contradictions identified; the actual output aligns perfectly with the retrieval context. Great job staying faithful to the source!,input\georegis\dataset.json,
1438,O que descrevem Raposo etal. sobre a região nordeste do estado de Minas Gerais?,"uma expressiva ocorrência de rochas piroclásticas ácidas, de provável idade fanerozoica","Raposo et al. descrevem que a região nordeste do estado de Minas Gerais é caracterizada, geologicamente, pela presença de importantes faixas de dobramentos e terrenos arqueanos, incluindo parte do embasamento cristalino do Brasil, e apresentando uma grande variedade de rochas, estruturas e minerais. A região é referenciada como área de significativa diversidade geológica e potencial mineral, especialmente pela ocorrência de jazidas de minérios como ferro, ouro e manganês.",1.0,1.0,"Excelente trabalho! A resposta foi totalmente relevante ao abordar a descrição da região nordeste do estado de Minas Gerais segundo Raposo et al., sem apresentar informações irrelevantes.","The score is 1.00 because there are no contradictions listed, indicating that the actual output aligns perfectly with the retrieval context. Great job staying true to the information!",input\georegis\dataset.json,
1439,"O que controlaria os fenômenos neotectônicos, o padrão de drenagem e a circulação de fluidos na região?","a uma descontinuidade crustal denominada Arco de São Mateus,","Os fenômenos neotectônicos, o padrão de drenagem e a circulação de fluidos em uma região são controlados principalmente pela estrutura geológica local, como falhas e fraturas, pelo regime tectônico vigente (como compressão ou distensão), pelas características litológicas das rochas e pelo relevo. Essas estruturas determinam a movimentação da crosta, influenciam o caminho dos rios e permitem o fluxo ou bloqueio de fluidos subterrâneos.",1.0,1.0,"A resposta recebeu a pontuação máxima porque todos os pontos abordados são totalmente relevantes para a questão, sem informações irrelevantes. Excelente trabalho respondendo diretamente ao que foi perguntado!","The score is 1.00 because there are no contradictions listed, indicating that the actual output aligns perfectly with the retrieval context. Great job maintaining full faithfulness!",input\georegis\dataset.json,
1440,Qual é a idade do fragmento máfico mencionado no texto?,"69,4 ± 1,3 Ma",A idade do fragmento máfico mencionado no texto é de 1516 ± 22 Ma.,1.0,0.0,A pontuação é 1.00 porque a resposta foi totalmente relevante e abordou diretamente a pergunta sem informações desnecessárias. Excelente trabalho respondendo com foco!,"The score is 0.00 because the actual output incorrectly reports the age of the máfico fragment as 1516 ± 22 Ma, when the retrieval context states it is 69.4 ± 1.3 Ma.",input\georegis\dataset.json,
1441,O que é a Fm. Rio Doce?,"arenitos médios a muito grossos, quartzozos, feldspáticos, com cores cinza-esverdeadas, maciços ou com estratificações cruzadas","A Fm. Rio Doce é a abreviação de Formação Rio Doce, uma unidade geológica localizada na Bacia do Espírito Santo, no Brasil. Trata-se de uma formação sedimentar que data principalmente do período Cretáceo, composta predominantemente por folhelhos, siltitos e arenitos. A Formação Rio Doce é conhecida por sua importância no contexto petrolífero, pois pode atuar tanto como rocha geradora quanto como selante em sistemas petrolíferos da região.",1.0,0.75,"Ótimo trabalho! A resposta foi totalmente relevante e abordou exatamente o que foi perguntado, sem incluir informações desnecessárias.","The score is 0.75 because the actual output incorrectly includes folhelhos and siltitos as main components of the Formação Rio Doce, whereas the retrieval context specifies it is mainly composed of poorly sorted, slightly muddy, extremely lithified sandstones, with little mention of other lithotypes.",input\georegis\dataset.json,
1442,Como são os sedimentos da Fm. Rio Doce?,"mal selecionados, pouco lamosos e extremamente litificados, com os grãos cimentados por sílica criptocristalina","Os sedimentos da Formação Rio Doce são predominantemente pelíticos, compostos por folhelhos, siltitos e argilitos escuros a esverdeados. Apresentam também intercalações subordinadas de arenitos finos e, localmente, camadas carbonáticas. Esses sedimentos indicam deposição em ambiente de mar raso a relativamente profundo, sob condições predominantemente redutoras.",1.0,0.3333333333333333,"Ótimo trabalho! A resposta está totalmente alinhada com a pergunta, sem informações irrelevantes, justificando a pontuação máxima.","The score is 0.33 because the actual output incorrectly describes the Rio Doce Formation as predominantly pelitic and claims the presence of fine-grained sandstone and carbonate layers, while the retrieval context specifies only medium to very coarse sandstones with no mention of these pelitic or carbonate features.",input\georegis\dataset.json,
1443,Qual é a direção das rochas piroclásticas ácidas mencionadas por Raposo et al.?,NE-SW,"Segundo Raposo et al., as rochas piroclásticas ácidas apresentam direção NW-SE (noroeste-sudeste).",1.0,0.0,"A pontuação é 1.00 porque a resposta abordou diretamente a direção das rochas piroclásticas ácidas mencionadas, sem apresentar informações irrelevantes. Ótimo trabalho mantendo o foco na pergunta!","The score is 0.00 because the actual output incorrectly states that the area direction of the acidic pyroclastic rocks is NW-SE, whereas the context clearly says it is NE-SW, according to Raposo et al. This contradiction directly undermines faithfulness.",input\georegis\dataset.json,
1444,Quem foi o responsável pela descoberta do campo de Tubarão?,"detentor do direito de exploração sob regime de contrato de risco, que perfurou apenas um poço e a considerou não atrativa, permitiu que no início de 1988 a PETROBRÁS descobrisse, com a perfuração do pioneiro 1-PRS-4, a acumulação de hidrocarbonetos do Campo de Tubarão. As","O campo de Tubarão foi descoberto pela Petrobras em 1975, sendo a própria estatal brasileira a responsável por sua descoberta.",1.0,0.0,"A pontuação é 1.00 porque toda a resposta foi relevante e focada na pergunta, excelente trabalho!","The score is 0.00 because the actual output incorrectly claimed that the Campo de Tubarão was discovered in 1975, while the contradiction clearly states that the discovery occurred in early 1988.",input\georegis\dataset.json,
1445,Qual é a coluna de hidrocarbonetos constatada?,"255 m,","A coluna de hidrocarbonetos constatada refere-se à espessura ou intervalo de rochas subterrâneas, geralmente em uma bacia sedimentar ou campo petrolífero, onde a presença de hidrocarbonetos (petróleo e/ou gás) foi identificada, normalmente por meio de perfurações ou métodos geofísicos. Essa coluna pode ser medida em metros ou pés e indica a altura vertical do reservatório que contém óleo ou gás.",0.6666666666666666,1.0,"The score is 0.67 because the answer includes information about where the column generally occurs and methods of identification, which are not directly relevant to answering which hydrocarbon column was found. The main point is partly addressed, but unnecessary details reduce overall relevancy.",The score is 1.00 because there are no contradictions—great job keeping the output perfectly aligned with the retrieval context!,input\georegis\dataset.json,
1446,O que foi adotado para identificar a constância dos reservatórios?,a subdivisão em zonas produtoras diferenciadas,"Foi adotado o uso de testes de pressão e análise de dados históricos de produção para identificar a constância dos reservatórios, verificando a estabilidade das características físicas e do fluxo de fluidos ao longo do tempo.",1.0,1.0,"A resposta está totalmente relevante, pois aborda diretamente a pergunta sem incluir informações desnecessárias. Muito bem!",The score is 1.00 because there are no contradictions found. Great job staying completely aligned with the retrieval context!,input\georegis\dataset.json,
1447,Qual é a coluna de hidrocarbonetos constatada?,255 m,"A coluna de hidrocarbonetos constatada refere-se à camada de rocha reservatório onde foi identificado a presença de hidrocarbonetos (como óleo e gás) durante a perfuração de um poço. Ela indica a zona produtiva do reservatório, geralmente descrita em metros (espessura) e contendo petróleo, gás ou ambos.",0.8,1.0,"The score is 0.80 because the answer mentioned the identification of hydrocarbons, which is related but does not directly address the specific measurement or characteristic of the hydrocarbon column as asked. This lack of directness prevents a higher score.",The score is 1.00 because there are no contradictions; the actual output aligns perfectly with the retrieval context. Excellent job!,input\georegis\dataset.json,
1449,Qual é o tamanho da coluna de hidrocarbonetos constatada?,255 m,"O tamanho da coluna de hidrocarbonetos constatada refere-se normalmente à espessura ou extensão vertical da acumulação de hidrocarbonetos em um reservatório. Por exemplo, em muitos campos do pré-sal brasileiro, foram constatadas colunas de hidrocarbonetos de até 400 a 500 metros de espessura. Portanto, o tamanho pode variar conforme o campo, mas colunas de várias centenas de metros são comuns em grandes descobertas. Para um número específico, seria necessário citar o campo ou região de interesse.",1.0,1.0,"The score is 1.00 because the actual output was entirely relevant to the input, precisely addressing the question without any irrelevant information. Great job keeping it concise and focused!","The score is 1.00 because there are no contradictions listed, indicating the actual output is fully aligned with the retrieval context. Great job on ensuring accuracy!",input\georegis\dataset.json,
1450,Qual é o caráter dos marcos elétricos?,caráter cronoestratigráfico,"Os marcos elétricos possuem caráter artificial, pois são estabelecidos pelo homem para delimitar áreas ou pontos específicos relacionados à infraestrutura elétrica, como postes, torres ou subestações.",0.5,0.0,"O score é 0.50 porque a resposta abordou associações a postes, torres e subestações, que são informações sobre localização ou uso, mas não explicaram diretamente o caráter dos marcos elétricos. Por isso, parte da resposta não foi relevante, mas ainda houve tentativa de vínculo com o tema principal.","The score is 0.00 because the actual output incorrectly describes the electric markers as related to artificial infrastructure (such as posts, towers, or substations), whereas the contradiction makes clear that these markers have a chronostratigraphic nature and are associated with geological sequences, not infrastructure. This represents a direct contradiction, justifying the lowest faithfulness score.",input\georegis\dataset.json,
1451,Qual foi o valor preditivo de porosidade previsto?,7%,"O valor preditivo de porosidade previsto depende do modelo, do conjunto de dados e das condições específicas do estudo. Sem informações adicionais, não é possível indicar um valor preciso. Se você tiver detalhes sobre o contexto (por exemplo, o modelo utilizado, localidade ou faixa de profundidade), posso ajudar a identificar valores típicos ou referências.",1.0,1.0,A resposta recebeu a pontuação máxima porque abordou diretamente a pergunta sem apresentar informações irrelevantes. Ótimo trabalho em manter a objetividade!,"The score is 1.00 because there are no contradictions, showing that the actual output aligns perfectly with the retrieval context. Great job maintaining accuracy!",input\georegis\dataset.json,
1452,Quantos poços a PETROBRÁS perfurou sob contrato de contrato de risco?,um,A Petrobras perfurou 50 poços sob regime de contrato de risco entre 1954 e 1997.,1.0,1.0,The score is 1.00 because the answer addressed the input directly and there were no irrelevant statements. Great job keeping the response focused and precise!,"The score is 1.00 because there are no contradictions, meaning the actual output aligns perfectly with the retrieval context. Great job staying accurate!",input\georegis\dataset.json,
1453,Quem propôs a subdivisão em zonas produtoras diferenciadas?,Andrade e Saito,A subdivisão em zonas produtoras diferenciadas foi proposta por Jan H. van Hengel.,1.0,0.0,"A resposta recebeu a pontuação máxima porque está totalmente relevante e foca exatamente no que foi perguntado, parabéns!","The score is 0.00 because the actual output incorrectly attributes the proposal of subdivision in differentiated production zones to Jan H. van Hengel, while the retrieval context clearly states it was proposed by Andrade and Saito.",input\georegis\dataset.json,
1454,O que a PETROBRÁS descobriu com o poço pioneiro 1 - PRS - 4?,a acumulação de hidrocarbonetos do Campo de Tubarão,"A PETROBRÁS descobriu o campo de petróleo de Guaricema com o poço pioneiro 1-PRS-4, em 1968, na plataforma continental de Sergipe. Foi o primeiro campo comercial de petróleo marítimo no Brasil.",1.0,0.5,"O score é 1.00 porque a resposta foi totalmente relevante e focada na pergunta, excelente trabalho!","The score is 0.50 because the actual output incorrectly cites the discovery of Guaricema in 1968, while the retrieval context states that PETROBRÁS discovered the Campo de Tubarão with the well 1-PRS-4 in 1988. The actual output should reference Tubarão and the year 1988, as per the context.",input\georegis\dataset.json,
1456,Onde as rochas do reservatório de Tubarão se encontram?,Guarujá Inferior,"As rochas do reservatório de Tubarão se encontram principalmente na Bacia do Paraná, no Brasil, onde compõem o Grupo Tubarão, que aflora nos estados do Rio Grande do Sul, Santa Catarina, Paraná e partes de São Paulo.",1.0,1.0,"A pontuação é 1.00 porque a resposta foi totalmente relevante, direta e respondeu exatamente ao que foi perguntado. Excelente trabalho!","The score is 1.00 because no contradictions were found, showing that the actual output aligns perfectly with the retrieval context. Great job staying faithful!",input\georegis\dataset.json,
1457,O que os marcos elétricos têm?,caráter cronoestratigráfico,"Os marcos elétricos normalmente têm indicadores ou placas que mostram informações como limites de propriedade, localização de postes de energia, identificação de redes elétricas, dados técnicos (voltagem, número do circuito), avisos de segurança e, às vezes, códigos de manutenção. São usados para sinalizar pontos importantes relacionados à infraestrutura elétrica.",1.0,0.0,"O score é 1.00 porque a resposta abordou diretamente o que os marcos elétricos têm, sem incluir nenhuma informação irrelevante. Mandou muito bem!","The score is 0.00 because the actual output incorrectly treats the marcos elétricos as indicators or plaques related to electrical infrastructure, property, identification of electrical networks, or safety warnings, while the retrieval context clearly states that they are cronoestratigraphic markers associated with geological stratigraphy and not related to technical information or infrastructure.",input\georegis\dataset.json,
1458,Qual foi o valor preditivo de porosidade?,7%,"O valor preditivo de porosidade depende do contexto em que foi analisado. Em avaliações de propriedades de reservatórios, o valor preditivo de porosidade normalmente refere-se à capacidade dessa variável prever a produtividade ou o conteúdo de hidrocarbonetos. Estudos mostram que a porosidade geralmente tem um alto valor preditivo em relação à permeabilidade e à saturação de fluidos, podendo apresentar coeficiente de correlação significativo com produção, frequentemente acima de 0,6 (ou 60%), dependendo do método utilizado e do campo analisado. Se você possui um modelo específico ou estudo, o valor preditivo pode ser apresentado como um valor estatístico (R², AUC, etc.).",1.0,1.0,"O score é 1.00 porque a resposta foi totalmente relevante, direta ao ponto e atendeu exatamente ao que foi perguntado. Excelente trabalho, continue assim!","The score is 1.00 because there are no contradictions listed, indicating the actual output is fully aligned with the retrieval context.",input\georegis\dataset.json,
1459,Quantos poços a PETROBRÁS perfurava sob regime de contrato de risco?,um,"A Petrobras não perfurava poços sob regime de ""contrato de risco"". Esses contratos foram utilizados no Brasil antes de 1997, principalmente envolvendo empresas estrangeiras, pois a Petrobras tinha o monopólio da exploração e produção de petróleo e gás natural até a abertura do mercado com a Lei do Petróleo (Lei nº 9.478/1997). Portanto, a Petrobras não trabalhava sob esse regime; ela atuava diretamente como operadora estatal, sem a necessidade de contratos de risco.",1.0,0.5,The score is 1.00 because the answer is fully relevant and directly addresses the question without any irrelevant information. Great job staying focused and concise!,"The score is 0.50 because the actual output contradicts the context by incorrectly claiming that Petrobras did not operate under a risk contract regime, while the context specifically states that the company did hold exploration rights and worked under such contracts.",input\georegis\dataset.json,
1462,O que a PETROBRÁS descobriu com o primeiro poço?,a acumulação de hidrocarbonetos do Campo de Tubarão,"A Petrobras descobriu petróleo no primeiro poço perfurado, chamado poço Dollphin, localizado na Bahia, em 1953. A descoberta confirmou a presença de petróleo no Brasil e impulsionou a criação da empresa, marcando o início da exploração petrolífera nacional.",1.0,0.6666666666666666,"A resposta recebeu a pontuação máxima porque abordou exatamente o que foi perguntado, sem incluir informações irrelevantes. Excelente trabalho em manter o foco e a clareza!","The score is 0.67 because the actual output incorrectly references the discovery of petroleum in the Dollphin well in Bahia in 1953, while the context specifically states that the hydrocarbon accumulation was discovered by PETROBRÁS in the Tubarão field with the pioneering well 1-PRS-4 in 1988, showing a partial mismatch.",input\georegis\dataset.json,
1464,O que a continuidade do processo de exploração permitiu identificar a constância?,reservatórios,"A continuidade do processo de exploração permitiu identificar a constância ao possibilitar a observação de padrões, regularidades ou características que se mantêm ao longo do tempo ou das diferentes situações analisadas. Isso ocorre porque, ao explorar continuamente, é possível coletar mais dados e evidências que comprovam e reforçam a existência de elementos constantes no fenômeno estudado.",1.0,1.0,"Ótimo trabalho! A resposta foi totalmente relevante, respondendo diretamente ao que foi perguntado sem apresentar conteúdo irrelevante.",The score is 1.00 because there are no contradictions—everything in the output aligns perfectly with the retrieval context. Great job staying faithful to the source!,input\georegis\dataset.json,
1465,Quantos poços foram perfurados na acumulação de hidrocarbonetos do Campo de Tubarão?,um,"No Campo de Tubarão, foram perfurados **seis poços** para exploração e produção de hidrocarbonetos.",1.0,1.0,A pontuação é 1.00 porque a resposta foi completamente relevante e respondeu diretamente à pergunta sem incluir informações irrelevantes. Excelente trabalho mantendo o foco!,The score is 1.00 because there are no contradictions—great job maintaining faithfulness to the retrieval context!,input\georegis\dataset.json,
1466,Quantos poços a PETROBRÁS perfurava no início de 1988?,um,"No início de 1988, a Petrobras perfurava cerca de **450 poços por ano**.",1.0,1.0,The score is 1.00 because the answer was completely relevant and addressed the question perfectly. Great job staying focused on the input!,The score is 1.00 because there are no contradictions—great job staying perfectly accurate to the retrieval context!,input\georegis\dataset.json,
1467,Quem descobriu a acumulação de hidrocarbonetos do Campo de Tubarão?,a PETROBRÁS,"A acumulação de hidrocarbonetos do Campo de Tubarão, localizado na Bacia de Campos, foi descoberta pela Petrobras.",0.5,1.0,"The score is 0.50 because the answer included irrelevant information about the location of the Campo de Tubarão, which did not address who discovered the hydrocarbon accumulation. The score is not lower because at least some related context was provided.","The score is 1.00 because there are no contradictions, showing the actual output is perfectly aligned with the retrieval context. Great job!",input\georegis\dataset.json,
1468,A que profundidade foram identificadas as rochas-reservatório do Campo de Tubarão?,a partir de -4 540 m,As rochas-reservatório do Campo de Tubarão foram identificadas a profundidades entre 2.800 e 3.050 metros.,1.0,0.0,O score está em 1.00 porque todas as informações fornecidas foram totalmente relevantes e diretamente relacionadas à pergunta feita. Excelente trabalho mantendo o foco na resposta!,"The score is 0.00 because the actual output incorrectly states that the reservoir rocks of the Tubarão Field are located between 2,800 and 3,050 meters, whereas the retrieval context specifies they are identified from -4,540 meters. This misrepresentation of depth is a direct and clear contradiction.",input\georegis\dataset.json,
1469,Qual foi a coluna de hidrocarbonetos constatada no Campo de Tubarão?,255 m,"No Campo de Tubarão, localizado na Bacia do Espírito Santo, a coluna de hidrocarbonetos constatada foi de aproximadamente 120 metros de espessura, composta principalmente por óleo leve.",0.6666666666666666,0.0,"The score is 0.67 because the answer discussed the location of the Campo de Tubarão instead of addressing the specific question about the hydrocarbon column. However, it retained some relevance by mentioning the field in question.","The score is 0.00 because the actual output contradicts the retrieval context in two ways: it incorrectly states the hydrocarbon column thickness as approximately 120 meters instead of 255 meters, and claims it is composed mainly of light oil, which the context does not specify. These substantial discrepancies justify the lowest faithfulness score.",input\georegis\dataset.json,
1471,"Quais códigos foram utilizados para os reservatórios da porção superior, média e inferior da acumulação no Campo de Tubarão?","B1, B2 e B3","Os códigos utilizados para os reservatórios da porção superior, média e inferior da acumulação no Campo de Tubarão são, respectivamente:- Superior: KB - Médio: KC - Inferior: KD",1.0,0.0,"O score é 1.00 porque a resposta está totalmente relevante e focada na pergunta, sem incluir informações irrelevantes. Excelente trabalho respondendo de forma precisa!","The score is 0.00 because the actual output incorrectly uses the codes KB, KC, and KD for the upper, middle, and lower reservoirs, while the retrieval context clearly states the correct codes are B1, B2, and B3, respectively. This direct contradiction fully justifies a score of zero.",input\georegis\dataset.json,
1472,Quem descobriu a acumulação de hidrocarbonetos do Campo de Tubarão?,PETROBRÁS,"A acumulação de hidrocarbonetos do Campo de Tubarão, localizado na Bacia de Campos, Brasil, foi descoberta pela Petrobras em 1986.",0.5,0.0,"O score é 0.50 porque a resposta mencionou a localização da acumulação de hidrocarbonetos, que não aborda quem a descobriu, mas ainda ficou parcialmente relevante por tratar do campo mencionado.","The score is 0.00 because the actual output incorrectly claims the hydrocarbon accumulation in the Tubarão Field was discovered in 1986, while the retrieval context clearly states this occurred at the beginning of 1988. This contradiction justifies the lowest faithfulness score.",input\georegis\dataset.json,
1473,Em que profundidade foi identificada a seqüência carbonática Guarujá Inferior?,-4 540 m,"A sequência carbonática Guarujá Inferior foi identificada em profundidades que variam geralmente entre 4.000 e 5.500 metros nas bacias do Sudeste do Brasil, principalmente na Bacia de Santos.",1.0,1.0,The score is 1.00 because the response fully addresses the question without any irrelevant information. Great job providing a focused and accurate answer!,The score is 1.00 because there are no contradictions present. The actual output aligns perfectly with the retrieval context!,input\georegis\dataset.json,
1474,Qual é a extensão da coluna de hidrocarbonetos encontrada no Campo de Tubarão?,255 m,A extensão da coluna de hidrocarbonetos encontrada no Campo de Tubarão é de aproximadamente 175 metros.,1.0,0.0,"O score é 1.00 porque a resposta abordou diretamente a pergunta feita, sem apresentar nenhuma informação irrelevante. Excelente foco!","The score is 0.00 because the actual output incorrectly states the hydrocarbon column length as 175 meters, while the retrieval context confirms it is 255 meters, showing a clear contradiction.",input\georegis\dataset.json,
1475,Quais são os valores preditivos de porosidade para as rochas-reservatório do Campo de Tubarão?,em torno de 7%,"Os valores preditivos de porosidade para as rochas-reservatório do Campo de Tubarão, na Bacia de Campos (Brasil), geralmente variam de 15% a 25% para os principais reservatórios arenosos. Esses valores podem variar localmente de acordo com o tipo de rocha, grau de diagênese e outras características geológicas específicas do campo. Em alguns intervalos mais favoráveis, porosidades superiores a 25% podem ser encontradas, enquanto zonas mais compactadas podem apresentar valores abaixo de 15%.",1.0,0.5,"Ótimo trabalho! A resposta foi totalmente relevante ao responder diretamente à pergunta sobre os valores preditivos de porosidade das rochas-reservatório do Campo de Tubarão, sem incluir informações desnecessárias.","The score is 0.50 because the actual output mentions porosity values between 15% and 25% and values above 25%, which contradicts the retrieval context that specifies porosity ranges from 12% to 24% and does not reference values above 25%.",input\georegis\dataset.json,
1476,Como os reservatórios do Campo de Tubarão foram subdivididos?,"Utilizaram-se os códigos B1, B2 e B3,","Os reservatórios do Campo de Tubarão foram subdivididos em três principais unidades: Carapebus, Barracuda e Argila. Essas subdivisões baseiam-se em características estratigráficas e propriedades petrofísicas distintas identificadas durante a exploração e produção no campo.",0.6666666666666666,0.5,"The score is 0.67 because, embora a resposta aborde a identificação das características, ela não explica o processo ou critério pelo qual os reservatórios do Campo de Tubarão foram subdivididos, limitando a relevância da resposta ao que foi perguntado.","The score is 0.50 because the actual output incorrectly subdivides the reservoirs as Carapebus, Barracuda, and Argila, while the retrieval context specifies B1, B2, and B3 as the subdivisions. This partial misalignment warrants a moderate faithfulness score.",input\georegis\dataset.json,
1477,Qual é o termo usado para descrever a geologia das seqüências fanerozóicas ocorrentes dentro das fronteiras da Bacia do São Francisco?,Bacia Sanfranciscana,"O termo usado é ""Cobertura Fanerozóica"".",1.0,0.0,"Ótimo trabalho! A resposta foi totalmente relevante, sem informações desnecessárias ou irrelevantes.","The score is 0.00 because the actual output incorrectly states that Sgarbi et al. use the term 'Cobertura Fanerozóica', while the retrieval context clarifies that the correct term used by them is 'Bacia Sanfranciscana'. This contradiction fully justifies the lowest score.",input\georegis\dataset.json,
1478,Qual grupo é o único remanescente erosional paleozóico de coberturas intracratônicas mais amplas?,Grupo Santa Fé,O único grupo remanescente erosional paleozóico de coberturas intracratônicas mais amplas é o **Grupo Bauru**.,1.0,0.0,A resposta alcançou pontuação máxima porque todos os elementos da resposta são diretamente relevantes à pergunta e não há afirmações irrelevantes. Excelente trabalho! Continue assim.,"The score is 0.00 because the actual output incorrectly identifies the Grupo Bauru as the sole erosional remnant of wider Paleozoic intracratonic covers, when the context specifies that this remnant is actually the Grupo Santa Fé.",input\georegis\dataset.json,
1479,Quantas unidades cretácicas formam chapadas e tabuleiros na Bacia do São Francisco?,Três,"Na Bacia do São Francisco, duas unidades cretácicas principais formam chapadas e tabuleiros: o Grupo Urucuia e a Formação Areado.",1.0,0.0,"Excelente trabalho! A resposta foi totalmente relevante, abordando exatamente o que foi solicitado sem incluir informações desnecessárias.","The score is 0.00 because the actual output incorrectly states that only two continental Cretaceous units form plateau and tableland features and mentions the 'Formação Areado' and 'Grupo Urucuia', while the context says there are three units, one of which is the 'Grupo Areado', and the 'Grupo Urucuia' is not listed among them. This demonstrates a complete contradiction between the actual output and the retrieval context.",input\georegis\dataset.json,
1480,Que grupo foi quebrado durante a sedimentação do Grupo Areado?,Supercontinente Gondwana,O Grupo Areado foi quebrado pelo Grupo Bauru durante a sedimentação.,0.0,1.0,"The score is 0.00 because the actual output inverted the statement, discussing which group broke the Grupo Areado rather than answering which group was broken during the Grupo Areado's sedimentation. This irrelevance completely prevents the answer from addressing the question.",The score is 1.00 because there are no contradictions. The actual output aligns perfectly with the retrieval context. Great job keeping everything consistent!,input\georegis\dataset.json,
1481,Que estudo foi realizado em Sgarbi et al.?,A geologia das seqüências fanerozóicas ocorrentes dentro dos limites da Bacia do São Francisco,"Sgarbi et al. realizaram um estudo de revisão sistemática sobre os dados epidemiológicos, clínicas e laboratoriais relacionados ao hipotireoidismo congênito no Brasil, analisando a triagem neonatal e seu impacto na detecção da doença.",1.0,0.0,O score é 1.00 porque todas as informações apresentadas respondem diretamente à pergunta e não há conteúdos irrelevantes. Ótimo trabalho mantendo o foco na resposta!,"The score is 0.00 because the actual output incorrectly attributed studies on congenital hypothyroidism, neonatal screening, and medical data to Sgarbi et al., when the retrieval context only confirms they reviewed the Phanerozoic geology of the São Francisco Basin, not health or epidemiological topics. This demonstrates a complete contradiction between the output and the context.",input\georegis\dataset.json,
1482,Qual é o termo usado para descrever o registro geológico fanerozóico da Bacia do São Francisco?,Bacia Sanfranciscana,"O termo utilizado é ""Cobertura Fanerozóica"".",1.0,0.0,A pontuação é 1.00 porque a resposta foi totalmente relevante e respondeu diretamente à pergunta sem incluir informações desnecessárias. Ótimo trabalho em manter o foco na pergunta!,The score is 0.00 because the actual output incorrectly uses the term 'Cobertura Fanerozóica' while the context specifies that Sgarbi et al. use 'Bacia Sanfranciscana' for the sedimentary/volcanic record. This misalignment represents a complete contradiction.,input\georegis\dataset.json,
1483,Qual grupo é o único remanescente erosional paleozóico que possui coberturas intracratônicas mais amplas?,Grupo Santa Fé,O grupo que é o único remanescente erosional paleozóico com coberturas intracratônicas mais amplas é o Grupo Bauru.,1.0,0.0,"A pontuação é 1.00 porque a resposta foi totalmente relevante, direta à dúvida e não continha informações irrelevantes. Continue assim, excelente trabalho!","The score is 0.00 because the actual output incorrectly claims that the Grupo Bauru is the only remanescente erosional paleozóico, while the context clearly states it is the Grupo Santa Fé, making the output entirely unfaithful to the source.",input\georegis\dataset.json,
1485,Qual é a única seqüência erosional paleozóica que existe em toda a bacia?,O Grupo Santa Fé,A única sequência erosional paleozóica que existe em toda a Bacia do Paraná é a discordância entre o Grupo Itararé e o Grupo Rio do Rastro.,1.0,1.0,"Ótimo trabalho! A resposta foi totalmente relevante e abordou precisamente o que foi perguntado, sem nenhuma informação irrelevante.","The score is 1.00 because there are no contradictions, indicating that the actual output aligns perfectly with the retrieval context. Great work!",input\georegis\dataset.json,
1486,Qual grupo é o único remanescente erosional paleozóico que possui coberturas intracratônicas mais amplas?,O Grupo Santa Fé,O grupo Bauru é o único remanescente erosional paleozóico que possui coberturas intracratônicas mais amplas.,1.0,0.0,"Ótimo trabalho! A resposta foi totalmente relevante e abordou exatamente o que foi solicitado, sem incluir informações desnecessárias.","The score is 0.00 because the actual output incorrectly states that Grupo Bauru is the remanescente erosional paleozóico, whereas the contradiction specifies that only Grupo Santa Fé holds this distinction according to the context.",input\georegis\dataset.json,
1487,Qual é o nome da seqüência fanerozóica da Bacia do São Francisco?,Bacia Sanfranciscana,O nome da sequência fanerozóica da Bacia do São Francisco é Grupo Bambuí.,1.0,0.0,A resposta recebeu a pontuação máxima porque abordou diretamente a pergunta sem incluir informações irrelevantes. Ótimo trabalho mantendo o foco e a clareza!,"The score is 0.00 because the actual output contradicts the context by incorrectly stating that the name of the Phanerozoic sequence is Grupo Bambuí, when Sgarbi et al. actually use Bacia Sanfranciscana for the Phanerozoic sedimentary/volcanic record and not Grupo Bambuí.",input\georegis\dataset.json,
1488,Quem escreveu a geologia das seqüências fanerozóicas?,Sgarbi et al.,"O livro ""A geologia das seqüências fanerozóicas"" foi escrito por Vail, Peter R. Peter R. Vail é um dos principais autores associados ao desenvolvimento da Estratigrafia de Sequências.",1.0,1.0,"Perfeito! Não há informações irrelevantes na resposta, ficou totalmente focada no que foi perguntado. Ótimo trabalho!",The score is 1.00 because there are no contradictions listed. The actual output perfectly aligns with the retrieval context. Well done on ensuring full faithfulness!,input\georegis\dataset.json,
1489,Que tipo de ambiente tectônico prevalecia durante a sedimentação do Grupo Areado?,distensional,"Durante a sedimentação do Grupo Areado, prevalecia um ambiente tectônico de rifte intracontinental.",1.0,1.0,"A pontuação é 1.00 porque a resposta abordou diretamente o ambiente tectônico durante a sedimentação do Grupo Areado, sem apresentar informações irrelevantes. Excelente objetividade!",The score is 1.00 because there are no contradictions found between the actual output and the retrieval context. Great job maintaining full alignment!,input\georegis\dataset.json,
1491,Qual é o único remanescente paleozóico de coberturas intracratônicas mais amplas?,O Grupo Santa Fé,O único remanescente paleozóico de coberturas intracratônicas mais amplas é o Grupo Bauru.,0.0,0.0,"The score is 0.00 because the response incorrectly refers to the Grupo Bauru as Mesozoic instead of Paleozoic, making the statement irrelevant and not addressing the actual question about Paleozoic remnants.","The score is 0.00 because the actual output wrongly identifies the Grupo Bauru as the only remanescente erosional paleozóico of broader intracratonic covers, while the context states it is actually the Grupo Santa Fé, making the output completely unfaithful to the retrieval context.",input\georegis\dataset.json,
1492,Qual grupo começa com extrusão de rochas vulcânicas e subvulcânicas kamafugíticas datadas em torno de 90 a 80 Ma?,Grupo Mata da Corda,O grupo que começa com extrusão de rochas vulcânicas e subvulcânicas kamafugíticas datadas em torno de 90 a 80 Ma é o **Grupo Paraná**.,1.0,0.0,"Ótimo trabalho! O score é 1.00 porque todas as informações apresentadas foram totalmente relevantes à pergunta, mantendo o foco no que era solicitado.","The score is 0.00 because the actual output incorrectly stated that the Grupo Paraná initiates with extrusão de rochas vulcânicas e subvulcânicas kamafugíticas datadas em torno de 90-80 Ma, while the retrieval context affirms this is characteristic of the Grupo Mata da Corda, not Grupo Paraná.",input\georegis\dataset.json,
1493,Qual é o termo para o registro sedimentar fanerozóico da Bacia do São Francisco?,Bacia Sanfranciscana,"O termo para o registro sedimentar fanerozóico da Bacia do São Francisco é ""Grupo Bambuí"".",1.0,0.0,"Ótimo trabalho! A resposta está perfeitamente relevante ao que foi perguntado, sem nenhuma informação desnecessária.","The score is 0.00 because the actual output incorrectly refers to the Phanerozoic sedimentary/volcanic record of the São Francisco Basin as the 'Grupo Bambuí', while according to Sgarbi et al., the correct term is 'Bacia Sanfranciscana', clearly contradicting the retrieval context.",input\georegis\dataset.json,
1494,Quem revisou a geologia das seqüências fanerozóicas da Bacia do São Francisco?,Sgarbi et al.,"A revisão da geologia das sequências fanerozóicas da Bacia do São Francisco foi realizada por Álvaro P.P. Carvalho e colaboradores, notadamente em artigos como ""Geologia das sequências fanerozóicas da Bacia do São Francisco"" publicado em 2003, além de trabalhos de T.P. Kawashita, J.C. Silva, R.B. Santos e outros pesquisadores ao longo das últimas décadas.",1.0,0.6666666666666666,"A pontuação é 1.00 porque todas as informações fornecidas respondem diretamente à pergunta, sem apresentar declarações irrelevantes. Ótimo trabalho mantendo o foco na resposta!","The score is 0.67 because the actual output incorrectly attributes the review of the geology of the Phanerozoic sequences of the São Francisco Basin to Álvaro P.P. Carvalho and collaborators, while the retrieval context states it was done by Sgarbi et al. This attribution error justifies the moderate score.",input\georegis\dataset.json,
1495,Qual foi o ambiente tectônico prevalente durante a sedimentação do Grupo Areado?,distensional,"O ambiente tectônico prevalente durante a sedimentação do Grupo Areado foi de tipo rifte intracontinental, relacionado à abertura da Bacia do São Francisco durante o Cretáceo.",1.0,1.0,O score é 1.00 porque todas as informações fornecidas foram relevantes e responderam diretamente à pergunta. Ótimo trabalho em manter o foco e responder exatamente ao que foi solicitado!,The score is 1.00 because there are no contradictions present—excellent alignment with the retrieval context!,input\georegis\dataset.json,
1496,Qual grupo iniciou - se com extrusão de rochas vulcânicas e subvulcânicas kamafugíticas datadas em torno de 90 - 80 Ma?,O Grupo Mata da Corda,"O grupo que iniciou-se com extrusão de rochas vulcânicas e subvulcânicas kamafugíticas datadas em torno de 90–80 Ma é o Grupo Paraná do Complexo Alcalino de Alto Paranaíba, especialmente relacionado aos eventos magmáticos kamafugíticos na região do Alto Paranaíba, em Minas Gerais.",1.0,0.0,"Excelente trabalho! Toda a resposta foi relevante e focada na pergunta, sem adicionar informações desnecessárias.","The score is 0.00 because the actual output incorrectly refers to the Grupo Paraná instead of the Grupo Mata da Corda, despite the retrieval context clearly stating that extrusão de rochas vulcânicas e subvulcânicas kamafugíticas (90-80 Ma) belong to Grupo Mata da Corda. This is a direct contradiction.",input\georegis\dataset.json,
1497,Qual é o único remanescente erosional paleozóico de coberturas intracratônicas mais amplas que eventualmente existiu na Bacia do São Francisco?,O Grupo Santa Fé,O único remanescente erosional paleozóico de coberturas intracratônicas mais amplas na Bacia do São Francisco é o **Grupo Bambuí**.,1.0,0.0,"A pontuação é 1.00 porque a resposta foi totalmente relevante, focada e atendeu perfeitamente ao que foi pedido. Ótimo trabalho, continue assim!","The score is 0.00 because the actual output incorrectly states that the Grupo Bambuí is the only erosional paleozóic remnant of broader intracratonic covers in the São Francisco Basin, while the contradiction clearly shows that the correct group is Grupo Santa Fé, not Grupo Bambuí.",input\georegis\dataset.json,
1498,Qual grupo iniciou - se com extrusão de rochas vulcânicas e subvulcânicas kamafugíticas datadas em torno de 90 - 80 Ma?,Grupo Mata da Corda,O grupo que iniciou-se com extrusão de rochas vulcânicas e subvulcânicas kamafugíticas datadas em torno de 90–80 Ma é o **Grupo Mata da Corda**.,1.0,1.0,Excelente trabalho! Toda a resposta foi relevante e respondeu diretamente à pergunta sem incluir informações desnecessárias.,The score is 1.00 because there are no contradictions—great job maintaining perfect alignment between the actual output and retrieval context!,input\georegis\dataset.json,
1499,Quais autores utilizam o termo Bacia Sanfranciscana para o registro sedimentar/vulcânico fanerozóico da Bacia do São Francisco?,Sgarbi et al.,"Autores como Almeida (1977), Hasui (2012), e Karfunkel et al. (2017) utilizam o termo ""Bacia Sanfranciscana"" para se referir ao registro sedimentar/vulcânico fanerozóico na Bacia do São Francisco. Esses trabalhos destacam a diferenciação entre o embasamento pré-cambriano e as sequências fanerozóicas que recobrem a região.",1.0,1.0,"O score é 1.00 porque a resposta está totalmente relevante ao que foi perguntado, sem nenhuma declaração irrelevante. Ótimo trabalho mantendo o foco na questão!","The score is 1.00 because no contradictions were identified, showing that the actual output matched the retrieval context perfectly. Great job on maintaining accuracy!",input\georegis\dataset.json,
1500,O que o Grupo Santa Fé representa na geologia da Bacia do São Francisco?,o único remanescente erosional paleozóico de coberturas intracratônicas mais amplas,"O Grupo Santa Fé, na geologia da Bacia do São Francisco, representa uma sequência de rochas sedimentares pertencente ao Proterozoico, principalmente compostas por pelitos, arenitos e conglomerados. Ele corresponde a parte da Supersequência Espinhaço Superior, sendo importante para o entendimento da evolução tectono-sedimentar da bacia, indicando ambientes de deposição flúvio-glaciais, lacustres e deltaicos. O Grupo Santa Fé é relevante também para estudos sobre mudanças paleoclimáticas e tectônicas ocorridas durante o Neoproterozoico nessa região.",1.0,0.75,"O score é 1.00 porque a resposta está totalmente focada na pergunta, sem nenhum comentário irrelevante. Ótimo trabalho mantendo a explicação concisa e objetiva!","The score is 0.75 because the actual output incorrectly identified the Grupo Santa Fé as related to the Proterozoic, when the retrieval context specifies it is a Paleozoic erosional remnant with lithologies correlating to the Permocarboniferous period.",input\georegis\dataset.json,
1501,Qual a natureza das três unidades cretácicas que formam chapadas e tabuleiros na Bacia do São Francisco?,de natureza continental,"As três unidades cretácicas que formam chapadas e tabuleiros na Bacia do São Francisco são de natureza sedimentar, constituídas predominantemente por arenitos e conglomerados. Essas unidades correspondem aos grupos Urucuia, Areado e Mata-da-Corda, e são responsáveis por relevo plano a levemente ondulado típico das chapadas e tabuleiros da região.",0.75,1.0,"O score é 0.75 porque, apesar da resposta abordar parcialmente o tema, incluiu informações sobre a formação do relevo (consequência geomorfológica) que não respondem diretamente sobre a natureza das unidades cretácicas, reduzindo assim a relevância.","The score is 1.00 because there are no contradictions, indicating the actual output is perfectly faithful to the retrieval context. Great job maintaining accuracy!",input\georegis\dataset.json,
1502,Qual o ambiente tectônico prevalente durante a sedimentação do Grupo Areado na Bacia do São Francisco?,distensional,"O ambiente tectônico prevalente durante a sedimentação do Grupo Areado na Bacia do São Francisco foi de tectonismo distensional (rifteamento pós-colisional), caracterizado por subsidência extensiva associada à abertura e ao desenvolvimento de riftes que marcaram o estágio inicial da fase fanerozoica da bacia.",1.0,1.0,A pontuação é 1.00 porque a resposta está totalmente alinhada com a pergunta e não contém informações irrelevantes. Excelente precisão!,The score is 1.00 because there are no contradictions—excellent work staying faithful to the retrieval context!,input\georegis\dataset.json,
1504,Quais autores revisaram a geologia das seqüências fanerozóicas da Bacia do São Francisco de maneira abrangente?,Sgarbi et al.,"Autores que revisaram de maneira abrangente a geologia das sequências fanerozóicas da Bacia do São Francisco incluem, principalmente, Uhlein et al. (1998), Reis et al. (2013) e Dardenne & Freitas-Silva (1999). Esses trabalhos sintetizam a estratigrafia, sedimentologia e evolução tectônica das unidades fanerozóicas da bacia.",1.0,0.5,O score é 1.00 porque todas as informações apresentadas são completamente relevantes e respondem diretamente à pergunta. Excelente trabalho mantendo o foco na questão!,"The score is 0.50 because the actual output incorrectly attributed the revision of the geology of the Phanerozoic sequences of the São Francisco Basin to Uhlein et al. (1998), Reis et al. (2013), or Dardenne & Freitas-Silva (1999), while the context states it was done by Sgarbi et al. This clear contradiction reduces faithfulness.",input\georegis\dataset.json,
1505,O que é o Grupo Santa Fé?,o único remanescente erosional paleozóico de coberturas intracratônicas mais amplas,"O Grupo Santa Fé é uma empresa brasileira que atua principalmente nos setores de agronegócio, logística, energia e bens de consumo. Ele foi fundado em Goiás e é conhecido pela produção de grãos, pecuária, transporte e operações logísticas integradas. O grupo também tem atuação relevante em exportações e é um dos principais conglomerados empresariais do Centro-Oeste do Brasil.",1.0,0.4,"O score é 1.00 porque a resposta foi totalmente relevante, sem informações desnecessárias. Ótimo trabalho!","The score is 0.40 because the actual output incorrectly describes Grupo Santa Fé as a Brazilian company involved in agribusiness, logistics, energy, or consumer goods, whereas the retrieval context clearly refers to it as a geological unit, not a business entity.",input\georegis\dataset.json,
1506,O que os diamictitos/tilitos/fácies tilóides e folhelhos com dropstones basais do Grupo Santa Fé apontam?,para uma unidade crono-correlata aos sedimentos permocarboníferos glaciais do Grupo Itararé da Bacia do Paraná,"Os diamictitos/tilitos/fácies tilóides e folhelhos com dropstones basais do Grupo Santa Fé apontam para influência glacial e/ou glacimarinha durante sua deposição. Esses litotipos indicam episódios de condições frias, possivelmente relacionadas a eventos de glaciação, com transporte e deposição de sedimentos por geleiras ou icebergs, caracterizando um ambiente de sedimentação associado a glaciações.",1.0,1.0,"Excelente trabalho! A resposta está totalmente relevante ao que foi perguntado, sem apresentar informações irrelevantes.",The score is 1.00 because there are no contradictions; the actual output is perfectly faithful to the retrieval context. Great job!,input\georegis\dataset.json,
1508,Em que ambiente tectônico ocorreu a sedimentação do Grupo Areado?,"distensional, provável reflexo intracontinental do quebramento do Supercontinente Gondwana","A sedimentação do Grupo Areado ocorreu em ambiente tectônico de bacia rifte (rifteamento), associado à abertura do Atlântico Sul durante o Cretáceo, na Bacia do São Francisco.",0.6666666666666666,1.0,"The score is 0.67 because although the answer mentioned the geographic location (Bacia do São Francisco), it did not address the specific tectonic environment of Areado Group sedimentation as requested, leaving the main point of the question partially unanswered.","The score is 1.00 because there are no contradictions listed, indicating that the actual output is perfectly aligned with the retrieval context. Excellent job maintaining faithfulness!",input\georegis\dataset.json,
1510,Que documento alterou o direito de propriedade dos recursos minerais do Brasil?,a Constituição de 1891,"A Constituição Federal de 1988 alterou o direito de propriedade dos recursos minerais do Brasil, estabelecendo que esses recursos são propriedade da União, independentemente de quem seja o proprietário do solo.",1.0,1.0,A nota é 1.00 porque a resposta focou diretamente na pergunta sem apresentar informações irrelevantes. Ótimo trabalho em manter a resposta sucinta e focada!,The score is 1.00 because there are no contradictions—the actual output aligns perfectly with the retrieval context. Great job maintaining accuracy!,input\georegis\dataset.json,
1511,Quem criou o primeiro órgão brasileiro dedicado à Geologia?,Afonso Augusto Penna,"O primeiro órgão brasileiro dedicado à Geologia foi criado por D. Pedro II, que fundou a Comissão Geológica do Império do Brasil, em 1875.",1.0,0.0,"A pontuação é 1.00 porque a resposta atendeu perfeitamente à pergunta sem adicionar informações irrelevantes. Excelente trabalho, continue assim!","The score is 0.00 because the actual output incorrectly states that the first Brazilian geology organization was created by D. Pedro II in 1875, while the retrieval context confirms it was established in 1907 by President Afonso Augusto Penna as the Serviço Geológico e Mineralógico do Brasil (SGMB), making the date, the responsible person, and the organization's name all inaccurate.",input\georegis\dataset.json,
1512,Onde foi perfurado o primeiro poço de petróleo?,"Marechal Mallet, no Paraná,","O primeiro poço de petróleo foi perfurado em Titusville, Pensilvânia, Estados Unidos, em 1859.",1.0,1.0,"Ótimo trabalho! A resposta foi totalmente relevante ao abordar diretamente o local de perfuração do primeiro poço de petróleo, sem incluir informações irrelevantes.","The score is 1.00 because there are no contradictions listed, indicating that the actual output aligns perfectly with the retrieval context.",input\georegis\dataset.json,
1514,Qual foi o código de 1934 que revogou o direito de propriedade mineral do solo?,"o Código de Minas de 1934,","O Código de Minas de 1934 foi o responsável por revogar o direito de propriedade mineral do solo no Brasil. Com ele, as substâncias minerais passaram a ser consideradas propriedade distinta da do solo, pertencendo à União, cabendo ao Estado conceder o direito de exploração.",1.0,1.0,"O score é 1.00 porque todas as informações fornecidas estão diretamente relacionadas à pergunta, sem nenhum conteúdo irrelevante. Excelente resposta!","The score is 1.00 because there are no contradictions, indicating the actual output aligns perfectly with the retrieval context. Great job!",input\georegis\dataset.json,
1516,Onde foi perfurado o primeiro poço de petróleo?,"Marechal Mallet, no Paraná","O primeiro poço de petróleo foi perfurado em 1859, em Titusville, Pensilvânia, Estados Unidos.",1.0,1.0,"O score é 1.00 porque a resposta abordou exatamente a questão feita, sem incluir nenhuma informação irrelevante. Excelente trabalho em manter o foco na pergunta!","The score is 1.00 because there are no contradictions reported, indicating the actual output aligns fully with the retrieval context. Great job on maintaining perfect faithfulness!",input\georegis\dataset.json,
1518,Qual foi o primeiro órgão brasileiro dedicado à geologia?,Serviço Geológico e Mi-neralógico do Brasil,"O primeiro órgão brasileiro dedicado à geologia foi a Comissão Geológica do Império do Brasil, criada em 1875.",1.0,1.0,"O score é 1.00 porque a resposta está totalmente relevante, focada diretamente na pergunta e não inclui informações desnecessárias. Ótimo trabalho!",The score is 1.00 because there are no contradictions listed; the actual output is fully aligned with the retrieval context. Keep up the great work!,input\georegis\dataset.json,
1520,"Quem foi o ministro da Indústria, Viação e Obras Públicas?",Miguel Calmon du Pin e Almeida,"O Ministro da Indústria, Viação e Obras Públicas foi uma posição existente no Brasil durante o período imperial e início da República. Diversas pessoas ocuparam esse cargo ao longo do tempo, sendo uma delas Irineu Evangelista de Sousa, o Barão de Mauá, que foi ministro desse ministério no ano de 1856.",1.0,1.0,"A pontuação é 1,00 porque toda a resposta foi relevante e focada na pergunta feita. Ótimo trabalho em manter a resposta objetiva e clara!","The score is 1.00 because there are no contradictions listed, indicating the actual output aligns perfectly with the retrieval context. Great job maintaining accuracy!",input\georegis\dataset.json,
1521,Que documento alterou a propriedade dos recursos minerais do Brasil?,a Constituição de 1891,"A Constituição Federal de 1934 foi o documento que alterou a propriedade dos recursos minerais do Brasil, transferindo-os para domínio da União.",1.0,1.0,"O score é 1.00 porque a resposta abordou diretamente a pergunta, sem incluir informações irrelevantes. Ótimo trabalho respondendo com precisão!",The score is 1.00 because there are absolutely no contradictions listed. The actual output aligns perfectly with the retrieval context. Great job!,input\georegis\dataset.json,
1522,Quando os empresários privados mantiveram a concessão de minérios e petróleo?,em 1889,"Os empresários privados mantiveram a concessão de minérios e petróleo no Brasil até a década de 1950. A partir daí, o Estado passou a controlar essas atividades, com a criação de empresas estatais como a Petrobras (1953) e a Companhia Vale do Rio Doce (1942), que restringiram a participação privada nos setores de petróleo e mineração.",1.0,1.0,"O score é 1.00 porque todas as informações fornecidas foram totalmente relevantes e diretamente relacionadas à pergunta, excelente trabalho!",The score is 1.00 because there are no contradictions; the actual output aligns perfectly with the retrieval context. Great job staying faithful to the source!,input\georegis\dataset.json,
1523,Em que ano foi promulgada a Constituição?,1891,A Constituição do Brasil foi promulgada em 1988.,1.0,1.0,"Ótimo trabalho! A resposta foi totalmente relevante ao abordar precisamente o ano de promulgação da Constituição, sem informações desnecessárias.","The score is 1.00 because there are no contradictions listed, indicating that the actual output aligns perfectly with the retrieval context. Great job on maintaining faithfulness!",input\georegis\dataset.json,
1524,Em substituição a que regime o governo Vargas substituiu?,monárquico,"O governo Vargas substituiu a República Velha, também conhecida como República Oligárquica.",1.0,1.0,"A resposta está totalmente relevante, abordando diretamente a questão sem apresentar informações irrelevantes. Ótimo trabalho em manter o foco no que foi perguntado!","The score is 1.00 because there are no contradictions listed, indicating the actual output is perfectly aligned with the retrieval context. Great job!",input\georegis\dataset.json,
1526,Em que ano o regime monárquico foi substituído pelo regime de concessões?,1889,"O regime monárquico foi substituído pelo regime de concessões no Brasil em 1889, com a Proclamação da República.",1.0,0.0,A resposta atingiu a pontuação máxima de relevância porque está completamente focada na pergunta e não apresenta informações irrelevantes. Continue assim!,"The score is 0.00 because the actual output incorrectly states that the Proclamation of the Republic in 1889 replaced the monarchy by instituting a regime of concessions, while the contradiction clearly shows that the concession instrument for mineral and petroleum research and exploitation was maintained and not substituted or instituted in 1889.",input\georegis\dataset.json,
1528,O que alterou o direito de propriedade dos recursos minerais do Brasil?,a Constituição de 1891,"O direito de propriedade dos recursos minerais no Brasil foi alterado com a Constituição Federal de 1988, que estabeleceu que os recursos minerais são propriedade da União, independentemente de quem seja o proprietário do solo. Portanto, o proprietário do terreno não possui automaticamente direito sobre os recursos minerais existentes em sua propriedade; tais recursos pertencem à União e seu aproveitamento depende de autorização ou concessão do poder público.",1.0,0.5,"O score é 1.00 porque a resposta está totalmente relevante e aborda diretamente a mudança no direito de propriedade dos recursos minerais do Brasil, sem incluir informações irrelevantes. Ótimo trabalho mantendo o foco!","The score is 0.50 because the actual output incorrectly attributes the change regarding ownership of subsoil to the 1988 Constitution, while the contradiction clarifies that this change was established by the 1934 Constitution and the Código de Minas, which separated surface and subsoil ownership, making the subsoil property of the Union.",input\georegis\dataset.json,
1529,Quando foi promulgada a Constituição do Brasil?,1891,A Constituição do Brasil foi promulgada em 5 de outubro de 1988.,1.0,1.0,"A pontuação é 1.00 porque a resposta foi totalmente relevante e respondeu diretamente à pergunta, sem incluir informações irrelevantes. Ótimo trabalho mantendo o foco na questão!","The score is 1.00 because there are no contradictions, showing the actual output aligns perfectly with the retrieval context. Great job maintaining full faithfulness!",input\georegis\dataset.json,
1530,Em que ano foi criado o Serviço Geológico e Mineralógico do Brasil?,Em 10 de janeiro de 1907,O Serviço Geológico e Mineralógico do Brasil foi criado em 1907.,1.0,1.0,A pontuação é 1.00 porque a resposta foi totalmente relevante e não incluiu informações desnecessárias. Excelente trabalho mantendo o foco na pergunta!,"The score is 1.00 because there are no contradictions found, indicating the actual output aligns perfectly with the retrieval context. Great job!",input\georegis\dataset.json,
1531,Quem foi o presidente que criou o Serviço Geológico e Mineralógico do Brasil?,Afonso Augusto Penna,"O Serviço Geológico e Mineralógico do Brasil foi criado pelo presidente Marechal Deodoro da Fonseca, em 1907.",0.5,0.0,"The score is 0.50 because, although the actual output mentioned the creation date (1907), it failed to directly answer who the president was, making the response only partially relevant.","The score is 0.00 because the actual output incorrectly stated that Marechal Deodoro da Fonseca created the Serviço Geológico e Mineralógico do Brasil, when according to the contradiction, it was actually created in 1907 by president Afonso Augusto Penna. This shows a complete lack of faithfulness to the retrieval context.",input\georegis\dataset.json,
1532,Quem foi o ministro responsável pela sugestão de criação do Serviço Geológico e Mineralógico do Brasil?,engenheiro Miguel Calmon du Pin e Almeida,O ministro responsável pela sugestão de criação do Serviço Geológico e Mineralógico do Brasil foi José Vieira Couto de Magalhães.,1.0,0.0,"Ótimo trabalho! Toda a resposta está completamente relevante ao que foi perguntado, sem declarações desnecessárias.","The score is 0.00 because the actual output incorrectly attributes the suggestion to create the Serviço Geológico e Mineralógico do Brasil to José Vieira Couto de Magalhães, while the context clearly states it was Miguel Calmon du Pin e Almeida who was responsible.",input\georegis\dataset.json,
1533,O que o Serviço Geológico e Mineralógico do Brasil tinha como missão institucional?,pela questão do petróleo no Brasil. É,"O Serviço Geológico e Mineralógico do Brasil (SGMB), criado em 1907, tinha como missão institucional realizar o levantamento geológico e a pesquisa mineral do território brasileiro, fornecendo informações técnico-científicas para orientar o aproveitamento dos recursos minerais e contribuir para o desenvolvimento econômico do país.",0.8,1.0,"The score is 0.80 because, although the response addresses information related to the input, it focuses only on the creation date of the SGMB rather than discussing its institutional mission, which was the main point of the question.",The score is 1.00 because there are no contradictions present. The actual output perfectly aligns with the retrieval context!,input\georegis\dataset.json,
1534,Onde foi feita a primeira perfuração de um poço para exploração petrolífera pelo Estado brasileiro?,"em Marechal Mallet, no Paraná","A primeira perfuração de um poço para exploração petrolífera pelo Estado brasileiro foi realizada em Lobato, Salvador, Bahia, em 1939.",0.6666666666666666,0.0,"The score is 0.67 because the answer included extra information about the year of drilling (1939), which was not relevant to the question focused specifically on the location. However, it still partly addressed the main query, keeping the score above half.","The score is 0.00 because the actual output contradicts the retrieval context by incorrectly stating that the first oil exploration well drilled by the Brazilian State was in Lobato, Salvador, Bahia, in 1939, instead of Marechal Mallet, Paraná, in 1919 and 1920 as affirmed by the context.",input\georegis\dataset.json,
1536,Quem foi o presidente que criou o primeiro órgão brasileiro dedicado à Geologia?,Afonso Augusto Penna,"O presidente que criou o primeiro órgão brasileiro dedicado à Geologia foi Getúlio Vargas, ao instituir o Departamento Nacional de Produção Mineral (DNPM) em 1934.",1.0,0.0,"Excelente! O score é 1.00 porque a resposta abordou diretamente o que foi perguntado, sem incluir informações irrelevantes. Continue assim!","The score is 0.00 because the actual output contradicts the retrieval context by incorrectly stating that Getúlio Vargas created the first Brazilian geological organization in 1934, while the context clearly says it was established in 1907 by President Afonso Augusto Penna.",input\georegis\dataset.json,
1537,Em que ano o Estado brasileiro investiu pela primeira vez na exploração petrolífera?,1919 e 1920,"O Estado brasileiro investiu pela primeira vez na exploração petrolífera em 1938, com a criação do Conselho Nacional do Petróleo (CNP).",1.0,0.0,Ótimo trabalho! Todas as informações apresentadas são totalmente relevantes para a pergunta feita.,"The score is 0.00 because the actual output incorrectly states the first investment in oil exploration by the Brazilian State occurred only in 1938 with the CNP, while the contradiction clearly indicates that this investment actually took place during the SGMB period (1919/1920), as evidenced by the drilling in Marechal Mallet. This fundamental discrepancy justifies the lowest faithfulness score.",input\georegis\dataset.json,
1538,Quem foi o geólogo que utilizou referências à deriva continental como argumentos?,Euzébio de Oliveira,O geólogo que utilizou referências à deriva continental como argumentos foi Alfred Wegener.,1.0,0.0,The score is 1.00 because the answer was fully relevant and addressed the input directly without any irrelevant statements. Great job staying focused and providing exactly what was asked!,"The score is 0.00 because the actual output wrongly attributes the use of continental drift arguments to Alfred Wegener, while the retrieval context clearly states it was the geologist Euzébio de Oliveira who did so.",input\georegis\dataset.json,
1539,Qual é o nome do órgão brasileiro dedicado à Geologia criado em 1907?,Serviço Geológico e Mi-neralógico do Brasil.,"O nome do órgão é Serviço Geológico do Brasil, originalmente criado como Comissão de Estudos Geológicos e Mineralógicos do Brasil em 1907.",1.0,0.0,"O score é 1.00 porque toda a resposta está relevante, objetiva e foca diretamente na pergunta feita. Excelente trabalho!","The score is 0.00 because the actual output incorrectly stated the name of the organization created in 1907 as 'Comissão de Estudos Geológicos e Mineralógicos do Brasil,' while the retrieval context confirms it was 'Serviço Geológico e Mineralógico do Brasil.' This direct contradiction fully justifies the lowest possible faithfulness score.",input\georegis\dataset.json,
1541,Quais são as duas ordens que não apresentam conteúdo de resolução suficientemente alto para permitir discriminar padrões de terminação de refletores sísmicos?,4a e 5a ordens.,As duas ordens que não apresentam conteúdo de resolução suficientemente alto para permitir discriminar padrões de terminação de refletores sísmicos são a **primeira ordem** e a **segunda ordem**.,1.0,0.0,A pontuação é 1.00 porque todas as informações apresentadas são totalmente relevantes e respondem diretamente à pergunta sem conter informações irrelevantes. Ótimo trabalho mantendo o foco na resposta!,"The score is 0.00 because the actual output incorrectly states that the seismic sections lack resolution at the first and second orders, while the context clarifies that the low resolution is actually at the fourth and fifth orders. This is a clear contradiction.",input\georegis\dataset.json,
1542,O que não permite discriminar padrões de terminação de refletores sísmicos na 4a e 5a ordens?,as seções sísmicas disponíveis,"A limitação na resolução vertical dos métodos sísmicos não permite discriminar padrões de terminação de refletores sísmicos nas 4ª e 5ª ordens. Isso ocorre porque, para detectar tais padrões, seria necessário distinguir camadas muito finas (de hierarquias menores na estratigrafia de sequências), o que é inviável devido ao limite imposto pelo comprimento de onda da onda sísmica utilizada.",1.0,1.0,"A pontuação é 1.00 porque a resposta fornecida está totalmente relevante ao que foi perguntado, sem apresentar nenhum conteúdo irrelevante. Excelente trabalho em manter o foco na pergunta!","The score is 1.00 because there are no contradictions, indicating the actual output aligns perfectly with the retrieval context. Great job maintaining accuracy!",input\georegis\dataset.json,
1543,Quais são as duas ordens que não apresentam conteúdo de resolução suficientemente alto para permitir discriminar padrões de terminação de refletores sísmicos?,4a e 5a,As duas ordens que não apresentam conteúdo de resolução suficientemente alto para permitir discriminar padrões de terminação de refletores sísmicos são a **segunda** e a **terceira ordem**.,1.0,0.0,O score é 1.00 porque a resposta está totalmente relevante e não há nenhuma afirmação irrelevante — ótimo trabalho respondendo à pergunta diretamente!,"The score is 0.00 because the actual output incorrectly states that seismic reflector termination patterns cannot be discriminated in the second and third order, while the context specifies it is the fourth and fifth order that lack sufficient resolution. This is a clear factual contradiction.",input\georegis\dataset.json,
1544,"Qual foi a dificuldade de rastrear os refletores e marcadores de um rollover para outro, principalmente no sentido dlp?",intensa halocinese,"A principal dificuldade de rastrear refletores e marcadores de um rollover para outro, especialmente no sentido DLP (direção longitudinal da pista), é manter a precisão na realocação dos dispositivos devido ao deslocamento, desalinhamento e possíveis mudanças nas condições do pavimento e sinalização. Além disso, fatores como perda de referência topográfica, alterações no layout da pista e condições ambientais (como acúmulo de sujeira ou desgaste dos refletores) dificultam a identificação exata dos pontos originais. Isso pode gerar inconsistências no mapeamento e na comparação dos dados entre diferentes rollovers.",1.0,0.3333333333333333,"O score é 1.00 porque a resposta abordou de maneira completa e direta o que foi perguntado, sem incluir informações irrelevantes. Ótimo trabalho mantendo o foco na questão!","The score is 0.33 because the actual output incorrectly attributes the tracking difficulties to factors like displacement, misalignment, layout changes, environmental conditions, or wear, whereas the retrieval context clearly states that the main issue is intense halocinesis in a stratigraphic interval. This misalignment significantly reduces faithfulness.",input\georegis\dataset.json,
1545,O que não permite discriminar padrões de terminação de refletores sísmicos na 4a e 5a ordens?,conteúdo de resolução suficientemente alto,"O que não permite discriminar padrões de terminação de refletores sísmicos na 4ª e 5ª ordens é a resolução sísmica limitada. Em ordens mais altas de interpretação (4ª e 5ª) os refletores estão muito próximos ou têm espessuras inferiores à capacidade da sísmica de separá-los, tornando impossível distinguir seus padrões de terminação (como truncamento, concordância ou onlap). Isso se deve à limitação da resolução vertical e horizontal do método sísmico.",1.0,1.0,"Excelente! Não há declarações irrelevantes na resposta, mostrando que ela está perfeitamente focada na pergunta e atende totalmente ao objetivo.",The score is 1.00 because there are no contradictions listed; the actual output aligns perfectly with the retrieval context. Great job staying true to the source!,input\georegis\dataset.json,
1546,O que foi difícil de identificar?,um arcabouço estratigráfico de alta frequência,"O que foi difícil de identificar depende do contexto, mas geralmente refere-se a algo que não era claramente visível, compreensível ou perceptível em uma situação específica. Pode se referir a sintomas, causas de um problema, padrões, tendências ou qualquer elemento cuja identificação exigiu esforço ou análise detalhada.",1.0,1.0,O score é 1.00 porque a resposta está completamente relevante ao que foi perguntado. Ótimo trabalho mantendo o foco!,"The score is 1.00 because there are no contradictions, indicating that the actual output is perfectly aligned with the retrieval context. Great job staying accurate!",input\georegis\dataset.json,
1547,O que as seções sísmicas disponíveis não permitiram discriminar?,padrões de terminação de refletores sísmicos,"As seções sísmicas disponíveis não permitiram discriminar detalhes estratigráficos finos, contatos litológicos sutis ou camadas muito delgadas, especialmente aquelas abaixo do limite de resolução vertical da sísmica. Elas também podem não permitir a diferenciação precisa entre rochas com propriedades físicas semelhantes.",1.0,1.0,"Ótimo trabalho! A resposta está totalmente relevante, sem informações irrelevantes, explicando diretamente o que as seções sísmicas não permitiram discriminar.",The score is 1.00 because there are no contradictions; the actual output is perfectly aligned with the retrieval context. Outstanding faithfulness!,input\georegis\dataset.json,
1548,Em que ano Catunea - nu publicou seus estudos?,2006,Catunea-Nu publicou seus estudos em 1968.,1.0,1.0,A pontuação é 1.00 porque todas as informações fornecidas eram relevantes e diretamente relacionadas à pergunta. Excelente trabalho mantendo o foco na resposta!,"The score is 1.00 because there are no contradictions, indicating the actual output is fully aligned with the retrieval context. Great job keeping everything consistent!",input\georegis\dataset.json,
1549,O que foi responsável pelo rastreamento dos refletores e marcadores de um rollover para outro?,intensa halocinese,"O rastreamento dos refletores e marcadores de um rollover para outro é normalmente realizado por sistemas de visão ou sensores de posição, que acompanham a localização precisa desses elementos durante a movimentação (rollover). Esses sistemas garantem a sincronização, o alinhamento e a correta identificação dos refletores e marcadores, utilizando câmeras, lasers, ou outros dispositivos ópticos para monitorar suas posições em tempo real, permitindo que o processo ocorra de forma controlada e segura.",1.0,0.0,A pontuação é 1.00 porque toda a resposta foi totalmente relevante e diretamente relacionada à questão apresentada. Excelente trabalho mantendo o foco no assunto!,"The score is 0.00 because the actual output incorrectly mentions the use of vision systems, sensors, cameras, lasers, or automated devices for tracking reflectors and markers, while the retrieval context only discusses geological tracking difficulties due to halocinesis and low seismic data resolution, with no mention or support for instrumentation or automated tracking.",input\georegis\dataset.json,
1550,O que foi dificultado para traçar sequências de alta frequência?,um arcabouço estratigráfico de alta frequência,"O que foi dificultado para traçar sequências de alta frequência foi a limitação das tecnologias tradicionais de sequenciamento genético, que não conseguiam processar rapidamente grandes volumes de dados nem detectar variações frequentes e pequenas nas sequências do DNA. Isso se devia a custos elevados, baixa capacidade de processamento e menor sensibilidade das técnicas anteriores.",1.0,0.0,A pontuação é 1.00 porque a resposta está totalmente focada na pergunta e não contém afirmações irrelevantes. Excelente trabalho em se manter direto ao ponto!,"The score is 0.00 because the actual output incorrectly attributes the difficulty in tracing high-frequency sequences to limitations in genetic sequencing technologies, processing capacity, and costs. However, the contradictions clarify that the retrieval context attributes these challenges to seismic reflector tracking issues, intense halokinesis, and low seismic resolution, without any mention of DNA sequencing or associated technological limitations.",input\georegis\dataset.json,
1551,O que foi dificultado para rastrear refletores e marcadores de um rollover para outro?,arcabouço estratigráfico de alta frequência,"O rastreamento de refletores e marcadores de um rollover para outro foi dificultado principalmente pela mudança de posição e orientação desses elementos entre os eventos. Quando ocorre um rollover, os marcadores e refletores podem se deslocar, girar ou sofrer danos, comprometendo a continuidade do rastreamento automático. Além disso, variações na iluminação e obstruções físicas podem atrapalhar a identificação precisa dos pontos em sistemas ópticos de análise de movimento.",1.0,1.0,"Ótimo trabalho! Todas as informações fornecidas são relevantes para a pergunta, por isso a pontuação máxima foi atribuída.","The score is 1.00 because there are no contradictions found, indicating the actual output perfectly aligns with the retrieval context. Great job staying faithful to the source material!",input\georegis\dataset.json,
1552,O que as seções sísmicas disponíveis não permitem discriminar?,padrões de terminação de refletores sísmicos,"As seções sísmicas disponíveis não permitem discriminar diretamente a composição litológica e os fluidos presentes nos reservatórios, pois mostram principalmente contrastes de impedância acústica e não propriedades específicas das rochas ou dos fluidos.",1.0,1.0,"A resposta recebeu nota máxima porque todas as informações fornecidas foram totalmente relevantes e focadas na pergunta, parabéns pelo ótimo alinhamento!","The score is 1.00 because there are no contradictions, showing the actual output perfectly aligns with the retrieval context. Great job!",input\georegis\dataset.json,
1553,Quando Catunea - nu escreveu sobre a Estratigrafia Moderna?,2006,"Catunea - nu não é reconhecido como um autor ou figura relevante na literatura científica sobre Estratigrafia Moderna. Portanto, não há registro de obras escritas por ""Catunea - nu"" sobre esse tema.",1.0,1.0,The score is 1.00 because the answer addressed the input perfectly with no irrelevant statements. Great job keeping it clear and focused!,"The score is 1.00 because there are no contradictions identified, indicating that the actual output is perfectly aligned with the retrieval context. Great job staying faithful to the source!",input\georegis\dataset.json,
1554,O que os autores modernos usaram para segui-la?,Estratigrafia,"Os autores modernos geralmente usaram referências a teorias anteriores, citações diretas, metodologia científica, análises críticas e adaptações de conceitos clássicos para seguir e desenvolver ideias de pensadores ou escolas de pensamento que os influenciaram. Eles também utilizam revisão bibliográfica e diálogo com obras precedentes para fundamentar e validar suas propostas.",1.0,1.0,O score é 1.00 porque não houve afirmações irrelevantes na resposta; tudo estava perfeitamente alinhado com a pergunta. Ótimo trabalho em manter o foco!,"The score is 1.00 because there are no contradictions detected, showing that the actual output aligns perfectly with the retrieval context. Great job staying true to the information provided!",input\georegis\dataset.json,
1555,O que foi dificultado para traçar sequências de alta frequência?,rastreamento dos refletores e marcadores,"O que foi dificultado para traçar sequências de alta frequência foi a limitação das tecnologias tradicionais de sequenciamento, que não conseguiam processar grandes volumes de dados nem detectar variações rápidas e pequenas no DNA/RNA, tornando o sequenciamento de regiões muito repetitivas ou altamente mutáveis mais complexo e impreciso.",1.0,0.0,"A pontuação é 1.00 porque a resposta abordou diretamente a dificuldade de traçar sequências de alta frequência, sem incluir informações irrelevantes. Ótimo trabalho mantendo o foco e relevância!","The score is 0.00 because the actual output incorrectly attributes sequencing limitations to DNA/RNA technologies, while the contradiction clarifies that the difficulties arise from challenges with seismic reflectors and resolution, not genetic sequencing technology.",input\georegis\dataset.json,
1556,Quais são os preceitos utilizados para a utilização de um arcabouço estratigráfico de alta frequência na Sequência A?,"Moderna Estratigrafia (Catunea-nu, 2006; Catuneanu et al. 2009, Hunt e Tucker, 1992; VanWagoner et al., 1988; Galloway, 1989; Posamentier e Allen, 1999)","Os principais preceitos utilizados para a utilização de um arcabouço estratigráfico de alta frequência na Sequência A são: 1. **Reconhecimento de superfícies-chaves**: Identificação de superfícies máximas de inundações, superfícies de erosão ou discordância, superfícies de ravinamento e condensações, que definem limites de unidades de alta frequência (parassequências, ciclos, etc.). 2. **Análise de empilhamento vertical**: Avaliação da sucessão vertical de fácies e padrões de empilhamento para interpretação de tratos de sistemas e suas variações temporais.3. **Correlação lateral de unidades**: A correlação dessas superfícies e unidades em diferentes locais para garantir consistência e continuidade estratigráfica. 4. **Interpretação dos controles alocíclicos e autocíclicos**: Consideração dos controles externos (variações eustáticas, tectônica) e internos (processos sedimentares locais) nas sucessões de alta frequência. 5. **Datação de ciclos**: Utilização de métodos de datação relativa (bioestratigrafia, cronoestratigrafia) ou absoluta, se disponível, para atribuição de idades e frequências aos eventos. 6. **Modelo conceitual integrado**: Integração dos dados e preceitos em um modelo estratigráfico hi-frequency, que orienta a correlação e a previsão de distribuição de reservatórios e selos dentro da Sequência A. Estes preceitos fundamentam uma abordagem detalhista, permitindo maior resolução na interpretação de ambientes sedimentares e evolução das bacias na escala tempo-espaço mais refinada.",0.6363636363636364,1.0,"The score is 0.64 because although some relevant information is provided, several statements in the output discuss general approaches and benefits instead of directly listing or detailing the specific principles (preceitos) used for high-frequency stratigraphic frameworks in Sequence A. The presence of these irrelevant details lowers the score, but some partial relevance is maintained, reflecting the information that is on-topic.","The score is 1.00 because there are no contradictions listed, indicating the actual output aligns perfectly with the retrieval context. Great job!",input\georegis\dataset.json,
1557,Por que a utilização de um arcabouço estratigráfico de alta frequência para a Sequência A foi dificultada?,"pelo difícil rastreamento dos refletores e marcadores de um rollover para outro, principalmente no sentido dlp, em um intervalo estratigráfico dominado por intensa halocinese","A utilização de um arcabouço estratigráfico de alta frequência para a Sequência A foi dificultada devido à baixa resolução das informações disponíveis, à ausência de marcadores estratigráficos claros e à limitada qualidade de dados sísmicos e geológicos para esse intervalo, o que impediu a identificação precisa de subunidades ou ciclos de alta frequência.",1.0,1.0,"A pontuação é 1.00 porque a resposta abordou diretamente a dificuldade na utilização de um arcabouço estratigráfico de alta frequência para a Sequência A, sem apresentar informações irrelevantes. Excelente trabalho em manter o foco na pergunta!","The score is 1.00 because there are no contradictions listed, indicating the actual output is fully aligned with the retrieval context. Excellent consistency!",input\georegis\dataset.json,
1558,O que as seções sísmicas disponíveis não apresentam para permitir discriminar padrões de terminação de refletores sísmicos na 4a e 5a ordens?,conteúdo de resolução suficientemente alto,"As seções sísmicas disponíveis normalmente não apresentam informação suficiente sobre o ambiente deposicional e o contexto estratigráfico detalhado, além de carecer de resolução temporal e espacial adequada, para permitir discriminar padrões de terminação de refletores sísmicos nas ordens de quarta e quinta ordem. Esses padrões muitas vezes requerem dados de alta resolução ou integração com perfis de poços, amostras ou outros métodos geofísicos para distinguir pequenas variações estratigráficas e terminação de refletores.",1.0,1.0,"A pontuação é 1.00 porque a resposta aborda diretamente a questão sem incluir informações irrelevantes, mostrando ótima precisão e foco.",The score is 1.00 because there are no contradictions found; the actual output aligns perfectly with the retrieval context. Great job maintaining accuracy!,input\georegis\dataset.json,
1559,Por que as descontinuidades erosivas registradas nos canais incisos não puderam ser utilizadas como superfícies delimitadoras de sequências de alta frequência?,"não ocorrem, nos poços analisados, de forma cíclica, impossibilitando sua utilização como superfícies delimitadoras de sequências de alta frequência","As descontinuidades erosivas registradas nos canais incisos não puderam ser utilizadas como superfícies delimitadoras de sequências de alta frequência porque geralmente são de âmbito local, não apresentando continuidade lateral suficiente para servir como marcadores regionais. Além disso, essas descontinuidades refletem eventos deposicionais restritos ao canal e não a mudanças genéticas de escala maior, necessárias para definir superfícies de sequência de alta frequência em um contexto estratigráfico.",1.0,1.0,Excelente trabalho! O score é 1.00 porque a resposta está totalmente relevante e não apresenta nenhum elemento irrelevante.,"The score is 1.00 because there are no contradictions found, indicating that the actual output is completely faithful to the retrieval context. Great job!",input\georegis\dataset.json,
1560,"O que foi utilizado como limites de parassequências, compostas por uma sucessão basal transgressiva e uma sucessão superior regressiva?",as superfícies transgressivas ou de afogamento que recobrem os carbonatos de plataforma,"Os limites de parassequências são geralmente representados por superfícies de emersão subaérea ou por discordâncias submarinas, que marcam interrupções na sedimentação, frequentemente associadas a erosão ou exposição, indicando uma mudança de regimes de acomodação. Essas superfícies são identificadas entre uma sucessão basal transgressiva (caracterizada por aprofundamento) e uma sucessão superior regressiva (caracterizada por raseamento ou sombreamento).",0.42857142857142855,0.5,"The score is 0.43 because while the actual output provided some relevant contextual information about the succession and interruptions, it failed to directly address what was specifically used as the boundaries for parasequences. The presence of multiple irrelevant statements, such as discussing consequences and regime changes instead of focusing on the criteria or surfaces used as limits, prevented a higher score. However, the answer did contain some relevant context, which justifies the score being above zero.","The score is 0.50 because the actual output contradicts the retrieval context by asserting that erosive surfaces were used as parasequence boundaries, while the context clearly states that only transgressive or drowning surfaces were chosen, excluding erosive surfaces due to their non-cyclical occurrence.",input\georegis\dataset.json,
1561,Quais autores são citados como preceitos da Moderna Estratigrafia?,"Catunea-nu, 2006; Catuneanu et al. 2009, Hunt e Tucker, 1992; VanWagoner et al., 1988; Galloway, 1989; Posamentier e Allen, 1999","Os autores frequentemente citados como preceitos da Moderna Estratigrafia são:- Nicolas Steno: Considerado o ""pai"" da Estratigrafia por estabelecer princípios básicos como originalidade horizontal, continuidade lateral e sobreposição. - William Smith: Pioneiro no uso de fósseis para correlação estratigráfica. - Charles Lyell: Autor das ideias uniformitaristas que influenciaram a análise estratigráfica. - James Hutton: Propôs o conceito de “tempo profundo” e os fundamentos do atualismo. Esses autores estabeleceram os princípios que fundamentam a Estratigrafia moderna: princípio da sobreposição, da lateralidade, da horizontalidade e da sucessão faunística.",0.8333333333333334,1.0,"The score is 0.83 because although the answer discusses principles of modern stratigraphy, it does not directly identify the authors cited as its precepts, which makes the response less relevant to the input question.",The score is 1.00 because there are no contradictions—great job aligning with the retrieval context!,input\georegis\dataset.json,
1562,O que dificultou a utilização de um arcabouço estratigráfico de alta frequência para a Sequência A?,"o difícil rastreamento dos refletores e marcadores de um rollover para outro, principalmente no sentido dlp, em um intervalo estratigráfico dominado por intensa halocinese","A utilização de um arcabouço estratigráfico de alta frequência para a Sequência A foi dificultada principalmente pela escassez e baixa resolução dos dados sísmicos e/ou de poço disponíveis, além de possíveis lacunas na preservação dos registros sedimentares que impedem a identificação clara dos limites de unidades de menor ordem (alta frequência).",0.75,0.5,"The score is 0.75 because a dificuldade foi mencionada, mas faltou especificar exatamente o que dificultou o uso do arcabouço estratigráfico de alta frequência na Sequência A, deixando a resposta incompleta e menos relevante.","The score is 0.50 because the actual output introduces a new factor—scarcity of borehole data and low resolution—which is not mentioned in the retrieval context. The context only discusses difficulties with reflector and marker tracking due to halocinese and seismic resolution, so this addition reduces faithfulness.",input\georegis\dataset.json,
1563,O que poderia auxiliar na determinação das principais superfícies estratigráficas correlativas às flutuações do nível de base?,padrões de terminação de refletores sísmicos na 4a e 5a ordens,"A análise de registros sedimentares, identificação de discordâncias, reconhecimento de superfícies de inundações máximas (maximum flooding surfaces) e superfícies de transgressão (transgressive surfaces) são métodos que auxiliam na determinação das principais superfícies estratigráficas correlativas às flutuações do nível de base. Além disso, o uso de perfis sísmicos, dados bioestratigráficos e análises geoquímicas também pode contribuir para essa identificação.",1.0,1.0,O score é 1.00 porque a resposta focou totalmente na questão sobre superfícies estratigráficas correlativas e nenhum conteúdo irrelevante foi incluído. Ótimo trabalho em manter a resposta completamente pertinente!,The score is 1.00 because there are no contradictions found—the actual output is perfectly aligned with the retrieval context. Great job maintaining faithfulness!,input\georegis\dataset.json,
1564,O que não ocorrem de forma cíclica nos poços analisados?,descontinuidades erosivas registradas nos canais incisos,"Nos poços analisados, os eventos ou variações que não ocorrem de forma cíclica são aqueles relacionados a fenômenos aleatórios, ocasionais ou imprevisíveis, como contaminações acidentais, falhas operacionais isoladas ou mudanças abruptas no uso da água.",1.0,1.0,"Excelente! A resposta está completamente relevante ao que foi perguntado, sem nenhuma informação desnecessária. Continue assim!","The score is 1.00 because there are no contradictions listed, indicating the actual output is perfectly aligned with the retrieval context. Great job maintaining faithfulness!",input\georegis\dataset.json,
1565,O que foram usadas como limites de parassequências?,superfícies transgressivas ou de afogamento que recobrem os carbonatos de plataforma,"Os limites de parassequências são definidos por superfícies de erosão ou não deposição (descontinuidades) que representam mudanças abruptas no processo sedimentar, geralmente associadas a eventos de exposição subaérea, erosão ou variação significativa no padrão de sedimentação. Essas superfícies marcam o fim de um ciclo de deposição e o início de outro, sendo usadas para identificar e separar parassequências em registros estratigráficos.",1.0,0.5,"O score é 1.00 porque toda a resposta está 100% relevante ao que foi perguntado, abordando diretamente a questão sem nenhum desvio ou informação irrelevante. Ótimo trabalho ao focar no que foi solicitado!","The score is 0.50 because the actual output incorrectly uses erosive discontinuities as parasequence boundaries, whereas the context specifies they do not occur cyclically and are not used for this purpose; instead, transgressive or drowning surfaces over platform carbonates were chosen as boundaries.",input\georegis\dataset.json,
1566,Qual é a parte mais superior da Formação Pendência?,a Seqüência K40,A parte mais superior da Formação Pendência é denominada Membro Três Marias.,1.0,0.0,"A resposta recebeu a nota máxima porque atendeu perfeitamente à pergunta, sem incluir informações irrelevantes. Ótimo trabalho em manter o foco e clareza!","The score is 0.00 because the actual output incorrectly claims that the uppermost part of the Formação Pendência is the Membro Três Marias, whereas the context clearly states it is the Seqüência K40.",input\georegis\dataset.json,
1567,Qual é a seção mais superior da Formação Pendência?,a Seqüência K40,"A seção mais superior da Formação Pendência é representada pela chamada ""Seção Ponta do Mel"".",1.0,1.0,"Excelente trabalho! A resposta foi totalmente relevante e focada na pergunta, sem incluir informações desnecessárias.",The score is 1.00 because there are no contradictions—the actual output aligns perfectly with the retrieval context. Great job maintaining accuracy!,input\georegis\dataset.json,
1568,Qual sistema é o limite proximal de ocorrência da Seqüência K40?,sistema de falhas de Pescada,O sistema é o **Cambriano**.,1.0,0.0,"The score is 1.00 because the answer was perfectly relevant to the input, addressing the question directly without any irrelevant statements. Great job staying on point!","The score is 0.00 because the actual output incorrectly references the Cambrian period, while the context specifies that the sequences are K40 (Pendência Formation) and K50 (proto-oceanic megasequence), which are related to the Neo-Aptian period, not the Cambrian.",input\georegis\dataset.json,
1569,Quando começa a deposição da megasseqüência proto-oceânica?,Neo-aptiano,"A deposição da megassequência proto-oceânica começa no Ediacarano, ao final do Neoproterozoico.",1.0,0.0,A nota é 1.00 porque a resposta está completamente relevante ao que foi perguntado. Ótimo trabalho mantendo o foco total na questão!,"The score is 0.00 because the actual output incorrectly states that the deposition of the proto-oceanic megasequence (K50) starts in the Ediacaran/end of the Neoproterozoic, while the context clearly affirms it begins from the Neo-Aptian. This contradiction fully justifies the lowest score.",input\georegis\dataset.json,
1570,Qual sistema é o limite proximal de ocorrência da seqüência K40?,O sistema de falhas de Pescada,O limite proximal de ocorrência da sequência K40 (conglomerações quartzosos) ocorre no sistema Ediacarano.,0.5,0.0,"The score is 0.50 because the response discussed the composition of sequence K40, which does not directly answer the question about its proximal occurrence system. This lowers the score, but the answer is somewhat relevant due to mentioning K40 itself.","The score is 0.00 because the actual output incorrectly stated that the proximal limit of the K40 sequence occurs in the Ediacaran system, while the context clearly specifies that it occurs in the Pescada fault system. This is a direct contradiction.",input\georegis\dataset.json,
1571,Em que período começa a deposição da megasseqüência proto - oceânica?,Neo-aptiano,A deposição da megassequência proto-oceânica começa no final do Neoproterozoico.,1.0,0.0,"A resposta recebeu a pontuação máxima porque está totalmente relevante ao que foi perguntado, sem apresentar informações irrelevantes. Excelente trabalho mantendo o foco!","The score is 0.00 because the actual output incorrectly stated that the deposition of the proto-oceanic megasequence began at the end of the Neoproterozoic, while the retrieval context clearly affirms it started from the Neo-aptian. This is a direct contradiction.",input\georegis\dataset.json,
1572,Qual é a direção geral do sistema de falhas de Pescada?,WNW-ESE,A direção geral do sistema de falhas de Pescada é nordeste-sudoeste.,1.0,0.0,"A nota é 1.00 porque a resposta foi totalmente relevante, clara e focada no que foi perguntado. Ótimo trabalho mantendo o foco na questão!","The score is 0.00 because the actual output incorrectly claims the fault system direction is northeast-southwest, while the retrieval context clearly states it is WNW-ESE (west-northwest to east-southeast), demonstrating a complete contradiction.",input\georegis\dataset.json,
1573,Quais são os materiais da Seqüência K40?,arenitos grossos e pelitos,"Os materiais da Sequência K40 referem-se a uma coleção didática utilizada no ensino de matemática, especialmente para introdução ao conceito de números e operações, e também para atividades de contagem e agrupamento. Ela costuma ser empregada na Educação Infantil e no Ensino Fundamental I.Os materiais que compõem a Sequência K40 geralmente incluem: - **Cubos pequenos** (normalmente, 40 unidades): usados para representar unidades e facilitar a contagem. - **Caixas ou recipientes**: para armazenar os cubos e auxiliar na organização dos materiais. - **Cartelas ou fichas**: com números ou instruções para atividades (opcional em alguns conjuntos). - **Materiais para agrupamento**: como elásticos ou sacos, para formar conjuntos de 10 ou outros agrupamentos. O conjunto básico são 40 cubos ou peças manipulativas, por isso o nome K40.",0.8823529411764706,0.42857142857142855,"The score is 0.88 because although the output provides some relevant context about the target audience and possible uses, it does not directly list or describe the materials of the K40 sequence, resulting in a few irrelevant details and missing full alignment with the question.","The score is 0.43 because the actual output mistakenly describes the Seqüência K40 as educational manipulatives for counting, when the retrieval context clearly identifies it as a unit of sedimentary rocks from a geological formation. There is no mention of any use in early education or presence of cubes, which directly contradicts the output.",input\georegis\dataset.json,
1574,O que está geneticamente relacionado à atividade da Seqüência K40?,aumento da taxa de subsidência,"A atividade da sequência K40 está geneticamente relacionada ao gene TUBB, que codifica a tubulina beta. Essa região, conhecida como K40, refere-se a um sítio específico de lisina na tubulina beta (lisina 40), cuja modificação pós-traducional, como acetilação, está diretamente conectada à função dos microtúbulos. Portanto, a sequência K40 está relacionada geneticamente ao gene TUBB e sua expressão.",1.0,0.25,A resposta merece um score perfeito de 1.00 porque não há nenhuma afirmação irrelevante e o conteúdo está totalmente alinhado à pergunta. Ótimo trabalho em focar diretamente na relação genética da Seqüência K40!,"The score is 0.25 because the actual output incorrectly relates the sequence K40 to genes and tubulin beta, while the context makes clear that K40 is a geological unit with no genetic or protein connection, leading to substantial contradictions.",input\georegis\dataset.json,
1575,Qual é o tipo de rocha que inicia a deposição da megasseqüência proto - oceânica?,Neo-aptiano,"O tipo de rocha que inicia a deposição da megassequência proto-oceânica é a **rocha basáltica** (basalto), geralmente em forma de derrames vulcânicos (basaltos toleíticos), formando os chamados basaltos de fundo oceânico ou séries de tholeiitos oceânicos.",1.0,1.0,"O score é 1.00 porque a resposta abordou exatamente o que foi perguntado, sem trazer informações irrelevantes. Excelente foco na questão!",The score is 1.00 because there are no contradictions—the actual output fully aligns with the retrieval context. Great job!,input\georegis\dataset.json,
1577,Quais são as duas rochas que constituem a Seqüência K40?,arenitos grossos e pelitos,As duas rochas que constituem a Sequência K40 são o quartzito e o filito.,1.0,0.0,"O score é 1.00 porque a resposta abordou diretamente as duas rochas que constituem a Seqüência K40, sem apresentar informações irrelevantes. Ótimo trabalho em manter o foco na pergunta!","The score is 0.00 because the actual output incorrectly states that the K40 Sequence is composed of quartzite and phyllite, whereas the retrieval context clearly specifies that it consists of coarse sandstones and pelites. This shows a direct contradiction.",input\georegis\dataset.json,
1578,A que está geneticamente relacionada a atividade da Seqüência K40?,aumento da taxa de subsidência,"A atividade da Sequência K40 está geneticamente relacionada ao gene da imunoglobulina Kappa, especificamente ao segmento J (joining) na região do locus IGK no cromossomo 2. A K40 é uma das seqüências utilizadas para identificar rearranjos genéticos durante o desenvolvimento dos linfócitos B, sendo relacionada à formação da cadeia leve Kappa das imunoglobulinas.",1.0,0.0,"A resposta é totalmente relevante, sem afirmações irrelevantes. Ótimo trabalho em focar diretamente na relação genética com a sequência K40!","The score is 0.00 because the actual output incorrectly associates the activity of Sequência K40 with immunoglobulin Kappa gene rearrangements, while the retrieval context clearly states that K40 is a geological lithostratigraphic unit tied to tectonic subsidence, without any genetic or immunological relevance.",input\georegis\dataset.json,
1579,A que está geneticamente relacionada a atividade da Seqüência K40?,um aumento da taxa de subsidência,"A atividade da sequência K40 está geneticamente relacionada ao gene que codifica para a beta-tubulina, especificamente uma lisina (K) na posição 40. Essa região é alvo de acetilação, um tipo de modificação pós-traducional, que regula a estabilidade dos microtúbulos e, consequentemente, processos celulares como o transporte intracelular e a dinâmica do citoesqueleto.",0.5,0.0,"A pontuação é 0.50 porque, apesar de mencionar aspectos ligados à acetilação e funções celulares, a resposta não aborda diretamente a relação genética da atividade da sequência K40, trazendo várias informações irrelevantes; por outro lado, ela traz algum contexto útil sobre K40, justificando uma pontuação intermediária.","The score is 0.00 because the actual output incorrectly associates 'Sequência K40' with genes, beta-tubulin, and cellular processes, while the retrieval context defines it as a unit within a geological formation unrelated to biology or genetics. No biological or genetic content exists in the context.",input\georegis\dataset.json,
1580,O que constitui a parte mais superior da Formação Pendência?,A Seqüência K40,A parte mais superior da Formação Pendência é constituída predominantemente por folhelhos.,1.0,0.0,"Ótimo trabalho! A resposta está completamente relevante porque abordou diretamente a pergunta, sem incluir nenhuma informação irrelevante.","The score is 0.00 because the actual output incorrectly states that the uppermost part of the Formação Pendência is predominantly made up of shale, contradicting the retrieval context, which specifies it is composed of coarse sandstones and pelites from a fluvio-deltaic-lacustrine system.",input\georegis\dataset.json,
1582,O que preenche o sistema de falhas de Pescada?,"sistemas deposicionais continentais, dominados por leques aluviais e sistemas fluviais de alta energia","O sistema de falhas de Pescada é preenchido por sedimentos terciários, principalmente arenitos e folhelhos.",1.0,0.0,"A pontuação é 1.00 porque a resposta foi totalmente relevante e focada na pergunta, sem incluir informações irrelevantes. Ótimo trabalho em manter a objetividade!","The score is 0.00 because the actual output contradicts the retrieval context by incorrectly stating that the region is filled with tertiary sediments or dominated by shales, whereas the context specifies a continental system dominated by alluvial fans and high-energy fluvial systems, and does not mention tertiary sediments or shale predominance.",input\georegis\dataset.json,
1583,Qual é a unidade litoestratigráfica correspondente à seção de rochas dominada por sistemas deposicionais continentais?,Formação Pescada,A unidade litoestratigráfica correspondente à seção de rochas dominada por sistemas deposicionais continentais é o **grupo**.,1.0,0.0,O score é 1.00 porque a resposta aborda diretamente a unidade litoestratigráfica solicitada sem incluir informações irrelevantes. Ótimo trabalho mantendo o foco e clareza!,"The score is 0.00 because the actual output incorrectly refers to the litoestratigraphic unit as 'group', while the context specifies that the correct designation is 'Formação Pescada'.",input\georegis\dataset.json,
1584,Quando inicia-se a deposição da megasseqüência proto-oceânica?,A partir do Neo-aptiano,"A deposição da megassequência proto-oceânica inicia-se no final do Neoproterozoico, durante a transição para o Paleozoico, especialmente no início do Cambriano.",1.0,0.0,The score is 1.00 because the response addressed the input perfectly without any irrelevant statements. Excellent job staying focused!,"The score is 0.00 because the actual output incorrectly states that the proto-oceanic megasequence deposition begins at the end of the Neoproterozoic/start of the Cambrian, while the retrieval context specifies it starts from the Neo-aptian. This clear contradiction justifies the lowest possible faithfulness score.",input\georegis\dataset.json,
1585,Qual é a direção geral das falhas de Pescada?,direção geral WNW-ESE,A direção geral das falhas de Pescada é Nordeste-Sudoeste (NE-SW).,1.0,0.0,"O score é 1.00 porque a resposta foi totalmente relevante, respondendo diretamente à pergunta sem qualquer informação irrelevante. Ótimo trabalho!","The score is 0.00 because the actual output contradicts the retrieval context by inaccurately describing the direction of the Pescada fault system as NE-SW, while the context clearly states it is WNW-ESE.",input\georegis\dataset.json,
1586,O que é a Seqüência K40?,"A Seqüência K40 é constituída por uma cunha clástica sintectônica, reconhecida inicialmente no bloco baixo da Falha de Pescada, cuja atividade está geneticamente relacionada a um aumento da taxa de subsidência no final da fase de rifteamento da bacia.","A Seqüência K40 refere-se a uma coleção de livros didáticos elaborados para o ensino fundamental e médio, especialmente voltados para matemática. Esses livros são conhecidos por sua abordagem sequencial e progressiva, facilitando o aprendizado dos conteúdos curriculares conforme o avanço das séries escolares. O “K40” geralmente está associado a métodos de ensino que priorizam exercícios, teoria e práticas graduais, promovendo o desenvolvimento lógico e matemático dos estudantes.",1.0,0.0,A pontuação é 1.00 porque toda a resposta foi completamente relevante e abordou diretamente o que foi perguntado. Ótimo trabalho em manter o foco na questão!,"The score is 0.00 because the actual output mistakenly connects Seqüência K40 to textbooks, educational materials, and teaching methodologies, while all contradictions clarify that K40 refers exclusively to a geological unit with no relation to education or logical-mathematical development.",input\georegis\dataset.json,
1587,Quais são os sistemas deposicionais continentais que preenchem o sedimentar da Seqüência K40?,"sistemas deposicionais continentais, dominados por leques aluviais e sistemas fluviais de alta energia, com bancos carbonáticos restritos.","Os sistemas deposicionais continentais que preenchem o sedimentar da Sequência K40 são principalmente sistemas fluviais (meandrantes e entrelaçados), sistemas de leques aluviais e ambientes lacustres. Esses sistemas são típicos do Grupo Bauru, que corresponde à Sequência K40, predominando depósitos de arenitos e conglomerados associados a esses ambientes continentais.",1.0,0.5,"O score é 1.00 porque a resposta foi totalmente relevante, respondendo diretamente à pergunta sem incluir informações irrelevantes. Ótimo trabalho ao focar naquilo que foi solicitado!","The score is 0.50 because the actual output incorrectly links Grupo Bauru to Sequência K40, although the retrieval context does not establish this relationship or mention Grupo Bauru as corresponding to Sequência K40.",input\georegis\dataset.json,
1588,Qual é a unidade litoestratigráfica que corresponde à seção de rochas da Seqüência K40?,Formação Pescada,A unidade litoestratigráfica que corresponde à seção de rochas da Seqüência K40 é a Formação Marília.,1.0,0.0,A pontuação é 1.00 porque todas as informações fornecidas estão totalmente relevantes ao que foi solicitado. Ótimo trabalho mantendo o foco e clareza na resposta!,"The score is 0.00 because the actual output incorrectly identifies the litoestratigraphic unit corresponding to the K40 rock section as the Formação Marília, while the retrieval context states it is actually the Formação Pescada.",input\georegis\dataset.json,
1632,O que causou o processo de dobramento por deslizamento flexural?,anisotropia mecânica,"O processo de dobramento por deslizamento flexural é causado principalmente por forças tectônicas que atuam horizontalmente sobre camadas de rochas, levando ao encurvamento dessas camadas. Isso ocorre quando as camadas são relativamente competentes (rígidas), deslizando umas sobre as outras ao longo de superfícies de fraqueza ou de contato, permitindo a flexão sem que haja ruptura ou fratura significativa. Essas forças podem estar relacionadas à compressão de placas tectônicas, que geram dobras do tipo anticlinais e sinclinais em terrenos sedimentares.",1.0,1.0,Ótimo trabalho! O score é 1.00 porque a resposta abordou diretamente a questão sem incluir informações irrelevantes.,The score is 1.00 because there are no contradictions detected—the actual output is fully aligned with the retrieval context! Great job maintaining accuracy.,input\georegis\dataset.json,
1633,Qual foi a principal característica da região de charneira?,"flexural slip e buckling, sensu Park, 1989; fig. 15).","A principal característica da região de charneira era a sua instabilidade política e social, resultante do fato de servir como zona de transição entre diferentes domínios ou áreas de influência (geralmente entre os reinos cristãos e territórios muçulmanos durante a Idade Média em Portugal).",1.0,1.0,"Ótimo trabalho! A resposta está totalmente relevante ao que foi perguntado, sem apresentar informações irrelevantes.","The score is 1.00 because there are no contradictions, indicating that the actual output perfectly aligns with the retrieval context. Great job maintaining accuracy!",input\georegis\dataset.json,
1634,Que mecanismo predomina nos flancos das dobras?,mecanismos de deslizamento flexural,"Nos flancos das dobras predomina o mecanismo de flexão, também chamado de flexuramento ou dobra flexural.",1.0,1.0,"O score é 1.00 porque a resposta foi totalmente relevante e abordou diretamente a pergunta, ótimo trabalho!","The score is 1.00 because there are no contradictions, showing that the actual output aligns perfectly with the retrieval context. Great consistency!",input\georegis\dataset.json,
1636,Em que região de dobras predomina o mecanismo de flambagem?,charneira,"O mecanismo de flambagem predomina em regiões de dobras de tipo axial, especialmente nas regiões de charneira das dobras. Essas áreas são submetidas a maior compressão e instabilidade, favorecendo o desenvolvimento de mecanismos de flambagem nas estruturas geológicas.",1.0,1.0,"O score é 1.00 porque a resposta abordou diretamente e de forma precisa o mecanismo de flambagem na região de dobras, sem incluir informações irrelevantes. Excelente foco na pergunta!","The score is 1.00 because there are no contradictions listed, indicating the actual output perfectly aligns with the retrieval context. Great job staying faithful to the source information!",input\georegis\dataset.json,
1637,O que ocorreu em conseqüência da anisotropia mecânica entre camadas?,O processo de dobramento por deslizamento flexural,"Em consequência da anisotropia mecânica entre camadas, ocorre a formação de fraturas ou falhas preferenciais ao longo dos planos onde a resistência é menor. Isso pode levar ao deslizamento, separação ou deformação diferenciada entre as camadas de um material, especialmente em rochas ou materiais laminados, resultando em propriedades físicas e estruturais distintas em diferentes direções.",1.0,1.0,"O score é 1.00 porque a resposta abordou diretamente a consequência da anisotropia mecânica entre camadas, sem incluir informações irrelevantes. Excelente trabalho mantendo o foco!",The score is 1.00 because there are no contradictions at all. Excellent faithfulness!,input\georegis\dataset.json,
1638,Onde se concentra a deformação?,"níveis de folhelhos e siltitos, intercalados a arenitos","A deformação se concentra geralmente nas regiões onde há maior solicitação de tensão, como pontos de descontinuidade, bordas, entalhes, interfaces de materiais diferentes, regiões de contato e áreas de menor seção transversal em estruturas ou corpos.",1.0,1.0,"A resposta está com score 1.00 porque abordou diretamente a pergunta com informações totalmente relevantes, sem adicionar nada desnecessário. Ótimo trabalho!",The score is 1.00 because there are no contradictions reported. The actual output aligns perfectly with the retrieval context. Great work!,input\georegis\dataset.json,
1639,O que foi conseqüência da anisotropia mecânica entre camadas?,processo de dobramento por deslizamento flexural,"A consequência da anisotropia mecânica entre camadas é a clivagem ou facilidade de separação das camadas quando submetidas a esforços mecânicos. Isso ocorre porque as forças de ligação entre as camadas são mais fracas do que as forças dentro das camadas, resultando em propriedades físicas diferentes em direções distintas do material.",1.0,0.5,"O score é 1.00 porque toda a resposta está diretamente relacionada à pergunta, sem qualquer informação irrelevante. Ótimo trabalho mantendo o foco!","The score is 0.50 because the actual output incorrectly states that mechanical anisotropy leads to cleavage or ease of separation between layers, while the retrieval context clearly asserts that the consequence is flexural slip folding, not cleavage. This partial alignment justifies a moderate score.",input\georegis\dataset.json,
1641,O que revela que a deformação atingiu o ponto de ruptura?,a nucleação de falhas reversas,"O ponto de ruptura é revelado quando o material não suporta mais qualquer aumento de tensão, ocorrendo uma fratura ou separação completa. Isso é evidenciado por uma queda brusca na curva tensão-deformação após atingir a tensão máxima, indicando que o material se rompeu.",1.0,1.0,"O score é 1.00 porque a resposta foi totalmente relevante, abordando exatamente o que foi perguntado sem qualquer informação irrelevante. Ótimo trabalho mantendo o foco na questão!",The score is 1.00 because there are no contradictions detected—excellent work maintaining perfect faithfulness to the retrieval context.,input\georegis\dataset.json,
1642,O que indica a relação angular entre os indicadores cinemáticos nas superfícies de deslizamento e os eixos das dobras F1?,a atuação de uma componente de rotação horária,"A relação angular entre os indicadores cinemáticos nas superfícies de deslizamento e os eixos das dobras F1 indica o sentido, o modo relativo do movimento tectônico e a relação temporal entre dobramento (F1) e falhamento. Se os indicadores cinemáticos (como estrias ou marcas de deslizamento) forem paralelos ao eixo da dobra F1, isso sugere deformação sincrônica (simultânea). Se forem oblíquos ou perpendiculares, sugerem movimentos de deformação distintos (pré- ou pós-dobras). Portanto, essa relação angular é fundamental para interpretar o regime de deformação e a evolução estrutural da área.",1.0,1.0,"A pontuação é 1.00 porque a resposta abordou diretamente a relação angular solicitada, sem incluir informações irrelevantes. Continue assim!","The score is 1.00 because there are no contradictions, showing that the actual output is perfectly aligned with the retrieval context. Great job staying true to the source!",input\georegis\dataset.json,
1643,O que a relação angular entre os indicadores cinemáticos nas superfícies de deslizamento e os eixos das dobras indica?,uma componente de rotação horária,"A relação angular entre os indicadores cinemáticos nas superfícies de deslizamento e os eixos das dobras indica a associação entre o sentido do movimento (cisalhamento) registrado nas superfícies de falha e a orientação das dobras presentes na rocha. Esse ângulo pode revelar se o deslizamento ocorreu de forma compatível com a dobra (como dobras de flexão-dobras) ou se o cisalhamento e a dobra são eventos distintos (ou seja, se há sincronia ou não entre dobramento e falhamento), ajudando a interpretar o regime tectônico e a sequência estrutural dos eventos.",1.0,1.0,"Ótimo trabalho! O score é 1.00 porque a resposta abordou diretamente a relação angular solicitada sem apresentar informações irrelevantes, mantendo o foco totalmente no tema da pergunta.",The score is 1.00 because there are no contradictions—great job staying faithful to the retrieval context!,input\georegis\dataset.json,
1645,Em que região das dobras predomina a flambagem?,charneira,A flambagem predomina na região das charneiras das dobras.,1.0,1.0,"A pontuação é 1.00 porque a resposta focou completamente no que foi perguntado, sem incluir informações irrelevantes. Excelente trabalho em manter a resposta concisa e direta ao ponto!","The score is 1.00 because there are no contradictions listed, indicating that the actual output aligns perfectly with the retrieval context. Great job!",input\georegis\dataset.json,
1646,O que foi conseqüência da anisotropia mecânica entre camadas?,O processo de dobramento por deslizamento flexural,"A consequência da anisotropia mecânica entre camadas é a facilidade de clivagem ou separação dessas camadas em materiais, como ocorre no grafite, mica e outros materiais lamelares. Isso significa que o material apresenta diferentes resistências mecânicas dependendo da direção considerada: entre as camadas (mais fraco) e ao longo das camadas (mais forte).",1.0,0.5,"A pontuação é 1.00 porque a resposta abordou exatamente o que foi perguntado, sem incluir informações irrelevantes ou desnecessárias. Ótimo trabalho em manter o foco e clareza na explicação!","The score is 0.50 because the actual output mistakenly relates the flexural slip folding mechanism to easy cleavage in specific materials like graphite or mica, whereas the context only discusses anisotropy influencing the fold mechanism, not material cleavage or separation.",input\georegis\dataset.json,
1653,Qual foi o mecanismo de deslizamento dominante nas dobras?,mecanismos de deslizamento flexural,"O mecanismo de deslizamento dominante nas dobras é o deslizamento ao longo de planos de cisalhamento, principalmente por deslocamento de discordâncias (deslizamento intracristalino), que permite a deformação plástica das rochas durante o dobramento. Em condições de baixa temperatura e altas taxas de deformação, pode predominar o deslizamento frágil (falhamento); já em condições de temperatura e pressão mais elevadas, o deslizamento ocorre principalmente por fluxão cristalina (creep) e fluxo interno dos minerais. Portanto, em rochas dobradas profundamente, o mecanismo dominante é o deslizamento intracristalino e fluência cristalina.",1.0,0.75,The score is 1.00 because the answer addressed the specific mechanism of folding directly and did not contain any irrelevant information. Great job maintaining relevance!,"The score is 0.75 because the actual output mistakenly identifies the dominant mechanism as slip along shear planes by intracrystalline displacement, while the retrieval context clarifies that flexural slip is dominant, being linked to mechanical anisotropy between layers, not dislocation movement. This contradiction impacts the score, though most information remains faithful.",input\georegis\dataset.json,
1654,Em que região de dobras predomina o mecanismo de flambagem?,região de charneira,O mecanismo de flambagem predomina na região do núcleo das dobras.,1.0,1.0,A resposta recebeu a pontuação máxima porque abordou diretamente a pergunta sem apresentar informações irrelevantes. Ótimo trabalho em manter o foco e clareza!,The score is 1.00 because there are no contradictions—the actual output aligns perfectly with the retrieval context. Great job maintaining faithfulness!,input\georegis\dataset.json,
1655,O que ocorreu em conseqüência da anisotropia mecânica entre camadas?,processo de dobramento por deslizamento flexural,"Em consequência da anisotropia mecânica entre camadas, ocorre uma diferença nas propriedades mecânicas (como resistência, elasticidade, dureza) em diferentes direções do material. Isso pode resultar em fenômenos como fraturas preferenciais ao longo das camadas, facilidade de deslizamento entre elas (como em grafite), e comportamento diferenciado sob forças aplicadas em diferentes direções, afetando a integridade estrutural e a funcionalidade do material.",1.0,1.0,"Ótimo trabalho! O score é 1.00 porque todas as informações apresentadas foram relevantes para responder diretamente à pergunta, sem incluir declarações irrelevantes.","The score is 1.00 because there are no contradictions listed, indicating that the actual output aligns perfectly with the retrieval context. Great job staying true to the source!",input\georegis\dataset.json,
1656,Onde se concentra a deformação?,níveis de folhelhos e siltitos,"A deformação geralmente se concentra em regiões onde há aplicação de força, mudanças bruscas de geometria, presença de entalhes, ou materiais com menor resistência. Normalmente, em estruturas e materiais, ela ocorre nos pontos de maior tensão ou onde o material é mais suscetível, como juntas, dobras, áreas próximas a cargas concentradas e regiões de transição.",1.0,1.0,"O score é 1.00 porque a resposta está totalmente alinhada ao que foi perguntado, sem informações irrelevantes. Bom trabalho respondendo diretamente ao ponto!","The score is 1.00 because there are no contradictions found, indicating that the actual output aligns perfectly with the retrieval context. Great job!",input\georegis\dataset.json,
1658,O que revela que a deformação atingiu o ponto de ruptura?,falhas reversas,"Atingiu o ponto de ruptura quando o material não suporta mais tensão e ocorre fratura, separação ou quebra em sua estrutura. É revelado pela queda abrupta da curva de tensão-deformação após o máximo, indicando perda total da capacidade de resistência.",1.0,1.0,"O score é 1.00 porque a resposta abordou diretamente o que revela que a deformação atingiu o ponto de ruptura, sem adicionar informações irrelevantes. Ótimo trabalho focando no que foi perguntado!","The score is 1.00 because there are no contradictions, meaning the actual output aligns perfectly with the retrieval context. Great job!",input\georegis\dataset.json,
1659,Qual foi o mecanismo predominante nos flancos das dobras?,mecanismos de deslizamento flexural,"O mecanismo predominante nos flancos das dobras é o deslizamento ao longo dos planos de clivagem, especialmente em rochas com foliação bem desenvolvida. Isso ocorre principalmente por flexão ou cisalhamento flexurais, permitindo que as camadas rochosas se acomodem durante o dobramento sem sofrer ruptura significativa.",1.0,0.5,"O score é 1.00 porque a resposta abordou diretamente o mecanismo predominante nos flancos das dobras, sem informações irrelevantes. Excelente foco na pergunta!","The score is 0.50 because the actual output incorrectly states that foliation is well developed in the fold flanks and suggests predominance of slip along cleavage planes, whereas the retrieval context clarifies that flexural slip is predominant and there is no mention of well-developed foliation.",input\georegis\dataset.json,
1664,Qual a relação angular entre os indicadores cinemáticos nas superfícies de deslizamento e os eixos das dobras F1?,indica a atuação de uma componente de rotação horária durante o fenômeno de deslizamento flexural,"A relação angular entre os indicadores cinemáticos nas superfícies de deslizamento e os eixos das dobras F1 geralmente é tal que os indicadores cinemáticos (como estrias ou marcas de movimento) nas superfícies de deslizamento são subparalelos ou paralelos ao eixo das dobras F1, indicando que o movimento ao longo dessas superfícies foi controlado ou influenciado pela mesma direção de encurtamento que originou as dobras F1. Portanto, os eixos das dobras F1 e a direção do movimento registrada pelos indicadores cinemáticos tendem a ter uma orientação similar ou próxima, refletindo o regime tectônico responsável pela deformação.",1.0,1.0,"A resposta recebeu a pontuação máxima porque abordou diretamente a relação angular solicitada, sem incluir informações irrelevantes. Ótimo trabalho focando no que foi pedido!",The score is 1.00 because there were no contradictions found; the actual output aligns perfectly with the retrieval context. Great job!,input\georegis\dataset.json,
1665,O que foi consequência da anisotropia mecânica entre as camadas no processo de dobramento por deslizamento flexural?,"a deformação concentrando-se em níveis de folhelhos e siltitos, intercalados a arenitos","A consequência da anisotropia mecânica entre as camadas no processo de dobramento por deslizamento flexural é o desenvolvimento de dobras assimétricas e a concentração de deslizamento preferencial ao longo de superfícies de fraqueza (por exemplo, foliações ou contatos litológicos), resultando em estruturas como dobras inclinadas ou assimétricas e possível deslocamento diferencial entre camadas com diferentes propriedades mecânicas.",1.0,1.0,O score é 1.00 porque a resposta é totalmente relevante e foca diretamente na consequência da anisotropia mecânica entre as camadas no processo de dobramento por deslizamento flexural. Ótimo trabalho em manter a resposta objetiva e centrada na pergunta!,"The score is 1.00 because there are no contradictions listed, indicating the actual output aligns perfectly with the retrieval context. Great job staying faithful!",input\georegis\dataset.json,
1666,O que indica o mecanismo de flambagem em relação à resposta do material próximo à zona de charneira das dobras?,uma resposta homogênea do material próximo à zona de charneira das dobras,"O mecanismo de flambagem indica que, próximo à zona de charneira das dobras, o material está submetido a compressão e pode apresentar instabilidade local. Isso sugere que o material reage à compressão intensa perdendo sua forma estável (encurvando-se ou enrugando-se) antes da plastificação generalizada, o que é típico em regiões onde ocorre concentração de esforços compressivos, como nas charneiras das dobras.",1.0,1.0,O score é 1.00 porque a resposta foi totalmente relevante e focada na questão apresentada. Excelente trabalho!,The score is 1.00 because there are no contradictions present. Great job maintaining perfect alignment with the retrieval context!,input\georegis\dataset.json,
1668,Quais mecanismos de dobramento predominaram nos flancos das dobras?,mecanismos de deslizamento flexural,"Nos flancos das dobras, predominam mecanismos de dobramento flexural, principalmente o cisalhamento em plano axial (flexural-slip). Esses mecanismos permitem que as camadas rochosas mantenham sua espessura relativamente constante, acomodando a deformação por deslizamento entre as superfícies de estratificação durante o dobramento.",1.0,1.0,A resposta recebeu a pontuação máxima porque atendeu totalmente à pergunta sem incluir informações irrelevantes. Ótimo trabalho em focar no essencial!,The score is 1.00 because there are no contradictions—excellent job staying accurate and true to the retrieval context!,input\georegis\dataset.json,
1669,O que prevaleceu na região de charneira das dobras?,flambagem,"Na região de charneira das dobras prevaleceu a deformação mais intensa, caracterizada pela maior concentração de esforços tectônicos e, em muitos casos, pelo desenvolvimento de rochas mais fraturadas, “apertadas” ou até zoneadas e recristalizadas, devido à pressão e ao calor durante os eventos de dobramento.",1.0,1.0,Ótimo trabalho! A resposta foi totalmente relevante ao abordar diretamente o que prevaleceu na região de charneira das dobras.,The score is 1.00 because there are no contradictions between the actual output and the retrieval context. Great job staying fully aligned!,input\georegis\dataset.json,
1670,O que é indicado pela relação angular entre os indicadores cinemáticos nas superfícies de deslizamento e os eixos das dobras F1?,a atuação de uma componente de rotação horária durante o fenômeno de deslizamento flexural,"A relação angular entre os indicadores cinemáticos nas superfícies de deslizamento e os eixos das dobras F1 indica o sentido do movimento relativo (cinemática) durante o evento tectônico em que as dobras F1 foram formadas. Essa relação permite determinar se o deslizamento foi sincronizado ou pós-dobras, além de ajudar a identificar o tipo de movimento (por exemplo, cisalhamento simples ou puro) e a geometria do escoamento tectônico responsável pela deformação.",1.0,1.0,"Ótimo trabalho! Todas as informações fornecidas são altamente relevantes para a pergunta, sem nenhum elemento irrelevante detectado.",The score is 1.00 because there are no contradictions found. Excellent alignment between the actual output and the retrieval context!,input\georegis\dataset.json,
1672,O que é conseqüência da anisotropia mecânica entre as camadas?,o processo de dobramento por deslizamento flexural,"A consequência da anisotropia mecânica entre as camadas é que o material apresenta propriedades mecânicas (como resistência, dureza, elasticidade) diferentes dependendo da direção em que a força é aplicada. Isso significa que ele pode ser mais fácil de deformar, romper ou deslizar em uma direção específica entre as camadas do que em outras, como ocorre, por exemplo, no grafite ou nas argilas.",0.75,1.0,"The score is 0.75 because the answer provides some relevant context by listing examples of materials with anisotropy, but it doesn't directly address the specific consequences of mechanical anisotropy between layers, which is what was asked. It isn't higher because it lacks a direct explanation of the consequences, but it's not lower since the examples still relate to the general topic.",The score is 1.00 because there are no contradictions found! Great job staying fully aligned with the retrieval context.,input\georegis\dataset.json,
1673,O que é muito raro em outros ambientes sedimentares antigos?,a infiltração mecânica de argilas,A presença de matéria orgânica bem preservada é muito rara em outros ambientes sedimentares antigos.,1.0,1.0,A resposta está totalmente relevante! Ótimo trabalho mantendo o foco na pergunta e apresentando apenas informações pertinentes.,"The score is 1.00 because there are no contradictions listed, indicating the actual output is completely faithful to the retrieval context. Great job maintaining perfect alignment!",input\georegis\dataset.json,
1675,Quem identificou cutículas de argila e hematita em arenitos de duna e wadi do Permiano do Mar do Norte como acumuladas por infiltração mecânica?,KESSLER,"A identificação das cutículas de argila e hematita em arenitos de duna e wadi do Permiano do Mar do Norte como acumuladas por infiltração mecânica foi feita por R. D. Worden e J. W. Maddox, conforme publicado em trabalhos de sedimentologia e diagenese na década de 1990.",0.75,0.0,"The score is 0.75 because while the response was largely relevant to the input question, it included information about how the cutículas were accumulated rather than focusing solely on who identified them. It isn't higher because of this irrelevant detail, but it's still reasonably high as the core of the answer is addressed.","The score is 0.00 because the actual output incorrectly attributes the identification of clay and hematite cuticles in Permian dune and wadi sandstones of the North Sea to R. D. Worden and J. W. Maddox instead of Kessler, as stated in the context. This misattribution is a clear contradiction, justifying the lowest faithfulness score.",input\georegis\dataset.json,
1676,Qual é o teor de argila infiltrada em depósitos terciários e pleistocênicos do Sudoeste americano?,10 a 20%,"O teor de argila infiltrada em depósitos terciários e pleistocênicos do Sudoeste americano normalmente varia entre 5% e 20%. Esses valores podem ser maiores localmente, chegando a até cerca de 30%, especialmente em solos mais desenvolvidos ou em ambientes de maior atividade pedogenética.",1.0,0.5,Excelente! Toda a resposta foi relevante e diretamente relacionada à pergunta. Continue assim!,"The score is 0.50 because the actual output claims that clay infiltration can be as low as 5%, while the retrieval context states the range is 10-20%. This discrepancy in the lower bound (5% versus 10%) introduces a partial contradiction, justifying the moderate faithfulness score.",input\georegis\dataset.json,
1678,Quem identificou cutículas de argila e hematita no arenito do Mar do Norte como sendo infiltradas?,KESSLER,Cutículas de argila e hematita no arenito do Mar do Norte foram identificadas como infiltradas por Houseknecht.,1.0,0.0,The score is 1.00 because the answer addressed the input precisely without any irrelevant statements. Great job staying focused and relevant!,"The score is 0.00 because the actual output incorrectly attributed the identification of clay and hematite cuticles in North Sea sandstones to Houseknecht instead of Kessler, as stated in the contradiction.",input\georegis\dataset.json,
1680,O que é muito raro em outros ambientes sedimentares antigos?,infiltração mecânica de argilas,A preservação de matéria orgânica (restos de organismos) é muito rara em outros ambientes sedimentares antigos.,1.0,1.0,"Ótimo trabalho! O score é 1.00 porque a resposta foi totalmente relevante ao que foi perguntado, sem apresentar nenhuma informação fora do contexto.",The score is 1.00 because there are no contradictions—great job staying true to the retrieval context!,input\georegis\dataset.json,
1681,Que processo é raro e superficial?,infiltração mecânica,O processo de osificação intramembranosa é considerado raro e superficial.,1.0,0.0,"O score é 1.00 porque a resposta abordou de forma direta e relevante exatamente o que foi perguntado, sem adicionar informações irrelevantes. Excelente trabalho em manter o foco no que foi solicitado!","The score is 0.00 because the actual output confuses osificação intramembranosa with infiltração mecânica de argilas, applying the characteristics of rarity and superficiality to an unrelated process. This is a clear contradiction to the retrieval context, which only discusses infiltration of clays in sedimentary environments.",input\georegis\dataset.json,
1682,Em que região estão localizadas as ilhas de barreira?,Terciário da Costa do Golfo,"As ilhas de barreira estão localizadas principalmente ao longo de costas baixas e arenosas, como no sudeste dos Estados Unidos (por exemplo, na Flórida, Texas e Carolina do Norte), além de outras regiões costeiras do mundo, como partes da Austrália e do Golfo do México.",1.0,1.0,O score é 1.00 porque a resposta está totalmente relevante e aborda exatamente o que foi solicitado. Ótimo trabalho!,The score is 1.00 because there are no contradictions—everything in the actual output aligns perfectly with the retrieval context. Great job!,input\georegis\dataset.json,
1683,Que porcentagem de argilas infiltradas existem nos depósitos terciários e pleistocênicos do Sudoeste americano?,10 a 20%,"Nos depósitos terciários e pleistocênicos do Sudoeste americano, a porcentagem de argilas infiltradas varia geralmente entre 2% e 5%.",1.0,0.0,A pontuação é 1.00 porque a resposta está totalmente alinhada com a pergunta e não há declarações irrelevantes. Excelente trabalho mantendo o foco no que foi solicitado!,"The score is 0.00 because the actual output claims that deposits contain 2% to 5% of infiltrated clays, while the retrieval context states the range is 10% to 20%. This is a direct contradiction in the percentage values presented.",input\georegis\dataset.json,
1684,Onde estão localizadas as cutículas de argila e hematita que KESSLER identificou como acumuladas por infiltração mecânica?,Permiano do Mar do Norte,As cutículas de argila e hematita identificadas por Kessler como acumuladas por infiltração mecânica estão localizadas nas paredes laterais dos canais de macroporos do solo.,1.0,1.0,"Ótimo trabalho! A resposta foi totalmente relevante e abordou diretamente a pergunta do usuário, sem informações desnecessárias.","The score is 1.00 because there are no contradictions listed, indicating the actual output is perfectly aligned and completely faithful to the retrieval context. Great job!",input\georegis\dataset.json,
1685,"O que promove modificações marcantes na textura, mineralogia e composição química dos sedimentos?",processo de infiltração mecânica,"Modificações marcantes na textura, mineralogia e composição química dos sedimentos são promovidas principalmente pelos processos de metamorfismo e diagênese, que ocorrem sob influência de pressão, temperatura, circulação de fluidos e reações químicas.",0.8333333333333334,0.0,"The score is 0.83 because, although the answer rephrases the phenomenon described in the question, it does not actually address what promotes the modifications in texture, mineralogy, and chemical composition, hence some relevant information is missing.","The score is 0.00 because the actual output incorrectly attributes modifications in sediment texture, mineralogy, and chemical composition mainly to metamorphism and diagenesis, while the retrieval context makes it clear that mechanical infiltration is also a significant cause of these modifications.",input\georegis\dataset.json,
1686,O que é raro em outros ambientes sedimentares antigos?,infiltração mecânica,"Em ambientes sedimentares antigos, a preservação de materiais orgânicos, fósseis completos e estruturas sedimentares delicadas (como marcas de ondulação ou pegadas) é considerada rara. Esses elementos geralmente se degradam ou são destruídos ao longo do tempo devido a processos físicos, químicos e biológicos.",1.0,1.0,"O score é 1.00 porque toda a resposta foi relevante e diretamente relacionada à pergunta, mostrando uma excelente compreensão do tema. Continue assim!","The score is 1.00 because there are no contradictions found, indicating the actual output is completely aligned with the retrieval context. Great job maintaining faithfulness!",input\georegis\dataset.json,
1687,Em que área de arenitos estão localizados algumas das argilas infiltradas?,Terciário da Costa do Golfo,"Algumas argilas infiltradas estão localizadas em áreas de arenitos porosos, especialmente nas zonas de contato entre camadas sedimentares, onde a percolação da água facilita seu depósito e infiltração. Essas áreas incluem ambientes como aquíferos, reservatórios subterrâneos ou regiões próximas a falhas e fraturas do arenito.",1.0,1.0,"O score é 1.00 porque a resposta abordou diretamente a pergunta, sem incluir nenhuma informação irrelevante. Excelente trabalho mantendo o foco e clareza na resposta!",The score is 1.00 because there are no contradictions at all—everything aligns flawlessly with the retrieval context. Great work staying true to the facts!,input\georegis\dataset.json,
1688,Que porcentagem de argilas infiltradas os depósitos terciários e pleistocênicos do Sudoeste americano contêm?,10 a 20%,Os depósitos terciários e pleistocênicos do Sudoeste americano contêm entre 10% e 30% de argilas infiltradas.,1.0,0.0,The score is 1.00 because the answer was fully relevant and directly addressed the input question. Great job maintaining precise focus!,"The score is 0.00 because the actual output incorrectly states that the tertiary and Pleistocene deposits of the Southwestern US contain between 10% and 30% infiltrated clays, while the retrieval context specifies the range as 10% to 20%, not up to 30%.",input\georegis\dataset.json,
1690,"Qual processo promove modificações marcantes na textura, mineralogia e composição química dos sedimentos onde atua?",processo de infiltração mecânica,"O processo que promove modificações marcantes na textura, mineralogia e composição química dos sedimentos é a **diagênese**.",1.0,0.0,"Ótimo trabalho! O score é 1.00 porque a resposta abordou diretamente o processo perguntado, sem incluir informações irrelevantes.","The score is 0.00 because the actual output incorrectly attributed the process responsible for significant changes in sediment texture, mineralogy, and chemical composition to diagenesis, when the retrieval context clearly states that these changes are caused by mechanical infiltration.",input\georegis\dataset.json,
1691,Que processo é raro e superficial?,infiltração mecânica de argilas,O processo de dissolução é considerado raro e superficial.,1.0,0.0,"Ótimo trabalho! O score é 1.00 porque a resposta foi totalmente relevante ao que foi perguntado, sem apresentar nenhuma informação irrelevante.","The score is 0.00 because the actual output incorrectly stated that the process of dissolution was rare and superficial, while the context specified that only the mechanical infiltration of clays is considered rare and superficial, with no mention of dissolution. This is a clear contradiction.",input\georegis\dataset.json,
1692,O que é raro em outros ambientes sedimentares antigos?,infiltração mecânica de argilas,"Fósseis bem preservados são raros em outros ambientes sedimentares antigos, pois a maioria deles está sujeita à intensa erosão, alteração ou condições que não favorecem a conservação de materiais orgânicos.",1.0,1.0,"A pontuação é 1.00 porque a resposta foi totalmente relevante ao que foi perguntado, sem apresentar informações irrelevantes ou fora do foco. Excelente trabalho sustentando a relevância!","The score is 1.00 because no contradictions were found, indicating the actual output aligns perfectly with the retrieval context. Great job maintaining accuracy!",input\georegis\dataset.json,
1695,"Segundo WALKER et alii, qual a porcentagem comum de argilas infiltradas nos depósitos terciários e pleistocênicos do Sudoeste americano?",de 10 a 20%,"Segundo WALKER et alii, a porcentagem comum de argilas infiltradas nos depósitos terciários e pleistocênicos do Sudoeste americano é de 5 a 15%.",1.0,0.0,"A pontuação é 1.00 porque a resposta abordou diretamente e corretamente a pergunta, sem incluir informações irrelevantes. Ótimo trabalho mantendo o foco no que foi solicitado!","The score is 0.00 because the actual output states that the deposits contain 5 to 15% infiltrated clays, while the retrieval context, according to WALKER et alii, specifies 10 to 20%. The percentage is incorrect, justifying a low faithfulness score.",input\georegis\dataset.json,
1696,O que a infiltração mecânica promove nos sedimentos onde atua?,"modificações marcantes na textura, mineralogia e composição química dos sedimentos","A infiltração mecânica promove o rearranjo das partículas dos sedimentos, tornando-os mais compactos e reduzindo a porosidade e a permeabilidade. Isso resulta em maior estabilidade e diminuição da capacidade de passagem de água e ar nos sedimentos onde atua.",1.0,1.0,"A resposta recebeu um score máximo porque está totalmente relevante, abordando diretamente o que a infiltração mecânica promove nos sedimentos e não contém nenhuma informação irrelevante. Ótimo foco e clareza!",The score is 1.00 because there are no contradictions present. The actual output aligns perfectly with the retrieval context!,input\georegis\dataset.json,
1697,Qual a melhor ferramenta para identificar e descrever argilas mecanicamente infiltradas em sedimentos antigos?,análise de lâminas delgadas,"A melhor ferramenta para identificar e descrever argilas mecanicamente infiltradas em sedimentos antigos é a análise petrográfica em lâmina delgada sob microscópio ótico, complementada pelo uso de microscopia eletrônica de varredura (MEV) e difração de raios X (DRX) para confirmar a mineralogia das argilas. Essas técnicas permitem observar a textura, distribuição e relação das argilas com os grãos principais, trazendo informações detalhadas sobre o processo de infiltração mecânica.",1.0,1.0,"A resposta recebeu a nota máxima porque atendeu perfeitamente ao que foi pedido, sem incluir informações irrelevantes. Ótimo trabalho por focar direto na pergunta!","The score is 1.00 because there are no contradictions—great job, the actual output is perfectly aligned with the retrieval context!",input\georegis\dataset.json,
1699,Quais são os depósitos que LOUCKS et alii invocam para explicar os day coats presentes em alguns arenitos?,"depositados em deltas e ilhas de barreira no Terciário da Costa do Golfo,","Loucks et alii invocam como principais depósitos responsáveis pelos ""day coats"" em alguns arenitos a precipitação de minerais autigênicos — especialmente carbonato de ferro (como a siderita) e óxidos/hidróxidos de ferro. Esses minerais precipitam durante a diagênese, recobrindo os grãos de areia e formando películas (coatings) que modificam as propriedades do arenito.",1.0,0.5,"A pontuação é 1.00 porque a resposta está totalmente relevante e alinhada ao que foi solicitado, sem nenhuma informação irrelevante. Excelente trabalho em focar apenas no que foi pedido!","The score is 0.50 because the actual output incorrectly attributes the formation of 'day coats' in sandstones to the precipitation of authigenic minerals, whereas the retrieval context states that Loucks et alii identify mechanical infiltration as the main process. This direct contradiction justifies a moderate faithfulness score.",input\georegis\dataset.json,
1700,O que KESSLER identifica em arenitos de duna e wadi do Permiano do Mar do Norte?,cutículas de argila e hematita,"Kessler identifica em arenitos de duna e wadi do Permiano do Mar do Norte características sedimentares distintas: os arenitos de duna exibem estruturas típicas de ambientes eólicos, como estratificação cruzada de grande porte, enquanto nos depósitos de wadi predominam estruturas associadas a fluxos episódicos de água (correnteza), como estratificação entrecruzada de menor porte, laminações paralelas e feições de carga (load structures). Essas distinções permitem reconhecer e diferenciar ambientes desérticos e fluviais efêmeros nos registros sedimentares dessa região.",1.0,1.0,"A pontuação é 1.00 porque a resposta está totalmente alinhada ao que foi solicitado, sem apresentar informações irrelevantes. Ótimo trabalho em manter o foco na pergunta!",The score is 1.00 because there are no contradictions found. Great job staying fully aligned with the retrieval context!,input\georegis\dataset.json,
1701,"De acordo com WALKER et alii, quais são os depósitos que contêm comumente de 10 a 20% de argilas infiltradas?",depósitos terciários e pleistocênicos do Sudoeste americano,"Segundo WALKER et alii, os depósitos que comumente contêm de 10 a 20% de argilas infiltradas são os arenitos.",1.0,1.0,"The score is 1.00 because the response focused entirely on answering the question, with no irrelevant statements. Great job keeping everything relevant and clear!","The score is 1.00 because there are no contradictions listed, indicating the actual output fully aligns with the retrieval context. Excellent consistency!",input\georegis\dataset.json,
1702,O que o processo de infiltração mecânica promove nos sedimentos onde atua?,"modificações marcantes na textura, mineralogia e composição química dos sedimentos","O processo de infiltração mecânica promove a entrada de água nos sedimentos, preenchendo os espaços entre os grãos, o que pode facilitar a compactação, o aumento da coesão e a reorganização das partículas, tornando o sedimento mais estável e menos suscetível à erosão.",1.0,1.0,"Ótimo trabalho! O score é 1.00 porque a resposta foi totalmente relevante e abordou diretamente o que foi perguntado, sem incluir informações irrelevantes.",The score is 1.00 because there are no contradictions—the actual output aligns perfectly with the retrieval context. Great job staying faithful to the source!,input\georegis\dataset.json,
1703,Qual é a porcentagem de receitas bruta dos campos que pagam Participação Especial?,1%,"A Participação Especial incide sobre campos de petróleo e gás com grande volume de produção ou alta rentabilidade. A porcentagem da receita bruta que deve ser paga varia conforme o campo, seu volume de produção e o tempo de produção, podendo variar de 10% a 40% da receita líquida (após deduções previstas em lei), conforme faixas determinadas pela ANP. Não existe uma alíquota fixa, mas sim uma tabela progressiva da agência reguladora.",1.0,1.0,"Ótimo trabalho! A resposta está totalmente relevante, focada no que foi solicitado e sem informações irrelevantes.","The score is 1.00 because there are no contradictions listed, meaning the actual output aligns perfectly with the retrieval context. Great job staying faithful to the source material!",input\georegis\dataset.json,
1704,"O que constitui um grande desafio para a Agência Nacional do Petróleo, Gás Natural e Biocombustíveis?",grande desafio para o nosso País a melhoria do conhecimento sobre as 29 bacias sedimentares que apresentam interesse para a indústria de petróleo e gás natural.,"Um grande desafio para a Agência Nacional do Petróleo, Gás Natural e Biocombustíveis (ANP) é garantir a regulação eficaz do setor, promovendo a concorrência, atraindo investimentos, fiscalizando operações, assegurando a segurança ambiental e energética, além de acompanhar as mudanças tecnológicas e a transição energética para fontes renováveis.",1.0,1.0,"Ótimo trabalho! A resposta atingiu a pontuação máxima porque tudo que foi dito é relevante e diretamente relacionado à pergunta, sem desvios ou informações desnecessárias.",The score is 1.00 because there are no contradictions found; the actual output aligns perfectly with the retrieval context. Great job maintaining faithfulness!,input\georegis\dataset.json,
1705,O que tem sido decisivo no desenho de novos projetos?,"Plano Plurianual de Estudos de Geologia e Geofísica,","Os fatores decisivos no desenho de novos projetos geralmente incluem a inovação tecnológica, as necessidades do mercado, a sustentabilidade, os custos, e a viabilidade técnica. Além disso, a experiência do usuário e a adaptação às tendências globais têm sido cada vez mais relevantes.",1.0,1.0,A resposta recebeu a pontuação máxima porque abordou diretamente a pergunta e não apresentou nenhuma informação irrelevante. Continue assim!,The score is 1.00 because there are no contradictions—great job staying fully faithful to the retrieval context!,input\georegis\dataset.json,
1706,Qual é a porcentagem mínima de gastos com pesquisa e desenvolvimento exigida pelos concessionários para obterem Participação Especial?,1%,"A legislação brasileira não exige uma porcentagem mínima de gastos com pesquisa e desenvolvimento como condição para que concessionários recebam Participação Especial. A Participação Especial é uma compensação financeira cobrada em campos de grande volume de produção ou de grande rentabilidade, conforme previsto na Lei nº 9.478/1997, e depende do resultado da produção, não do investimento em P&D. No entanto, existe uma exigência legal de investimento mínimo obrigatório em pesquisa e desenvolvimento (P&D): de acordo com a legislação e os contratos de concessão no setor de petróleo e gás, as concessionárias devem investir, no mínimo, 1% da receita bruta da produção de óleo e gás em P&D. Essa obrigação é independente do recebimento da Participação Especial.",1.0,0.25,"O score é 1.00 pois a resposta está totalmente relevante, sem nenhuma afirmação irrelevante. Excelente trabalho ao focar diretamente na pergunta!","The score is 0.25 because the actual output contradicted the context in several ways: it incorrectly stated that all concessionaires must invest a minimum amount in R&D regardless of Participação Especial, whereas the context specifies that only those operating fields that pay Participação Especial are required to invest 1% of gross revenue in R&D. The actual output also failed to acknowledge that this obligation is conditional and not universal, making it substantially unfaithful to the retrieval context.",input\georegis\dataset.json,
1707,Em que ano a ANP introduziu uma cláusula que obriga os concessionários a realizar despesas com pesquisa e desenvolvimento?,1998,"A Agência Nacional do Petróleo, Gás Natural e Biocombustíveis (ANP) introduziu a cláusula que obriga os concessionários a realizar despesas com pesquisa e desenvolvimento em 1998, com a publicação da primeira rodada de licitações e o início dos contratos de concessão.",1.0,1.0,"O score é 1.00 porque a resposta está totalmente relevante ao que foi perguntado, abordando de maneira direta e precisa o ano em que a ANP introduziu a cláusula, sem qualquer informação irrelevante. Ótimo trabalho – continue assim!",The score is 1.00 because there are no contradictions; the actual output aligns perfectly with the retrieval context. Great job maintaining accuracy!,input\georegis\dataset.json,
1708,"O que constitui um grande desafio para a Agência Nacional do Petróleo, Gás Natural e Biocombustíveis?",a melhoria do conhecimento sobre as 29 bacias sedimentares,"Um grande desafio para a Agência Nacional do Petróleo, Gás Natural e Biocombustíveis (ANP) é equilibrar a regulação do setor energético para garantir segurança no abastecimento, incentivar investimentos, promover a concorrência e, ao mesmo tempo, assegurar a transição para fontes de energia mais limpas e sustentáveis, atendendo às demandas ambientais e aos compromissos internacionais de redução de emissões de carbono.",1.0,1.0,A pontuação é 1.00 porque toda a resposta foi totalmente relevante ao que foi perguntado. Ótimo trabalho mantendo o foco na questão!,"The score is 1.00 because there are no contradictions, meaning the actual output is completely aligned with the retrieval context. Great job maintaining faithfulness!",input\georegis\dataset.json,
1709,O que tem sido decisivo no desenho de novos projetos?,Plano Plurianual de Estudos de Geologia e Geofísica,"O que tem sido decisivo no desenho de novos projetos é a busca por inovação alinhada às necessidades do cliente, a integração de tecnologia, a sustentabilidade, a viabilidade financeira e o atendimento a regulamentações específicas do setor. Esses fatores determinam a relevância, sucesso e competitividade dos novos projetos.",1.0,1.0,"A resposta atingiu a pontuação máxima porque foi totalmente relevante, mantendo o foco no que foi solicitado. Excelente trabalho!","The score is 1.00 because there are no contradictions, indicating the actual output fully aligns with the retrieval context. Great job staying accurate!",input\georegis\dataset.json,
1710,Qual é a porcentagem mínima de gastos com pesquisa e desenvolvimento exigida pelos concessionários para obterem Participação Especial?,50%,"A legislação brasileira (Lei do Petróleo - Lei nº 9.478/1997 e regulamentos da ANP) não exige uma porcentagem mínima de gastos com pesquisa e desenvolvimento (P&D) para que concessionários tenham direito à Participação Especial. A Participação Especial é uma compensação financeira devida em campos de grande volume de produção ou de grande rentabilidade. No entanto, a legislação determina que os concessionários destinem uma parcela mínima de 1% da receita bruta da produção de petróleo ou gás natural a projetos de pesquisa e desenvolvimento (P&D), independentemente do direito à Participação Especial.Portanto, **não há exigência de porcentagem mínima de gastos com P&D para obtenção da Participação Especial**; o percentual de 1% para P&D é obrigatório em todos os contratos de concessão com Participação Especial.",0.8333333333333334,0.4,"The score is 0.83 because the answer explains what Participação Especial is, demonstrating partial relevance, but does not address the required minimum percentage of spending on research and development, limiting its completeness.","The score is 0.40 because the actual output incorrectly states or implies that there is no requirement for fields paying Participação Especial to allocate at least 1% of their gross revenue to R&D expenses, contradicting the context which clearly specifies this minimum is mandatory for such fields. Additionally, the actual output erroneously generalizes the requirement to all fields, while the context limits it strictly to those subject to Participação Especial.",input\georegis\dataset.json,
1711,Qual é o desafio que a ANP enfrenta?,a melhoria do conhecimento sobre as 29 bacias sedimentares que apresentam interesse para a indústria de petróleo e gás natural,"O principal desafio que a ANP (Agência Nacional do Petróleo, Gás Natural e Biocombustíveis) enfrenta é garantir a regulação e fiscalização eficazes do setor de petróleo, gás e biocombustíveis no Brasil, promovendo a concorrência, a segurança operacional e o abastecimento nacional, ao mesmo tempo em que lida com transições energéticas, avanços tecnológicos e a necessidade de sustentabilidade ambiental.",1.0,1.0,"Excelente trabalho! A resposta foi totalmente relevante, focando apenas no desafio enfrentado pela ANP, sem incluir informações desnecessárias.",The score is 1.00 because there are no contradictions reported; the actual output perfectly aligns with the retrieval context. Great job staying faithful to the information!,input\georegis\dataset.json,
1712,Que plano a ANP conduz?,Plano Plurianual de Estudos de Geologia e Geofísica,"A ANP (Agência Nacional do Petróleo, Gás Natural e Biocombustíveis) conduz o Plano QAV, que visa garantir o abastecimento de combustível de aviação (QAV) no Brasil, bem como o Plano de Exploração e Produção de Petróleo e Gás Natural, regulando a atividade do setor energético. Além disso, a ANP desenvolve e implementa o Plano de Fiscalização do Abastecimento para assegurar a qualidade e disponibilidade dos combustíveis no mercado.",1.0,1.0,"Excelente trabalho! O score é 1.00 porque a resposta foi totalmente relevante, abordando diretamente o que foi perguntado sem nenhuma informação fora do necessário.",The score is 1.00 because there are no contradictions; the actual output completely aligns with the retrieval context. Great job staying accurate!,input\georegis\dataset.json,
1713,Para onde deve ser aplicado o restante dos recursos do PBP?,universidades ou institutos de pesquisa credenciados pela ANP,"O restante dos recursos do PBP deve ser aplicado nas ações voltadas à assistência farmacêutica, priorizando o financiamento dos medicamentos e insumos estratégicos definidos pelo programa, conforme as diretrizes estabelecidas pelo Ministério da Saúde.",1.0,1.0,"O score é 1.00 porque todas as respostas aboradaram diretamente o destino dos recursos do PBP, sem incluir informações irrelevantes. Excelente foco no que foi solicitado!","The score is 1.00 because there are no contradictions, indicating that the actual output aligns perfectly with the retrieval context. Great job maintaining faithfulness!",input\georegis\dataset.json,
1714,Qual é o desafio da ANP?,a melhoria do conhecimento sobre as 29 bacias sedimentares que apresentam interesse para a indústria de petróleo e gás natural,"O desafio da ANP (Agência Nacional do Petróleo, Gás Natural e Biocombustíveis) é regular, supervisionar e fomentar as atividades das indústrias de petróleo, gás natural e biocombustíveis no Brasil, garantindo a segurança, transparência, qualidade dos produtos, concorrência leal no mercado e a atração de investimentos, ao mesmo tempo equilibrando interesses do governo, setor privado e consumidores em um cenário de transição energética e mudanças regulatórias constantes.",1.0,1.0,"Ótimo trabalho! A resposta foi totalmente relevante para a pergunta, sem incluir informações desnecessárias ou irrelevantes.","The score is 1.00 because there are no contradictions listed, indicating the actual output aligns perfectly with the retrieval context. Great job maintaining faithfulness!",input\georegis\dataset.json,
1715,Qual plano tem sido decisivo no desenho de novos projetos?,Plano Plurianual de Estudos de Geologia e Geofísica,O plano estratégico tem sido decisivo no desenho de novos projetos.,1.0,1.0,"A pontuação é 1.00 porque a resposta foi totalmente relevante ao input, sem incluir declarações irrelevantes. Excelente trabalho em manter o foco!",The score is 1.00 because there are no contradictions. The actual output is perfectly aligned with the retrieval context—great job!,input\georegis\dataset.json,
1716,Em que devem ser investidos pelo menos 50 % dos recursos de Pesquisa e Desenvolvimento?,universidades ou institutos de pesquisa credenciados pela ANP,"Pelo menos 50% dos recursos de Pesquisa e Desenvolvimento (P&D) devem ser investidos em atividades desenvolvidas em instituições brasileiras de ensino ou pesquisa, conforme definido na Lei da Inovação (Lei nº 10.973/2004) e outras legislações relacionadas ao setor de ciência e tecnologia no Brasil.",0.6666666666666666,1.0,"The score is 0.67 because the answer partially addresses the input by mentioning investment requirements, but its relevancy is reduced due to the inclusion of unrelated information about other sector legislation, which is not pertinent to the specific investment question.",The score is 1.00 because there are no contradictions detected. Great job staying fully faithful to the retrieval context!,input\georegis\dataset.json,
1717,Qual é o órgão responsável por desenvolver programas e apoiar políticas públicas relacionadas à indústria de petróleo e gás natural?,"Agência Nacional do Petróleo, Gás Natural e Biocombustíveis","O órgão responsável é a Agência Nacional do Petróleo, Gás Natural e Biocombustíveis (ANP).",1.0,1.0,"A pontuação é 1.00 porque a resposta foi totalmente relevante, direta e atendeu perfeitamente ao que foi solicitado. Ótimo trabalho focando exatamente no que foi perguntado!",The score is 1.00 because there are no contradictions; the actual output aligns perfectly with the retrieval context. Great job staying faithful!,input\georegis\dataset.json,
1718,O que a ANP introduziu nos contratos para exploração e produção de petróleo e gás natural desde 1998?,uma cláusula que obriga os concessionários a realizar Despesas Qualificadas como Pesquisa e Desenvolvimento equivalentes a 1% da receita bruta dos campos que pagam Participação Especial,"Desde 1998, a ANP (Agência Nacional do Petróleo, Gás Natural e Biocombustíveis) introduziu nos contratos para exploração e produção de petróleo e gás natural cláusulas de conteúdo local, estabelecendo percentuais mínimos de bens e serviços que devem ser adquiridos no Brasil, além de cláusulas de compensação ambiental, participação do governo (royalties e participação especial) e exigências de investimentos em pesquisa, desenvolvimento e inovação (P&D).",1.0,1.0,"Excelente! A resposta está totalmente relevante ao que foi solicitado, sem nenhuma informação irrelevante. Continue assim!","The score is 1.00 because there are no contradictions provided, indicating the actual output is perfectly aligned with the retrieval context. Great job maintaining faithfulness!",input\georegis\dataset.json,
1719,Qual é o objetivo da realização do Plano Plurianual de Estudos de Geologia e Geofísica pela ANP?,"desenho de novos projetos que, em 2013, terão como desdobramento a realização da 11a Rodada de Licitações de Blocos","O objetivo do Plano Plurianual de Estudos de Geologia e Geofísica pela ANP é orientar, coordenar e promover atividades de aquisição, levantamento, processamento e análise de dados geológicos e geofísicos, visando ampliar o conhecimento das bacias sedimentares brasileiras, identificar áreas com potencial para exploração de petróleo e gás, e subsidiar decisões na gestão dos recursos naturais.",1.0,1.0,"O score é 1.00 porque a resposta aborda diretamente o objetivo do Plano Plurianual de Estudos de Geologia e Geofísica pela ANP, sem apresentar informações irrelevantes. Excelente trabalho em focar precisamente no que foi solicitado!",The score is 1.00 because there are no contradictions; the actual output aligns perfectly with the retrieval context. Great job staying faithful to the source information!,input\georegis\dataset.json,
1720,"O que deve ser feito com pelo menos 50% dos recursos provenientes das Despesas Qualificadas como Pesquisa e Desenvolvimento nos setores de petróleo, gás natural e biocombustíveis?",investidos em universidades ou institutos de pesquisa credenciados pela ANP,"Pelo menos 50% dos recursos provenientes das Despesas Qualificadas como Pesquisa e Desenvolvimento nos setores de petróleo, gás natural e biocombustíveis devem ser aplicados em instituições de pesquisa e desenvolvimento, preferencialmente brasileiras, e em universidades.",1.0,1.0,"O score é 1.00 porque a resposta foi totalmente relevante, clara e focada no que foi solicitado. Ótimo trabalho ao manter a resposta diretamente relacionada à pergunta!",The score is 1.00 because there are no contradictions—the actual output is perfectly in line with the retrieval context. Great job staying true to the source!,input\georegis\dataset.json,
1721,Quais são os atores envolvidos na melhoria do conhecimento sobre as bacias sedimentares no Brasil?,"a esfera pública, empresas petrolíferas, empresas de aquisição de dados, empresas fornecedoras da cadeia de petróleo e gás, universidades e instituições de pesquisa","Os principais atores envolvidos na melhoria do conhecimento sobre as bacias sedimentares no Brasil são: 1. **Agência Nacional do Petróleo, Gás Natural e Biocombustíveis (ANP)** 2. **Companhia de Pesquisa de Recursos Minerais (CPRM)** 3. **Instituições acadêmicas e universidades** 4. **Empresa Brasileira de Pesquisa Agropecuária (EMBRAPA)** 5. **Empresas de energia e petróleo (como Petrobras e empresas privadas)** 6. **Instituições de pesquisa (como INPE, CNPq e CAPES)** 7. **Órgãos ambientais (como IBAMA)** 8. **Consultorias e empresas de geologia** 9. **Sociedades científicas (como Sociedade Brasileira de Geologia)** Esses atores atuam conjuntamente na pesquisa, mapeamento, análise, divulgação e gestão das informações sobre as bacias sedimentares, favorecendo seu conhecimento e aproveitamento.",1.0,1.0,"A nota é 1.00 porque a resposta abordou exatamente a questão sobre os atores envolvidos, sem incluir informações irrelevantes. Excelente trabalho ao focar diretamente no que foi perguntado!",The score is 1.00 because there are no contradictions—well done for keeping the actual output fully consistent with the retrieval context!,input\georegis\dataset.json,
1722,Quais leilões serão realizados em 2013 como desdobramento do Plano Plurianual de Estudos de Geologia e Geofísica?,um leilão específico para áreas com potencial para a produção de gás natural e do primeiro leilão do pré-sal,"Em 2013, como desdobramento do Plano Plurianual de Estudos de Geologia e Geofísica (PPEGG), estavam previstos no Brasil os seguintes leilões de blocos de petróleo: 1. **11ª Rodada de Licitações da ANP** — para blocos exploratórios em áreas terrestres e marítimas de petróleo e gás. 2. **Leilão do campo de Libra** — conhecido como o primeiro leilão sob o regime de partilha de produção, referente ao pré-sal. Esses leilões foram organizados pela Agência Nacional do Petróleo, Gás Natural e Biocombustíveis (ANP) como parte dos desdobramentos do PPEGG, visando aumentar o conhecimento geológico das bacias sedimentares brasileiras e estimular investimentos exploratórios.",1.0,1.0,"A resposta recebeu a pontuação máxima porque está totalmente relevante ao que foi solicitado, sem apresentar informações irrelevantes. Ótimo trabalho, continue assim!",The score is 1.00 because there are no contradictions—everything in the actual output aligns perfectly with the retrieval context. Great job on maintaining full faithfulness!,input\georegis\dataset.json,
1723,Qual é a importância das novas tecnologias para o sucesso dos empreendimentos na indústria de petróleo e gás natural?,o desenvolvimento de novas tecnologias se reveste de importância fundamental para o sucesso dos empreendimentos,"As novas tecnologias são essenciais para o sucesso dos empreendimentos na indústria de petróleo e gás natural porque aumentam a eficiência operacional, reduzem custos, melhoram a segurança, minimizam impactos ambientais e possibilitam o acesso a reservas antes inacessíveis. Além disso, facilitam a tomada de decisões por meio de dados em tempo real e automação, tornando as operações mais competitivas e sustentáveis.",1.0,1.0,"O score é 1.00 porque a resposta está totalmente focada na importância das novas tecnologias para o sucesso dos empreendimentos na indústria de petróleo e gás natural, sem apresentar informações irrelevantes. Excelente trabalho, continue assim!",The score is 1.00 because there are no contradictions—the actual output aligns perfectly with the retrieval context. Great job on maintaining complete faithfulness!,input\georegis\dataset.json,
1724,"Qual é a política pública introduzida pela ANP em 1998 que visa a estimular a pesquisa e desenvolvimento nos setores de petróleo, gás natural e biocombustíveis?","a introdução pela ANP, desde 1998, nos contratos para exploração e produção de petróleo e gás natural, de uma cláusula que obriga os concessionários a realizar Despesas Qualificadas como Pesquisa e Desenvolvimento equivalentes a 1% da receita bruta dos campos que pagam Participação Especial","A política pública introduzida pela ANP em 1998 é a Cláusula de Pesquisa e Desenvolvimento (P&D) nos contratos de exploração e produção de petróleo, gás natural e biocombustíveis, que obriga as empresas a investirem um percentual da receita bruta em projetos de pesquisa, desenvolvimento e inovação tecnológica nesses setores.",1.0,0.0,"A pontuação é 1.00 porque a resposta foi totalmente relevante, abordando exatamente a política pública da ANP de 1998 sem incluir informações desnecessárias. Excelente trabalho mantendo o foco na pergunta!","The score is 0.00 because the actual output incorrectly includes 'biocombustíveis' as covered by the contractual requirement, while the context specifically states that only exploration and production of petroleum and natural gas are mentioned, with no reference to biocombustíveis. This demonstrates a complete misalignment with the retrieval context.",input\georegis\dataset.json,
1732,O que constitui um bom marco sismoestratigráfico em quase toda a Bacia de Campos?,Topo da biozona N-520,"Um bom marco sismoestratigráfico em quase toda a Bacia de Campos é a interface entre os depósitos do Albiano (formação Macaé) e os depósitos siliciclásticos subjacentes do Neocomiano (formação Macabu e outros), conhecida como ""topo do sal"". Este horizonte é facilmente reconhecido nos dados sísmicos pela forte diferença de impedância acústica entre os evaporitos do Grupo Ariri (petrosal) e os sedimentos siliciclásticos / carbonáticos adjacentes, servindo como um importante refletor regional em toda a bacia.",1.0,1.0,"Excelente trabalho! A resposta está completamente relevante, sem informações desnecessárias ou irrelevantes.",The score is 1.00 because there are no contradictions—great job staying fully aligned with the retrieval context!,input\georegis\dataset.json,
1733,Qual é o refletor localizado na zona N - 470?,Topo do Eoceno,O refletor localizado na zona N - 470 é o Refletor 05.,1.0,1.0,Ótimo trabalho! O score é 1.00 porque não houve afirmações irrelevantes e a resposta foi totalmente adequada ao que foi perguntado.,The score is 1.00 because there are no contradictions identified between the actual output and the retrieval context. Great job staying perfectly faithful to the source information!,input\georegis\dataset.json,
1734,O que fez com que o topo do Eoceno Superior não fosse encontrado?,erosão,"O topo do Eoceno Superior não foi encontrado devido à ausência de registros fósseis e/ou lacunas estratigráficas que dificultam a identificação precisa de um ponto globalmente reconhecido (GSSP – Global Boundary Stratotype Section and Point) para marcar o final desse período. Fatores como erosão, não deposição e controvérsias sobre qual evento biológico, climático ou isotópico seria o mais adequado para definir o limite contribuem para essa indefinição estratigráfica.",1.0,1.0,Pontuação máxima! Toda a resposta foi relevante e diretamente ligada à pergunta. Ótimo trabalho mantendo o foco na questão.,"The score is 1.00 because there are no contradictions, indicating that the actual output is fully faithful to the retrieval context. Great job staying accurate!",input\georegis\dataset.json,
1735,O que mostra o mapeamento de detalhe realizado para confirmar essa afirmação?,rochas magmáticas intrusivas e extrusivas,"O mapeamento de detalhe mostra informações específicas, precisas e aprofundadas sobre a área analisada, confirmando a afirmação ao revelar evidências concretas, como dados coletados, características observadas ou variações identificadas em campo. Ele serve para validar ou refutar hipóteses fornecendo uma visualização mais detalhada da situação.",0.8,0.6666666666666666,"The score is 0.80 because the answer talks generally about the purpose of detailed mapping without specifically addressing what was shown in this case, making it less directly relevant to the user's question.","The score is 0.67 because the actual output claims that the mapping of detail reveals concrete evidence and collected data, but the context only confirms the presence of certain rocks based on paleontological data, without mentioning direct evidence or collected data. This partial alignment justifies the moderate faithfulness score.",input\georegis\dataset.json,
1736,Quando Mohriak e outros trabalharam na área de estudo?,1995,"Mohriak e outros pesquisadores trabalharam principalmente na área de estudo das bacias sedimentares brasileiras, especialmente a Bacia de Santos, a partir das décadas de 1980 e 1990, com publicações relevantes ao longo dos anos 1990 e 2000.",0.5,1.0,"The score is 0.50 because although the output provides some context about the field and location, it fails to address the specific question about WHEN Mohriak and others worked in the area.","The score is 1.00 because there are no contradictions, which means the actual output aligns perfectly with the retrieval context. Excellent job staying true to the source information!",input\georegis\dataset.json,
1737,Qual refletor datado do Oligoceno Inferior constitui um excelente marco sismoestratigráfico em quase toda a Bacia de Campos?,Topo da biozona N-520,"O refletor conhecido como ""Refletor H"" (ou simplesmente ""H"") é o principal marco sismoestratigráfico do Oligoceno Inferior em quase toda a Bacia de Campos.",1.0,0.0,"A resposta recebeu nota máxima porque tudo o que foi dito era relevante e totalmente pertinente à pergunta. Ótimo trabalho, continue assim!","The score is 0.00 because the actual output mistakenly identifies the 'Refletor H' as the principal sismoestratigraphic marker of the Oligocene Inferior in the Campos Basin, whereas the contradiction makes clear that it is the top of the N-520 biozone, demonstrating a complete lack of alignment with the retrieval context.",input\georegis\dataset.json,
1739,Por que a seção correspondente ao Eoceno Superior está ausente?,erosão,"A seção correspondente ao Eoceno Superior pode estar ausente devido a processos de erosão, não deposição (hiato sedimentar) ou eventos tectônicos que impediram o acúmulo ou preservação de sedimentos desse intervalo de tempo na região analisada. Essas ausências são comuns no registro geológico e indicam lacunas ou descontinuidades na sedimentação.",1.0,1.0,"A resposta foi totalmente relevante, abordou claramente a ausência da seção correspondente ao Eoceno Superior, sem informações desnecessárias. Excelente trabalho!",The score is 1.00 because there are no contradictions—great job staying true to the retrieval context!,input\georegis\dataset.json,
1740,O que o mapeamento de detalhe indica a presença no Cretáceo Superior?,rochas magmáticas intrusivas e extrusivas,"O mapeamento de detalhe indica a presença de unidades ou formações geológicas específicas do Cretáceo Superior, como camadas de rochas sedimentares (ex: arenito, calcário, argilito) com fósseis típicos desse período, permitindo identificar eventos geológicos, ambientes de deposição e paleontologia correspondente ao Cretáceo Superior (aprox. 100 a 66 milhões de anos atrás).",0.7142857142857143,1.0,"The score is 0.71 because, while the answer includes relevant information, it contains extraneous details about general geological mapping and definitions that do not directly address what detailed mapping reveals specifically about the presence of the Upper Cretaceous. These irrelevant points lower the score, but the response is partially relevant, justifying a score above average.",The score is 1.00 because there are no contradictions present. Excellent alignment between the actual output and the retrieval context!,input\georegis\dataset.json,
1741,Quando Mohriak e outros trabalharam juntos?,1995,"Mohriak e outros pesquisadores, como Kenneth J. Hsü, Raymond B. Wynn e outros geocientistas, trabalharam juntos em várias publicações científicas, principalmente sobre a Bacia de Santos, margens continentais brasileiras e evolução tectono-sedimentar do Atlântico Sul, especialmente entre as décadas de 1990 e 2010.",0.5,1.0,"The score is 0.50 because although some relevant information was provided, much of the output did not directly answer the question about when Mohriak and others worked together, instead focusing on topics and themes unrelated to timing.","The score is 1.00 because there are no contradictions listed, indicating the actual output fully aligns with the retrieval context. Great job on maintaining accuracy!",input\georegis\dataset.json,
1742,O que mostra o mapeamento de detalhe realizado para confirmar essa afirmação?,indica a presença de rochas magmáticas intrusivas e extrusivas,"O mapeamento de detalhe mostra informações minuciosas sobre a área ou objeto analisado, confirmando a afirmação ao revelar características específicas, padrões, ocorrências ou evidências que sustentam o que foi declarado. Ele fornece dados precisos que validam ou refutam a afirmação feita previamente.",1.0,1.0,"Excelente! A resposta está totalmente relevante ao que foi perguntado, abordando diretamente o tema sem incluir informações desnecessárias.","The score is 1.00 because there are absolutely no contradictions identified, indicating that the actual output is perfectly faithful to the retrieval context. Great job staying accurate!",input\georegis\dataset.json,
1743,Por que a seção correspondente ao Eoceno Superior está ausente?,erosão na região próxima à Falha de Charneira de Campos,"A ausência da seção correspondente ao Eoceno Superior geralmente está relacionada a lacunas de sedimentação (hiatos estratigráficos) ou à erosão das camadas desse intervalo de tempo na região analisada. Isso pode ocorrer devido à exposição da superfície ao intemperismo, mudanças no nível do mar, movimentos tectônicos ou ausência de condições favoráveis para a deposição de sedimentos durante o Eoceno Superior.",1.0,1.0,O score é 1.00 porque a resposta foi completamente relevante e abordou exatamente o motivo da ausência da seção correspondente ao Eoceno Superior. Ótimo trabalho mantendo o foco no pedido!,The score is 1.00 because there are no contradictions found. Great job maintaining alignment with the retrieval context!,input\georegis\dataset.json,
1744,Quais foram as referências utilizadas para o mapeamento detalhado descrito no texto?,"Mizusaki e Mohriak, 1992; Mohriak et al. 1995; Thomaz Filho e Rodrigues, 1999; Thomaz Filho et al. 2000; Mizusaki et al. 2002","Desculpe, não tenho acesso ao texto mencionado. Para responder à sua pergunta, preciso que você forneça o texto ou informe quais são as referências referidas.",0.6666666666666666,1.0,"The score is 0.67 because the answer did not address which references were used for the detailed mapping, but instead asked the user to provide references. This partially addresses the question but misses the main point, lowering the relevance.",The score is 1.00 because there are no contradictions—the actual output is perfectly faithful to the retrieval context. Great job!,input\georegis\dataset.json,
1745,O que constitui um excelente marco sismoestratigráfico em quase toda a Bacia de Campos?,"N-520 : esse refletor, datado do Oligoceno Inferior, constitui um","O excelente marco sismoestratigráfico em quase toda a Bacia de Campos é a discordância entre os sedimentos paleocretáceos (como os da Formação Lagoa Feia) e os sedimentos turbidíticos do Cretáceo Superior/Paleoceno, representando o limite entre a fase rift e pós-rift; esse evento é marcado por uma superfície refletora de alta amplitude, identificável em dados sísmicos, e serve como referência para a interpretação das unidades estratigráficas da bacia.",1.0,0.5,"O score é 1.00 porque a resposta abordou exatamente o que foi pedido, sem incluir informações irrelevantes. Ótimo trabalho mantendo o foco na pergunta!","The score is 0.50 because the actual output incorrectly identifies the sismoestratigraphic marker in the Bacia de Campos as the discordance between paleocretaceous and upper cretaceous/paleocene sediments, while the retrieval context clearly states it is the top of biozone N-520. This significant contradiction justifies a moderate faithfulness score.",input\georegis\dataset.json,
1746,O que aconteceu com a seção correspondente ao Eoceno Superior na região próxima à Falha de Charneira de Campos?,está ausente por erosão,"Na região próxima à Falha de Charneira de Campos, a seção correspondente ao Eoceno Superior encontra-se erodida ou ausente. Isso ocorreu devido à movimentação tectônica associada à falha, que resultou em soerguimento, expondo as camadas do Eoceno Superior à erosão, impedindo sua preservação na coluna estratigráfica local.",1.0,1.0,"A nota é 1.00 porque todas as informações fornecidas são totalmente relevantes para a pergunta, mantendo o foco no que foi questionado. Excelente trabalho!","The score is 1.00 because there are no contradictions listed, indicating the actual output perfectly aligns with the retrieval context. Great job staying faithful to the source!",input\georegis\dataset.json,
1747,O que foi utilizado na interpretação das seções sísmicas e perfis de poços disponíveis para o presente trabalho?,Os resultados dos mapeamentos acima descritos,"Foram utilizadas correlações entre as seções sísmicas e os perfis de poços, analisando marcadores estratigráficos, padrões de refletividade, interpretações litológicas e dados de profundidade para identificar e delimitar unidades geológicas relevantes ao objetivo do trabalho.",0.8333333333333334,1.0,"The score is 0.83 because, although most of the response addressed the resources used for interpretation, part of the answer discussed the objective of the analysis instead, which was not requested by the input. This inclusion of irrelevant information lowered the score, but overall relevancy remains strong since the main question was mostly answered.","The score is 1.00 because there are no contradictions reported, which means the actual output is fully aligned with the retrieval context. Great job staying accurate!",input\georegis\dataset.json,
1748,Em que período geológico ocorreu a presença de rochas magmáticas intrusivas e extrusivas na Bacia de Campos?,Cretáceo Superior,"Na Bacia de Campos, a presença de rochas magmáticas intrusivas e extrusivas ocorreu principalmente durante o período Cretáceo, especialmente entre o Aptiano e o Albo-Cenomaniano.",1.0,1.0,"A pontuação é 1.00 porque a resposta foi totalmente relevante, respondendo diretamente à pergunta sobre o período geológico das rochas magmáticas na Bacia de Campos. Ótimo trabalho mantendo o foco na questão!","The score is 1.00 because there are no contradictions listed, meaning the actual output aligns perfectly with the retrieval context. Excellent job staying faithful to the source material!",input\georegis\dataset.json,
1749,O que é um refletor no contexto do texto?,um excelente marco sismoestratigráfico,"No contexto do texto, ""refletor"" refere-se a um elemento que projeta ou destaca algo, podendo ser uma pessoa, objeto ou recurso que evidencia, ilumina ou dá ênfase a determinado aspecto ou informação dentro da narrativa.",1.0,0.0,O score é 1.00 porque a resposta foi totalmente relevante e diretamente relacionada à pergunta. Excelente trabalho em manter o foco e responder precisamente ao que foi solicitado!,"The score is 0.00 because the actual output completely misinterprets 'refletor', describing it as a generic element in a narrative, while the context clearly defines it as a geological surface reflecting seismic waves, showing a total lack of alignment.",input\georegis\dataset.json,
1750,Qual é a importância do topo da bio-zona N-470?,coincide com o topo da bio-zona N-470 e também constitui um excelente refletor,"O topo da bio-zona N-470 é importante porque marca um limite estratigráfico utilizado na correlação de camadas sedimentares a nível regional ou global. Essa zona é definida pela última ocorrência (extinção) de determinados fósseis, geralmente foraminíferos, sendo crucial para datar e correlacionar rochas em estudos de petróleo, paleontologia e geologia. Serve como referência para identificar mudanças ambientais ou eventos geológicos significativos no registro fossilífero.",1.0,1.0,"The score is 1.00 because the response directly and fully addressed the importance of the topo da bio-zona N-470, with no irrelevant statements included. Great job maintaining focus!",The score is 1.00 because there are no contradictions. The actual output aligns perfectly with the retrieval context. Great job on maintaining accuracy!,input\georegis\dataset.json,
1751,O que aconteceu com a seção correspondente ao Eoceno Superior na região da Falha de Charneira de Campos?,está ausente por erosão,"Na região da Falha de Charneira de Campos, a seção correspondente ao Eoceno Superior foi erodida.",1.0,1.0,A resposta recebeu a pontuação máxima porque todos os pontos abordados foram diretamente relevantes ao que foi perguntado. Excelente foco no tema!,The score is 1.00 because there are no contradictions found. Excellent job keeping the output fully consistent with the retrieval context!,input\georegis\dataset.json,
1752,Como os resultados dos mapeamentos foram utilizados?,na interpretação das seções sísmicas e perfis de poços disponíveis para o presente trabalho,"Os resultados dos mapeamentos foram utilizados para identificar áreas prioritárias, embasar tomadas de decisão, orientar políticas públicas, direcionar recursos e ações, apoiar planejamento estratégico e monitorar o progresso das iniciativas relacionadas ao tema mapeado.",1.0,1.0,The score is 1.00 because the answer was fully relevant and directly addressed how the mapping results were used. Great job on staying perfectly focused!,"The score is 1.00 because there are no contradictions listed, indicating the actual output perfectly aligns with the retrieval context. Great job staying accurate!",input\georegis\dataset.json,
1753,Quem descreveu os estratos de vertebrados fósseis?,"Price apud Bortoluzzi e Barberena,","Os estratos de vertebrados fósseis foram descritos inicialmente por Georges Cuvier, considerado o pai da paleontologia, no início do século XIX.",1.0,1.0,"O score é 1.00 porque a resposta foi totalmente relevante, abordando com precisão a pergunta sobre quem descreveu os estratos de vertebrados fósseis. Ótimo trabalho ao focar diretamente no solicitado!","The score is 1.00 because there are no contradictions present. Great job, the actual output aligns perfectly with the retrieval context!",input\georegis\dataset.json,