question_id,question,status,expected_answer,answers.rag_answer,evaluation.rag.metrics.answer_relevancy.score,evaluation.rag.metrics.faithfulness.score,answers.graphrag_answer,evaluation.graph.answer_relevancy.score,evaluation.graph.faithfulness.score,total_graph_data_nodes,total_edges,total_ontology_valid_true
question_100,Como as evidências conectam camada de sal à retenção ou migração de hidrocarbonetos?,SUCCESS,,"As evidências indicam que a camada de sal atua como uma barreira impermeável (trapa), impedindo a migração dos hidrocarbonetos e favorecendo sua retenção nos reservatórios. Assim, a camada de sal sela o petróleo, evitando que ele escape para outras formações.",,,"As evidências conectam a camada de sal à retenção ou migração de hidrocarbonetos mostrando que a camada de sal funciona como uma barreira impermeável (""trapa""), impedindo que o petróleo continue migrando pelos poros das rochas e promovendo sua retenção nos reservatórios abaixo dela.",,,54,79,33
question_101,Que interpretação estrutural surge ao relacionar selo com trapa?,SUCCESS,,"A interpretação estrutural que surge ao relacionar selo com trapa é que o selo e a trapa atuam juntos para reter hidrocarbonetos no subsolo: a trapa é a configuração estrutural ou estratigráfica que permite a acumulação, enquanto o selo é a camada que impede o escape dos hidrocarbonetos, garantindo a eficiência da armadilha.",,,"Ao relacionar ""selo"" com ""trapa"", surge a interpretação estrutural de que uma trapa é uma configuração estratigráfica ou estrutural que justapõe o reservatório e o selo, garantindo que os hidrocarbonetos permaneçam presos no subsolo. O selo, nesse contexto, é o elemento que impede a fuga dos hidrocarbonetos, enquanto a trapa organiza estruturalmente essa relação, formando uma armadilha que acumula o petróleo e evita sua migração. Portanto, estruturalmente, a trapa é o arranjo que utiliza o selo para manter os hidrocarbonetos contidos.",,,41,62,23
question_102,"Que relação entre composição, propriedade e função geológica pode ser inferida a partir de selo?",SUCCESS,,"A partir do contexto, pode-se inferir que a composição do selo (rochas como folhelho, siltito e calciculito) confere baixa permeabilidade (propriedade), o que permite ao selo funcionar geologicamente como barreira, impedindo o escape de hidrocarbonetos da rocha reservatório (função).",,,"A partir de ""selo"", pode-se inferir que sua composição (rochas de baixa permeabilidade como folhelhos, siltitos e calciculitos) determina a propriedade (baixa permeabilidade), e essa propriedade permite a função geológica de impedir o escape de hidrocarbonetos do reservatório. Portanto, a composição controla a propriedade, que por sua vez define a função geológica do selo.",,,52,68,34
question_103,Que interpretação espacial pode ser obtida ao conectar reservatório com hidrocarbonetos?,SUCCESS,,"A interpretação espacial ao conectar reservatório com hidrocarbonetos é identificar que os hidrocarbonetos ficam armazenados em rochas porosas e permeáveis, dispostos em camadas, geralmente com água na base, petróleo acima e gás natural no topo.",,,"Ao conectar ""reservatório"" com ""hidrocarbonetos"", a interpretação espacial obtida é que o reservatório corresponde a uma unidade litológica (ou formação rochosa) porosa e permeável capaz de armazenar e reter hidrocarbonetos em seus espaços vazios. Assim, espacialmente, o reservatório indica o volume rochoso subterrâneo onde os hidrocarbonetos estão acumulados, determinado pelas propriedades de porosidade (armazenamento) e permeabilidade (fluxo).",,,46,65,29
question_104,Como as evidências disponíveis permitem reinterpretar a pergunta: Que método geofísico é central para pesquisar estruturas acumuladoras de hidrocarbonetos?,SUCCESS,,"As evidências disponíveis permitem reinterpretar a pergunta indicando que o método sísmico é central para pesquisar estruturas acumuladoras de hidrocarbonetos, sendo o principal método geofísico utilizado na identificação dessas estruturas.",,,"As evidências disponíveis mostram que a sísmica é o método geofísico central na pesquisa de estruturas acumuladoras de hidrocarbonetos, pois é destacada como o principal procedimento para avaliar as armadilhas de petróleo e estudar a ocorrência de hidrocarbonetos. Portanto, a pergunta pode ser reinterpretada para: ""Qual é o principal método geofísico utilizado na pesquisa de estruturas acumuladoras de hidrocarbonetos?""—e a resposta é a sísmica.",,,40,55,21
question_105,Como as evidências disponíveis permitem reinterpretar a pergunta: Que estudos ajudam a reconhecer a extensão de uma rocha reservatório?,SUCCESS,,"As evidências disponíveis mostram que reconhecer a extensão de uma rocha reservatório depende de múltiplos estudos integrados, incluindo análises regionais de poços, estratigrafia, sedimentologia e interpretação sísmica, além de geofísica e geologia estrutural. Assim, a pergunta pode ser reinterpretada para englobar a importância de abordagens multidisciplinares na determinação da extensão de rochas reservatório.",,,"As evidências disponíveis permitem reinterpretar a pergunta mostrando que a extensão de uma rocha reservatório não é determinada por um único estudo, mas por uma combinação integrada de estudos regionais (análise de dados de outros poços), estratigrafia, sedimentologia (quantificando padrão e extensão da sedimentação) e interpretação sísmica. Esses estudos, juntos, ajudam a reconhecer e delimitar a extensão da rocha reservatório.",,,64,99,40
question_106,"Que relação entre composição, propriedade e função geológica pode ser inferida a partir de deposição?",SUCCESS,,"A partir da deposição, podemos inferir que a composição (tipo e tamanho dos grãos) determina propriedades como porosidade e permeabilidade, o que, por sua vez, influencia funções geológicas, como o armazenamento e movimento de água ou petróleo em rochas sedimentares.",,,"A partir da deposição, pode-se inferir que a composição das rochas sedimentares detríticas (fragmentos de rochas ígneas, metamórficas ou sedimentares, como areia e argila) influencia suas propriedades (como tamanho dos grãos) e, consequentemente, sua função geológica, pois o tipo e tamanho dos sedimentos determinam características como porosidade e resistência, refletindo o ambiente e processo de deposição.",,,59,93,33
question_107,"Que relação entre composição, propriedade e função geológica pode ser inferida a partir de fósseis?",SUCCESS,,"A presença de fósseis em rochas sedimentares permite inferir a composição (ex.: arenito/pelito), propriedades (gradação de grãos, origem aquática) e função geológica (registro de ambientes marinhos profundos, como nos turbiditos) das rochas, indicando condições paleoambientais e processos de formação.",,,"A partir de fósseis, pode-se inferir a relação entre a composição (tipo e tamanho dos grãos do sedimento e presença de material biológico), propriedades (características físicas, químicas e biológicas do ambiente sedimentar) e função geológica (processos de formação e o ambiente deposicional da rocha sedimentar). Assim, fósseis indicam o tipo de ambiente geológico passado onde a rocha se formou, relacionando-se diretamente com sua composição e propriedades sedimentares.",,,59,94,37
question_108,"Que relação entre composição, propriedade e função geológica pode ser inferida a partir de reservatório?",SUCCESS,,"A partir de reservatório, pode-se inferir que sua **composição** (areia, seixos) determina a **propriedade** de porosidade, e essa porosidade é essencial para a **função geológica** de armazenar petróleo. Portanto, a presença de grãos maiores (como em arenitos e conglomerados) confere porosidade adequada, permitindo que a rocha atue como reservatório.",,,"A partir do conceito de reservatório, pode-se inferir que a composição (predominância de grãos de areia a seixo), confere determinada propriedade (porosidade entre 5% e 35%), que permite a função geológica da rocha reservatório: armazenar fluidos, como petróleo. Assim, a granulometria adequada favorece alta porosidade, e esta propriedade é essencial para o papel do reservatório em sistemas petrolíferos.",,,71,109,44
question_109,Que papel geológico deve ser atribuído a selo quando as evidências são relacionadas?,SUCCESS,,O papel geológico do selo é atuar como uma barreira de baixa permeabilidade que impede o escape dos hidrocarbonetos da rocha reservatório.,,,O papel geológico que deve ser atribuído ao selo é o de uma unidade (rocha selante) com baixa permeabilidade que impede o escape de hidrocarbonetos da rocha reservatório.,,,37,61,19
question_10,Como as evidências conectam pré-sal à retenção ou migração de hidrocarbonetos?,SUCCESS,,"As evidências mostram que a espessa camada de sal do pré-sal funciona como uma barreira selante de baixa permeabilidade, impedindo a migração dos hidrocarbonetos e favorecendo sua retenção nas rochas reservatório abaixo dela.",,,"As evidências conectam o pré-sal à retenção ou migração de hidrocarbonetos porque a espessa camada de sal (~2.000 m), composta por halita e anidrita, atua como uma barreira física, impedindo que o petróleo migre das rochas geradoras, promovendo assim a retenção dos hidrocarbonetos abaixo do sal.",,,46,75,26
question_110,Que papel geológico deve ser atribuído a reservatório quando as evidências são relacionadas?,SUCCESS,,O papel geológico do reservatório é servir como a unidade litológica porosa e permeável que armazena e permite o fluxo dos hidrocarbonetos no sistema petrolífero.,,,"O papel geológico que deve ser atribuído a um reservatório, de acordo com as evidências relacionadas, é o de uma unidade litológica (ou conjunto de unidades) porosa e permeável, capaz de armazenar e reter hidrocarbonetos. Portanto, geologicamente, o reservatório é uma rocha sedimentar porosa e permeável cuja função principal é servir de armazenamento natural para hidrocarbonetos (petróleo e gás).",,,49,69,32
question_111,"Como as evidências disponíveis permitem reinterpretar a pergunta: Qual interpretação é necessária quando um texto menciona geração, migração, trapa e selo?",SUCCESS,,"As evidências mostram que ""geração, migração, trapa e selo"" são conceitos geológicos essenciais para interpretar textos sobre sistemas petrolíferos: geração refere-se à formação do petróleo na rocha geradora; migração é o movimento do petróleo; trapa é a estrutura que o prende; e selo é a rocha que impede seu escape. Portanto, a interpretação necessária é reconhecer que o texto aborda os processos e elementos fundamentais para a acumulação de hidrocarbonetos.",,,"As evidências mostram que termos como geração, migração, trapa e selo referem-se a elementos e processos essenciais do sistema petrolífero: geração (formação dos hidrocarbonetos em rochas geradoras maduras), migração (movimento dos hidrocarbonetos para rochas reservatório), trapa (formação de estruturas que acumulam hidrocarbonetos) e selo (rocha impermeável que impede a fuga dos hidrocarbonetos). A interpretação necessária é técnica, ligada à geologia do petróleo—cada termo representa uma etapa ou condição fundamental para a existência de acumulações de petróleo e gás, e não apenas conceitos isolados.",,,57,98,34
question_112,"Que interpretação temporal pode ser obtida ao relacionar trapa, reservatório e hidrocarbonetos?",SUCCESS,,"A interpretação temporal é que a formação da trapa deve preceder ou ser contemporânea à migração dos hidrocarbonetos para que estes fiquem acumulados no reservatório; ou seja, trapa, reservatório e geração/migração de hidrocarbonetos precisam ocorrer de forma sincronizada no tempo geológico.",,,"A interpretação temporal ao relacionar trapa, reservatório e hidrocarbonetos é que a formação das trapas, das rochas reservatório e a geração, migração e acumulação de hidrocarbonetos devem ocorrer de forma sincronizada no tempo geológico. Ou seja, todos os processos e elementos precisam acontecer na ordem e no intervalo temporal adequado para permitir a acumulação economicamente viável de hidrocarbonetos.",,,52,81,31
question_113,Como as evidências disponíveis permitem reinterpretar a pergunta: Que informação os fragmentos de rocha trazidos durante a sondagem ajudam a registrar?,SUCCESS,,As evidências permitem reinterpretar a pergunta mostrando que os fragmentos de rocha trazidos pela lama de sondagem registram o tipo de rocha atravessada e a profundidade de onde vieram.,,,"As evidências mostram que os fragmentos de rocha trazidos pela lama de sondagem ajudam a registrar o tipo de rocha que a coroa de sondagem está atravessando, anotando também a profundidade correspondente. Assim, esses fragmentos permitem identificar e registrar as características das camadas geológicas perfuradas.",,,38,50,27
question_114,"Que relação entre composição, propriedade e função geológica pode ser inferida a partir de reservatório?",SUCCESS,,"A partir de um reservatório, pode-se inferir que a composição (tipo de rocha), suas propriedades (porosidade e permeabilidade) determinam a função geológica do reservatório: armazenar e permitir o fluxo de hidrocarbonetos. Ou seja, a presença de poros e a capacidade desses poros de se interconectarem controlam o armazenamento e a produção de petróleo e gás.",,,"A relação entre composição, propriedade e função geológica que pode ser inferida de ""reservatório"" é que o reservatório é um volume rochoso cuja composição (litologia, tipo de rocha) determina propriedades como porosidade (quanto espaço vazio possui) e permeabilidade (facilidade de fluxo de fluidos). Essas propriedades, por sua vez, definem a função geológica do reservatório: armazenar e permitir o fluxo de hidrocarbonetos. Portanto, a composição controla as propriedades, que determinam a função geológica do reservatório.",,,48,71,29
question_115,"Que relação entre composição, propriedade e função geológica pode ser inferida a partir de reservatório?",SUCCESS,,"A relação é que a **composição** da rocha influencia suas **propriedades** como porosidade e permeabilidade, que, por sua vez, determinam sua **função geológica** como reservatório, permitindo armazenar e movimentar hidrocarbonetos.",,,"A partir do reservatório, pode-se inferir que sua composição (rochas sedimentares com porosidade e permeabilidade) determina as propriedades geológicas (capacidade de armazenar e permitir fluxo de hidrocarbonetos), que por sua vez definem sua função geológica de acumular e liberar hidrocarbonetos. Em resumo: composição → propriedades (porosidade, permeabilidade) → função (armazenamento e fluxo de hidrocarbonetos).",,,43,65,24
question_116,"Que ambiente deposicional é sugerido pela associação entre rocha geradora, petróleo e óleo?",SUCCESS,,"O ambiente deposicional sugerido é de lagos, deltas ou bacias oceânicas, onde há acúmulo de matéria orgânica, especialmente plâncton, que gera petróleo e óleo.",,,"A associação entre rocha geradora, petróleo e óleo sugere um ambiente deposicional de bacias oceânicas, lagos ou deltas, onde predominam sedimentos ricos em matéria orgânica de origem planctônica.",,,55,94,28
question_117,Que papel geológico deve ser atribuído a selo quando as evidências são relacionadas?,SUCCESS,,"O papel geológico do selo é atuar como rocha selante, impedindo a migração dos hidrocarbonetos e permitindo sua acumulação no reservatório.",,,"O papel geológico atribuído a ""selo"" (rocha selante) é impedir a migração de óleo e gás, funcionando como uma barreira em bacias sedimentares para a acumulação de hidrocarbonetos.",,,65,87,49
question_118,Como as evidências conectam trapa à retenção ou migração de hidrocarbonetos?,SUCCESS,,"As evidências conectam trapa à retenção ou migração de hidrocarbonetos porque mostram que, após migrarem por caminhos como fraturas, falhas e rochas porosas, os hidrocarbonetos ficam retidos quando encontram uma trapa, impedindo sua continuidade de migração e permitindo o acúmulo no reservatório.",,,"As evidências conectam trapa à retenção ou migração de hidrocarbonetos porque estudos de migração revelam como os hidrocarbonetos se movem da fonte ao reservatório, ajudando a identificar se a estrutura (trapa) permite a retenção ou facilita a migração desses compostos. Isso é fundamental para entender a acumulação de hidrocarbonetos e avaliar a eficiência da trapa.",,,52,80,33
question_119,Como as evidências disponíveis permitem reinterpretar a pergunta: Que papel os estudos de bacias desempenham antes da perfuração exploratória?,SUCCESS,,"As evidências disponíveis mostram que os estudos de bacias são fundamentais antes da perfuração exploratória, pois permitem identificar se existem estruturas geológicas favoráveis à concentração de petróleo, avaliando elementos-chave nas bacias sedimentares. Ou seja, os estudos de bacias ajudam a direcionar e justificar a perfuração exploratória, reduzindo riscos e otimizando recursos.",,,"As evidências mostram que os estudos de bacias sedimentares, avaliados pela geologia do petróleo, permitem identificar estruturas geológicas favoráveis à concentração de petróleo na área estudada. Portanto, eles desempenham um papel fundamental ao definir se há potencial petrolífero antes da perfuração exploratória, direcionando a escolha das áreas a serem perfuradas.",,,48,67,33
question_11,Que interpretação espacial pode ser obtida ao conectar pré-sal com camada de sal?,SUCCESS,,"A conexão entre pré-sal e camada de sal indica que os reservatórios de petróleo e gás estão localizados abaixo de uma espessa camada de sal (até 2 mil metros) e sedimentos, a grandes profundidades (cerca de 5 mil metros no total) e distâncias da costa. Espacialmente, o pré-sal está “sob” a camada de sal, que atua como uma barreira, preservando e acumulando os hidrocarbonetos nessas regiões profundas do subsolo marinho.",,,"A interpretação espacial obtida ao conectar pré-sal com camada de sal é que o pré-sal corresponde a uma província petrolífera localizada abaixo da espessa camada de sal (com até dois quilômetros) em regiões de águas ultraprofundas, como na Bacia de Santos. Assim, espacialmente, o pré-sal está situado sob a camada de sal, formando um grande reservatório de petróleo e gás.",,,53,86,24
question_120,Como as evidências disponíveis permitem reinterpretar a pergunta: Qual interpretação liga estratigrafia e sedimentologia à análise de reservatórios?,SUCCESS,,"As evidências mostram que estratigrafia e sedimentologia são fundamentais na análise de reservatórios porque permitem quantificar o padrão e a extensão da sedimentação, ligando assim a arquitetura das camadas rochosas (estratigrafia) e os processos de deposição (sedimentologia) à identificação e caracterização das rochas reservatório.",,,"As evidências disponíveis permitem reinterpretar a pergunta mostrando que a ligação entre estratigrafia, sedimentologia e análise de reservatórios ocorre porque a identificação e caracterização de rochas reservatório envolve o estudo tanto dos processos e padrões de deposição dos sedimentos (sedimentologia) quanto da sequência temporal e espacial das camadas rochosas (estratigrafia). Portanto, a interpretação que liga essas áreas é a análise integrada dos padrões e extensão da sedimentação, sequências rochosas e suas propriedades, essenciais para quantificar e definir a presença e o potencial de reservatórios.",,,63,100,39
question_121,"Que interpretação temporal pode ser obtida ao relacionar idade relativa, deposição e Esse?",SUCCESS,,"A interpretação temporal ao relacionar idade relativa, deposição e “esse” (ou seja, o material depositado) é que, nas rochas sedimentares, os sedimentos mais antigos estão nas camadas inferiores e os mais recentes, nas superiores, pois o material vai sendo depositado e empilhado ao longo do tempo.",,,"A interpretação temporal ao relacionar idade relativa, deposição e camadas (pilha de sedimentos) é que, à medida que os sedimentos são depositados ao longo do tempo, as camadas mais profundas são mais antigas. Ou seja, a idade relativa das rochas sedimentares é determinada pela ordem de deposição: camadas inferiores foram depositadas antes (em um tempo mais antigo) que as superiores.",,,58,84,38
question_122,Que processo ou evento deposicional é registrado pela relação entre deposição e Esse?,SUCCESS,,"O processo registrado é a **estratificação** ou **superposição dos estratos**, onde a relação entre deposição e o empilhamento dos sedimentos indica que camadas mais inferiores são mais antigas que as superiores. Isso é conhecido como o princípio da sobreposição.",,,"O processo registrado é a deposição de sedimentos, que resulta na formação de rochas sedimentares.",,,50,72,32
question_123,"Que ambiente deposicional é sugerido pela associação entre turbidito, deposição e Turbiditos?",SUCCESS,,"O ambiente deposicional sugerido é o ambiente marinho, associado a bacias profundas, típicas de margens convergentes (ativas) e bacias de antepaís.",,,"A associação entre turbidito, deposição e turbiditos sugere um ambiente de deposição marinho, em especial bacias de antepaís (foreland) em áreas tectônicas de margem convergente (ativa), associado a correntes de turbidez submarinas.",,,42,54,27
question_124,"Que interpretação temporal pode ser obtida ao relacionar estratigrafia, fósseis e idade relativa?",SUCCESS,,"Ao relacionar estratigrafia, fósseis e idade relativa, pode-se interpretar a ordem temporal dos eventos geológicos: camadas mais profundas são mais antigas (""quanto mais embaixo, mais antigo""), e os fósseis nelas encontrados ajudam a datar e correlacionar essas camadas, permitindo reconstruir a sequência temporal da história da Terra.",,,"Ao relacionar estratigrafia, fósseis e idade relativa, obtém-se uma interpretação temporal porque a estratigrafia estuda as camadas de rochas sedimentares e sua relação no tempo; os fósseis, preservados nessas camadas, indicam formas de vida do passado; e a idade relativa é determinada pelo princípio de que camadas mais profundas são mais antigas. Assim, fósseis encontrados em diferentes camadas ajudam a construir uma ordem cronológica dos eventos geológicos e a evolução das bacias sedimentares.",,,62,87,36
question_125,"Que relação entre composição, propriedade e função geológica pode ser inferida a partir de camada de sal?",SUCCESS,,"A camada de sal, composta principalmente por halita e anidrita, possui propriedades impermeáveis devido à sua formação como evaporito. Essa composição impede a migração de fluidos, funcionando como uma barreira geológica que retém o petróleo nas rochas geradoras abaixo dela.",,,"A camada de sal é formada principalmente por halita e anidrita (composição), o que a classifica como uma rocha sedimentar química (propriedade). Essa composição confere à camada de sal a função geológica de barreira natural, impedindo a migração do petróleo gerado nas rochas abaixo dela (função).",,,56,94,29
question_126,Que interpretação espacial pode ser obtida ao conectar pré-sal com camada de sal?,SUCCESS,,"A interpretação espacial ao conectar pré-sal com camada de sal é que o pré-sal se refere a reservatórios de petróleo localizados abaixo de uma espessa camada de sal, que atua como uma cobertura geológica estendendo-se ao longo da costa brasileira, principalmente entre Espírito Santo e Santa Catarina, nas bacias sedimentares.",,,"Ao conectar pré-sal com camada de sal, obtém-se a interpretação espacial de que o pré-sal é uma extensa camada geológica localizada abaixo da camada de sal no subsolo da costa brasileira, abrangendo cerca de 800 km por 200 km entre Santa Catarina e Espírito Santo. A camada de sal sobrepõe o pré-sal, delimitando verticalmente sua posição em relação ao subsolo.",,,60,100,29
question_127,Que interpretação espacial pode ser obtida ao conectar Bacia de Santos com Bacia do Espírito Santo?,SUCCESS,,"Ao conectar a Bacia de Santos com a Bacia do Espírito Santo, pode-se interpretar espacialmente que essa ligação atravessa a Bacia de Campos, já que a Bacia de Campos está situada entre ambas: ao sul faz limite com Santos (Alto de Cabo Frio) e ao norte com Espírito Santo (Alto de Vitória). Portanto, há uma sequência de bacias sedimentares ao longo da plataforma continental sudeste brasileira.",,,"Ao conectar a Bacia de Santos com a Bacia do Espírito Santo, a interpretação espacial obtida é que há uma sequência de bacias sedimentares na costa brasileira organizadas de sul para norte: Bacia de Santos ao sul, Bacia de Campos ao centro (separando as duas pelas elevações geológicas do Alto de Cabo Frio e Alto de Vitória), e Bacia do Espírito Santo ao norte. Ou seja, essas bacias estão alinhadas lado a lado, formando um corredor sedimentar costeiro, com a Bacia de Campos situada entre elas.",,,36,57,20
question_128,"Que interpretação temporal pode ser obtida ao relacionar pré-sal, Gondwana e Sul-Americana?",SUCCESS,,"A interpretação temporal é que o pré-sal se formou há mais de 100 milhões de anos, durante a separação dos continentes Sul-Americano e Africano, que anteriormente faziam parte do supercontinente Gondwana.",,,"A interpretação temporal é que o pré-sal se formou há mais de 100 milhões de anos, durante a separação dos continentes sul-americano e africano, evento que marcou o rompimento do supercontinente Gondwana. Portanto, a origem do pré-sal está relacionada ao período em que existia Gondwana e ao processo de separação que deu origem à placa Sul-Americana.",,,55,88,32
question_129,Que interpretação espacial pode ser obtida ao conectar Bacia de Santos com Bacia do Espírito Santo?,SUCCESS,,"A conexão entre a Bacia de Santos e a Bacia do Espírito Santo indica uma continuidade do ambiente sedimentar marítimo ao longo do litoral sudeste brasileiro, evidenciando que essas bacias são vizinhas e estão separadas pelo Alto de Vitória, funcionando como limites naturais dentro da mesma margem continental.",,,"Ao conectar a Bacia de Santos com a Bacia do Espírito Santo, obtém-se uma interpretação espacial de alinhamento de bacias sedimentares ao longo da costa sudeste do Brasil, com as duas separadas pela Bacia de Campos. A Bacia de Santos situa-se ao sul, a Bacia do Espírito Santo ao norte, sendo a Bacia de Campos a intermediária, delimitada ao sul pelo Alto de Cabo Frio (fronteira com a Bacia de Santos) e ao norte pelo Alto de Vitória (fronteira com a Bacia do Espírito Santo). Portanto, conectar Santos e Espírito Santo implica passar espacialmente pela Bacia de Campos.",,,38,55,21
question_12,"Que interpretação temporal pode ser obtida ao relacionar pré-sal, camada de sal e idade relativa?",SUCCESS,,"A interpretação temporal é que as rochas do pré-sal são mais antigas que a camada de sal, pois estão posicionadas abaixo dela; o termo “pré-sal” indica que essas rochas se formaram antes do depósito da camada de sal.",,,"A interpretação temporal ao relacionar pré-sal, camada de sal e idade relativa é que o termo ""pré-sal"" refere-se a rochas sedimentares formadas antes (no tempo geológico) da deposição da camada de sal. Ou seja, o pré-sal é mais antigo que a camada de sal que o recobre; assim, a ordem temporal relativa é: formação das rochas do pré-sal → deposição da camada de sal.",,,50,73,35
question_130,Que interpretação espacial pode ser obtida ao conectar Bacia de Campos com petróleo?,SUCCESS,,A interpretação espacial ao conectar Bacia de Campos com petróleo é que essa região costeira do norte do Rio de Janeiro e sul do Espírito Santo se destaca como uma importante área sedimentar onde foram descobertos e explorados grandes volumes de petróleo.,,,"A interpretação espacial ao conectar ""Bacia de Campos"" com ""petróleo"" é que a Bacia de Campos é uma região sedimentar localizada na costa norte do Rio de Janeiro, estendendo-se até o Espírito Santo, conhecida por conter grandes reservas de petróleo, confirmadas a partir de 1974, sendo um dos principais polos de exploração petrolífera do Brasil.",,,39,54,22
question_131,Que interpretação espacial pode ser obtida ao conectar pré-sal com camada de sal?,SUCCESS,,"A interpretação espacial ao conectar pré-sal com camada de sal é que o pré-sal corresponde a reservatórios de petróleo localizados abaixo de uma espessa camada de sal no subsolo da costa brasileira, estendendo-se por cerca de 800 km entre Santa Catarina e Espírito Santo.",,,"Ao conectar pré-sal com camada de sal, a interpretação espacial obtida é que o pré-sal está localizado no subsolo da costa brasileira, abaixo de uma espessa camada de rocha salina (camada de sal). Essa camada de sal funciona como um ""teto"" geológico, cobrindo áreas extensas (800 km de extensão por 200 km de largura), e o petróleo do pré-sal é encontrado sob ela, principalmente nas bacias sedimentares como a Bacia de Santos.",,,58,96,25
question_132,Que interpretação espacial pode ser obtida ao conectar Bacia de Santos com Campos?,SUCCESS,,"Ao conectar as bacias de Santos e Campos, pode-se interpretar espacialmente que elas formam uma grande região contínua de bacias sedimentares sobre o platô de São Paulo, representando a principal área petrolífera marítima do Brasil.",,,"A interpretação espacial ao conectar a Bacia de Santos com Campos indica que ambas fazem parte do maior platô marginal da costa brasileira (platô de São Paulo) e constituem as duas maiores bacias petrolíferas offshore do Brasil, localizadas próximas na plataforma continental entre o Rio de Janeiro e Santa Catarina. Isso sugere uma extensão contínua de províncias sedimentares ricas em petróleo ao longo da margem sudeste brasileira.",,,43,64,24
question_133,Como as evidências disponíveis permitem reinterpretar a pergunta: Que entidade regional ajuda a explicar o interesse econômico nas bacias sedimentares submarinas brasileiras?,SUCCESS,,"As evidências disponíveis permitem reinterpretar a pergunta ao identificar que a entidade regional que ajuda a explicar o interesse econômico nas bacias sedimentares submarinas brasileiras é a ""camada do pré-sal"", que se estende pelas bacias sedimentares do Espírito Santo, Campos e Santos na plataforma continental brasileira.",,,"As evidências disponíveis permitem reinterpretar a pergunta mostrando que a entidade regional que ajuda a explicar o interesse econômico nas bacias sedimentares submarinas brasileiras é a plataforma continental do Brasil. Ela contém as bacias sedimentares submarinas, a camada pré-sal e os combustíveis fósseis, cuja descoberta tornou o Brasil um grande produtor de petróleo e gás. Portanto, a plataforma continental do Brasil é central para explicar esse interesse econômico.",,,64,108,31
question_134,"Que interpretação temporal pode ser obtida ao relacionar Bacia de Santos, Bacia e Santos?",SUCCESS,,"A interpretação temporal ao relacionar ""Bacia de Santos"" e ""Santos"" é que a Bacia de Santos se formou há mais de 130 milhões de anos, durante a separação da América do Sul e África, marcando um evento geológico muito anterior à fundação da cidade de Santos. Ou seja, a formação geológica antecede em milhões de anos a história humana da região chamada Santos.",,,"A interpretação temporal ao relacionar ""Bacia de Santos"", ""Bacia"" e ""Santos"" é que a Bacia de Santos se formou há mais de 130 milhões de anos, durante o início da separação entre a América do Sul e a África. Portanto, essa relação indica um evento geológico de grande escala ocorrido há aproximadamente 130 milhões de anos, que marcou a origem dessa bacia sedimentar atlântica.",,,53,86,29
question_135,Como as evidências disponíveis permitem reinterpretar a pergunta: Qual interpretação resulta da associação entre margem divergente e bacias petrolíferas offshore?,SUCCESS,,"As evidências mostram que margens divergentes, como a do Brasil, estão associadas à formação de grandes bacias sedimentares offshore (ex.: Campos e Santos), que são favoráveis à acumulação de petróleo devido ao afundamento da crosta e à deposição de sedimentos após a separação continental. Assim, a interpretação resultante é que margens divergentes criam ambientes geológicos propícios ao desenvolvimento de bacias petrolíferas offshore.",,,"As evidências mostram que margens divergentes, formadas pela separação de placas tectônicas (como no caso da margem continental brasileira), estão associadas à formação de grandes bacias petrolíferas offshore, como as bacias de Campos e Santos. Portanto, a interpretação decorrente é que margens divergentes criam condições geológicas favoráveis ao desenvolvimento de bacias sedimentares com elevado potencial petrolífero.",,,57,96,30
question_136,Que interpretação espacial pode ser obtida ao conectar Bacia de Santos com Bacia de Campos?,SUCCESS,,"A conexão entre a Bacia de Santos e a Bacia de Campos ocorre no Alto de Cabo Frio, indicando que essas bacias sedimentares marítimas são vizinhas e possuem uma continuidade geográfica ao longo do litoral sudeste brasileiro, formando um extenso sistema de exploração petrolífera.",,,"Ao conectar a Bacia de Santos com a Bacia de Campos, pode-se interpretar espacialmente que ambas são bacias sedimentares adjacentes no litoral brasileiro, com seu limite definido pelo Alto de Cabo Frio, que marca a divisão geológica entre elas. Portanto, a conexão indica uma transição geológica e geográfica entre as duas bacias, situando a Bacia de Santos ao sul da Bacia de Campos.",,,47,66,25
question_137,Que interpretação espacial pode ser obtida ao conectar Bacia de Santos com Bacia de Campos?,SUCCESS,,"Ao conectar a Bacia de Santos com a Bacia de Campos, pode-se interpretar espacialmente uma continuidade de grandes províncias petrolíferas no litoral sudeste brasileiro, delimitadas pelo Alto de Cabo Frio, formando uma extensa faixa costeira de recursos do pré-sal.",,,"Ao conectar a Bacia de Santos com a Bacia de Campos, obtém-se uma interpretação espacial de continuidade entre duas grandes bacias sedimentares localizadas na costa sudeste do Brasil, sendo separadas pelo Alto de Cabo Frio — um destaque geológico que marca a fronteira entre elas. Essa conexão indica que essas bacias estão adjacentes, com a Bacia de Campos ao norte e a Bacia de Santos ao sul, formando um conjunto de áreas sedimentares offshore ligadas por limites geológicos bem definidos.",,,57,84,34
question_138,Como as evidências disponíveis permitem reinterpretar a pergunta: Por que a Bacia de Santos é distinta de Campos e Pelotas no contexto citado?,SUCCESS,,"As evidências indicam que a Bacia de Santos é distinta das bacias de Campos e Pelotas principalmente devido à sua evolução geológica diferenciada. Enquanto todas são bacias de margem atlântica formadas após a separação da América do Sul e África, a Bacia de Santos apresenta particularidades em sua história geológica comparada aos quatro estágios evolutivos reconhecidos em Campos. Portanto, a distinção de Santos reside em seu desenvolvimento geológico singular no contexto das bacias sedimentares próximas.",,,"As evidências mostram que todas são bacias sedimentares de margem atlântica, formadas após a separação da América do Sul e África, mas a Bacia de Santos possui uma evolução geológica diferente de Campos e Pelotas. Assim, a pergunta pode ser reinterpretada para focar não só em aspectos geográficos ou idade, mas principalmente nas particularidades evolutivas do processo geológico que tornam a Bacia de Santos distinta das demais, apesar de origens similares.",,,36,60,16
question_139,Que interpretação espacial pode ser obtida ao conectar Bacia de Santos com pré-sal?,SUCCESS,,"A interpretação espacial ao conectar Bacia de Santos com pré-sal é a de uma extensa área localizada a cerca de 300 km da costa brasileira, em águas ultraprofundas, onde reservatórios de petróleo e gás se encontram a aproximadamente 5 mil metros abaixo da superfície do mar, sendo 2 mil metros de lâmina d’água, mil metros de sedimentos e outros 2 mil metros de sal.",,,"Ao conectar Bacia de Santos com pré-sal, obtém-se uma interpretação espacial de uma região de águas ultraprofundas localizada abaixo de uma espessa camada de sal, a cerca de 300 km da costa e profundidades de até 5 mil metros, onde se desenvolvem importantes reservatórios carbonáticos que formam uma das maiores províncias de petróleo do mundo.",,,53,86,28
question_13,Como as evidências conectam pré-sal à geração de óleo e gás?,SUCCESS,,"As evidências conectam o pré-sal à geração de óleo e gás porque, nas depressões formadas após a separação continental, acumularam-se grandes quantidades de matéria orgânica (principalmente algas microscópicas) nos lagos profundos. Essa matéria misturada a sedimentos originou as rochas geradoras, responsáveis pela formação de óleo e gás encontrados no pré-sal.",,,"As evidências mostram que o pré-sal está relacionado à geração de óleo e gás porque, durante a separação continental, formaram-se depressões transformadas em lagos profundos. Nesses lagos, acumularam-se grandes quantidades de matéria orgânica de algas microscópicas misturadas a sedimentos, formando as rochas geradoras que produzem o óleo e gás encontrados nos reservatórios do pré-sal.",,,60,105,32
question_140,Como as evidências disponíveis permitem reinterpretar a pergunta: Qual interpretação liga a sísmica às estruturas acumuladoras mencionadas na pesquisa de petróleo?,SUCCESS,,"As evidências mostram que a sísmica é usada para identificar estruturas acumuladoras (armadilhas) onde petróleo pode se concentrar. Assim, a interpretação sísmica está diretamente ligada à identificação dessas estruturas favoráveis à acumulação de hidrocarbonetos na pesquisa de petróleo.",,,"As evidências do grafo mostram que a sísmica é o principal método utilizado para identificar e estudar as estruturas acumuladoras (armadilhas) em pesquisas de petróleo, pois permite localizar formações geológicas favoráveis à acumulação de hidrocarbonetos no subsolo. Portanto, a interpretação que liga a sísmica às estruturas acumuladoras é que a sísmica serve como ferramenta fundamental para mapear e avaliar o potencial dessas estruturas de armazenarem petróleo.",,,43,62,23
question_141,"Que relação entre composição, propriedade e função geológica pode ser inferida a partir de reservatório?",SUCCESS,,"A partir do conceito de reservatório, pode-se inferir que a **composição** (rochas sedimentares ou cristalinas), associada à **propriedade** de porosidade (presença de espaços entre grãos ou fraturas), permite a **função geológica** de armazenar petróleo e gás natural. Ou seja, a composição adequada da rocha e sua porosidade são essenciais para que ela funcione como um reservatório de hidrocarbonetos.",,,"A partir de um reservatório, pode-se inferir que a composição da rocha (como tipo e arranjo dos grãos) determina sua propriedade principal, a porosidade, que, por sua vez, permite a função geológica de armazenar petróleo. Ou seja, a composição influencia a porosidade (propriedade), que possibilita o armazenamento de fluidos como petróleo (função geológica).",,,61,99,32
question_142,Como as evidências disponíveis permitem reinterpretar a pergunta: Qual interpretação conecta rochas sedimentares porosas e bacias sedimentares à ocorrência de petróleo?,SUCCESS,,"As evidências mostram que a conexão entre rochas sedimentares porosas, bacias sedimentares e a ocorrência de petróleo está na capacidade dessas rochas de atuarem como reservatórios, armazenando hidrocarbonetos em seus espaços porosos — geralmente formados entre grãos ou fraturas — principalmente dentro das bacias sedimentares, que são os principais ambientes de acumulação de petróleo.",,,"As evidências mostram que a ocorrência de petróleo está conectada à presença de rochas sedimentares porosas em bacias sedimentares, pois essas rochas funcionam como reservatórios porosos onde os hidrocarbonetos são armazenados. Portanto, a interpretação é que a porosidade das rochas em bacias sedimentares permite o acúmulo e a ocorrência de petróleo.",,,67,109,42
question_143,"Que ambiente deposicional é sugerido pela associação entre reservatório, petróleo e óleo?",SUCCESS,,"O ambiente deposicional sugerido é o de talude e bacia profunda, relacionado a depósitos turbidíticos formados por correntes de turbidez submarinas.",,,"O ambiente deposicional sugerido é o marinho profundo, característico de reservatórios turbidíticos.",,,70,112,43
question_144,Que processo ou evento deposicional é registrado pela relação entre sequência turbidítica e evento de fluxo?,SUCCESS,,O processo registrado é a deposição de turbiditos por eventos únicos de fluxo de corrente de turbidez.,,,O processo ou evento deposicional registrado pela relação entre sequência turbidítica e evento de fluxo é um evento único de fluxo que deposita cada camada (estrato) da sequência turbidítica. Cada estrato resulta de um evento turbidítico individual.,,,44,59,30
question_145,"Que relação entre composição, propriedade e função geológica pode ser inferida a partir de reservatório?",SUCCESS,,"A relação é que a composição (litologia porosa e permeável, como arenitos em turbiditos) determina propriedades físicas (porosidade e permeabilidade), que permitem a função geológica do reservatório: armazenar e transmitir hidrocarbonetos.",,,"A partir do conceito de reservatório, pode-se inferir que sua composição (unidade litológica) determina propriedades como porosidade (espaços vazios) e permeabilidade (fluxo de fluidos), que, por sua vez, possibilitam a função geológica de armazenar e permitir a movimentação de hidrocarbonetos. Portanto, a relação é: composição → propriedades → função geológica.",,,61,92,33
question_146,"Que relação entre composição, propriedade e função geológica pode ser inferida a partir de reservatório?",SUCCESS,,"A partir de um reservatório, pode-se inferir que sua composição (rochas sedimentares como arenito e calcário), suas propriedades (alta porosidade e permeabilidade) estão diretamente relacionadas à sua função geológica de armazenar e permitir o fluxo de petróleo.",,,"A relação é que a composição da rocha reservatório (principalmente arenitos, calcarenitos ou conglomerados, com granulometria de areia a seixo) determina sua propriedade de porosidade, que por sua vez permite a função geológica de armazenar e permitir a passagem de petróleo. Assim, a composição influencia a propriedade (porosidade), que é fundamental para a função geológica de reservatório.",,,57,87,34
question_147,Que interpretação estrutural surge ao relacionar selo com trapa?,SUCCESS,,"A interpretação estrutural que surge ao relacionar selo com trapa é que, em uma trapa, o selo funciona como a barreira que, junto com a estrutura ou configuração estratigráfica, impede a fuga dos hidrocarbonetos, permitindo sua acumulação no subsolo.",,,"Ao relacionar selo com trapa, a interpretação estrutural que surge é que a trapa é uma configuração estratigráfica ou estrutural que garante a justaposição (contato direto e adequado) entre o reservatório (rocha porosa com hidrocarbonetos) e o selo (camada impermeável). Essa associação impede o escape dos hidrocarbonetos, permitindo que eles fiquem presos no subsolo. Assim, estruturalmente, a trapa só funciona efetivamente quando há um selo atuando como barreira superior, compondo juntos o sistema de acumulação de petróleo.",,,39,55,22
question_148,Como as evidências conectam camada de sal à retenção ou migração de hidrocarbonetos?,SUCCESS,,"As evidências mostram que a camada de sal, por ser uma rocha impermeável, atua como barreira (“trapa”) que impede a migração dos hidrocarbonetos, favorecendo sua retenção nos reservatórios abaixo do sal.",,,"As evidências mostram que a camada de sal, composta principalmente por halita e anidrita, atua como uma barreira impermeável sobre a rocha geradora de petróleo no pré-sal. Essa camada bloqueia a migração dos hidrocarbonetos, impedindo que o petróleo escape, o que favorece sua retenção nos reservatórios abaixo do sal. Assim, a presença da camada de sal está diretamente conectada à retenção e à limitação da migração de hidrocarbonetos.",,,57,89,34
question_149,Que papel geológico deve ser atribuído a reservatório quando as evidências são relacionadas?,SUCCESS,,O papel geológico atribuído ao reservatório é o de ser a rocha porosa e permeável que armazena o petróleo em seus espaços entre grãos ou em cavidades interconectadas.,,,"O papel geológico a ser atribuído ao reservatório, quando as evidências são relacionadas, é o de corpo de rocha sedimentar porosa e permeável (como arenito ou calcário com cavidades interconectadas), que contém espaços vazios conectados entre si, permitindo o acúmulo e armazenamento de fluidos como o petróleo.",,,52,78,35
question_14,"Que relação entre composição, propriedade e função geológica pode ser inferida a partir de Bacia de Santos?",SUCCESS,,"Na Bacia de Santos, a composição dos reservatórios do Pré-sal é predominantemente de fácies carbonáticas lacustres, seladas por espessa camada de evaporitos. Essa composição confere propriedades de alta porosidade e permeabilidade às rochas carbonáticas (bons reservatórios) e baixa permeabilidade aos evaporitos (selantes eficientes). Assim, a relação entre composição, propriedade e função geológica é que as carbonatos armazenam hidrocarbonetos e os evaporitos funcionam como selo, permitindo a formação de campos gigantes de petróleo.",,,"Na Bacia de Santos, pode-se inferir que a composição (fácies carbonáticas lacustres) determina propriedades como alta porosidade e capacidade de armazenar hidrocarbonetos. Essas propriedades estão diretamente ligadas à função geológica da seção Pré-sal, que atua como importante reservatório de petróleo, selado por espessa camada de evaporitos. Portanto, a composição controla as propriedades das rochas, que por sua vez definem a função geológica da Bacia como produtora de petróleo.",,,57,88,34
question_150,"Como as evidências disponíveis permitem reinterpretar a pergunta: Que interpretação integra formação, migração e retenção em uma acumulação petrolífera?",SUCCESS,,"As evidências disponíveis mostram que formação, migração e retenção são etapas interligadas no processo de acumulação petrolífera: a formação refere-se à geração de hidrocarbonetos na rocha geradora; a migração ao deslocamento desses compostos pela matriz rochosa; e a retenção depende do encontro com uma barreira (trapa) que impede a dispersão. Assim, a interpretação integrada revela que acumulação só ocorre quando esses três processos acontecem de forma coordenada, condicionados pela presença de rocha geradora, reservatório, selo e as trapas.",,,"As evidências mostram que a formação, migração e retenção de hidrocarbonetos são processos integrados em um sistema petrolífero, envolvendo rocha geradora (formação), migração para rocha reservatório e retenção em trapa. Assim, a interpretação integradora considera estes processos e elementos como partes essenciais e interdependentes para a acumulação petrolífera—não isolados, mas conectados geologicamente.",,,59,98,33
question_15,Que interpretação espacial pode ser obtida ao conectar Formação Barra Velha com Formação Itapema?,SUCCESS,,"A interpretação espacial ao conectar Formação Barra Velha com Formação Itapema indica que ambas se encontram associadas a altos estruturais da Bacia de Santos, onde a Itapema representa depósitos mais proximais (rudstones e grainstones de bivalves) e a Barra Velha cobre esses altos com carbonatos estromatolíticos e intraclásticos, refletindo continuação espacial de ambientes rasos e condições alcalinas sobre esses altos durante o Aptiano.",,,"Ao conectar a Formação Barra Velha com a Formação Itapema, obtém-se uma interpretação espacial de contato vertical entre unidades litoestratigráficas distintas: a Barra Velha (com estromatólitos, grainstones intraclásticos e esferulititos) sobreposta à Itapema (rudstones e grainstones de bivalves nos altos estruturais). Isso reflete uma sucessão de ambientes deposicionais ao longo do tempo, indicando variação lateral e vertical de fácies e, consequentemente, potencial compartimentação e heterogeneidade nos reservatórios do Campo de Búzios.",,,79,129,52
question_16,Que interpretação estrutural surge ao relacionar petróleo com óleo?,SUCCESS,,"Ao relacionar petróleo com óleo, a interpretação estrutural que surge é a de que o acúmulo desses fluidos ocorre em armadilhas estruturais—configurações geométricas das rochas (como dobras ou falhas) que impedem a fuga do petróleo/óleo, favorecendo sua acumulação.",,,"Ao relacionar petróleo com óleo, a interpretação estrutural que surge é a importância das ""armadilhas estruturais"", configurações geométricas de rochas (como domos, falhas e dobras) que acumulam e impedem a fuga do petróleo/óleo. Essas estruturas fazem parte do sistema petrolífero, que é o conjunto responsável por gerar e acumular o óleo no subsolo. Portanto, o óleo está diretamente ligado a arranjos estruturais das rochas que controlam sua acumulação e retenção.",,,71,123,47
question_17,Como as evidências diferenciam as funções geológicas de pré-sal e rocha selante?,SUCCESS,,"As evidências diferenciam as funções geológicas mostrando que as rochas do pré-sal atuam como rochas geradoras (onde matéria orgânica se transforma em petróleo) e como reservatórios (onde óleo e gás se acumulam, especialmente em rochas calcárias porosas). Já a rocha selante é identificada como aquela que impede a migração dos hidrocarbonetos, selando o reservatório e garantindo sua acumulação, geralmente por ser impermeável.",,,"As evidências diferenciam as funções geológicas do pré-sal e da rocha selante mostrando que:

- O pré-sal contém rochas geradoras de óleo e gás (ricas em matéria orgânica de algas microscópicas misturadas a sedimentos), além de rochas calcárias e conchas calcárias que formam os principais reservatórios de hidrocarbonetos.
- Já a rocha selante é definida como uma rocha impermeável que impede a migração dos hidrocarbonetos, funcionando como barreira.

Portanto, o pré-sal abriga as rochas geradoras e reservatórios (onde o petróleo se forma e acumula), enquanto a rocha selante atua como uma camada que impede a saída dos hidrocarbonetos desses reservatórios.",,,66,112,41
question_18,Que papel geológico deve ser atribuído a Bacia de Santos quando as evidências são relacionadas?,SUCCESS,,"A Bacia de Santos deve ser atribuída o papel geológico de bacia de rifte, formada durante o rifteamento oblíquo que resultou na deposição de rochas carbonáticas lacustres (pré-sal), essenciais como reservatórios petrolíferos.",,,"A Bacia de Santos deve ser atribuída o papel de bacia sedimentar formada por rifteamento oblíquo, atuando como unidade geológica responsável pelo ambiente de deposição dos reservatórios carbonáticos de origem lacustre (aptianos), como os das formações Itapema e Barra Velha no Campo de Búzios.",,,66,106,39
question_19,Como as evidências disponíveis permitem reinterpretar a pergunta: Qual conclusão pode ser obtida ao combinar a presença de evaporitos com fácies carbonáticas lacustres na seção pré-sal?,SUCCESS,,"Ao combinar a presença de evaporitos com fácies carbonáticas lacustres na seção pré-sal, conclui-se que há excelentes condições para formação de grandes acumulações de petróleo, pois as fácies carbonáticas atuam como reservatório e os evaporitos como rocha selante eficiente, favorecendo o sistema petrolífero da Bacia de Santos.",,,"A combinação de evaporitos com fácies carbonáticas lacustres na seção pré-sal indica que os carbonatos se depositaram em ambientes lacustres antes de serem selados por espessas camadas de evaporitos, evidenciando um sistema deposicional onde há alternância de fases de inundação lacustre e elevada evaporação. Assim, a presença conjunta desses litotipos permite concluir que o ambiente deposicional do pré-sal envolveu lagos com condições de evaporação extrema, favorecendo tanto a formação de carbonatos quanto de evaporitos, o que também explica a excelente capacidade de selamento das acumulações de hidrocarbonetos nessa seção.",,,63,105,40
question_1,Como as evidências conectam Bacia de Santos à retenção ou migração de hidrocarbonetos?,SUCCESS,,"As evidências mostram que, na Bacia de Santos, a espessa camada de sal atua como uma barreira impermeável (“trapa”), impedindo a migração dos hidrocarbonetos e favorecendo sua retenção nos reservatórios abaixo do sal (pré-sal). Isso explica as grandes acumulações de petróleo na região.",,,"As evidências conectam a Bacia de Santos à retenção ou migração de hidrocarbonetos pela presença de reservatórios carbonáticos profundos abaixo de uma espessa camada de sal (até 2 km), que atua como selo eficiente, impedindo a migração dos hidrocarbonetos (óleo pesado, óleo leve e gás não associado) e favorecendo sua retenção e acumulação.",,,63,101,39
question_20,Como as evidências conectam pré-sal à retenção ou migração de hidrocarbonetos?,SUCCESS,,"As evidências mostram que a espessa camada de sal do pré-sal atua como uma barreira impermeável, impedindo a migração dos hidrocarbonetos. Assim, o sal retém o petróleo abaixo dele, evitando que escape para a superfície.",,,"As evidências mostram que, no pré-sal, o petróleo gerado em rochas sedimentares migra pelos poros das rochas até encontrar a espessa camada de sal, que atua como barreira e impede sua migração. Assim, a presença da camada de sal está diretamente conectada à retenção dos hidrocarbonetos nessas acumulações, evitando que eles escapem, enquanto sua ausência permitiria a migração.",,,59,90,36
question_21,Que interpretação estrutural surge ao relacionar rocha selante com trapa?,SUCCESS,,"A relação entre rocha selante e trapa, na interpretação estrutural, indica que a rocha selante é fundamental para efetivar a trapa: ao se posicionar acima da rocha reservatório em uma configuração estrutural favorável (como dobras ou falhas), a rocha selante impede a migração vertical dos hidrocarbonetos, promovendo sua acumulação. Portanto, a presença conjunta de rocha selante e trapa define-se estruturalmente como a associação responsável pelo aprisionamento de hidrocarbonetos no subsolo.",,,"Ao relacionar rocha selante com trapa, surge a interpretação estrutural de que a rocha selante é um elemento fundamental nas trapas, pois impede a migração dos hidrocarbonetos, permitindo sua acumulação. Portanto, a presença da rocha selante é crucial para que a trapa funcione como armadilha estrutural no sistema petrolífero.",,,68,122,38
question_22,"Que relação entre composição, propriedade e função geológica pode ser inferida a partir de pré-sal?",SUCCESS,,"No pré-sal, a composição predominante de rochas calcárias (carbonatadas) resulta em propriedades como alta porosidade e permeabilidade, o que favorece sua função geológica como principal reservatório natural de petróleo.",,,"A relação é: No pré-sal, a composição predominante de rochas calcárias e conchas calcárias (origem biológica e carbonática) confere aos reservatórios propriedades porosas e permeáveis essenciais para armazenar e acumular petróleo, desempenhando assim a função geológica de reservatórios eficientes situados abaixo da camada de sal.",,,57,90,37
question_23,Que interpretação espacial pode ser obtida ao conectar Bacia de Santos com pré-sal?,SUCCESS,,"A interpretação espacial ao conectar Bacia de Santos com pré-sal indica que, nesta região, grandes reservatórios de petróleo e gás se localizam sob o fundo do mar, cerca de 300 km da costa brasileira, em águas ultraprofundas, abaixo de uma espessa camada de sal (até 2 mil metros), caracterizando a Bacia de Santos como uma das principais áreas do pré-sal brasileiro.",,,"Ao conectar Bacia de Santos com pré-sal, a interpretação espacial obtida é que a Bacia de Santos é uma região marítima de águas ultraprofundas que contém uma extensa camada de sal (o pré-sal). Abaixo dessa camada ocorrem grandes reservatórios carbonáticos, formando uma das maiores províncias de petróleo do mundo. Assim, espacialmente, o pré-sal está situado subsuperficialmente dentro da Bacia de Santos, separando as águas profundas dos reservatórios de petróleo e gás.",,,67,105,39
question_24,Como as evidências conectam Bacia de Santos à retenção ou migração de hidrocarbonetos?,SUCCESS,,"As evidências conectam a Bacia de Santos à retenção de hidrocarbonetos devido à presença de uma espessa camada de sal que atua como selo, impedindo o escape dos hidrocarbonetos e garantindo sua acumulação no subsolo. Esse selo de baixa permeabilidade é fundamental para evitar a migração dos hidrocarbonetos, favorecendo assim sua retenção na região do pré-sal.",,,"As evidências conectam a Bacia de Santos à retenção ou migração de hidrocarbonetos principalmente pela presença da espessa camada de sal (até 2 mil metros) que funciona como um selo geológico. Essa camada impede a migração do petróleo, garantindo sua retenção e acumulando óleo de ótima qualidade nas rochas do pré-sal.",,,48,74,28
question_25,Que processo ou evento deposicional é registrado pela relação entre pré-sal e reservatório?,SUCCESS,,"O processo deposicional registrado pela relação entre pré-sal e reservatório é a evaporação intensa em clima árido, levando à precipitação e acumulação de sais (formação de evaporitos) sobre os reservatórios de petróleo.",,,"O evento deposicional registrado pela relação entre pré-sal e reservatório é a **intensa evaporação da água marinha em bacia fechada e clima árido**, levando à **acumulação de sais (camada de sal)** que isola e protege o petróleo nos reservatórios abaixo do pré-sal.",,,47,72,23
question_26,"Que relação entre composição, propriedade e função geológica pode ser inferida a partir de Bacia de Santos?",SUCCESS,,"Na Bacia de Santos, a composição (fácies carbonáticas lacustres do Pré-sal) confere propriedades como porosidade e permeabilidade às rochas reservatório, permitindo o acúmulo de hidrocarbonetos. A função geológica dessas rochas é atuar como reservatórios, sendo esses hidrocarbonetos selados por uma espessa camada de evaporitos, formando assim campos gigantes e supergigantes de alta produtividade.",,,"A Bacia de Santos possui reservatórios formados por fácies carbonáticas lacustres (composição), seladas por camadas espessas de evaporitos (propriedade), o que permite alta produtividade e armazenamento de petróleo (função geológica). Essas relações mostram que a composição carbonática e as propriedades de selamento favorecem a função de reservatório geológico.",,,50,70,26
question_27,"Que relação entre composição, propriedade e função geológica pode ser inferida a partir de Bacia de Santos?",SUCCESS,,"A partir da Bacia de Santos, infere-se que a composição carbonática (rudstones, grainstones, estromatólitos) dos reservatórios, originada de processos lacustres durante o rifteamento, determina propriedades como alta porosidade e permeabilidade, essenciais para sua função geológica de acumular e armazenar óleo e gás nos reservatórios do pré-sal.",,,"A partir da Bacia de Santos, pode-se inferir que a composição das rochas (predominantemente carbonáticas, de origem lacustre e idade aptiana) determina propriedades como porosidade e permeabilidade, fundamentais para a função geológica de reservatório. Essas características, associadas à sua deposição durante o rifteamento (função geológica), explicam por que a Bacia de Santos é uma importante produtora de hidrocarbonetos. Assim, há uma relação direta: a composição influenciou as propriedades petrofísicas, que habilitam a função de reservatório dentro do contexto geológico da bacia.",,,67,115,36
question_28,"Que ambiente deposicional é sugerido pela associação entre pré-sal, rocha selante e reservatório?",SUCCESS,,"O ambiente deposicional sugerido é um ambiente lacustre (lagos), associado à formação do pré-sal, onde matéria orgânica se acumula em regiões profundas (formando rocha geradora), carbonatos e conchas em áreas rasas (formando o reservatório) e evaporitos (como sal) atuam como rocha selante.",,,"A associação entre pré-sal, rocha selante e reservatório sugere um ambiente deposicional lacustre, com lagos profundos acumulando matéria orgânica e sedimentos (rochas geradoras), e áreas rasas formando depósitos de conchas calcárias (reservatórios).",,,60,93,36
question_29,"Que relação entre composição, propriedade e função geológica pode ser inferida a partir de pré-sal?",SUCCESS,,"A relação é que a composição do pré-sal (principalmente halita e anidrita) confere à camada de sal propriedades impermeáveis, funcionando como uma barreira geológica que impede a migração do petróleo e favorece sua acumulação.",,,"A camada pré-sal tem composição principalmente de halita e anidrita, o que lhe confere a propriedade de barreira geológica. Essa propriedade impede a migração do petróleo da rocha geradora, permitindo seu acúmulo. Portanto, a composição mineral do pré-sal determina sua função geológica de retenção de petróleo.",,,48,71,30
question_2,Como as evidências conectam Bacia de Santos à retenção ou migração de hidrocarbonetos?,SUCCESS,,"As evidências mostram que na Bacia de Santos, os hidrocarbonetos do Pré-sal ficam retidos devido à presença de espessa camada de evaporitos (selo) com baixa permeabilidade, impedindo sua migração e permitindo a acumulação em reservatórios carbonáticos lacustres altamente produtivos.",,,"As evidências conectam a Bacia de Santos à retenção e migração de hidrocarbonetos principalmente pelo fato de seus campos gigantes e supergigantes do Pré-sal serem compostos por fácies carbonáticas lacustres (rochas reservatório) protegidas por uma espessa camada de evaporitos, que atua como selo. Essa configuração favorece a retenção eficaz dos hidrocarbonetos (impedindo sua migração para outras camadas), explicando a alta produtividade dos campos na região.",,,52,78,32
question_30,Que papel geológico deve ser atribuído a camada de sal quando as evidências são relacionadas?,SUCCESS,,"A camada de sal atua como rocha selante (ou capeadora), impedindo o escape do petróleo dos reservatórios.",,,"A camada de sal deve ser atribuída o papel geológico de rocha capeadora, ou seja, ela impede o movimento do petróleo e contribui para a formação de reservatórios petrolíferos.",,,38,58,21
question_31,Que interpretação espacial pode ser obtida ao conectar Formação Barra Velha com Formação Itapema?,SUCCESS,,"A interpretação espacial ao conectar a Formação Barra Velha com a Formação Itapema indica uma relação vertical e lateral entre depósitos carbonáticos do Aptiano, onde a Barra Velha (estromatólitos, grainstones intraclásticos) sobrepõe ou se associa lateralmente à Itapema (rudstones e grainstones de bivalves), ambos se formando sobre altos estruturais herdados do embasamento em ambientes carbonáticos restritos típicos do Pré-sal da Bacia de Santos. Isso sugere variações paleoambientais e de energia deposicional associadas à evolução dos altos estruturais.",,,"Ao conectar a Formação Barra Velha com a Formação Itapema, obtém-se uma interpretação espacial de diferenciação litológica vertical e lateral nos reservatórios do Campo de Búzios: nos altos estruturais, a Formação Itapema está associada a rudstones e grainstones de bivalves, enquanto a Formação Barra Velha é composta principalmente por estromatólitos, grainstones intraclásticos e esferulititos. Isso indica uma variação espacial dos depósitos, relacionada à posição estrutural e aos ambientes de sedimentação.",,,63,104,36
question_32,"Que interpretação temporal pode ser obtida ao relacionar pré-sal, pós-sal e camada de sal?",SUCCESS,,"A interpretação temporal é que o ""pré-sal"" refere-se a rochas formadas antes do depósito da camada de sal, enquanto o ""pós-sal"" refere-se a rochas formadas após esse depósito. Assim, a camada de sal marca um intervalo de tempo geológico entre a formação das camadas pré-sal (mais antigas) e pós-sal (mais recentes).",,,"A interpretação temporal é que o termo “pré-sal” refere-se às camadas de rochas formadas antes (no tempo geológico) da deposição da camada de sal; a camada de sal foi depositada posteriormente, e o “pós-sal” refere-se às camadas formadas depois da camada de sal. Assim, pré-sal (mais antigo) está abaixo do sal, sal (intermediário) está no meio e pós-sal (mais recente) está acima do sal.",,,65,92,42
question_33,Que papel geológico deve ser atribuído a pré-sal quando as evidências são relacionadas?,SUCCESS,,"O papel geológico do pré-sal é atuar como rocha selante, impedindo que o petróleo escape e chegue à superfície, garantindo o acúmulo dos hidrocarbonetos nas rochas reservatório.",,,"O papel geológico atribuído ao pré-sal é o de camada de rochas sedimentares formada por acumulação de sais devido à intensa evaporação da água marinha em clima árido, funcionando como uma barreira que protege e impede a dispersão do petróleo para a superfície, favorecendo sua acumulação em reservatórios subterrâneos.",,,56,85,35
question_34,Como as evidências disponíveis permitem reinterpretar a pergunta: Qual associação geológica torna a Bacia de Santos uma província petrolífera expressiva?,SUCCESS,,"As evidências mostram que a expressividade petrolífera da Bacia de Santos está associada ao desenvolvimento de grandes reservatórios carbonáticos localizados abaixo da espessa camada de sal (pré-sal), o que permitiu a formação de extensivas acumulações de óleo e gás — reinterpretando a pergunta, a principal associação geológica responsável é a presença dos reservatórios carbonáticos sob o pré-sal.",,,"As evidências mostram que a expressividade da Bacia de Santos como província petrolífera está associada à presença de reservatórios carbonáticos em águas ultraprofundas, abaixo de uma espessa camada de pré-sal. Essa associação geológica permite grandes acumulações de óleo (pesado e leve) e gás não associado, caracterizando a região como uma das maiores províncias de petróleo do mundo.",,,51,81,29
question_35,"Que interpretação temporal pode ser obtida ao relacionar pré-sal, rochas geradoras e óleo?",SUCCESS,,"A interpretação temporal é que o óleo do pré-sal resulta de processos que começaram há mais de 100 milhões de anos, quando a separação dos continentes formou depressões onde matéria orgânica se acumulou, formando rochas geradoras que, ao longo de milhões de anos, produziram o petróleo atualmente encontrado no pré-sal.",,,"A relação temporal mostra que o pré-sal se originou há mais de 100 milhões de anos, após a separação dos continentes sul-americano e africano, quando matéria orgânica (algas microscópicas) acumulou-se em depressões (lagos), formando rochas geradoras. Com o tempo geológico, essas rochas converteram essa matéria orgânica em óleo e gás, indicando um processo de geração de hidrocarbonetos ao longo de milhões de anos.",,,65,104,37
question_36,Que unidade ou entidade estratigráfica conecta Bacia de Santos à interpretação apresentada nas evidências?,SUCCESS,,A unidade estratigráfica que conecta a Bacia de Santos à interpretação apresentada nas evidências é a Formação Barra Velha.,,,"A unidade ou entidade estratigráfica que conecta a Bacia de Santos à interpretação apresentada nas evidências é a Formação Barra Velha e a Formação Itapema, ambas pertencentes ao tipo ""unidade litológica"" (unidade litoestratigráfica) que constituem os reservatórios carbonáticos do Campo de Mero na Bacia de Santos.",,,51,70,30
question_37,Como as evidências disponíveis permitem reinterpretar a pergunta: Qual interpretação explica a diferença entre o W735 e os poços 2-ANP-2A-RJS e W731 no Campo de Mero?,SUCCESS,,"As evidências disponíveis mostram que o poço W735 apresenta fluido e regime de pressão diferentes dos observados nos poços 2-ANP-2A-RJS e W731, indicando uma compartimentação no Campo de Mero. Assim, a diferença entre o W735 e os demais poços é melhor explicada pela presença de barreiras geológicas que compartimentam o reservatório, afetando a comunicação de fluidos e as propriedades de pressão entre as áreas centrais e noroeste da estrutura.",,,"As evidências mostram que o poço W735, localizado no compartimento central da estrutura de Libra, identificou fluido e regime de pressão diferentes daqueles observados nos poços 2-ANP-2A-RJS e W731 (ambos na porção Noroeste). Isso permite reinterpretar a diferença como uma indicação de compartimentação importante no Campo de Mero, ou seja, há barreiras ou distinções geológicas entre os compartimentos central e noroeste, explicando as variações nos fluidos e pressões. Portanto, a melhor explicação é a existência de compartimentação entre os reservatórios, que foi evidenciada pelo comportamento distinto do W735.",,,54,80,28
question_38,Que interpretação espacial pode ser obtida ao conectar Libra com W731?,SUCCESS,,"A interpretação espacial ao conectar Libra com o poço W731 é a confirmação da continuidade e extensão dos reservatórios de petróleo na porção Noroeste (NW) da estrutura de Libra, demonstrando que as características dos reservatórios se mantêm nessa direção.",,,"Ao conectar Libra com o poço W731, obtém-se a interpretação espacial de que W731 está localizado na porção noroeste da estrutura de Libra e confirmou a continuidade dos reservatórios identificados anteriormente pelo poço 2-ANP-2A-RJS. Assim, W731 demonstra a extensão e conexão espacial dos reservatórios nessa região específica da estrutura de Libra.",,,55,79,32
question_39,"Que relação entre composição, propriedade e função geológica pode ser inferida a partir de pré-sal?",SUCCESS,,"A partir do pré-sal, pode-se inferir que a **composição** (rochas carbonáticas intercaladas com ígneas e hidrocarbonetos ricos em CO2) influencia as **propriedades dos reservatórios** (como porosidade, permeabilidade e presença de barreiras internas), o que afeta diretamente a **função geológica** de acumulação e produção de petróleo, exigindo técnicas avançadas de caracterização e desenvolvimento.",,,"No contexto do pré-sal (exemplo: Campo de Mero), pode-se inferir que a **composição** (reservatórios carbonáticos intercalados por rochas ígneas e hidrocarbonetos com alto teor de CO₂) está relacionada à **propriedade** (estrutura geológica complexa, variação mineralógica e química) e à **função geológica** (armazenamento e produção de hidrocarbonetos). Rochas ígneas e carbonáticas, junto ao arcabouço estrutural, condicionam a qualidade dos reservatórios e a acumulação de petróleo, mostrando a integração entre composição, propriedades e função nos processos geológicos do pré-sal.",,,77,111,47
question_3,Como as evidências conectam pré-sal à geração de óleo e gás?,SUCCESS,,"As evidências mostram que o pré-sal possui rochas formadas por matéria orgânica acumulada em antigos lagos profundos, principalmente de algas microscópicas. Essas rochas, chamadas geradoras (como folhelhos negros), são responsáveis pela geração do óleo e gás encontrados no pré-sal.",,,"As evidências mostram que, no pré-sal, grandes quantidades de matéria orgânica (de algas microscópicas) se acumularam e, misturadas aos sedimentos, formaram rochas geradoras. Essas rochas são responsáveis pela geração de óleo e gás do pré-sal. Portanto, o pré-sal está diretamente conectado à origem do óleo e gás pelas suas rochas geradoras, derivadas da matéria orgânica e sedimentos acumulados em regiões profundas.",,,49,76,31
question_40,"Que relação entre composição, propriedade e função geológica pode ser inferida a partir de reservatório?",SUCCESS,,"A relação é que a composição (tipo de rocha, ex: carbonáticos) determina as propriedades do reservatório (como porosidade e permeabilidade), e essas propriedades controlam a função geológica do reservatório, isto é, sua capacidade de armazenar e permitir o fluxo de hidrocarbonetos.",,,"A partir do reservatório, pode-se inferir que:  
- **Composição**: É uma unidade litológica composta por rochas porosas e permeáveis que retém hidrocarbonetos.  
- **Propriedades**: Porosidade permite calcular o volume de hidrocarbonetos armazenados; permeabilidade define a facilidade de fluxo desses hidrocarbonetos.  
- **Função geológica**: Serve como armazenamento e meio de extração de hidrocarbonetos, dependendo das suas propriedades físicas.",,,55,74,30
question_41,"Que relação entre composição, propriedade e função geológica pode ser inferida a partir de Bacia de Santos?",SUCCESS,,"A partir da Bacia de Santos, observa-se que a **composição** (rochas carbonáticas como rudstones, grainstones, estromatólitos e coquinas), junto às **propriedades** (porosidade, presença de matéria orgânica, fácies lacustres) resultantes da deposição durante o rifteamento, definem a **função geológica** desses depósitos como excelentes reservatórios de petróleo, especialmente em altos estruturais e contextos favoráveis de preservação de matéria orgânica.",,,"A composição da Bacia de Santos inclui reservatórios carbonáticos de origem lacustre (formações Itapema e Barra Velha) depositados durante o rifteamento oblíquo. Essas rochas, formadas em ambientes de água doce a salobra, têm propriedades como porosidade e permeabilidade associadas ao tipo de carbonato (rudstone, grainstone, estromatólito), permitindo a função geológica de armazenamento e fluxo de hidrocarbonetos, essenciais para a exploração petrolífera. Assim, sua composição determina propriedades petrofísicas que possibilitam a função de reservatório geológico.",,,77,136,39
question_42,"Que relação entre composição, propriedade e função geológica pode ser inferida a partir de Bacia de Santos?",SUCCESS,,"A partir da Bacia de Santos, pode-se inferir que a composição (rochas carbonáticas como rudstones, grainstones e estromatólitos), ligada às propriedades dessas rochas (alta porosidade e permeabilidade), está diretamente relacionada à função geológica de reservatório de petróleo no pré-sal, devido ao ambiente de deposição lacustre durante o rifteamento, que favoreceu a acumulação e preservação desses tipos de rochas.",,,"A partir da Bacia de Santos, pode-se inferir que:  
- A **composição** dos reservatórios (rochas carbonáticas lacustres contendo rudstones, grainstones, estromatólitos etc.) reflete o **ambiente sedimentar** criado durante o rifteamento oblíquo.
- As **propriedades** dessas rochas (porosidade, composição mineralógica, estrutura interna) estão diretamente relacionadas ao modo como foram depositadas nesse ambiente específico.
- A **função geológica** desses corpos (e.g., armazenamento de petróleo) decorre dessas composições e propriedades, mostrando que a gênese tectono-sedimentar da bacia condiciona tipos de reservatórios e sua capacidade de armazenamento.",,,66,108,39
question_43,Como as evidências disponíveis permitem reinterpretar a pergunta: Por que os modelos geocelulares são relevantes para interpretar o Campo de Búzios?,SUCCESS,,"As evidências mostram que os modelos geocelulares são relevantes para interpretar o Campo de Búzios porque permitem representar com detalhes as características faciológicas e petrofísicas dos reservatórios, fundamentais para simular o fluxo de fluidos e estimar volumes de hidrocarbonetos, tornando a avaliação mais precisa e eficiente.",,,"As evidências mostram que os modelos geocelulares faciológicos e petrofísicos são construídos para representar a disposição das fácies e as propriedades físicas das rochas no Campo de Búzios, permitindo simulações mais precisas do fluxo de fluidos e avaliações volumétricas dos reservatórios. Assim, a relevância dos modelos geocelulares pode ser reinterpretada como fundamental para integrar dados geológicos e petrofísicos em escala detalhada, viabilizando a interpretação e o desenvolvimento eficiente do Campo de Búzios.",,,45,69,26
question_44,Como as evidências disponíveis permitem reinterpretar a pergunta: Que conjunto de dados é necessário para caracterizar os reservatórios carbonáticos de Búzios?,SUCCESS,,"As evidências disponíveis mostram que a caracterização dos reservatórios carbonáticos de Búzios exige a integração de um conjunto multidisciplinar de dados, incluindo sísmica, dados de poços, petrografia, interpretações de processos deposicionais e diagenéticos, além de testes de produtividade e injetividade, complementados por estudos de sedimentologia, estratigrafia, paleontologia, geofísica, geologia estrutural e geocronologia. Isso permite reinterpretar a pergunta, entendendo que nenhum conjunto único de dados é suficiente—é necessária uma abordagem integrada e multidisciplinar.",,,"As evidências disponíveis mostram que, para caracterizar os reservatórios carbonáticos de Búzios, é necessário integrar um conjunto de dados que inclui: sísmica, dados de poços, petrografia, interpretações de processos deposicionais e diagenéticos, além de resultados de testes de produtividade e injetividade. Assim, a pergunta pode ser reinterpretada para enfatizar a integração multidisciplinar desses dados, essencial para uma caracterização adequada dos reservatórios.",,,66,105,35
question_45,"Que interpretação temporal pode ser obtida ao relacionar Bacia de Santos, reservatório e carbonatos?",SUCCESS,,"A interpretação temporal é que os reservatórios carbonáticos da Bacia de Santos têm idade aptiana (aproximadamente 130 milhões de anos), sendo formados durante o rifteamento inicial que separou a América do Sul da África, no contexto das formações Itapema e Barra Velha.",,,"A relação entre Bacia de Santos, reservatório e carbonatos permite interpretar que os principais reservatórios carbonáticos da Bacia de Santos (como no Campo de Búzios) são rochas de origem lacustre formadas no Aptiano, durante o rifteamento e abertura do Atlântico Sul, associadas às formações Itapema (K38) e Barra Velha (K44, K46/K48). Temporalmente, indicam um contexto de sedimentação lacustre carbonática no início do Cretáceo.",,,72,122,41
question_46,Que unidade ou entidade estratigráfica conecta Bacia de Santos à interpretação apresentada nas evidências?,SUCCESS,,A unidade estratigráfica que conecta a Bacia de Santos à interpretação apresentada nas evidências é a Formação Barra Velha e a Formação Itapema.,,,A unidade estratigráfica que conecta a Bacia de Santos à interpretação apresentada nas evidências é a Formação Itapema (Sequência K38) e a Formação Barra Velha (Sequências K44 e K46/K48).,,,61,96,34
question_47,Como as evidências disponíveis permitem reinterpretar a pergunta: Que feição em Mero indica que nem toda a estrutura de Libra possui o mesmo comportamento de fluido?,SUCCESS,,"As evidências indicam que, em Mero, poços em diferentes compartimentos (como W735 versus 2-ANP-2A-RJS e W731) apresentam fluidos e regimes de pressão distintos. Isso mostra que nem toda a estrutura de Libra tem o mesmo comportamento de fluido, devido à compartimentação interna, que impede a comunicação direta entre os compartimentos e, assim, a homogeneidade de pressão e fluido.",,,"As evidências disponíveis mostram que no Campo de Mero há compartimentação identificada por fluidos e regimes de pressão diferentes nos poços, especialmente entre o poço W735 (compartimento central) e outros poços, indicando que nem toda a estrutura de Libra tem o mesmo comportamento de fluido. Isso sugere que a feição observada em Mero é a compartimentação, ou seja, diferentes compartimentos apresentam propriedades distintas de fluidos e pressão, e portanto nem toda a estrutura tem comportamento homogêneo de fluido.",,,55,81,29
question_48,"Que relação entre composição, propriedade e função geológica pode ser inferida a partir de reservatório?",SUCCESS,,"A relação entre composição, propriedade e função geológica de um reservatório é que sua composição (arenitos, calcários fraturados, etc.) determina propriedades como porosidade e permeabilidade, que, por sua vez, definem sua função geológica de armazenar e permitir o fluxo de hidrocarbonetos.",,,"A relação entre composição, propriedade e função geológica de um reservatório é que sua composição (ex: arenitos ou calcários fraturados, formados por grãos sedimentares) confere propriedades como porosidade e permeabilidade, permitindo o armazenamento e migração de petróleo (função). Essas propriedades são determinadas pelo ambiente sedimentar e processos como estratigrafia, sedimentologia e análises regionais. Assim, a função geológica de um reservatório depende diretamente de sua composição e das propriedades resultantes dessa composição.",,,51,77,30
question_49,Que unidade ou entidade estratigráfica conecta Formação Barra Velha à interpretação apresentada nas evidências?,SUCCESS,,A unidade estratigráfica que conecta a Formação Barra Velha à interpretação apresentada nas evidências é a Formação Itapema.,,,"A unidade estratigráfica que conecta a Formação Barra Velha à interpretação apresentada nas evidências é ""Campo de Búzios: a jornada desde a caracterização dos reservatórios ao início do desenvolvimento da produção"", pois ela contém a Formação Barra Velha e integra as facies e contextos interpretativos citados nas evidências.",,,63,101,35
question_4,"Que relação entre composição, propriedade e função geológica pode ser inferida a partir de pré-sal?",SUCCESS,,"A relação é que a composição do pré-sal por conchas e rochas calcárias (matéria orgânica e calcário) resulta em propriedades de porosidade e permeabilidade, o que permite que essas rochas funcionem como reservatórios geológicos capazes de armazenar petróleo e gás.",,,"A relação inferida é que a composição do pré-sal, formada principalmente por rochas e conchas calcárias (ricas em carbonato de cálcio), resulta em propriedades porosas que permitem o acúmulo de petróleo e gás, tornando-o um importante reservatório geológico. Ou seja, a composição (calcários originados em ambientes lacustres) determina a propriedade de porosidade, que por sua vez define sua função geológica como reservatório de hidrocarbonetos.",,,49,60,31
question_50,Que unidade ou entidade estratigráfica conecta Formação Barra Velha à interpretação apresentada nas evidências?,SUCCESS,,"A unidade ou entidade estratigráfica que conecta a Formação Barra Velha à interpretação apresentada nas evidências é o **andar local Jiquiá**, caracterizado por depósitos bioclásticos (coquinas) do Barremiano/Aptiano, que ocorrem associados à Formação Barra Velha nas sequências carbonáticas do Pré-sal da Bacia de Santos.",,,"A unidade estratigráfica que conecta a Formação Barra Velha à interpretação apresentada nas evidências é os ""altos estruturais"", onde a Formação Barra Velha ocorre juntamente com a Formação Itapema.",,,74,132,42
question_51,Que interpretação espacial pode ser obtida ao conectar Libra com W735?,SUCCESS,,"Ao conectar Libra com o poço W735, obtém-se uma interpretação espacial de compartimentação na área, indicando que o compartimento central de Libra possui características de fluido e regime de pressão distintas das encontradas na porção Noroeste, evidenciando heterogeneidade nos reservatórios e orientando o plano de avaliação para diferentes regiões do bloco.",,,"Ao conectar Libra com o poço W735, obtém-se a interpretação espacial de que a estrutura de Libra possui compartimentação, especialmente entre a porção Noroeste (NW) e o compartimento central. O W735, localizado no centro, revelou fluidos e pressões diferentes dos poços na NW, indicando barreiras ou separações internas na estrutura geológica e sugerindo que as propriedades do reservatório variam espacialmente dentro de Libra.",,,50,87,23
question_52,Que interpretação espacial pode ser obtida ao conectar Bacia de Santos com pré-sal?,SUCCESS,,"A interpretação espacial ao conectar Bacia de Santos com pré-sal indica que essa bacia abriga extensas reservas de petróleo em reservatórios profundos de origem carbonática (como nas Formações Barra Velha e Itapema), localizados sob camadas de sal, abrangendo uma vasta área do litoral entre RJ e SC. Isso ressalta a relevância da Bacia de Santos como principal polo do pré-sal brasileiro.",,,"A conexão entre a Bacia de Santos e o pré-sal permite a seguinte interpretação espacial: a Bacia de Santos é uma grande bacia sedimentar marítima brasileira (mais de 350 mil km²), situada offshore entre o litoral do Rio de Janeiro e Santa Catarina, e abriga importantes campos petrolíferos com reservatórios localizados nas camadas do pré-sal, como o Campo de Mero. Ou seja, o pré-sal corresponde a reservatórios profundos situados sob espessas camadas de sal presentes no subsolo marinho da Bacia de Santos.",,,57,84,30
question_53,"Que relação entre composição, propriedade e função geológica pode ser inferida a partir de reservatório?",SUCCESS,,"A partir de um reservatório, pode-se inferir que sua composição (tipos de minerais e estrutura da rocha) determina propriedades como porosidade e permeabilidade, que, por sua vez, controlam a função geológica do reservatório: armazenar e permitir o fluxo de hidrocarbonetos.",,,"A relação entre composição, propriedade e função geológica de um reservatório é a seguinte: a composição do reservatório (tipo de rocha e seus constituintes) determina propriedades como porosidade (volume de espaços vazios) e permeabilidade (facilidade de fluxo dos fluidos). Essas propriedades, por sua vez, definem a função geológica do reservatório, que é armazenar e permitir a extração de hidrocarbonetos.",,,53,79,26
question_54,"Que relação entre composição, propriedade e função geológica pode ser inferida a partir de Bacia de Santos?",SUCCESS,,"Na Bacia de Santos, a relação entre composição (rochas carbonáticas lacustres), propriedade (alta produtividade como reservatórios) e função geológica (armazenamento de hidrocarbonetos, selados por evaporitos) mostra que a origem e natureza das rochas determinam sua capacidade de atuar como reservatórios eficientes de petróleo no Pré-sal.",,,"A Bacia de Santos contém importantes reservatórios carbonáticos de origem lacustre, depositados durante o rifteamento oblíquo e relacionados ao ambiente sedimentar único do Pré-sal. A composição (carbonatos lacustres), propriedades (porosidade, selamento por evaporitos) e função geológica (armazenamento de hidrocarbonetos) estão interligadas: a origem e deposição desses carbonatos conferem características específicas que favorecem a função de reservatório para gigantes campos de petróleo.",,,61,99,38
question_55,"Que relação entre composição, propriedade e função geológica pode ser inferida a partir de reservatório?",SUCCESS,,"A partir do contexto, pode-se inferir que a **composição** (por exemplo, carbonatos nas Formações Barra Velha e Itapema) influencia as **propriedades** (porosidade e permeabilidade), que, por sua vez, determinam a **função geológica** do reservatório de armazenar e permitir o fluxo de hidrocarbonetos. Ou seja, somente rochas porosas e permeáveis funcionam efetivamente como reservatórios.",,,"A partir do reservatório, pode-se inferir que existe uma relação direta entre a composição (unidade litológica), as propriedades (porosidade e permeabilidade) e a função geológica (armazenar e permitir o fluxo de hidrocarbonetos). Ou seja, a composição (rocha porosa e permeável) determina as propriedades que, por sua vez, possibilitam a função geológica do reservatório.",,,57,82,35
question_56,Como as evidências disponíveis permitem reinterpretar a pergunta: Qual interpretação decorre da necessidade de reinjeção total do gás produzido em Mero?,SUCCESS,,"As evidências mostradas, como o alto teor de CO₂ no hidrocarboneto produzido em Mero, permitem interpretar que a necessidade de reinjeção total do gás visa evitar emissões atmosféricas desse gás, garantindo conformidade ambiental e viabilizando a produção em um reservatório com características desafiadoras, como elevado CO₂ e estrutura complexa.",,,"As evidências mostram que o Campo de Mero possui reservatórios carbonáticos com estrutura geológica complexa e alto teor de CO2 nos hidrocarbonetos. A reinjeção total do gás produzido decorre principalmente da necessidade de controlar a elevada concentração de CO2, evitando sua emissão ambiental e mantendo a pressão do reservatório para otimizar a produção. Portanto, a interpretação correta é que a reinjeção total do gás atende à gestão do CO2 e à eficiência produtiva dos reservatórios complexos do campo.",,,53,76,32
question_57,Como as evidências disponíveis permitem reinterpretar a pergunta: Que aspecto do Campo de Búzios conecta geologia e engenharia de reservatórios?,SUCCESS,,"As evidências disponíveis permitem reinterpretar a pergunta ao indicar que o aspecto do Campo de Búzios que conecta geologia e engenharia de reservatórios é a caracterização detalhada dos modelos geológicos (faciológicos e petrofísicos), pois estes subsidiam diretamente a simulação de fluxo e a avaliação de reservas, atividades centrais da engenharia de reservatórios.",,,"As evidências mostram que o aspecto do Campo de Búzios que conecta geologia e engenharia de reservatórios é a construção de modelos geocelulares faciológicos e petrofísicos, baseados na caracterização geológica dos depósitos subterrâneos, que são essenciais para a simulação de fluxo de fluidos e avaliação volumétrica na engenharia de reservatórios. Ou seja, a interface entre geologia e engenharia de reservatórios é o modelo geológico do depósito, utilizado diretamente nos processos de engenharia.",,,49,70,25
question_58,Que unidade ou entidade estratigráfica conecta Bacia de Santos à interpretação apresentada nas evidências?,SUCCESS,,A unidade estratigráfica que conecta a Bacia de Santos à interpretação apresentada nas evidências é a **Formação Itapema** e a **Formação Barra Velha**.,,,A unidade ou entidade estratigráfica que conecta a Bacia de Santos à interpretação apresentada nas evidências é a **Sequência K38**.,,,66,115,35
question_59,Como as evidências disponíveis permitem reinterpretar a pergunta: Por que o W735 não deve ser interpretado como simples repetição dos poços da porção noroeste?,SUCCESS,,"As evidências mostram que o poço W735, localizado no compartimento central, apresentou fluido e regime de pressão diferentes dos poços da porção noroeste. Isso indica uma compartimentação relevante na área, portanto o W735 não deve ser interpretado como simples repetição dos poços NW, pois revela características distintas do reservatório.",,,"As evidências mostram que o W735, perfurado no compartimento central, identificou fluido e regime de pressão diferentes dos poços da porção noroeste (2-ANP-2A-RJS e W731). Isso evidencia uma compartimentação no reservatório, ou seja, o W735 revela uma área com características distintas. Portanto, ele não deve ser interpretado como simples repetição, mas sim como indicação de um compartimento separado, com propriedades próprias.",,,54,87,25
question_5,"Que ambiente deposicional é sugerido pela associação entre pré-sal, reservatório e petróleo?",SUCCESS,,"O ambiente deposicional sugerido é o de lagos rasos (ambiente lacustre) com formação de carbonatos, como conchas calcárias e estromatólitos, típicos do contexto do pré-sal.",,,"O ambiente deposicional sugerido é um ambiente lacustre (de lagos), onde, nas regiões menos profundas desses antigos lagos, acumularam-se conchas calcárias e estromatólitos, formando as rochas calcárias que compõem os principais reservatórios do pré-sal e estão associados à presença de petróleo.",,,57,90,34
question_60,"Que interpretação temporal pode ser obtida ao relacionar Bacia de Santos, reservatório e reservatórios carbonáticos?",SUCCESS,,"A interpretação temporal é que os reservatórios carbonáticos da Bacia de Santos, como os do Campo de Búzios, foram formados no início do Cretáceo (idade aptiana, há mais de 130 milhões de anos), durante o processo de rifteamento e separação entre América do Sul e África, sendo, portanto, testemunhos das fases iniciais de abertura do Atlântico Sul.",,,"A relação entre Bacia de Santos, reservatório e reservatórios carbonáticos permite interpretar temporalmente que esses reservatórios se formaram durante o rifteamento oblíquo de abertura da Bacia de Santos (há mais de 130 milhões de anos), em ambiente lacustre, na idade Aptiana. Ou seja, sua gênese está ligada ao processo de separação da América do Sul e África na época aptiana, refletida nas formações Itapema e Barra Velha, que compõem os principais reservatórios carbonáticos da região.",,,69,116,39
question_61,Como as evidências disponíveis permitem reinterpretar a pergunta: Que função têm a sísmica e os dados de poços na interpretação de Búzios?,SUCCESS,,"As evidências disponíveis mostram que a função da sísmica e dos dados de poços na interpretação de Búzios vai além da simples identificação de reservatórios. Eles são fundamentais para integrar e construir modelos geológicos e petrofísicos detalhados, essenciais para simulação de fluxo e avaliação produtiva, permitindo uma caracterização mais precisa e eficaz dos reservatórios no campo de Búzios.",,,"As evidências disponíveis mostram que a função da sísmica e dos dados de poços na interpretação de Búzios vai além da simples identificação de estruturas: ambos são fundamentais e integrados na caracterização dos reservatórios, permitindo construir modelos geocelulares faciológicos e petrofísicos, essenciais para simulação de fluxo, avaliação volumétrica e entendimento detalhado dos processos deposicionais e diagenéticos. Assim, a pergunta pode ser reinterpretada para: “Como a integração da sísmica e dos dados de poços contribui para uma caracterização mais robusta e multidisciplinar do campo de Búzios?”",,,72,113,41
question_62,"Que relação entre composição, propriedade e função geológica pode ser inferida a partir de reservatório?",SUCCESS,,"A relação inferida é que a composição (ex.: rochas carbonáticas como calcários/dolomitos, ou ígneas) determina propriedades como porosidade e permeabilidade, que por sua vez influenciam a função geológica do reservatório, controlando a capacidade de armazenar e produzir hidrocarbonetos, mesmo em contextos estruturais complexos.",,,"A partir de reservatório, pode-se inferir que a composição (ex: carbonatos e rochas ígneas intercaladas), as propriedades (como arcabouço estrutural complexo) determinam a função geológica do reservatório, como armazenamento e migração de hidrocarbonetos. Ou seja, composição e estrutura controlam propriedades como porosidade e permeabilidade, que por sua vez definem a função do reservatório no contexto geológico.",,,47,67,27
question_63,Que unidade ou entidade estratigráfica conecta Formação Barra Velha à interpretação apresentada nas evidências?,SUCCESS,,"A unidade ou entidade estratigráfica que conecta a Formação Barra Velha à interpretação apresentada nas evidências é o ""Aptiano, andar local Alagoas"", que representa os depósitos carbonáticos autóctones (incluindo estromatólitos) característicos da Formação Barra Velha.",,,"A unidade ou entidade estratigráfica que conecta a Formação Barra Velha à interpretação apresentada nas evidências é a ""unidade estratigráfica"" (referenciada pelo nó geores_0000002).",,,75,120,51
question_64,Que unidade ou entidade estratigráfica conecta Formação Barra Velha à interpretação apresentada nas evidências?,SUCCESS,,"A unidade ou entidade estratigráfica que conecta a Formação Barra Velha à interpretação apresentada nas evidências é a Formação Itapema, que, junto com a Barra Velha, compõe a sucessão estratigráfica em altos estruturais descrita no contexto.",,,"A unidade estratigráfica que conecta a Formação Barra Velha à interpretação das evidências é a ""unidade estratigráfica"", conforme descrito em ""geores_0000002"".",,,79,142,44
question_65,Como as evidências disponíveis permitem reinterpretar a pergunta: Como a compartimentação de Mero se manifesta nos dados de poços?,SUCCESS,,"As evidências disponíveis, especialmente a identificação de fluidos e regimes de pressão distintos em poços próximos (como W731 e W735), permitem reinterpretar a compartimentação de Mero como algo que se manifesta diretamente nos dados de poços por meio de variações nos tipos de fluido e nos regimes de pressão, indicando barreiras ou heterogeneidades que separam compartimentos dentro do reservatório.",,,"As evidências disponíveis mostram que a compartimentação de Mero se manifesta nos dados de poços por meio de diferenças identificadas em fluidos e regimes de pressão entre poços localizados em diferentes compartimentos (ex: W731 e W735). Isso permite reinterpretar a pergunta indicando que a compartimentação é reconhecível através das análises dos dados de poços, que revelam variações de propriedades internas do reservatório, influenciando diretamente o direcionamento da avaliação e o desenvolvimento da produção.",,,62,95,31
question_66,Que papel geológico deve ser atribuído a Bacia de Campos quando as evidências são relacionadas?,SUCCESS,,"O papel geológico da Bacia de Campos é o de bacia geradora de hidrocarbonetos, pois nela ocorrem folhelhos orgânicos, que atuam como rochas geradoras de petróleo.",,,"O papel geológico da Bacia de Campos, conforme as evidências, é o de uma bacia sedimentar que atua como ambiente gerador de hidrocarbonetos, devido à presença de rochas geradoras compostas por folhelhos orgânicos ricos em matéria orgânica. Portanto, deve ser atribuída à Bacia de Campos a função geológica de bacia sedimentar geradora de hidrocarbonetos.",,,47,63,33
question_67,"Que interpretação temporal pode ser obtida ao relacionar Bacia de Campos, reservatório e hidrocarbonetos?",SUCCESS,,"A interpretação temporal ao relacionar Bacia de Campos, reservatório e hidrocarbonetos mostra que os principais reservatórios da Bacia de Campos foram formados por diferentes tipos de rochas sedimentares depositadas em intervalos geológicos distintos, do Barremiano ao Mioceno. Isso indica que a geração e acumulação de hidrocarbonetos na bacia ocorreram ao longo de vários milhões de anos, acompanhando os eventos deposicionais desses períodos.",,,"A interpretação temporal ao relacionar Bacia de Campos, reservatório e hidrocarbonetos mostra que os principais reservatórios de hidrocarbonetos da Bacia de Campos (arenitos turbidíticos, calcarenitos, calcáreos microbianos e coquinas) foram depositados em diferentes andares geológicos, do Barremiano (~129–125 milhões de anos) ao Mioceno, indicando que a geração e o armazenamento de hidrocarbonetos ocorreram em diferentes períodos ao longo do tempo geológico da bacia.",,,48,78,26
question_68,Que unidade ou entidade estratigráfica conecta Bacia de Campos à interpretação apresentada nas evidências?,SUCCESS,,"A unidade estratigráfica que conecta a Bacia de Campos à interpretação apresentada nas evidências é a Formação Carapebus, composta por turbiditos.",,,"A unidade ou entidade estratigráfica que conecta a Bacia de Campos à interpretação apresentada nas evidências é a Formação Carapebus, uma unidade litoestratigráfica presente na Bacia de Campos.",,,52,77,32
question_69,Que unidade ou entidade estratigráfica conecta Bacia de Campos à interpretação apresentada nas evidências?,SUCCESS,,A unidade estratigráfica que conecta a Bacia de Campos à interpretação apresentada nas evidências é a Formação Macaé (carbonatos do Albiano).,,,A unidade ou entidade estratigráfica que conecta a Bacia de Campos à interpretação apresentada nas evidências é a Formação de Macaé.,,,49,73,32
question_6,"Que relação entre composição, propriedade e função geológica pode ser inferida a partir de Bacia de Santos?",SUCCESS,,"Na Bacia de Santos, a composição das rochas (carbonáticas lacustres como coquinas, estromatólitos e grainstones) influencia diretamente suas propriedades (alta porosidade, presença de matéria orgânica, selamento por evaporitos), definindo a função geológica: reservatórios de petróleo de alta produtividade, formados e preservados pelo contexto tectônico do rifteamento e modelos deposicionais específicos.",,,"A relação entre composição, propriedade e função geológica inferida a partir da Bacia de Santos é que sua composição predominante de rochas carbonáticas lacustres (formações Itapema e Barra Velha, compostas por rudstones, grainstones de bivalves, estromatólitos e esferulititos), depositadas em ambiente de rifteamento oblíquo, confere propriedades de alta porosidade e permeabilidade. Essas características permitem que atuem como reservatórios eficientes de petróleo na seção pré-sal, sendo selados por evaporitos, cumprindo assim a função geológica de acumulação e armazenamento de hidrocarbonetos.",,,80,147,42
question_70,"Que interpretação temporal pode ser obtida ao relacionar Formação, Macaé e Arenito Namorado?",SUCCESS,,"A interpretação temporal é que o Arenito Namorado pertence à Formação Macaé, depositada no Turoniano (período do Cretáceo Superior), ou seja, sua idade corresponde ao Turoniano.",,,"A interpretação temporal é que o Arenito Namorado pertence à Formação de Macaé, que está localizada na Bacia de Campos, e ambos são datados do Turoniano (Período Cretáceo Superior). Portanto, ao relacionar esses elementos, situamos o Arenito Namorado e a Formação de Macaé no intervalo geológico do Turoniano.",,,51,73,35
question_71,Que unidade ou entidade estratigráfica conecta Bacia de Campos à interpretação apresentada nas evidências?,SUCCESS,,"A unidade estratigráfica que conecta a Bacia de Campos à interpretação apresentada nas evidências é a Formação Lagoa Feia (Barremiano), composta por coquinas.",,,"A unidade ou entidade estratigráfica que conecta a Bacia de Campos à interpretação apresentada nas evidências é a ""unidade estratigráfica"", que engloba os depósitos bioclásticos de moluscos bivalves (coquinas do andar local Jiquiá) associados à tectônica rifte e modelos deposicionais carbonáticos do Pré-sal, conforme exemplificado na Bacia de Santos.",,,69,122,42
question_72,Que interpretação espacial pode ser obtida ao conectar Bacia de Santos com Bacia de Campos?,SUCCESS,,"Ao conectar a Bacia de Santos com a Bacia de Campos, obtém-se uma interpretação espacial de continuidade entre grandes bacias sedimentares da margem atlântica brasileira, com o limite principal sendo o Alto de Cabo Frio, mostrando uma transição geológica entre elas ao longo da costa sudeste do Brasil.",,,"A conexão entre a Bacia de Santos e a Bacia de Campos indica que elas são bacias sedimentares vizinhas na margem atlântica do Brasil, com a Bacia de Campos ao norte e a Bacia de Santos ao sul. Conectá-las espacialmente permite compreender a continuidade da plataforma continental e a transição geológica entre as duas regiões, apesar de apresentarem evoluções geológicas diferentes.",,,52,88,29
question_73,Que interpretação espacial pode ser obtida ao conectar Bacia de Santos com Bacia de Campos?,SUCCESS,,"Ao conectar a Bacia de Santos com a Bacia de Campos, obtém-se a interpretação espacial de uma continuidade ao longo da margem leste da costa brasileira, marcada pelo limite no Alto de Cabo Frio, compondo uma extensa província petrolífera do pré-sal que se estende de Santa Catarina ao Espírito Santo.",,,"A interpretação espacial ao conectar a Bacia de Santos com a Bacia de Campos é que elas são bacias sedimentares adjacentes na margem sudeste do Brasil, separadas pelo limite geológico conhecido como Alto de Cabo Frio. A Bacia de Santos está ao sul da Bacia de Campos, e o Alto de Cabo Frio marca o contato entre elas.",,,45,70,22
question_74,"Que interpretação temporal pode ser obtida ao relacionar Bacia de Campos, deposição e Bacia?",SUCCESS,,"A interpretação temporal ao relacionar Bacia de Campos, deposição e Bacia é que a Bacia de Campos passou por quatro estágios evolutivos ao longo do tempo (pré-rifte, rifte, proto-oceânico e drift), com diferentes ambientes de deposição, sendo o estágio marinho (drift) o mais extenso e duradouro para a deposição de sedimentos.",,,"A relação entre Bacia de Campos, deposição e bacia indica uma interpretação temporal baseada em quatro estágios evolutivos sucessivos de deposição: pré-rifte (continental), rifte (continental), proto-oceânico (transicional evaporítico) e drift (marinho). Ou seja, a Bacia de Campos registra uma sequência temporal de ambientes deposicionais que refletem a evolução geológica da bacia ao longo do tempo.",,,38,49,24
question_75,"Que interpretação temporal pode ser obtida ao relacionar Bacia de Campos, Bacia e Campos?",SUCCESS,,"A interpretação temporal ao relacionar Bacia de Campos, bacia e campos é que a Bacia de Campos passou por estágios evolutivos ao longo do tempo: começou como uma bacia continental pré-rifte, passou pelo estágio de rifte, depois pelo proto-oceânico (associado à formação de evaporitos em bacias fechadas e evaporantes), e finalmente tornou-se uma bacia marinha (drift). Assim, ""Bacia de Campos"" reflete uma sequência temporal de ambientes geológicos e processos sedimentares.",,,"A relação entre ""Bacia de Campos"", ""Bacia"" e ""Campos"" permite uma interpretação temporal baseada nos estágios evolutivos da Bacia de Campos: pré-rifte, rifte, proto-oceânico e drift. Cada estágio corresponde a um intervalo temporal definido na escala do tempo geológico, indicando que a formação e evolução da Bacia de Campos ocorreu em diferentes períodos, marcados por mudanças ambientais e geológicas. Portanto, a interpretação temporal refere-se à sequência cronológica dos estágios que a ""Bacia de Campos"" experimentou ao longo do tempo geológico.",,,55,87,34
question_76,"Que relação entre composição, propriedade e função geológica pode ser inferida a partir de reservatório?",SUCCESS,,"A composição dos reservatórios (como arenitos de turbiditos), sua propriedade (porosidade e permeabilidade) permite que eles armazenem e transmitam fluidos, desempenhando assim a função geológica de reter hidrocarbonetos. Portanto, a composição determina as propriedades, que por sua vez definem a função do reservatório.",,,"A relação entre composição, propriedade e função geológica inferida a partir de ""reservatório"" é: o reservatório é composto por unidades litológicas porosas e permeáveis (composição), que permitem a retenção e migração de hidrocarbonetos (propriedade), desempenhando a função geológica de armazenar reservas de petróleo e gás.",,,56,84,34
question_77,"Que relação entre composição, propriedade e função geológica pode ser inferida a partir de reservatório?",SUCCESS,,"A partir de um reservatório, pode-se inferir que sua **composição** (normalmente rochas como arenitos com granulometria de areia a seixo), determina sua **propriedade** principal (alta porosidade, entre 5% e 35%), o que permite a **função geológica** de armazenar e acumular fluidos como petróleo. Portanto, composição controla porosidade, que, por sua vez, controla a função de reservatório geológico.",,,"A partir de reservatório, infere-se que a composição (arenitos, calcarenitos ou conglomerados com granulometria de areia a seixo) determina a propriedade de porosidade da rocha, que por sua vez permite sua função geológica de armazenar fluidos, como petróleo, no sistema petrolífero. Assim, a composição controla a porosidade (propriedade), que define a função de armazenamento (função geológica).",,,57,89,37
question_78,Que unidade ou entidade estratigráfica conecta Bacia de Campos à interpretação apresentada nas evidências?,SUCCESS,,A unidade estratigráfica que conecta a Bacia de Campos às evidências apresentadas é a **Camada Pré-sal**.,,,"A unidade ou entidade estratigráfica que conecta a Bacia de Campos à interpretação apresentada nas evidências é a camada pré-sal, composta informalmente por coquinas e calcáreos microbiais.",,,58,94,34
question_79,"Que interpretação temporal pode ser obtida ao relacionar reservatório, carbonáticas e coquinas?",SUCCESS,,"A interpretação temporal ao relacionar reservatório, carbonáticas e coquinas é que as coquinas (formadas no Barremiano), as carbonáticas microbiais (no Aptiano) e outros carbonatos e arenitos (no Albiano ao Mioceno) refletem diferentes fases deposicionais da Bacia de Campos, indicando que os principais reservatórios carbonáticos e de coquina são formados no intervalo Barremiano–Aptiano, ou seja, no Pré-sal, enquanto outros reservatórios ocorrem em intervalos mais jovens. Isso permite datar os tipos de rocha-reservatório conforme sua origem e indicar uma evolução estratigráfica dos sistemas deposicionais da bacia.",,,"A relação entre reservatório, carbonáticas e coquinas permite uma interpretação temporal dos depósitos da Bacia de Campos: as coquinas (rochas carbonáticas biogênicas) foram depositadas durante o Barremiano; os calcáreos microbianos (também carbonáticos) durante o Aptiano; os calcarenitos (carbonáticos clásticos) no Albiano; e os arenitos turbidíticos (não carbonáticos, mas importantes reservatórios) do Albiano ao Mioceno. Assim, cada tipo de rocha reservatório está associado a diferentes intervalos do tempo geológico, indicando uma sucessão temporal dos ambientes de depósito ao longo do desenvolvimento da bacia.",,,73,125,42
question_7,"Que interpretação temporal pode ser obtida ao relacionar Bacia de Santos, pré-sal e reservatório?",SUCCESS,,"A interpretação temporal é que a Bacia de Santos se formou há mais de 130 milhões de anos, com a separação da América do Sul e África. Os reservatórios do pré-sal na Bacia de Santos remontam a esse período, ou seja, têm mais de 100 milhões de anos, associando o tempo de formação da bacia, do intervalo pré-sal e dos reservatórios à mesma era geológica, logo após a fragmentação continental.",,,"A interpretação temporal é que a Bacia de Santos se formou há mais de 130 milhões de anos, logo após a separação da América do Sul e África. Os reservatórios do pré-sal presentes nessa bacia resultaram desse processo geológico antigo, o que indica que o petróleo do pré-sal da Bacia de Santos começou a se acumular há dezenas a centenas de milhões de anos, acompanhando a evolução dessa estrutura sedimentar.",,,60,100,36
question_80,"Que ambiente deposicional é sugerido pela associação entre reservatório, petróleo e óleo?",SUCCESS,,"O ambiente deposicional sugerido é o de talude ou bacia profunda, associado a depósitos turbidíticos formados por correntes de turbidez submarinas.",,,"O ambiente deposicional sugerido é um ambiente de leques submarinos (turbiditos), típico de depósitos turbidíticos, geralmente encontrados em bacias sedimentares profundas.",,,61,96,36
question_81,Que unidade ou entidade estratigráfica conecta reservatório à interpretação apresentada nas evidências?,SUCCESS,,A unidade ou entidade estratigráfica que conecta o reservatório à interpretação apresentada nas evidências é o turbidito de idade Albiana.,,,A unidade ou entidade estratigráfica que conecta o reservatório à interpretação apresentada nas evidências é **reservatórios turbidíticos de idade albiana**.,,,55,78,31
question_82,"Que interpretação temporal pode ser obtida ao relacionar petróleo, óleo e acumulação?",SUCCESS,,"A interpretação temporal ao relacionar petróleo, óleo e acumulação é que existe um processo geológico de longa duração responsável pela geração, migração e acumulação do petróleo (óleo) em reservatórios subterrâneos, como evidenciado pelas recentes descobertas em sequência na Bacia Potiguar em 2024. Isso indica que a acumulação de óleo resulta de eventos ocorridos há milhões de anos, sendo atualmente detectada por atividades exploratórias.",,,"Ao relacionar petróleo, óleo e acumulação, a interpretação temporal é de um processo sucessivo: primeiro ocorre a acumulação de petróleo (formação geológica de reservatórios), depois há a identificação/detecção de óleo (em poços específicos, como Anhangá), seguida pela descoberta formal de petróleo pela Petrobras. Ou seja, a acumulação antecede a identificação do óleo, que por sua vez precede o anúncio da descoberta do petróleo.",,,39,62,12
question_83,Que interpretação espacial pode ser obtida ao conectar reservatório com petróleo?,SUCCESS,,"Ao conectar reservatório com petróleo, obtém-se uma interpretação espacial que indica a localização subsuperficial de acumulações de óleo, neste caso em águas ultraprofundas da Bacia Potiguar, próximo à fronteira entre Ceará e Rio Grande do Norte, na Margem Equatorial brasileira, a cerca de 190 km de Fortaleza e 250 km de Natal, em profundidade de 2.196 metros. Isso revela a existência de petróleo em regiões geologicamente favoráveis e delimita áreas potenciais para futura exploração.",,,"Ao conectar reservatório com petróleo, a interpretação espacial obtida é a localização do petróleo dentro de um reservatório específico na Bacia Potiguar, associado à Concessão POT-M-762_R15. Isso indica que o óleo está acumulado em determinada área geológica (reservatório), permitindo mapear sua distribuição espacial e avaliar o potencial exploratório e comercial da região.",,,43,67,16
question_84,Como as evidências disponíveis permitem reinterpretar a pergunta: Qual interpretação deve ser feita quando perfis elétricos e amostras de óleo confirmam reservatórios turbidíticos portadores de petróleo?,SUCCESS,,"As evidências de perfis elétricos e amostras de óleo confirmando reservatórios turbidíticos portadores de petróleo permitem reinterpretar a pergunta focando não apenas na identificação da presença de hidrocarbonetos, mas também na necessidade de avaliação detalhada da qualidade dos reservatórios, suas propriedades petrofísicas (porosidade, permeabilidade) e do óleo, para determinar o real potencial e a viabilidade comercial dessas acumulações. Assim, a interpretação deve considerar que a confirmação inicial exige investigações complementares para caracterização completa e decisão sobre aproveitamento econômico.",,,"As evidências dos perfis elétricos e amostras de óleo confirmam que os reservatórios turbidíticos possuem petróleo. Diante disso, em vez de apenas procurar identificar a presença de hidrocarbonetos, a interpretação deve avançar para avaliar a porosidade e permeabilidade desses reservatórios (conforme destacado na análise de reservatórios), visando estimar o volume de petróleo in situ e o potencial de fluxo. Ou seja, a pergunta deve ser reinterpretada: não apenas se há hidrocarbonetos, mas qual o potencial produtivo desse reservatório confirmado.",,,60,97,33
question_85,Que interpretação espacial pode ser obtida ao conectar Anhangá com Margem Equatorial?,SUCCESS,,"A interpretação espacial é que Anhangá é um poço localizado na Margem Equatorial brasileira, especificamente na Bacia Potiguar, próximo à fronteira do Ceará com o Rio Grande do Norte, em águas ultraprofundas da plataforma continental do Brasil.",,,"A conexão entre Anhangá e Margem Equatorial indica que o poço Anhangá está localizado na Margem Equatorial brasileira, uma porção da margem continental do Brasil caracterizada estruturalmente como margem divergente, formada pelo afastamento das placas Sul-Americana e Africana após a separação de Gondwana. Portanto, espacialmente, Anhangá está posicionado em uma região geológica jovem, relacionada ao limite e à evolução tectônica da costa norte do Brasil.",,,46,70,17
question_86,Que interpretação espacial pode ser obtida ao conectar pré-sal com camada de sal?,SUCCESS,,"Ao conectar pré-sal com camada de sal, a interpretação espacial obtida é que os reservatórios de petróleo (pré-sal) estão localizados abaixo de uma espessa camada de sal (até dois quilômetros), indicando que essa camada serve como “cap” geológico, isolando e preservando o petróleo acumulado nos reservatórios carbonáticos situados em águas ultraprofundas.",,,"A interpretação espacial ao conectar pré-sal com camada de sal indica que o pré-sal está localizado abaixo de uma espessa camada geológica de sal (até dois quilômetros), que cobre os reservatórios carbonáticos em regiões de águas ultraprofundas, como na Bacia de Santos. Isso caracteriza uma sequência estratigráfica onde a camada de sal sobrepõe e confina os reservatórios do pré-sal.",,,54,87,24
question_87,Como as evidências disponíveis permitem reinterpretar a pergunta: Que dado indica que os turbiditos de Anhangá ainda precisam de caracterização petrofísica e de fluido?,SUCCESS,,"As evidências mostram que, embora tenham sido identificados reservatórios turbidíticos com óleo na Bacia Potiguar, os dados disponíveis até agora baseiam-se apenas em perfis elétricos e amostras iniciais de óleo. Ainda são necessárias análises laboratoriais para caracterizar propriedades petrofísicas e de fluido. Portanto, a inexistência dessas análises é o dado que indica que os turbiditos de Anhangá ainda precisam de caracterização petrofísica e de fluido.",,,"As evidências disponíveis indicam que os turbiditos de Anhangá ainda precisam de caracterização petrofísica e de fluido porque, segundo o contexto, a caracterização dos reservatórios do Campo de Búzios exige a integração de dados de poços, petrografia, interpretações de processos deposicionais e diagenéticos, além dos resultados de testes de produtividade e de fluidos. A menção explícita dessa necessidade de integração demonstra que ainda faltam dados petrofísicos e de fluido específicos para a completa caracterização desses turbiditos.",,,65,97,30
question_88,Que papel geológico deve ser atribuído a Bacia de Campos quando as evidências são relacionadas?,SUCCESS,,"A Bacia de Campos deve ser atribuída o papel geológico de sistema petrolífero, pois reúne rochas geradoras maduras, reservatórios e selantes, além de processos de geração, migração e acumulação de hidrocarbonetos.",,,"A Bacia de Campos deve ser atribuída o papel geológico de bacia sedimentar geradora e reservatório de hidrocarbonetos, contendo rochas geradoras como folhelhos orgânicos e importantes rochas reservatório como arenitos turbidíticos, calcarenitos, calcários de origem microbial e coquinas, depositadas do Barremiano ao Mioceno.",,,67,115,37
question_89,Como as evidências conectam Bacia de Campos à retenção ou migração de hidrocarbonetos?,SUCCESS,,"As evidências mostram que, na Bacia de Campos, os folhelhos orgânicos atuam como rochas geradoras de hidrocarbonetos, enquanto folhelhos e camadas de sal funcionam como rochas capeadoras, favorecendo a retenção e impedindo a migração dos hidrocarbonetos.",,,"As evidências conectam a Bacia de Campos à retenção ou migração de hidrocarbonetos porque ela contém rochas geradoras (folhelhos orgânicos ricos em matéria orgânica) que formam hidrocarbonetos e estão presentes na bacia sedimentar. Esses folhelhos funcionam como fonte, permitindo a geração e posteriormente a migração ou acumulação (retenção) dos hidrocarbonetos nos reservatórios da bacia.",,,47,66,29
question_8,Como as evidências conectam pré-sal à retenção ou migração de hidrocarbonetos?,SUCCESS,,"As evidências mostram que a camada de sal do pré-sal age como uma barreira impermeável, impedindo a migração dos hidrocarbonetos e promovendo sua retenção, pois dificulta que o petróleo escape para a superfície.",,,"As evidências mostram que o pré-sal, composto por espessas camadas de sais, atua como uma barreira impermeável (“trapa”) que impede a migração dos hidrocarbonetos para a superfície. Assim, o pré-sal favorece a retenção do petróleo nos reservatórios abaixo dele, evitando sua dispersão e permitindo o acúmulo dos hidrocarbonetos.",,,55,84,30
question_90,Que interpretação estrutural surge ao relacionar selo com trapa?,SUCCESS,,"Relacionando ""selo"" com ""trapa"" surge a interpretação estrutural de que o selo é a camada de rocha impermeável que impede a fuga do petróleo, enquanto a trapa (ou armadilha estrutural) é a configuração geométrica das rochas que acumula o petróleo. Ou seja, o selo é o elemento que garante a eficácia da trapa estrutural no armazenamento dos hidrocarbonetos.",,,"Ao relacionar ""selo"" com ""trapa"", surge a interpretação estrutural de que um selo está ligado à formação de uma trapa (armadilha) estrutural por meio de deformações da rocha. Essas estruturas impedem a migração do petróleo, funcionando como barreiras ou armadilhas (trapas) onde o óleo se acumula. Portanto, o selo se refere ao papel da trapa estrutural, que é formada por deformação da rocha e atua impedindo o escape do petróleo.",,,47,71,28
question_91,"Que interpretação temporal pode ser obtida ao relacionar reservatório, coquinas e deposição?",SUCCESS,,"Ao relacionar reservatório, coquinas e deposição, pode-se interpretar temporalmente que as coquinas (rochas-reservatório formadas por restos de carapaças de crustáceos) se depositaram durante o andar Barremiano. Assim, a presença de coquinas como reservatório indica que a fase de deposição dessas rochas ocorreu nesse intervalo geológico específico (Barremiano), permitindo situar temporalmente a formação do reservatório.",,,"A interpretação temporal ao relacionar reservatório, coquinas e deposição é que as coquinas atuam como rochas reservatório na Bacia de Campos e foram formadas pela deposição de sedimentos (fragmentos de carapaças de crustáceos) especificamente durante o andar Barremiano. Assim, a presença de coquinas como reservatório indica que sua deposição ocorreu em um intervalo de tempo geológico definido (Barremiano), permitindo situar temporalmente a formação desse reservatório.",,,62,98,40
question_92,"Que interpretação temporal pode ser obtida ao relacionar Bacia de Campos, reservatório e coquinas?",SUCCESS,,"Ao relacionar Bacia de Campos, reservatório e coquinas, a interpretação temporal obtida é que os reservatórios formados por coquinas na Bacia de Campos foram depositados durante o andar Barremiano (período Cretáceo Inferior).",,,"A relação entre Bacia de Campos, reservatório e coquinas indica que as coquinas são rochas reservatório dessa bacia, formadas por restos de crustáceos e depositadas durante o andar Barremiano. Assim, temporalmente, isso significa que parte dos reservatórios da Bacia de Campos foi formada no Barremiano (início do Cretáceo), associando a presença de coquinas a esse momento geológico específico.",,,77,128,44
question_93,Que unidade ou entidade estratigráfica conecta Bacia de Campos à interpretação apresentada nas evidências?,SUCCESS,,"A unidade estratigráfica que conecta a Bacia de Campos à interpretação apresentada nas evidências é a Formação Carapebus, composta por turbiditos.",,,"A unidade ou entidade estratigráfica que conecta a Bacia de Campos à interpretação apresentada nas evidências é a Formação Carapebus, uma unidade litoestratigráfica contendo turbiditos.",,,47,65,31
question_94,"Que relação entre composição, propriedade e função geológica pode ser inferida a partir de reservatório?",SUCCESS,,"A partir de um reservatório, pode-se inferir que sua composição (como granulometria de areia a seixo em arenitos) confere alta porosidade e permeabilidade, propriedades essenciais para armazenar e permitir o fluxo de fluidos. Assim, sua função geológica é atuar como rocha-reservatório, acumulando petróleo ou gás, característica reforçada pela necessidade de uma rocha selante impermeável acima para impedir o escape desses fluidos.",,,"A partir de “reservatório”, pode-se inferir que há uma relação direta entre composição (rocha porosa formada por arenitos, calcarenitos ou conglomerados), propriedade (capacidade de armazenar fluidos devido à porosidade) e função geológica (acumular petróleo em sistemas petrolíferos). Ou seja, a composição determina as propriedades físicas da rocha, que por sua vez permitem a sua função como reservatório geológico.",,,64,104,41
question_95,"Como as evidências disponíveis permitem reinterpretar a pergunta: Qual campo conceitual permite conectar folhelhos, arenitos turbidíticos, coquinas e sal em uma mesma explicação?",SUCCESS,,"As evidências mostram que folhelhos (rocha geradora), arenitos turbidíticos e coquinas (rochas reservatório) e sal (rocha selante) são elementos típicos de um sistema petrolífero. Assim, o campo conceitual que conecta essas rochas é o conceito de sistema petrolífero, pois ele integra os diferentes tipos de rocha e processos necessários para a formação e acumulação de hidrocarbonetos em uma bacia sedimentar.",,,"As evidências disponíveis permitem reinterpretar a pergunta conectando folhelhos, arenitos turbidíticos, coquinas e sal pelo campo conceitual de ""bacia sedimentar"" e, mais especificamente, pelo conceito de ""ambiente sedimentar"" ou ""sistema deposicional"". Isso porque todas essas rochas são depósitos originados em diferentes ambientes sedimentares dentro de uma bacia (como a Bacia de Campos), refletindo variações nas condições de deposição (física, química e biológica) ao longo do tempo geológico. Portanto, o campo conceitual que permite explicá-las conjuntamente é o de ambientes deposicionais em bacias sedimentares.",,,67,115,37
question_96,"Que relação entre composição, propriedade e função geológica pode ser inferida a partir de reservatório?",SUCCESS,,"A partir do conceito de reservatório, pode-se inferir que sua **composição** (tipo de rocha), determina suas **propriedades** (porosidade e permeabilidade), as quais definem sua **função geológica** de armazenar e permitir o fluxo de hidrocarbonetos. Ou seja, rochas porosas e permeáveis funcionam como reservatórios porque conseguem reter e transmitir petróleo e gás.",,,"A partir de reservatório, infere-se que:

- **Composição:** É uma unidade litológica (rocha) porosa e permeável.
- **Propriedade:** Porosidade (determina o volume disponível de hidrocarbonetos) e permeabilidade (determina a facilidade de fluxo dos hidrocarbonetos).
- **Função geológica:** Servir como espaço de armazenamento e caminho para extração dos hidrocarbonetos.

Portanto, a composição do reservatório (tipo de rocha) define suas propriedades (porosidade e permeabilidade), que por sua vez determinam sua função geológica como reservatório de hidrocarbonetos.",,,42,61,26
question_97,Que papel geológico deve ser atribuído a rocha selante quando as evidências são relacionadas?,SUCCESS,,"O papel geológico da rocha selante é atuar como uma barreira impermeável que impede a migração dos hidrocarbonetos, permitindo sua acumulação no reservatório.",,,"O papel geológico da rocha selante é agir como uma barreira impermeável que impede a migração dos hidrocarbonetos, permitindo sua acumulação no reservatório.",,,40,52,24
question_98,Como as evidências conectam reservatório à retenção ou migração de hidrocarbonetos?,SUCCESS,,"As evidências conectam reservatório à retenção ou migração de hidrocarbonetos pela presença de rochas selantes (como folhelhos e camadas de sal) acima do reservatório, que impedem o escape dos fluidos, favorecendo a retenção; sem essas rochas, ocorre a migração dos hidrocarbonetos.",,,"As evidências mostram que o reservatório está conectado à retenção ou migração de hidrocarbonetos pela sua permeabilidade, que permite o acúmulo e o fluxo de fluidos, enquanto a rocha selante de baixa permeabilidade, localizada acima do reservatório, impede o escape desses fluidos, garantindo sua retenção. Se a rocha selante não bloqueia, ocorre migração dos hidrocarbonetos.",,,41,64,21
question_99,Como as evidências conectam trapa à retenção ou migração de hidrocarbonetos?,SUCCESS,,"As evidências mostram que a trapa é responsável por reter hidrocarbonetos após sua migração das rochas geradoras, impedindo que escapem até a superfície. Assim, a presença de trampas conecta-se diretamente à retenção, enquanto sua ausência pode resultar em migração contínua e dispersão dos hidrocarbonetos.",,,"As evidências mostram que a trapa é a estrutura onde o petróleo se acumula ao final da migração; assim, sua presença indica que houve migração dos hidrocarbonetos (via caminhos de migração como fraturas, falhas e rochas porosas/permeáveis) e posterior retenção do petróleo na trapa. Portanto, a conexão entre trapa e retenção/migração é evidenciada pelo fato de que o petróleo só se acumula quando encontra uma trapa após migrar, comprovando esses processos.",,,44,70,26
question_9,"Como as evidências disponíveis permitem reinterpretar a pergunta: Qual interpretação conecta clima árido, evaporação marinha e preservação de acumulações no pré-sal?",SUCCESS,,"As evidências apontam que o clima árido levou à intensa evaporação marinha, favorecendo a formação de espessas camadas de evaporitos (sais). Essas camadas atuaram como selantes, preservando as acumulações de petróleo abaixo delas no pré-sal. Assim, a nova interpretação conecta clima árido, evaporação e preservação como partes de um mesmo processo geológico que permitiu o armazenamento seguro dos hidrocarbonetos.",,,"As evidências mostram que o clima árido causou intensa evaporação da água marinha, levando à acumulação de sais e formação da camada do pré-sal. Essa camada funciona como uma barreira que preserva o petróleo, impedindo seu escape. Assim, a interpretação conectando clima árido, evaporação marinha e preservação das acumulações é que esses fatores atuaram em sequência para criar e proteger reservas petrolíferas no pré-sal.",,,55,81,31
