question_id,question,status,expected_answer,answers.rag_answer,evaluation.rag.metrics.answer_relevancy.score,evaluation.rag.metrics.faithfulness.score,answers.graphrag_answer,evaluation.graph.answer_relevancy.score,evaluation.graph.faithfulness.score,total_graph_data_nodes,total_edges,total_ontology_valid_true
1292,O que representa a fácies sísmica interpretada?,SUCCESS,sedimentos clásticos finos,"A fácies sísmica interpretada representa tipos distintos de rochas ou sedimentos no reservatório, identificados por suas características sísmicas, como arenitos muito porosos (amarelo), sedimentos clásticos finos (verde) e margas/calcilutitos (azul), ajudando a guiar a distribuição espacial dos litotipos onde dados diretos dos poços são limitados.",1.0000000000000000,1.0,"A fácies sísmica interpretada representa o tipo de litotipo predominante em determinada região do reservatório, como arenitos muito porosos, sedimentos clásticos finos ou margas e calcilutitos, guiando a distribuição espacial das propriedades petrofísicas (CPVs) no reservatório.",1.0,1.0,22,34,2
1293,A que corresponde a fácies sísmica interpretada?,SUCCESS,sedimentos clásticos finos,"A fácies sísmica interpretada corresponde, no contexto dado, à identificação de diferentes litotipos ou tipos de rochas (como arenitos muito porosos, sedimentos clásticos finos, margas e calcilutitos) a partir da análise dos dados sísmicos, guiando assim a distribuição espacial dessas rochas no reservatório.",1.0,1.0,"A fácies sísmica interpretada corresponde à identificação, por meio de dados sísmicos, dos tipos de rocha (litotipos) presentes no reservatório, como arenitos muito porosos, sedimentos clásticos finos, margas e calcilutitos, e é usada para guiar a distribuição espacial dessas rochas.",1.0,1.0,25,38,2
1296,Qual é a principal questão quando o conceito de fácies sísmicas é usado para construir a matriz de proporções?,SUCCESS,como distribuir no volume do reservatório as CPVs conhecidas somente nos poços?,"A principal questão ao usar o conceito de fácies sísmicas na construção da matriz de proporções é como distribuir, no volume do reservatório, as CPVs conhecidas somente nos poços, guiando a repartição espacial dos litotipos com base na interpretação das fácies sísmicas.",1.0,1.0,"A principal questão ao usar o conceito de fácies sísmicas para construir a matriz de proporções é: **como distribuir no volume do reservatório as CPVs (curvas de proporções verticais) conhecidas somente nos poços?** Ou seja, o desafio está em extrapolar as informações pontuais dos poços para todo o reservatório, utilizando as fácies sísmicas para guiar essa distribuição espacial.",1.0,1.0,24,36,2
1297,O que é interpretado como fácies sísmica?,SUCCESS,arenitos muito porosos,"Fácies sísmica é interpretada como uma unidade identificada nos dados sísmicos, associada a determinados tipos de rochas ou sedimentos, como arenitos muito porosos, sedimentos clásticos finos ou margas/calcitulitos, guiando a distribuição espacial dos litotipos no reservatório.",1.0,1.0,"Fácies sísmica é interpretada como um tipo de fácies identificada por características sísmicas, utilizada para guiar a distribuição espacial das CPVs e associada a determinados litotipos, como arenitos muito porosos, sedimentos clásticos finos ou margas e calcilutitos, conforme suas respostas sísmicas.",1.0,1.0,27,40,3
1301,Qual é a principal questão que envolve o conceito de fácies sísmicas?,SUCCESS,como distribuir no volume do reservatório as CPVs conhecidas somente nos poços?,"A principal questão que envolve o conceito de fácies sísmicas é como distribuir, no volume do reservatório, as CPVs (curvas de proporções de litotipos) conhecidas apenas nos poços, usando as fácies sísmicas para guiar a repartição espacial dessas proporções.",1.0,1.0,"A principal questão que envolve o conceito de fácies sísmicas é como distribuir, no volume do reservatório, as características petrofísicas (CPVs) conhecidas somente nos poços. O conceito de fácies sísmicas serve para guiar essa repartição espacial das CPVs, orientando a construção da matriz de proporções de litotipos.",1.0,1.0,22,32,2
1304,O que guia a curva vertical de proporções na matriz de proporções para a unidade genética superior do reservatório de Namorado?,SUCCESS,respectiva fácies sísmica,A curva vertical de proporções na matriz de proporções é guiada pela fácies sísmica respectiva.,1.0,1.0,A curva vertical de proporções na matriz de proporções para a unidade genética superior do reservatório de Namorado é guiada pela fácies sísmica interpretada em cada região.,1.0,1.0,23,35,2
1305,Qual fácies sísmica é interpretada como sedimentos clásticos finos na matriz de proporções?,SUCCESS,verde,A fácies sísmica interpretada como sedimentos clásticos finos na matriz de proporções é a que aparece mais na cor verde.,1.0,1.0,A fácies sísmica interpretada como sedimentos clásticos finos na matriz de proporções é a fácies associada à região com predominância de verde.,1.0,1.0,23,35,2
1306,O que é utilizado para distribuir no volume do reservatório as CPVs conhecidas somente nos poços?,SUCCESS,conceito de fácies sísmicas,"É utilizado o conceito de **fácies sísmicas**, que guiam a repartição espacial das CPVs construindo a **matriz de proporções** para distribuir, no volume do reservatório, as CPVs conhecidas somente nos poços.",1.0,1.0,"Para distribuir no volume do reservatório as CPVs conhecidas somente nos poços, é utilizada a matriz de proporções de litotipos, guiada pelo conceito de fácies sísmicas.",1.0,1.0,20,33,2
1309,O que é a matriz de proporções na construção de uma matriz de proporções de litotipos?,SUCCESS,uma ferramenta muito importante para capturar o comportamento espacial dos litotipos,"A matriz de proporções é uma ferramenta que representa a distribuição espacial das proporções dos diferentes litotipos (tipos de rocha) dentro de um reservatório, guiada pelas fácies sísmicas. Ela permite extrapolar as proporções conhecidas nos poços para todo o volume do reservatório, capturando o comportamento espacial dos litotipos e complementando os variogramas na modelagem geoestatística.",1.0,1.0,"A matriz de proporções na construção de uma matriz de proporções de litotipos é uma tabela que representa as proporções de diferentes litotipos em um reservatório, distribuindo espacialmente essas proporções com base em dados de poços e fácies sísmicas. Ela ajuda a capturar o comportamento espacial dos litotipos e é um instrumento importante na modelagem geoestatística.",1.0,1.0,24,38,2
1310,O que é interpretado como arenitos muito porosos na região que domina o amarelo?,SUCCESS,a curva vertical de proporções é guiada pela respectiva fácies sísmica,"Na região que domina o amarelo, é interpretado como arenitos muito porosos.",1.0,1.0,É interpretado como arenitos muito porosos na região que domina o amarelo.,0.5,1.0,23,34,3
1313,Qual é a área da Bacia do Espírito Santo?,SUCCESS,"41.500 km2,",A área da Bacia do Espírito Santo é de aproximadamente 41.500 km².,1.0,1.0,"A área da Bacia do Espírito Santo é de aproximadamente 41.500 km², dos quais 3.000 km² são terrestres.",1.0,1.0,26,43,3
1316,Quem apresentou a primeira estratigrafia formal da Bacia do Espírito Santo?,SUCCESS,"Asmus et al.,",A primeira estratigrafia formal da Bacia do Espírito Santo foi apresentada por Asmus et al.,1.0,1.0,A primeira estratigrafia formal da Bacia do Espírito Santo foi apresentada por Asmus et al.,1.0,1.0,32,194,3
1317,Quantos km2 da Bacia do Espírito Santo são de exploração?,SUCCESS,"41.500 km2,",A área de exploração da Bacia do Espírito Santo é de aproximadamente 41.500 km².,1.0,1.0,A área de exploração da Bacia do Espírito Santo é de aproximadamente 41.500 km².,1.0,1.0,21,37,3
1320,Qual é a área da Bacia do Espírito Santo?,SUCCESS,41.500 km2,A área da Bacia do Espírito Santo é aproximadamente 41.500 km².,1.0,1.0,A área da Bacia do Espírito Santo é de aproximadamente 41.500 km².,1.0,1.0,24,43,3
1322,Quem apresentou a primeira estratigrafia formal da Bacia do Espírito Santo?,SUCCESS,Asmus et al.,A primeira estratigrafia formal da Bacia do Espírito Santo foi apresentada por Asmus et al.,1.0,1.0,A primeira estratigrafia formal da Bacia do Espírito Santo foi apresentada por Asmus et al.,1.0,1.0,29,46,3
1323,Quantos km2 da Bacia do Espírito Santo são de exploração?,SUCCESS,41.500,A área de exploração da Bacia do Espírito Santo é de aproximadamente 41.500 km².,1.0,1.0,A área de exploração da Bacia do Espírito Santo é de aproximadamente 41.500 km².,1.0,1.0,22,37,3
1325,Qual é o limite leste da Bacia do Espírito Santo?,SUCCESS,crosta continental/oceânica,O limite leste da Bacia do Espírito Santo é coincidente com o limite crosta continental/oceânica.,1.0,1.0,O limite leste da Bacia do Espírito Santo é a fronteira crosta continental/oceânica.,1.0,1.0,23,40,2
1326,Qual é a área aproximada da Bacia do Espírito Santo?,SUCCESS,41.500 km2,A área aproximada da Bacia do Espírito Santo é de 41.500 km².,1.0,1.0,A área aproximada da Bacia do Espírito Santo é 41.500 km².,1.0,1.0,24,37,3
1327,Qual é a largura da plataforma continental?,SUCCESS,240 km na porção centro-norte,A largura da plataforma continental varia de uma média de 40 km ao sul até cerca de 240 km na porção centro-norte.,1.0,1.0,A largura da plataforma continental varia de uma média de 40 km ao sul até cerca de 240 km na porção centro-norte.,1.0,1.0,25,42,3
1328,Quem apresentou a carta de costa da Bacia do Espírito Santo?,SUCCESS,Vieira et al.,Vieira et al. apresentaram a carta de costa da Bacia do Espírito Santo.,1.0,1.0,A carta da Bacia do Espírito Santo foi apresentada por Vieira et al.,1.0,1.0,27,43,3
1333,A que se refere a fronteira leste da Bacia do Espírito Santo?,SUCCESS,crosta continental/oceânica,A fronteira leste da Bacia do Espírito Santo refere-se ao limite crosta continental/oceânica.,1.0,1.0,A fronteira leste da Bacia do Espírito Santo refere-se ao limite coincidente com a crosta continental/oceânica.,1.0,1.0,25,41,3
1335,Quem apresentou a carta da Bacia do Espírito Santo?,SUCCESS,Vieira et al.,Vieira et al. apresentaram a carta da Bacia do Espírito Santo.,1.0,1.0,A carta da Bacia do Espírito Santo foi apresentada por Vieira et al.,1.0,1.0,24,41,3
1338,Quantos quilômetros de área a Bacia do Espírito Santo tem a ver com a bacia terrestre?,SUCCESS,3.000,"A Bacia do Espírito Santo possui uma área explorável de aproximadamente 41.500 km², dos quais 3.000 km² referem-se à bacia terrestre.",1.0,1.0,"A Bacia do Espírito Santo tem uma área total de aproximadamente 41.500 km², dos quais 3.000 km² correspondem à área terrestre (bacia terrestre).",1.0,1.0,24,40,3
1339,O que evidencia a fisiografia do Banco de Abrolhos?,SUCCESS,alargamento da plataforma continental,"A fisiografia do Banco de Abrolhos evidencia um alargamento da plataforma continental, que passa de uma média de 40 km de largura ao sul para cerca de 240 km na porção centro-norte.",1.0,1.0,"A fisiografia do Banco de Abrolhos é evidenciada pelo alargamento da plataforma continental, que na região passa de uma média de 40 km de largura para cerca de 240 km na porção centro-norte da Bacia do Espírito Santo.",1.0,1.0,25,40,3
1340,O que o trabalho de Vieira et al. enfatiza?,SUCCESS,a cronoestratigrafia,O trabalho de Vieira et al. enfatiza a cronoestratigrafia.,1.0,1.0,O trabalho de Vieira et al. enfatiza a cronoestratigrafia na atualização do conhecimento da Bacia do Espírito Santo.,1.0,1.0,29,46,3
1341,O que é enfatizado neste trabalho?,SUCCESS,cronoestratigrafia,Neste trabalho é enfatizada a cronoestratigrafia da Bacia do Espírito Santo.,1.0,1.0,O trabalho enfatiza a cronoestratigrafia da Bacia do Espírito Santo.,1.0,1.0,24,41,2
1343,O que evidencia a fisiografia do Banco de Abrolhos?,SUCCESS,um alargamento da plataforma continental,"A fisiografia do Banco de Abrolhos evidencia-se pelo alargamento da plataforma continental na região, que passa de uma média de 40 km de largura ao sul para cerca de 240 km na porção centro-norte.",1.0,1.0,"A fisiografia do Banco de Abrolhos é evidenciada pelo alargamento da plataforma continental da Bacia do Espírito Santo, que passa de uma média de 40 km de largura ao sul para cerca de 240 km na porção centro-norte.",1.0,0.5,22,34,3
1344,O que o trabalho de Vieira et al. enfatiza?,SUCCESS,cronoestratigrafia,O trabalho de Vieira et al. enfatiza a cronoestratigrafia.,1.0,1.0,O trabalho de Vieira et al. enfatiza a cronoestratigrafia na atualização da carta estratigráfica da Bacia do Espírito Santo.,1.0,1.0,31,48,3
1345,Qual é a área explorável da Bacia do Espírito Santo?,SUCCESS,aproximadamente 41.500 km2,A área explorável da Bacia do Espírito Santo é de aproximadamente 41.500 km².,1.0,1.0,"A área explorável da Bacia do Espírito Santo é de aproximadamente 41.500 km², dos quais 3.000 km² correspondem à bacia terrestre.",1.0,1.0,22,34,3
1346,O que atribui à bacia uma fisiografia particular?,SUCCESS,"A existência do Banco de Abrolhos,","A existência do Banco de Abrolhos, a leste, atribui à bacia uma fisiografia particular, evidenciada pelo alargamento da plataforma continental.",1.0,1.0,"O que atribui à bacia uma fisiografia particular é a existência do Banco de Abrolhos a leste, que provoca um alargamento da plataforma continental.",1.0,1.0,23,37,3
1348,O que foi fundamental para a atualização da Carta Estratigráfica da Bacia do Espírito Santo?,SUCCESS,"O conhecimento adquirido ao longo de 50 anos de exploração,","O fundamental para a atualização da Carta Estratigráfica da Bacia do Espírito Santo foi o conhecimento adquirido ao longo de 50 anos de exploração, com centenas de poços exploratórios, inúmeras linhas sísmicas 2D e 3D, e a contínua integração de novos dados.",1.0,1.0,"O que foi fundamental para a atualização da Carta Estratigráfica da Bacia do Espírito Santo foi o conhecimento adquirido ao longo de 50 anos de exploração, com centenas de poços exploratórios e inúmeras linhas sísmicas 2D e 3D, além da contínua integração de novos dados.",1.0,1.0,25,42,3
1349,O que este trabalho enfatiza em relação à Bacia do Espírito Santo?,SUCCESS,a cronoestratigrafia,"Este trabalho enfatiza, em relação à Bacia do Espírito Santo, a atualização e o resumo do conhecimento adquirido, com destaque para a cronoestratigrafia da bacia.",1.0,1.0,"Este trabalho enfatiza a cronoestratigrafia da Bacia do Espírito Santo, resumindo o conhecimento adquirido desde a última publicação da carta estratigráfica, com base nos princípios litoestratigráficos previamente estabelecidos.",1.0,1.0,38,58,3
1350,Qual é a área total da Bacia do Espírito Santo?,SUCCESS,41.500 km2,A área total da Bacia do Espírito Santo é de aproximadamente 41.500 km².,1.0,1.0,A área total da Bacia do Espírito Santo é de aproximadamente 41.500 km².,1.0,1.0,25,41,5
1351,Qual é a área da bacia terrestre da Bacia do Espírito Santo?,SUCCESS,3.000 km2,A área da bacia terrestre da Bacia do Espírito Santo é de aproximadamente 3.000 km².,1.0,1.0,A área da bacia terrestre da Bacia do Espírito Santo é de aproximadamente 3.000 km².,1.0,1.0,29,45,4
1352,Onde a Bacia do Espírito Santo está situada?,SUCCESS,no Estado do Espírito Santo,"A Bacia do Espírito Santo está situada no Estado do Espírito Santo, entre a Bacia de Campos (ao sul) e a Bacia de Mucuri (ao norte).",1.0,1.0,"A Bacia do Espírito Santo está situada no Estado do Espírito Santo, Brasil.",1.0,1.0,23,39,2
1353,Quais são os limites da Bacia do Espírito Santo?,SUCCESS,"a sul com a Bacia de Campos, através do Alto de Vitória, e a norte com a Bacia de Mucuri","Os limites da Bacia do Espírito Santo são: ao sul com a Bacia de Campos (pelo Alto de Vitória), ao norte com a Bacia de Mucuri, a leste pelo limite crosta continental/oceânica (próximo ao Banco de Abrolhos) e possui cerca de 3.000 km² em terra e o restante em área marítima, totalizando aproximadamente 41.500 km².",1.0,1.0,"Os limites da Bacia do Espírito Santo são: ao sul, a Bacia de Campos (separada pelo Alto de Vitória); ao norte, a Bacia de Mucuri; a leste, a fronteira coincide com o limite entre a crosta continental e oceânica, destacando-se o alargamento da plataforma continental na região do Banco de Abrolhos. Está situada no Estado do Espírito Santo.",1.0,1.0,26,37,2
1354,Quem foi o primeiro engenheiro a perfurar o primeiro poço de petróleo da América do Sul?,SUCCESS,"E. A. Prentice, empregado da fábrica de gás de Lima, perfura o que se considera ser o primeiro poço de petróleo da América do Sul.","O primeiro engenheiro a perfurar o primeiro poço de petróleo da América do Sul foi E. A. Prentice, em 1863, empregado da fábrica de gás de Lima.",1.0,1.0,"O primeiro engenheiro a perfurar o primeiro poço de petróleo da América do Sul foi E. A. Prentice, em 1863.",1.0,1.0,35,72,3
1355,Quantos poços a Companhia Peruana de Refino de Petróleo perfurava em 55 anos de operação?,SUCCESS,450,A Companhia Peruana de Refino de Petróleo perfurou 450 poços em 55 anos de operação.,1.0,1.0,A Companhia Peruana de Refino de Petróleo perfurou 450 poços em 55 anos de operação.,1.0,1.0,51,107,3
1356,Quantas empresas petrolíferas estavam operando em Talara em 1891?,SUCCESS,14,"Em 1891, já havia 14 empresas petrolíferas atuando em Talara.",1.0,1.0,"Em 1891, já havia 14 empresas petrolíferas operando em Talara.",1.0,1.0,36,72,3
1359,Quantas empresas petrolíferas operavam na região de Talara em 1891?,SUCCESS,14,"Em 1891, já havia 14 empresas petrolíferas atuando na região de Talara.",1.0,1.0,"Em 1891, havia 14 empresas petrolíferas operando na região de Talara.",1.0,1.0,29,57,2
1362,Quem foi o primeiro engenheiro a perfurar o primeiro poço de petróleo da América do Sul?,SUCCESS,E. A. Prentice,"O primeiro engenheiro a perfurar o primeiro poço de petróleo da América do Sul foi E. A. Prentice, em 1863, no Peru.",1.0,1.0,"O primeiro engenheiro a perfurar o primeiro poço de petróleo da América do Sul foi E. A. Prentice, em 1863, no Peru.",1.0,1.0,32,67,2
1363,Quando foi perfurado o primeiro poço totalmente na plataforma peruana?,SUCCESS,1959,O primeiro poço totalmente perfurado na plataforma peruana ocorreu em 1959.,1.0,1.0,O primeiro poço perfurado totalmente na plataforma peruana ocorreu em 1959.,1.0,1.0,35,68,3
1365,Quando foi perfurado o primeiro poço de petróleo da América do Sul?,SUCCESS,1863,"O primeiro poço de petróleo da América do Sul foi perfurado em 1863, no Peru.",1.0,1.0,O primeiro poço de petróleo da América do Sul foi perfurado em 1863.,1.0,1.0,33,64,4
1367,Quantas empresas petrolíferas estavam operando na área em 1891?,SUCCESS,14,"Em 1891, já havia 14 empresas petrolíferas atuando na região.",1.0,1.0,"Em 1891, havia 14 empresas petrolíferas operando na área.",1.0,1.0,31,68,2
1368,Quando foi perfurado o primeiro poço totalmente em plataforma peruana?,SUCCESS,1959,O primeiro poço totalmente perfurado em plataforma peruana ocorreu em 1959.,1.0,1.0,O primeiro poço totalmente perfurado em plataforma peruana foi em 1959.,1.0,1.0,30,67,2
1369,Quando foi fundada a primeira refinaria da América?,SUCCESS,1916,"A primeira refinaria da América foi fundada em 1916, na cidade de Talara, Peru.",1.0,1.0,"A primeira refinaria da América foi fundada em 1916, na cidade de Talara, Peru.",1.0,1.0,34,72,2
1370,Quantos poços a Companhia Peruana de Refino de Petróleo abriu durante seus 55 anos?,SUCCESS,450,A Companhia Peruana de Refino de Petróleo abriu 450 poços em 55 anos de operação.,1.0,1.0,A Companhia Peruana de Refino de Petróleo abriu 450 poços durante seus 55 anos de operação.,1.0,1.0,34,67,3
1371,Quantos boeds a IPC aumentou a refinaria de Talara em 1924?,SUCCESS,20.000,"Em 1924, a IPC aumentou a refinaria de Talara para processar 20.000 boed (barris de óleo equivalente por dia).",1.0,1.0,"Em 1924, a IPC aumentou a refinaria de Talara para processar 20.000 boed.",1.0,1.0,35,68,3
1372,Em que ano foi perfurado o primeiro poço de petróleo da América do Sul?,SUCCESS,1863,O primeiro poço de petróleo da América do Sul foi perfurado em 1863.,1.0,1.0,O primeiro poço de petróleo da América do Sul foi perfurado em 1863.,1.0,1.0,26,47,3
1374,Quantas empresas petrolíferas estavam operando na região em 1891?,SUCCESS,14,"Em 1891, já havia 14 empresas petrolíferas atuando na região.",1.0,1.0,"Em 1891, já havia 14 empresas petrolíferas atuando na região.",1.0,1.0,37,76,2
1376,Quando foi inaugurada a primeira refinaria da América?,SUCCESS,1916,"A primeira refinaria da América foi inaugurada em 1916, na cidade de Talara, no Peru.",1.0,1.0,"A primeira refinaria da América foi inaugurada em 1916, na cidade de Talara, Peru.",1.0,1.0,35,73,3
1378,Quem perfurou o primeiro poço de petróleo da América do Sul em 1863?,SUCCESS,o engenheiro E. A. Prentice,O primeiro poço de petróleo da América do Sul foi perfurado em 1863 pelo engenheiro E. A. Prentice.,1.0,1.0,E. A. Prentice foi quem perfurou o primeiro poço de petróleo da América do Sul em 1863.,1.0,1.0,44,91,3
1379,"Em que ano entrou em operação a primeira refinaria da América, localizada em Talara?",SUCCESS,1916,"A primeira refinaria da América, localizada em Talara, entrou em operação em 1916.",1.0,1.0,"A primeira refinaria da América, localizada em Talara, entrou em operação em 1916.",1.0,1.0,44,86,3
1380,Qual empresa foi precursora da Exxon e atuou em Talara realizando atividades exploratórias e de refino?,SUCCESS,"Internatio-nal Petroleum Company,",A empresa precursora da Exxon que atuou em Talara realizando atividades exploratórias e de refino foi a International Petroleum Company.,1.0,1.0,A empresa precursora da Exxon que atuou em Talara realizando atividades exploratórias e de refino foi a International Petroleum Company.,1.0,1.0,46,92,3
1381,"Quando o governo peruano teve uma participação mais ativa na indústria petrolífera, criando a Empresa Petrolera Fiscal?",SUCCESS,1939,"O governo peruano teve uma participação mais ativa na indústria petrolífera em 1939, com a criação da Empresa Petrolera Fiscal, através de um decreto do presidente Oscar Benavides.",1.0,1.0,"O governo peruano teve uma participação mais ativa na indústria petrolífera em 1939, com a criação da Empresa Petrolera Fiscal por decreto do presidente Oscar Benavides.",1.0,1.0,28,55,3
1382,Quais companhias foram responsáveis pelo primeiro poço perfurado totalmente na plataforma peruana em 1959?,SUCCESS,Belco Petroleum Company e Peruvian Pacific Petroleum Company,As companhias responsáveis pelo primeiro poço perfurado totalmente na plataforma peruana em 1959 foram a Belco Petroleum Company e a Peruvian Pacific Petroleum Company.,1.0,1.0,As companhias responsáveis pelo primeiro poço perfurado totalmente na plataforma peruana em 1959 foram a Belco Petroleum Company e a Peruvian Pacific Petroleum Company.,1.0,1.0,29,59,2
1383,Quem é considerado o primeiro a perfurar um poço de petróleo na América do Sul?,SUCCESS,o engenheiro E. A. Prentice,"O primeiro a perfurar um poço de petróleo na América do Sul foi o engenheiro E. A. Prentice, em 1863, no Peru.",1.0,1.0,"O primeiro a perfurar um poço de petróleo na América do Sul foi o engenheiro E. A. Prentice, em 1863, em Lima, Peru.",1.0,1.0,31,60,3
1384,Em que ano foi fundada a Companhia Peruana de Refino de Petróleo?,SUCCESS,1871,A Companhia Peruana de Refino de Petróleo foi fundada em 1871.,1.0,1.0,A Companhia Peruana de Refino de Petróleo foi fundada em 1871.,1.0,1.0,33,69,3
1385,Quantos poços a Companhia Peruana de Refino de Petróleo chegou a perfurar em 55 anos de operação?,SUCCESS,450 poços,A Companhia Peruana de Refino de Petróleo chegou a perfurar 450 poços em 55 anos de operação.,1.0,1.0,A Companhia Peruana de Refino de Petróleo perfurou 450 poços em 55 anos de operação.,1.0,1.0,40,87,1
1386,Em que ano entrou em operação a primeira refinaria da América?,SUCCESS,1916,A primeira refinaria da América entrou em operação em 1916.,1.0,1.0,A primeira refinaria da América entrou em operação em 1916.,1.0,1.0,37,77,1
1387,"Qual é o nome da companhia que marcaria época, tanto pelas suas atividades exploratórias como de refino?",SUCCESS,a Internatio-nal Petroleum Company,O nome da companhia é International Petroleum Company.,1.0,1.0,"O nome da companhia que marcaria época, tanto pelas suas atividades exploratórias como de refino, é a International Petroleum Company.",1.0,1.0,38,75,3
1390,O que poderia ser considerado compatível com a cinemática definida pelos outros elementos estruturais?,SUCCESS,a condição de obliqüidade constante,"Compatível com a cinemática definida pelos outros elementos estruturais seria a hipótese c, que considera a condição de obliquidade constante em toda a área.",1.0,1.0,"O que seria considerado compatível com a cinemática definida pelos outros elementos estruturais, segundo o contexto, é a hipótese c: uma condição de obliquidade constante em toda a área durante a deformação, associada a um regime de convergência com vetor tectônico SE-NW, deformação predominantemente frontal inicialmente (com desenvolvimento de dobras F1, zona de falha de Perimbó reversa e sistema conjugado de falhas transcorrentes), seguida de concentração do movimento nas falhas transcorrentes dextrais.",1.0,1.0,20,34,3
1391,O que sugere que a evolução direcional posterior à nucleação frontal da zona de falha desenvolva uma evolução direcional posterior à nucleação frontal?,SUCCESS,secciona-mento da zona de falha de Perimbó,"O que sugere uma evolução direcional posterior à nucleação frontal da zona de falha é o fato de a zona de falha de Perimbó ter sido seccionada posteriormente por falhas transcorrentes, principalmente pelas falhas dextrais. Isso indica que, após a nucleação frontal, ocorreu uma evolução do regime tectônico, com predominância de movimentos transcorrentes dextrais, diferente do esperado num regime transpressivo.",1.0,1.0,"O que sugere que a evolução direcional posterior à nucleação frontal da zona de falha se desenvolveu é o fato de que a zona de falha de Perimbó foi posteriormente seccionada por falhas transcorrentes dextrais, indicando concentração de movimento nessas falhas após a nucleação frontal. Isso seria contrário ao esperado em um regime transpressivo e está de acordo com uma evolução tectônica onde, após uma deformação frontal inicial (convergência SE-NW), ocorre uma posterior fase direcional ao longo das falhas transcorrentes.",1.0,1.0,41,62,4
1392,O encurtamento podería ser quantificado tomando-se como base qual marcador linear?,SUCCESS,"um marcador linear, paralelo à direção de compressão máxima.","O encurtamento poderia ser quantificado tomando-se como base um marcador linear, paralelo à direção de compressão máxima.",1.0,1.0,O encurtamento poderia ser quantificado tomando-se como base um marcador linear paralelo à direção de compressão máxima.,1.0,1.0,23,31,3
1396,O encurtamento podería ser quantificado tomando-se como base qual marcador linear?,SUCCESS,"um marcador linear, paralelo à direção de compressão máxima","O encurtamento poderia ser quantificado tomando-se como base um marcador linear, paralelo à direção de compressão máxima.",1.0,1.0,O encurtamento poderia ser quantificado tomando-se como base um marcador linear paralelo à direção de compressão máxima.,1.0,1.0,17,28,3
1398,Quais regimes produziriam uma rotação progressiva dos indicadores cinemáticos?,SUCCESS,oblíquo ou transpressivo,Regimes oblíquo ou transpressivo produziriam uma rotação progressiva dos indicadores cinemáticos.,1.0,1.0,Regimes oblíquos ou transpressivos (falhas oblíquas ou transpressivas) produziriam uma rotação progressiva dos indicadores cinemáticos.,1.0,1.0,17,28,2
1399,Como o encurtamento pode ser quantificado?,SUCCESS,"tomando-se como base um marcador linear, paralelo à direção de compressão máxima","O encurtamento pode ser quantificado tomando-se como base um marcador linear, paralelo à direção de compressão máxima.",1.0,1.0,"O encurtamento pode ser quantificado tomando-se como base um marcador linear, paralelo à direção de compressão máxima.",1.0,1.0,22,42,2
1401,Qual é a base para quantificar o encurtamento?,SUCCESS,"um marcador linear, paralelo à direção de compressão máxima","A base para quantificar o encurtamento é um marcador linear, paralelo à direção de compressão máxima.",1.0,1.0,"A base para quantificar o encurtamento é um marcador linear, paralelo à direção de compressão máxima.",1.0,1.0,21,30,3
1402,Quais são os dois regimes que produziriam uma rotação progressiva dos indicadores cinemáticos?,SUCCESS,oblíquo ou transpressivo,Os dois regimes que produziriam uma rotação progressiva dos indicadores cinemáticos são o regime **oblíquo** e o regime **transpressivo**.,1.0,1.0,Os dois regimes que produziriam uma rotação progressiva dos indicadores cinemáticos são o regime oblíquo e o regime transpressivo.,1.0,1.0,23,37,2
1406,Qual é a direção do vetor tectônico na primeira fase de deformação?,SUCCESS,de SE para NW,A direção do vetor tectônico na primeira fase de deformação é de sudeste (SE) para noroeste (NW).,1.0,1.0,A direção do vetor tectônico na primeira fase de deformação é de sudeste para noroeste (SE para NW).,1.0,1.0,38,55,3
1407,O que sugere o seccionamento da zona de falha de Perimbó pelas falhas transcorrentes?,SUCCESS,uma evolução direcional posterior à nucleação frontal da referida zona de falha,"O seccionamento da zona de falha de Perimbó pelas falhas transcorrentes, especialmente dextrais, sugere uma evolução direcional posterior à nucleação frontal da zona de falha, indicando que após a fase inicial de compressão frontal, ocorreu uma reorganização tectônica com movimento predominante ao longo das falhas transcorrentes. Isso é incompatível com um regime transpressivo desde o início.",1.0,1.0,"O seccionamento da zona de falha de Perimbó pelas falhas transcorrentes, principalmente dextrais, sugere que houve uma evolução direcional posterior à nucleação frontal da zona de falha. Isso indica que, após uma deformação inicial por convergência (SE-NW) e desenvolvimento de estruturas como dobras F1, ocorreu uma reorganização do campo de esforços, com foco nas falhas transcorrentes dextrais, incompatível com um regime transpressivo inicial. Ou seja, as falhas transcorrentes cortaram a zona de falha após sua formação, refletindo uma mudança tectônica posterior.",1.0,1.0,18,29,3
1409,Como seria quantificado o encurtamento de acordo com o texto?,SUCCESS,"tomando-se como base um marcador linear, paralelo à direção de compressão máxima","O encurtamento seria quantificado tomando-se como base um marcador linear, paralelo à direção de compressão máxima.",1.0,1.0,"O encurtamento seria quantificado tomando-se como base um marcador linear, paralelo à direção de compressão máxima.",1.0,1.0,36,54,3
1412,O que a hipótese b sugere que deveria ocorrer também?,SUCCESS,uma dispersão dos valores de acamamento,A hipótese b sugere que deveria ocorrer também uma dispersão dos valores de acamamento que amostrassem uma suposta deformação tardia.,1.0,1.0,A hipótese b sugere que deveria ocorrer também uma dispersão dos valores de acamamento que amostrassem uma suposta deformação tardia.,1.0,1.0,19,30,3
1413,Qual é a condição que a hipótese c considera constante em toda a área?,SUCCESS,a condição de obliqüidade,A hipótese c considera constante a condição de obliquidade em toda a área.,1.0,1.0,"A hipótese c considera a ""obliquidade constante em toda a área"" como condição.",1.0,1.0,20,27,2
1414,Qual é o nome da descontinuidade crustal?,SUCCESS,"Arco de São Mateus,",O nome da descontinuidade crustal é **Arco de São Mateus**.,1.0,1.0,O nome da descontinuidade crustal é Arco de São Mateus.,1.0,1.0,40,65,4
1415,Qual é a idade do fragmento máfico?,SUCCESS,"69,4 ± 1,3 Ma, geocro-nologicamente compatível","A idade do fragmento máfico é 69,4 ± 1,3 milhões de anos (Ma).",1.0,1.0,"A idade do fragmento máfico é 69,4 ± 1,3 milhões de anos (Ma), determinada pelo método Ar-Ar.",1.0,1.0,37,57,3
1416,Qual é a sequência vulcanoclástica da Fm. Rio Doce?,SUCCESS,Abrolhos,"A sequência vulcanoclástica da Fm. Rio Doce consiste principalmente em arenitos médios a muito grossos, quartzozos e feldspáticos, com cores cinza-esverdeadas, maciços ou com estratificações cruzadas, mal selecionados, pouco lamosos e extremamente litificados, com grãos cimentados por sílica criptocristalina. Próxima ao contato com as vulcânicas, encontra-se totalmente silicificada (“cozida”).",1.0,0.0,"A sequência vulcanoclástica da Fm. Rio Doce consiste em arenitos médios a muito grossos, quartzozos, feldspáticos, cinza-esverdeados, maciços ou com estratificações cruzadas, mal selecionados, pouco lamosos e extremamente litificados, com grãos cimentados por sílica criptocristalina, próximos de contato com vulcânicas, onde se encontram totalmente silicificados (""cozidos"").",1.0,0.1,41,64,5
1419,Qual é a idade da amostra?,SUCCESS,"69,4 ± 1,3 Ma, geocro-nologicamente compatível","A idade da amostra é 69,4 ± 1,3 milhões de anos.",1.0,1.0,"A idade da amostra é 69,4 ± 1,3 milhões de anos, obtida por datação Ar-Ar de um fragmento máfico.",1.0,1.0,41,63,3
1421,Qual é o nome da descontinuidade crustal?,SUCCESS,Arco de São Mateus,O nome da descontinuidade crustal é Arco de São Mateus.,1.0,1.0,O nome da descontinuidade crustal é Arco de São Mateus.,1.0,1.0,38,56,3
1422,Qual é a idade do fragmento máfico?,SUCCESS,"69,4 ± 1,3 Ma","A idade do fragmento máfico é 69,4 ± 1,3 milhões de anos (Ma).",1.0,1.0,"A idade do fragmento máfico é 69,4 ± 1,3 milhões de anos (Ma).",1.0,1.0,41,62,4
1425,Qual é a idade da amostra?,SUCCESS,"69,4 ± 1,3 Ma","A idade da amostra, determinada por datação Ar-Ar de um fragmento máfico, é de 69,4 ± 1,3 milhões de anos (Ma).",1.0,1.0,"A idade da amostra é 69,4 ± 1,3 milhões de anos (Ma), obtida por datação Ar-Ar de um fragmento máfico.",1.0,1.0,40,60,3
1426,Qual foi a data de um fragmento mafico de uma rocha?,SUCCESS,"69,4 ± 1,3 Ma","A data de um fragmento máfico de uma rocha, segundo o contexto, é 69,4 ± 1,3 milhões de anos (Ma).",1.0,1.0,"A data de um fragmento máfico de uma rocha, obtida pelo método Ar-Ar, é 69,4 ± 1,3 milhões de anos (Ma).",1.0,1.0,44,67,5
1427,Quem descreve uma forte ocorrência de rochas piroclásticas ácidas na região nordeste do estado de Minas Gerais?,SUCCESS,Raposo etal.,Raposo et al. descrevem uma forte ocorrência de rochas piroclásticas ácidas na região nordeste do estado de Minas Gerais.,1.0,1.0,Raposo et al. descrevem uma forte ocorrência de rochas piroclásticas ácidas na região nordeste do estado de Minas Gerais.,1.0,1.0,38,65,3
1428,Quem admitiu que há uma interrelação entre a sequência vulcanoclástica da Fm. Abrolhos e os sedimentos terciários da Fm. Rio Doce?,SUCCESS,Novais etal.,Novais et al. admitiram que há uma interrelação entre a sequência vulcanoclástica da Fm. Abrolhos e os sedimentos terciários da Fm. Rio Doce.,1.0,1.0,Novais et al. admitiram que há uma interrelação entre a sequência vulcanoclástica da Fm. Abrolhos e os sedimentos terciários da Fm. Rio Doce.,1.0,1.0,41,69,3
1429,Como é chamada a descontinuidade crustal?,SUCCESS,Arco de São Mateus,A descontinuidade crustal é chamada de **Arco de São Mateus**.,1.0,1.0,A descontinuidade crustal é chamada de Arco de São Mateus.,1.0,1.0,40,64,3
1430,Qual é a área das rochas piroclásticas ácidas encontradas na região nordeste de Minas Gerais?,SUCCESS,75km de comprimento por 25km de largura,A área das rochas piroclásticas ácidas encontradas na região nordeste de Minas Gerais é de aproximadamente 75 km de comprimento por 25 km de largura.,1.0,1.0,A área das rochas piroclásticas ácidas encontradas na região nordeste de Minas Gerais é de aproximadamente 75 km de comprimento por 25 km de largura.,1.0,1.0,43,65,4
1431,Quem descreveu uma grande ocorrência de rochas piroclásticas ácidas na região nordeste de Minas Gerais?,SUCCESS,Raposo etal.,Raposo et al. descrevem uma grande ocorrência de rochas piroclásticas ácidas na região nordeste de Minas Gerais.,1.0,1.0,Quem descreveu uma grande ocorrência de rochas piroclásticas ácidas na região nordeste de Minas Gerais foi Raposo et al.,1.0,1.0,38,63,3
1432,Quem admite que há uma interrelação entre a sequência vulcanoclástica da Fm. Abrolhos e os sedimentos terciários da Fm. Rio Doce?,SUCCESS,Novais etal.,Novais et al. admitem que há uma interrelação entre a sequência vulcanoclástica da Fm. Abrolhos e os sedimentos terciários da Fm. Rio Doce.,1.0,1.0,Novais et al. admitem que há uma interrelação entre a sequência vulcanoclástica da Fm. Abrolhos e os sedimentos terciários da Fm. Rio Doce.,1.0,1.0,37,59,4
1435,Quanta área as rochas piroclásticas ácidas ocupam?,SUCCESS,75km de comprimento por 25km de largura,As rochas piroclásticas ácidas ocupam uma área de 75 km de comprimento por 25 km de largura.,1.0,1.0,"As rochas piroclásticas ácidas ocupam uma área de 75 km de comprimento por 25 km de largura, totalizando aproximadamente 1.875 km².",1.0,1.0,36,58,3
1436,Qual a idade geocronológica indicada pela datação Ar-Ar de um fragmento máfico?,SUCCESS,"69,4 ± 1,3 Ma","A idade geocronológica indicada pela datação Ar-Ar de um fragmento máfico é **69,4 ± 1,3 Ma**.",1.0,1.0,"A idade geocronológica indicada pela datação Ar-Ar de um fragmento máfico é 69,4 ± 1,3 milhões de anos (Ma).",1.0,1.0,39,65,3
1437,O que é a Fm. Rio Doce?,SUCCESS,"corresponde a arenitos médios a muito grossos, quartzozos, feldspáticos, com cores cinza-esverdeadas, maciços ou com estratificações cruzadas","A Fm. Rio Doce é uma formação composta por arenitos médios a muito grossos, quartzozos e feldspáticos, de cor cinza-esverdeada, maciços ou com estratificações cruzadas, mal selecionados, pouco lamosos e extremamente litificados, com grãos cimentados por sílica criptocristalina.",1.0,1.0,"A Fm. Rio Doce é uma formação geológica composta por arenitos médios a muito grossos, quartzozos e feldspáticos, geralmente cinza-esverdeados, maciços ou com estratificação cruzada. Os sedimentos são mal selecionados, pouco lamosos e fortemente litificados, com grãos cimentados por sílica criptocristalina. Relaciona-se a depósitos terciários e ocorre próxima ao contato com as vulcânicas da Formação Abrolhos, podendo apresentar-se totalmente silicificada.",1.0,1.0,42,70,3
1438,O que descrevem Raposo etal. sobre a região nordeste do estado de Minas Gerais?,SUCCESS,"uma expressiva ocorrência de rochas piroclásticas ácidas, de provável idade fanerozoica","Raposo et al. descrevem uma expressiva ocorrência de rochas piroclásticas ácidas, de provável idade fanerozoica, na região nordeste do estado de Minas Gerais, ocupando uma área de 75 km por 25 km, com direção NE-SW, cuja origem estaria relacionada à ruptura do Atlântico Sul.",1.0,1.0,"Raposo et al. descrevem uma expressiva ocorrência de rochas piroclásticas ácidas, de provável idade fanerozoica, na região nordeste do estado de Minas Gerais. Segundo os autores, essas rochas ocupam uma área de 75 km por 25 km (direção NE-SW) e sua origem está relacionada à ruptura do Atlântico Sul.",1.0,1.0,36,54,4
1439,"O que controlaria os fenômenos neotectônicos, o padrão de drenagem e a circulação de fluidos na região?",SUCCESS,"a uma descontinuidade crustal denominada Arco de São Mateus,","O controle dos fenômenos neotectônicos, do padrão de drenagem e da circulação de fluidos na região é exercido pela descontinuidade crustal denominada Arco de São Mateus, cujas reativações estruturais influenciam esses processos.",1.0,1.0,"Os fenômenos neotectônicos, o padrão de drenagem e a circulação de fluidos na região seriam controlados pela descontinuidade crustal denominada Arco de São Mateus, que constitui uma zona de profundas fissuras na crosta.",1.0,1.0,36,56,4
1440,Qual é a idade do fragmento máfico mencionado no texto?,SUCCESS,"69,4 ± 1,3 Ma","A idade do fragmento máfico mencionado no texto é 69,4 ± 1,3 milhões de anos (Ma).",1.0,1.0,"A idade do fragmento máfico mencionado no texto é 69,4 ± 1,3 milhões de anos (Ma).",1.0,1.0,48,80,4
1441,O que é a Fm. Rio Doce?,SUCCESS,"arenitos médios a muito grossos, quartzozos, feldspáticos, com cores cinza-esverdeadas, maciços ou com estratificações cruzadas","A Fm. Rio Doce é uma formação composta por arenitos médios a muito grossos, quartzozos e feldspáticos, de cor cinza-esverdeada, maciços ou com estratificações cruzadas. Os sedimentos são mal selecionados, pouco lamosos e extremamente litificados, com grãos cimentados por sílica criptocristalina.",1.0,1.0,"A Fm. Rio Doce é uma formação geológica composta por arenitos quartzozos, feldspáticos, silicificados (""cozidos""), mal selecionados e muito litificados, com grãos cimentados por sílica criptocristalina. Esses sedimentos são de idade terciária e estão inter-relacionados com a sequência vulcanoclástica da Fm. Abrolhos.",1.0,1.0,38,64,4
1442,Como são os sedimentos da Fm. Rio Doce?,SUCCESS,"mal selecionados, pouco lamosos e extremamente litificados, com os grãos cimentados por sílica criptocristalina","Os sedimentos da Formação Rio Doce são arenitos médios a muito grossos, quartzosos, feldspáticos, de cor cinza-esverdeada, maciços ou com estratificações cruzadas. São mal selecionados, pouco lamosos, extremamente litificados e com grãos cimentados por sílica criptocristalina.",1.0,1.0,"Os sedimentos da Formação Rio Doce são arenitos médios a muito grossos, quartzosos e feldspáticos, de cor cinza-esverdeada, maciços ou com estratificações cruzadas. São mal selecionados, pouco lamosos e extremamente litificados, com grãos cimentados por sílica criptocristalina. Próximos ao contato com rochas vulcânicas, encontram-se totalmente silicificados (“cozidos”).",1.0,1.0,38,65,4
1443,Qual é a direção das rochas piroclásticas ácidas mencionadas por Raposo et al.?,SUCCESS,NE-SW,A direção das rochas piroclásticas ácidas mencionadas por Raposo et al. é NE-SW (nordeste-sudoeste).,1.0,1.0,A direção das rochas piroclásticas ácidas mencionadas por Raposo et al. é NE-SW (nordeste-sudoeste).,1.0,1.0,39,57,3
1444,Quem foi o responsável pela descoberta do campo de Tubarão?,SUCCESS,"detentor do direito de exploração sob regime de contrato de risco, que perfurou apenas um poço e a considerou não atrativa, permitiu que no início de 1988 a PETROBRÁS descobrisse, com a perfuração do pioneiro 1-PRS-4, a acumulação de hidrocarbonetos do Campo de Tubarão. As","O responsável pela descoberta do campo de Tubarão foi a PETROBRÁS, que perfurou o poço pioneiro 1-PRS-4 no início de 1988.",1.0,1.0,O responsável pela descoberta do campo de Tubarão foi a PETROBRÁS.,1.0,1.0,25,40,3
1445,Qual é a coluna de hidrocarbonetos constatada?,SUCCESS,"255 m,",A coluna de hidrocarbonetos constatada foi de 255 m.,1.0,1.0,A coluna de hidrocarbonetos constatada foi de 255 metros.,1.0,1.0,38,61,3
1446,O que foi adotado para identificar a constância dos reservatórios?,SUCCESS,a subdivisão em zonas produtoras diferenciadas,"Foi adotada a subdivisão em zonas produtoras diferenciadas (B1, B2 e B3), proposta por Andrade e Saito, para identificar a constância dos reservatórios.",1.0,1.0,Foi adotada a subdivisão em zonas produtoras diferenciadas proposta por Andrade e Saito para identificar a constância dos reservatórios.,1.0,1.0,26,41,3
1447,Qual é a coluna de hidrocarbonetos constatada?,SUCCESS,255 m,A coluna de hidrocarbonetos constatada foi de 255 m.,1.0,1.0,A coluna de hidrocarbonetos constatada foi de 255 metros.,1.0,1.0,26,42,3
1449,Qual é o tamanho da coluna de hidrocarbonetos constatada?,SUCCESS,255 m,A coluna de hidrocarbonetos constatada foi de 255 m.,1.0,1.0,O tamanho da coluna de hidrocarbonetos constatada foi de 255 metros.,1.0,1.0,28,43,3
1450,Qual é o caráter dos marcos elétricos?,SUCCESS,caráter cronoestratigráfico,Os marcos elétricos têm caráter cronoestratigráfico.,1.0,1.0,Os marcos elétricos têm caráter cronoestratigráfico.,1.0,1.0,30,48,3
1451,Qual foi o valor preditivo de porosidade previsto?,SUCCESS,7.0%,O valor preditivo de porosidade previsto era de aproximadamente 7%.,1.0,1.0,O valor preditivo de porosidade previsto era em torno de 7%.,1.0,1.0,22,32,2
1452,Quantos poços a PETROBRÁS perfurou sob contrato de contrato de risco?,SUCCESS,um,"A PETROBRÁS perfurou apenas um poço sob contrato de risco, o pioneiro 1-PRS-4.",1.0,1.0,A PETROBRÁS perfurou apenas um poço sob contrato de risco.,1.0,1.0,30,49,3
1453,Quem propôs a subdivisão em zonas produtoras diferenciadas?,SUCCESS,Andrade e Saito,Andrade e Saito propuseram a subdivisão em zonas produtoras diferenciadas.,1.0,1.0,Andrade e Saito propuseram a subdivisão em zonas produtoras diferenciadas.,1.0,1.0,32,56,3
1454,O que a PETROBRÁS descobriu com o poço pioneiro 1 - PRS - 4?,SUCCESS,a acumulação de hidrocarbonetos do Campo de Tubarão,"A PETROBRÁS descobriu, com o poço pioneiro 1-PRS-4, a acumulação de hidrocarbonetos do Campo de Tubarão, com uma coluna de hidrocarbonetos de 255 m em rochas-reservatório do topo da sequência carbonática Guarujá Inferior, apresentando porosidades entre 12% e 24% e permeabilidades de até 1.400 md—valores superiores aos esperados para a profundidade.",1.0,1.0,"A PETROBRÁS descobriu, com o poço pioneiro 1-PRS-4, a acumulação de hidrocarbonetos do Campo de Tubarão, com rochas-reservatório de alta porosidade (12% a 24%) e permeabilidade (até 1.400 md) na sequência carbonática Guarujá Inferior, além de uma coluna de hidrocarbonetos de 255 m.",1.0,1.0,23,36,3
1456,Onde as rochas do reservatório de Tubarão se encontram?,SUCCESS,Guarujá Inferior,"As rochas do reservatório de Tubarão se encontram no topo da sequência carbonática Guarujá Inferior, identificada a partir de -4.540 m.",1.0,1.0,"As rochas do reservatório de Tubarão se encontram no topo da sequência carbonática Guarujá Inferior, a partir de -4.540 m.",1.0,1.0,27,42,2
1457,O que os marcos elétricos têm?,SUCCESS,caráter cronoestratigráfico,Os marcos elétricos têm caráter cronoestratigráfico.,1.0,1.0,Os marcos elétricos têm caráter cronoestratigráfico.,1.0,1.0,24,41,3
1458,Qual foi o valor preditivo de porosidade?,SUCCESS,7.0%,O valor preditivo de porosidade era de aproximadamente 7%.,1.0,1.0,"O valor preditivo de porosidade, em função do rearranjo e obliteração do espaço poroso pelo soterramento, deveria situar-se em torno de 7%.",1.0,1.0,29,47,2
1459,Quantos poços a PETROBRÁS perfurava sob regime de contrato de risco?,SUCCESS,um,"A PETROBRÁS perfurava apenas um poço sob regime de contrato de risco, conforme o contexto fornecido.",1.0,1.0,A PETROBRÁS perfurou apenas um poço sob regime de contrato de risco.,1.0,1.0,27,41,3
1462,O que a PETROBRÁS descobriu com o primeiro poço?,SUCCESS,a acumulação de hidrocarbonetos do Campo de Tubarão,"A PETROBRÁS descobriu, com o primeiro poço (1-PRS-4), a acumulação de hidrocarbonetos do Campo de Tubarão, com uma coluna de hidrocarbonetos de 255 m em rochas-reservatório apresentando melhores porosidade (12% a 24%) e permeabilidade (até 1.400 md) do que o esperado.",1.0,1.0,"A PETROBRÁS descobriu, com o primeiro poço pioneiro 1-PRS-4, a acumulação de hidrocarbonetos no Campo de Tubarão, rochas-reservatório com porosidade de 12% a 24% e permeabilidade até 1400 md, superiores ao previsto, numa coluna de hidrocarbonetos de 255 m no topo da sequência Guarujá Inferior.",1.0,1.0,31,54,3
1464,O que a continuidade do processo de exploração permitiu identificar a constância?,SUCCESS,reservatórios,"A continuidade do processo de exploração permitiu identificar a constância das fácies potencialmente reservatórios, possibilitando a subdivisão em zonas produtoras diferenciadas (B1, B2, B3).",1.0,1.0,"A continuidade do processo de exploração permitiu identificar a constância das fácies potencialmente reservatórios e possibilitou a subdivisão em zonas produtoras diferenciadas (B1, B2 e B3).",1.0000000000000000,1.0,24,41,3
1465,Quantos poços foram perfurados na acumulação de hidrocarbonetos do Campo de Tubarão?,SUCCESS,um,Foi perfurado apenas um poço na acumulação de hidrocarbonetos do Campo de Tubarão.,1.0,1.0,"A acumulação de hidrocarbonetos do Campo de Tubarão foi descoberta com a perfuração de apenas um poço, o 1-PRS-4. Portanto, apenas um poço foi perfurado.",1.0,1.0,35,58,3
1466,Quantos poços a PETROBRÁS perfurava no início de 1988?,SUCCESS,um,"No início de 1988, a PETROBRÁS perfurava apenas um poço, o pioneiro 1-PRS-4.",1.0,1.0,"No início de 1988, a PETROBRÁS perfurava apenas um poço, o pioneiro 1-PRS-4, no Campo de Tubarão.",1.0,1.0,31,47,3
1467,Quem descobriu a acumulação de hidrocarbonetos do Campo de Tubarão?,SUCCESS,a PETROBRÁS,"A acumulação de hidrocarbonetos do Campo de Tubarão foi descoberta pela PETROBRÁS em 1988, com a perfuração do poço pioneiro 1-PRS-4.",1.0,1.0,"A acumulação de hidrocarbonetos do Campo de Tubarão foi descoberta pela PETROBRÁS em 1988, com a perfuração do poço pioneiro 1-PRS-4.",1.0,1.0,24,34,4
1468,A que profundidade foram identificadas as rochas-reservatório do Campo de Tubarão?,SUCCESS,a partir de -4 540 m,As rochas-reservatório do Campo de Tubarão foram identificadas a partir de -4.540 metros de profundidade.,1.0,0.0,As rochas-reservatório do Campo de Tubarão foram identificadas a partir da profundidade de 4.540 metros (topo da sequência carbonática Guarujá Inferior).,1.0,1.0,32,62,3
1469,Qual foi a coluna de hidrocarbonetos constatada no Campo de Tubarão?,SUCCESS,255 m,A coluna de hidrocarbonetos constatada no Campo de Tubarão foi de 255 metros.,1.0,1.0,A coluna de hidrocarbonetos constatada no Campo de Tubarão foi de 255 metros.,1.0,1.0,25,45,3
1471,"Quais códigos foram utilizados para os reservatórios da porção superior, média e inferior da acumulação no Campo de Tubarão?",SUCCESS,"B1, B2 e B3","Os códigos utilizados para os reservatórios da porção superior, média e inferior da acumulação no Campo de Tubarão foram, respectivamente: **B1** (superior), **B2** (média) e **B3** (inferior).",1.0,1.0,"Os códigos utilizados para os reservatórios da porção superior, média e inferior da acumulação no Campo de Tubarão são, respectivamente: B1 (superior), B2 (média) e B3 (inferior).",1.0,1.0,35,60,3
1472,Quem descobriu a acumulação de hidrocarbonetos do Campo de Tubarão?,SUCCESS,PETROBRÁS,"A acumulação de hidrocarbonetos do Campo de Tubarão foi descoberta pela PETROBRÁS, com a perfuração do poço pioneiro 1-PRS-4 no início de 1988.",1.0000000000000000,1.0,"A acumulação de hidrocarbonetos do Campo de Tubarão foi descoberta pela PETROBRÁS, no início de 1988, com a perfuração do poço pioneiro 1-PRS-4.",1.0,1.0,28,45,3
1473,Em que profundidade foi identificada a seqüência carbonática Guarujá Inferior?,SUCCESS,-4 540 m,A sequência carbonática Guarujá Inferior foi identificada a partir de -4.540 m de profundidade.,1.0,1.0,A sequência carbonática Guarujá Inferior foi identificada a partir de -4.540 m de profundidade.,1.0,1.0,29,44,4
1474,Qual é a extensão da coluna de hidrocarbonetos encontrada no Campo de Tubarão?,SUCCESS,255 m,A extensão da coluna de hidrocarbonetos encontrada no Campo de Tubarão foi de 255 metros.,1.0,1.0,A extensão da coluna de hidrocarbonetos encontrada no Campo de Tubarão é de 255 metros.,1.0,1.0,24,40,3
1475,Quais são os valores preditivos de porosidade para as rochas-reservatório do Campo de Tubarão?,SUCCESS,em torno de 7%,"Os valores preditivos de porosidade para as rochas-reservatório do Campo de Tubarão situam-se em torno de 7%, em função do rearranjo e obliteração do espaço poroso impostos pelo soterramento.",1.0,1.0,"Os valores preditivos de porosidade para as rochas-reservatório do Campo de Tubarão deveriam situar-se em torno de 7%, devido ao rearranjo e obliteração do espaço poroso impostos pelo soterramento.",1.0,1.0,26,40,4
1476,Como os reservatórios do Campo de Tubarão foram subdivididos?,SUCCESS,"Utilizaram-se os códigos B1, B2 e B3,","Os reservatórios do Campo de Tubarão foram subdivididos em zonas produtoras diferenciadas, utilizando-se os códigos B1 (porção superior), B2 (porção média) e B3 (porção inferior) da acumulação.",1.0,1.0,"Os reservatórios do Campo de Tubarão foram subdivididos em zonas produtoras diferenciadas, conforme proposto por Andrade e Saito, utilizando-se os códigos B1 (porção superior), B2 (porção média) e B3 (porção inferior) da acumulação.",1.0,1.0,32,56,3
1477,Qual é o termo usado para descrever a geologia das seqüências fanerozóicas ocorrentes dentro das fronteiras da Bacia do São Francisco?,SUCCESS,Bacia Sanfranciscana,"O termo usado é ""Bacia Sanfranciscana"".",1.0,1.0,"O termo usado é ""Bacia Sanfranciscana"".",1.0,1.0,22,42,2
1478,Qual grupo é o único remanescente erosional paleozóico de coberturas intracratônicas mais amplas?,SUCCESS,Grupo Santa Fé,O Grupo Santa Fé é o único remanescente erosional paleozóico de coberturas intracratônicas mais amplas.,1.0,1.0,O único remanescente erosional paleozóico de coberturas intracratônicas mais amplas é o Grupo Santa Fé.,1.0,1.0,24,40,2
1479,Quantas unidades cretácicas formam chapadas e tabuleiros na Bacia do São Francisco?,SUCCESS,Três,Três unidades cretácicas formam chapadas e tabuleiros na Bacia do São Francisco.,1.0,1.0,Três unidades cretácicas formam chapadas e tabuleiros na Bacia do São Francisco.,1.0,1.0,22,39,2
1480,Que grupo foi quebrado durante a sedimentação do Grupo Areado?,SUCCESS,Supercontinente Gondwana,"Durante a sedimentação do Grupo Areado, o grupo que foi quebrado foi o Supercontinente Gondwana.",1.0,1.0,O grupo que foi quebrado durante a sedimentação do Grupo Areado foi o Supercontinente Gondwana.,1.0,1.0,26,46,3
1481,Que estudo foi realizado em Sgarbi et al.?,SUCCESS,A geologia das seqüências fanerozóicas ocorrentes dentro dos limites da Bacia do São Francisco,"Sgarbi et al. realizaram um estudo abrangente e objetivo sobre a geologia das sequências fanerozóicas da Bacia do São Francisco, incluindo litoestratigrafia, espessuras, interpretações paleoambientais e idades das unidades sedimentares/vulcânicas.",1.0,1.0,"Sgarbi et al. realizaram uma revisão abrangente da geologia fanerozóica da Bacia do São Francisco, definindo o termo ""Bacia Sanfranciscana"" para os depósitos sedimentares e vulcânicos pós-Precambrianos dessa região.",1.0,1.0,29,52,3
1482,Qual é o termo usado para descrever o registro geológico fanerozóico da Bacia do São Francisco?,SUCCESS,Bacia Sanfranciscana,"O termo usado é ""Bacia Sanfranciscana"".",1.0,1.0,"O termo utilizado é ""Bacia Sanfranciscana"".",1.0,1.0,33,54,2
1483,Qual grupo é o único remanescente erosional paleozóico que possui coberturas intracratônicas mais amplas?,SUCCESS,Grupo Santa Fé,O Grupo Santa Fé.,1.0,1.0,O único remanescente erosional paleozóico que possui coberturas intracratônicas mais amplas é o Grupo Santa Fé.,1.0,1.0,35,62,2
1485,Qual é a única seqüência erosional paleozóica que existe em toda a bacia?,SUCCESS,O Grupo Santa Fé,A única sequência erosional paleozóica que existe em toda a bacia é o **Grupo Santa Fé**.,1.0,1.0,A única seqüência erosional paleozóica que existe em toda a bacia é o Grupo Santa Fé.,1.0,1.0,24,40,3
1486,Qual grupo é o único remanescente erosional paleozóico que possui coberturas intracratônicas mais amplas?,SUCCESS,O Grupo Santa Fé,O Grupo Santa Fé.,1.0,1.0,O único remanescente erosional paleozóico que possui coberturas intracratônicas mais amplas é o Grupo Santa Fé.,1.0,1.0,33,55,3
1487,Qual é o nome da seqüência fanerozóica da Bacia do São Francisco?,SUCCESS,Bacia Sanfranciscana,"O nome da sequência fanerozóica da Bacia do São Francisco é ""Bacia Sanfranciscana"".",1.0,1.0,O nome da sequência fanerozóica da Bacia do São Francisco é Bacia Sanfranciscana.,1.0,1.0,27,49,3
1488,Quem escreveu a geologia das seqüências fanerozóicas?,SUCCESS,Sgarbi et al.,Sgarbi et al. escreveram a geologia das seqüências fanerozóicas.,1.0,1.0,Quem escreveu a geologia das seqüências fanerozóicas foi Sgarbi et al.,1.0,1.0,36,62,4
1489,Que tipo de ambiente tectônico prevalecia durante a sedimentação do Grupo Areado?,SUCCESS,distensional,"O ambiente tectônico prevalente durante a sedimentação do Grupo Areado foi distensional, reflexo intracontinental do quebramento do Supercontinente Gondwana.",1.0,1.0,"O ambiente tectônico prevalecia durante a sedimentação do Grupo Areado era distensional, provavelmente reflexo do quebramento intracontinental do Supercontinente Gondwana.",1.0,1.0,28,52,2
1491,Qual é o único remanescente paleozóico de coberturas intracratônicas mais amplas?,SUCCESS,O Grupo Santa Fé,O único remanescente paleozóico de coberturas intracratônicas mais amplas é o Grupo Santa Fé.,1.0,1.0,O único remanescente paleozóico de coberturas intracratônicas mais amplas é o Grupo Santa Fé.,1.0,1.0,23,41,3
1492,Qual grupo começa com extrusão de rochas vulcânicas e subvulcânicas kamafugíticas datadas em torno de 90 a 80 Ma?,SUCCESS,Grupo Mata da Corda,O grupo que começa com extrusão de rochas vulcânicas e subvulcânicas kamafugíticas datadas em torno de 90 a 80 Ma é o Grupo Mata da Corda.,1.0,1.0,O grupo que começa com extrusão de rochas vulcânicas e subvulcânicas kamafugíticas datadas em torno de 90 a 80 Ma é o **Grupo Mata da Corda**.,1.0,1.0,27,45,2
1493,Qual é o termo para o registro sedimentar fanerozóico da Bacia do São Francisco?,SUCCESS,Bacia Sanfranciscana,"O termo é ""Bacia Sanfranciscana"".",1.0,1.0,"O termo para o registro sedimentar fanerozóico da Bacia do São Francisco é ""Bacia Sanfranciscana"".",1.0,1.0,35,57,3
1494,Quem revisou a geologia das seqüências fanerozóicas da Bacia do São Francisco?,SUCCESS,Sgarbi et al.,Sgarbi et al. revisaram a geologia das seqüências fanerozóicas da Bacia do São Francisco.,1.0,1.0,Sgarbi et al. revisaram a geologia das sequências fanerozóicas da Bacia do São Francisco.,1.0,1.0,33,55,1
1495,Qual foi o ambiente tectônico prevalente durante a sedimentação do Grupo Areado?,SUCCESS,distensional,"O ambiente tectônico prevalente durante a sedimentação do Grupo Areado foi distensional, reflexo intracontinental do quebramento do Supercontinente Gondwana.",1.0,1.0,"O ambiente tectônico prevalente durante a sedimentação do Grupo Areado foi distensional, reflexo intracontinental do quebramento do Supercontinente Gondwana.",1.0,1.0,26,44,3
1496,Qual grupo iniciou - se com extrusão de rochas vulcânicas e subvulcânicas kamafugíticas datadas em torno de 90 - 80 Ma?,SUCCESS,O Grupo Mata da Corda,O grupo que iniciou-se com extrusão de rochas vulcânicas e subvulcânicas kamafugíticas datadas em torno de 90–80 Ma é o **Grupo Mata da Corda**.,1.0,1.0,O grupo que iniciou-se com extrusão de rochas vulcânicas e subvulcânicas kamafugíticas datadas em torno de 90-80 Ma é o Grupo Mata da Corda.,1.0,1.0,30,53,3
1497,Qual é o único remanescente erosional paleozóico de coberturas intracratônicas mais amplas que eventualmente existiu na Bacia do São Francisco?,SUCCESS,O Grupo Santa Fé,O único remanescente erosional paleozóico de coberturas intracratônicas mais amplas na Bacia do São Francisco é o **Grupo Santa Fé**.,1.0,1.0,O único remanescente erosional paleozóico de coberturas intracratônicas mais amplas que eventualmente existiu na Bacia do São Francisco é o Grupo Santa Fé.,1.0,1.0,36,67,3
1498,Qual grupo iniciou - se com extrusão de rochas vulcânicas e subvulcânicas kamafugíticas datadas em torno de 90 - 80 Ma?,SUCCESS,Grupo Mata da Corda,O grupo que se iniciou com extrusão de rochas vulcânicas e subvulcânicas kamafugíticas datadas em torno de 90–80 Ma é o Grupo Mata da Corda.,1.0,1.0,O grupo que iniciou-se com extrusão de rochas vulcânicas e subvulcânicas kamafugíticas datadas em torno de 90-80 Ma é o Grupo Mata da Corda.,1.0,1.0,26,47,2
1499,Quais autores utilizam o termo Bacia Sanfranciscana para o registro sedimentar/vulcânico fanerozóico da Bacia do São Francisco?,SUCCESS,Sgarbi et al.,"Os autores que utilizam o termo ""Bacia Sanfranciscana"" para o registro sedimentar/vulcânico fanerozóico da Bacia do São Francisco são Sgarbi et al.",1.0,1.0,"Os autores que utilizam o termo ""Bacia Sanfranciscana"" para o registro sedimentar/vulcânico fanerozóico da Bacia do São Francisco são Sgarbi et al.",1.0,1.0,40,75,2
1500,O que o Grupo Santa Fé representa na geologia da Bacia do São Francisco?,SUCCESS,o único remanescente erosional paleozóico de coberturas intracratônicas mais amplas,"O Grupo Santa Fé representa o único remanescente erosional paleozóico de antigas coberturas intracratônicas da Bacia do São Francisco, com diamictitos/tilitos e folhelhos que indicam origem glaciais permocarbonífera, sendo crono-correlato ao Grupo Itararé da Bacia do Paraná.",1.0,1.0,"O Grupo Santa Fé representa o único remanescente erosional paleozóico da Bacia do São Francisco. Ele registra depósitos glaciais correlatos aos do Grupo Itararé da Bacia do Paraná, indicando antigas coberturas intracratônicas que ligavam as bacias do Paraná, São Francisco e Parnaíba no Paleozoico.",1.0,1.0,26,48,2
1501,Qual a natureza das três unidades cretácicas que formam chapadas e tabuleiros na Bacia do São Francisco?,SUCCESS,de natureza continental,As três unidades cretácicas que formam chapadas e tabuleiros na Bacia do São Francisco são de natureza **continental**.,1.0,1.0,"As três unidades cretácicas que formam chapadas e tabuleiros na Bacia do São Francisco são de natureza continental. Entre elas, destacam-se o Grupo Areado (de origem flúvio-deltaica, fluvial e eólica, com sedimentação em ambiente distensional) e o Grupo Mata da Corda (com rochas vulcânicas e subvulcânicas).",1.0,1.0,29,50,2
1502,Qual o ambiente tectônico prevalente durante a sedimentação do Grupo Areado na Bacia do São Francisco?,SUCCESS,distensional,"O ambiente tectônico prevalente durante a sedimentação do Grupo Areado na Bacia do São Francisco foi distensional, reflexo intracontinental do quebramento do Supercontinente Gondwana.",1.0,1.0,"O ambiente tectônico prevalente durante a sedimentação do Grupo Areado na Bacia do São Francisco foi distensional, reflexo intracontinental da fragmentação do Supercontinente Gondwana.",1.0,1.0,25,47,3
1504,Quais autores revisaram a geologia das seqüências fanerozóicas da Bacia do São Francisco de maneira abrangente?,SUCCESS,Sgarbi et al.,Os autores que revisaram de maneira abrangente a geologia das sequências fanerozóicas da Bacia do São Francisco foram Sgarbi et al.,1.0,1.0,Os autores que revisaram de maneira abrangente a geologia das sequências fanerozóicas da Bacia do São Francisco foram Sgarbi et al.,1.0,1.0,28,50,2
1505,O que é o Grupo Santa Fé?,SUCCESS,o único remanescente erosional paleozóico de coberturas intracratônicas mais amplas,"O Grupo Santa Fé é o único remanescente erosional paleozóico de coberturas intracratônicas mais amplas que existiram sobre a Bacia do São Francisco, contendo diamictitos/tilitos/folhelhos com dropstones basais, correlato aos sedimentos glaciais permocarboníferos do Grupo Itararé da Bacia do Paraná.",1.0,1.0,"O Grupo Santa Fé é o único remanescente erosional paleozóico das antigas coberturas intracratônicas da Bacia do São Francisco, correlato aos sedimentos glaciais permocarboníferos do Grupo Itararé (Bacia do Paraná).",1.0,1.0,26,48,3
1506,O que os diamictitos/tilitos/fácies tilóides e folhelhos com dropstones basais do Grupo Santa Fé apontam?,SUCCESS,para uma unidade crono-correlata aos sedimentos permocarboníferos glaciais do Grupo Itararé da Bacia do Paraná,Os diamictitos/tilitos/fácies tilóides e folhelhos com dropstones basais do Grupo Santa Fé apontam para origem glacial e indicam que esta unidade é crono-correlata aos sedimentos permocarboníferos glaciais do Grupo Itararé da Bacia do Paraná.,1.0,1.0,"Os diamictitos/tilitos/fácies tilóides e folhelhos com dropstones basais do Grupo Santa Fé apontam para uma origem glacial, indicando que esta unidade é crono-correlata aos sedimentos permocarboníferos glaciais do Grupo Itararé da Bacia do Paraná.",1.0,1.0,29,48,3
1508,Em que ambiente tectônico ocorreu a sedimentação do Grupo Areado?,SUCCESS,"distensional, provável reflexo intracontinental do quebramento do Supercontinente Gondwana","A sedimentação do Grupo Areado ocorreu em um ambiente tectônico distensional, reflexo intracontinental do quebramento do Supercontinente Gondwana.",1.0,1.0,A sedimentação do Grupo Areado ocorreu em ambiente tectônico distensional.,1.0,1.0,28,48,3
1510,Que documento alterou o direito de propriedade dos recursos minerais do Brasil?,SUCCESS,a Constituição de 1891,O documento que alterou o direito de propriedade dos recursos minerais do Brasil foi a Constituição de 1891.,1.0,1.0,"O documento que alterou o direito de propriedade dos recursos minerais do Brasil foi a Constituição de 1891, que transferiu esses direitos do domínio nacional para o proprietário do solo.",1.0,1.0,23,38,2
1511,Quem criou o primeiro órgão brasileiro dedicado à Geologia?,SUCCESS,Afonso Augusto Penna,O primeiro órgão brasileiro dedicado à Geologia foi criado pelo presidente Afonso Augusto Penna em 1907: o Serviço Geológico e Mineralógico do Brasil (SGMB).,1.0,1.0,"O primeiro órgão brasileiro dedicado à Geologia, o Serviço Geológico e Mineralógico do Brasil (SGMB), foi criado pelo presidente Afonso Augusto Penna em 1907, por sugestão do ministro Miguel Calmon du Pin e Almeida.",1.0,1.0,28,47,2
1512,Onde foi perfurado o primeiro poço de petróleo?,SUCCESS,"Marechal Mallet, no Paraná,","O primeiro poço de petróleo no Brasil foi perfurado em Marechal Mallet, no Paraná, nos anos de 1919 e 1920.",1.0,1.0,"O primeiro poço de petróleo foi perfurado em Marechal Mallet, no Paraná, nos anos de 1919 e 1920.",1.0,1.0,24,38,3
1514,Qual foi o código de 1934 que revogou o direito de propriedade mineral do solo?,SUCCESS,"o Código de Minas de 1934,","O código de 1934 que revogou o direito de propriedade mineral do solo foi o Código de Minas de 1934, promulgado sob o Governo Vargas.",1.0,1.0,O código de 1934 que revogou o direito de propriedade mineral do solo foi o Código de Minas de 1934.,1.0,1.0,33,58,2
1516,Onde foi perfurado o primeiro poço de petróleo?,SUCCESS,"Marechal Mallet, no Paraná","O primeiro poço de petróleo no Brasil foi perfurado em Marechal Mallet, no Paraná, nos anos de 1919 e 1920.",1.0,1.0,"O primeiro poço de petróleo foi perfurado em Marechal Mallet, no Paraná, nos anos de 1919 e 1920.",1.0,1.0,43,70,1
1518,Qual foi o primeiro órgão brasileiro dedicado à geologia?,SUCCESS,Serviço Geológico e Mi-neralógico do Brasil,"O primeiro órgão brasileiro dedicado à geologia foi o Serviço Geológico e Mineralógico do Brasil (SGMB), criado em 10 de janeiro de 1907.",1.0,1.0,"O primeiro órgão brasileiro dedicado à geologia foi o Serviço Geológico e Mineralógico do Brasil (SGMB), criado em 10 de janeiro de 1907.",1.0,1.0,42,75,2
1520,"Quem foi o ministro da Indústria, Viação e Obras Públicas?",SUCCESS,Miguel Calmon du Pin e Almeida,"O ministro da Indústria, Viação e Obras Públicas foi o engenheiro Miguel Calmon du Pin e Almeida.",1.0,1.0,"O ministro da Indústria, Viação e Obras Públicas foi o engenheiro Miguel Calmon du Pin e Almeida.",1.0,1.0,26,41,2
1521,Que documento alterou a propriedade dos recursos minerais do Brasil?,SUCCESS,a Constituição de 1891,O documento que alterou a propriedade dos recursos minerais do Brasil foi a Constituição de 1891.,1.0,1.0,O documento que alterou a propriedade dos recursos minerais do Brasil foi a Constituição de 1891.,1.0,1.0,34,59,3
1522,Quando os empresários privados mantiveram a concessão de minérios e petróleo?,SUCCESS,em 1889,"Os empresários privados mantiveram a concessão de minérios e petróleo entre 1889 e 1934, quando a propriedade dos recursos minerais era dos proprietários do solo, só sendo revertida para domínio da União com a Constituição e o Código de Minas de 1934.",1.0,1.0,"Os empresários privados mantiveram a concessão de minérios e petróleo no Brasil após a proclamação da República em 1889 até 1934, quando a Constituição e o Código de Minas retornaram ao Estado (União) o domínio sobre os recursos minerais.",1.0,1.0,33,57,2
1523,Em que ano foi promulgada a Constituição?,SUCCESS,1891,A Constituição foi promulgada em 1891.,1.0,1.0,A Constituição foi promulgada em 1891.,1.0,1.0,39,65,3
1524,Em substituição a que regime o governo Vargas substituiu?,SUCCESS,monárquico,O governo Vargas substituiu o regime da Constituição de 1891.,1.0,1.0,"O governo Vargas substituiu o regime estabelecido pela Constituição de 1891, que permitia a propriedade privada dos recursos minerais.",0.5,1.0,36,70,4
1526,Em que ano o regime monárquico foi substituído pelo regime de concessões?,SUCCESS,1889,O regime monárquico foi substituído pelo regime de concessões em 1889.,1.0,1.0,"O regime monárquico foi substituído pelo regime de concessões em 1889, após a proclamação da República.",1.0,1.0,37,65,3
1528,O que alterou o direito de propriedade dos recursos minerais do Brasil?,SUCCESS,a Constituição de 1891,"A Constituição de 1891 alterou o direito de propriedade dos recursos minerais no Brasil, transferindo-os do domínio da Nação para o domínio particular do proprietário do solo.",1.0,1.0,"O direito de propriedade dos recursos minerais do Brasil foi alterado pela Constituição de 1891, que transferiu esses direitos da Nação para os proprietários do solo. Esse quadro só foi revertido com a Constituição de 1934, que devolveu à União a propriedade dos recursos minerais do subsolo.",1.0,1.0,29,50,2
1529,Quando foi promulgada a Constituição do Brasil?,SUCCESS,1891,A Constituição do Brasil mencionada no contexto foi promulgada em 1891.,1.0,1.0,A Constituição do Brasil foi promulgada em 1891.,1.0,1.0,37,67,2
1530,Em que ano foi criado o Serviço Geológico e Mineralógico do Brasil?,SUCCESS,Em 10 de janeiro de 1907,O Serviço Geológico e Mineralógico do Brasil foi criado em 1907.,1.0,1.0,O Serviço Geológico e Mineralógico do Brasil foi criado em 1907.,1.0,1.0,35,60,3
1531,Quem foi o presidente que criou o Serviço Geológico e Mineralógico do Brasil?,SUCCESS,Afonso Augusto Penna,O presidente que criou o Serviço Geológico e Mineralógico do Brasil foi Afonso Augusto Penna.,1.0,1.0,O presidente que criou o Serviço Geológico e Mineralógico do Brasil foi Afonso Augusto Penna.,1.0,1.0,37,66,3
1532,Quem foi o ministro responsável pela sugestão de criação do Serviço Geológico e Mineralógico do Brasil?,SUCCESS,engenheiro Miguel Calmon du Pin e Almeida,O ministro responsável pela sugestão de criação do Serviço Geológico e Mineralógico do Brasil foi o engenheiro Miguel Calmon du Pin e Almeida.,1.0,1.0,O ministro responsável pela sugestão de criação do Serviço Geológico e Mineralógico do Brasil foi o engenheiro Miguel Calmon du Pin e Almeida.,1.0,1.0,29,49,3
1533,O que o Serviço Geológico e Mineralógico do Brasil tinha como missão institucional?,SUCCESS,pela questão do petróleo no Brasil. É,"O Serviço Geológico e Mineralógico do Brasil tinha como missão institucional atuar com amplo espectro na pesquisa geológica, incluindo a responsabilidade institucional pela questão do petróleo no Brasil.",1.0,1.0,"O Serviço Geológico e Mineralógico do Brasil tinha como missão institucional ser o órgão oficial dedicado à Geologia no país, com amplo espectro de atuação, incluindo a responsabilidade pela pesquisa e exploração de minérios e petróleo, além de responder institucionalmente pela questão do petróleo no Brasil.",1.0,1.0,45,81,2
1534,Onde foi feita a primeira perfuração de um poço para exploração petrolífera pelo Estado brasileiro?,SUCCESS,"em Marechal Mallet, no Paraná","A primeira perfuração de um poço para exploração petrolífera pelo Estado brasileiro foi feita em Marechal Mallet, no Paraná, nos anos de 1919 e 1920.",1.0,1.0,"A primeira perfuração de um poço para exploração petrolífera pelo Estado brasileiro foi feita em Marechal Mallet, no Paraná, nos anos de 1919 e 1920.",1.0,1.0,44,78,4
1536,Quem foi o presidente que criou o primeiro órgão brasileiro dedicado à Geologia?,SUCCESS,Afonso Augusto Penna,"O presidente que criou o primeiro órgão brasileiro dedicado à Geologia foi Afonso Augusto Penna, em 1907.",1.0,1.0,O presidente que criou o primeiro órgão brasileiro dedicado à Geologia foi Afonso Augusto Penna.,1.0,1.0,28,50,3
1537,Em que ano o Estado brasileiro investiu pela primeira vez na exploração petrolífera?,SUCCESS,1919 e 1920,O Estado brasileiro investiu pela primeira vez na exploração petrolífera nos anos de 1919 e 1920.,1.0,1.0,O Estado brasileiro investiu pela primeira vez na exploração petrolífera nos anos de 1919 e 1920.,1.0,1.0,42,79,3
1538,Quem foi o geólogo que utilizou referências à deriva continental como argumentos?,SUCCESS,Euzébio de Oliveira,O geólogo que utilizou referências à deriva continental como argumentos foi Euzébio de Oliveira.,1.0,1.0,O geólogo que utilizou referências à deriva continental como argumentos foi Euzébio de Oliveira.,1.0,1.0,33,60,2
1539,Qual é o nome do órgão brasileiro dedicado à Geologia criado em 1907?,SUCCESS,Serviço Geológico e Mi-neralógico do Brasil.,O nome do órgão é Serviço Geológico e Mineralógico do Brasil.,1.0,1.0,O nome do órgão brasileiro dedicado à Geologia criado em 1907 é Serviço Geológico e Mineralógico do Brasil (SGMB).,1.0,1.0,28,46,3
1541,Quais são as duas ordens que não apresentam conteúdo de resolução suficientemente alto para permitir discriminar padrões de terminação de refletores sísmicos?,SUCCESS,4a e 5a ordens.,As duas ordens que não apresentam conteúdo de resolução suficientemente alto para permitir discriminar padrões de terminação de refletores sísmicos são a 4ª e 5ª ordens.,1.0,1.0,As duas ordens que não apresentam conteúdo de resolução suficientemente alto para permitir discriminar padrões de terminação de refletores sísmicos são a 4ª e 5ª ordens.,1.0,1.0,36,55,2
1542,O que não permite discriminar padrões de terminação de refletores sísmicos na 4a e 5a ordens?,SUCCESS,as seções sísmicas disponíveis,A baixa resolução das seções sísmicas disponíveis não permite discriminar padrões de terminação de refletores sísmicos na 4a e 5a ordens.,1.0,1.0,"O que não permite discriminar padrões de terminação de refletores sísmicos na 4a e 5a ordens são as seções sísmicas disponíveis, que não apresentam resolução suficientemente alta.",1.0,1.0,37,63,3
1543,Quais são as duas ordens que não apresentam conteúdo de resolução suficientemente alto para permitir discriminar padrões de terminação de refletores sísmicos?,SUCCESS,4a e 5a,As duas ordens que não apresentam conteúdo de resolução suficientemente alto para permitir discriminar padrões de terminação de refletores sísmicos são a 4ª e 5ª ordens.,1.0,1.0,As duas ordens que não apresentam conteúdo de resolução suficientemente alto para permitir discriminar padrões de terminação de refletores sísmicos são a 4ª e a 5ª ordens.,1.0,1.0,41,65,4
1544,"Qual foi a dificuldade de rastrear os refletores e marcadores de um rollover para outro, principalmente no sentido dlp?",SUCCESS,intensa halocinese,"A principal dificuldade de rastrear os refletores e marcadores de um rollover para outro, principalmente no sentido dlp, foi causada pela intensa halocinese e pela baixa resolução das seções sísmicas disponíveis, o que impediu a identificação clara dos padrões de terminação dos refletores e, consequentemente, dificultou a correlação estratigráfica.",1.0,1.0,"A dificuldade de rastrear os refletores e marcadores de um rollover para outro, principalmente no sentido dlp, ocorreu devido à intensa halocinese no intervalo estratigráfico analisado e à baixa resolução das seções sísmicas disponíveis. Isso impediu a identificação clara dos padrões de terminação dos refletores sísmicos e, consequentemente, dificultou a delimitação das superfícies estratigráficas associadas às variações do nível de base.",1.0,1.0,34,47,4
1545,O que não permite discriminar padrões de terminação de refletores sísmicos na 4a e 5a ordens?,SUCCESS,conteúdo de resolução suficientemente alto,O que não permite discriminar padrões de terminação de refletores sísmicos na 4ª e 5ª ordens é o fato de as seções sísmicas disponíveis não apresentarem resolução suficientemente alta.,1.0,1.0,O que não permite discriminar padrões de terminação de refletores sísmicos na 4ª e 5ª ordens é a baixa resolução das seções sísmicas disponíveis.,1.0,1.0,34,51,3
1546,O que foi difícil de identificar?,SUCCESS,um arcabouço estratigráfico de alta frequência,"Foi difícil identificar os refletores e marcadores de um rollover para outro, principalmente devido à intensa halocinese e à baixa resolução das seções sísmicas.",1.0,1.0,"Foi difícil identificar os refletores e marcadores sísmicos de um rollover para outro, principalmente devido à halocinese intensa e à baixa resolução das seções sísmicas. Além disso, as descontinuidades erosivas nos canais incisos não apresentaram padrão cíclico nos poços analisados, dificultando seu uso como limites de sequências de alta frequência.",1.0,1.0,44,74,3
1547,O que as seções sísmicas disponíveis não permitiram discriminar?,SUCCESS,padrões de terminação de refletores sísmicos,As seções sísmicas disponíveis não permitiram discriminar padrões de terminação de refletores sísmicos na 4ª e 5ª ordens.,1.0,1.0,As seções sísmicas disponíveis não permitiram discriminar os padrões de terminação de refletores sísmicos na 4ª e 5ª ordens.,1.0,1.0,31,45,2
1548,Em que ano Catunea - nu publicou seus estudos?,SUCCESS,2006,Catunea-nu publicou seus estudos em 2006.,1.0,1.0,Catunea-nu publicou seus estudos em 2006.,1.0,1.0,25,36,2
1549,O que foi responsável pelo rastreamento dos refletores e marcadores de um rollover para outro?,SUCCESS,intensa halocinese,O difícil rastreamento dos refletores e marcadores de um rollover para outro foi causado principalmente pela intensa halocinese e pela baixa resolução das seções sísmicas disponíveis.,1.0,1.0,O rastreamento dos refletores e marcadores de um rollover para outro foi dificultado principalmente pela intensa halocinese e pela baixa resolução das seções sísmicas disponíveis.,1.0,1.0,35,49,4
1550,O que foi dificultado para traçar sequências de alta frequência?,SUCCESS,um arcabouço estratigráfico de alta frequência,"O traçamento de sequências de alta frequência foi dificultado pelo difícil rastreamento dos refletores e marcadores entre rollovers, especialmente devido à intensa halocinese e à baixa resolução das seções sísmicas disponíveis, além da ausência de descontinuidades erosivas cíclicas nos poços analisados.",1.0,1.0,"O que dificultou o traçado de sequências de alta frequência foi o difícil rastreamento dos refletores e marcadores devido à intensa halocinese, a baixa resolução das seções sísmicas disponíveis, e a ausência de descontinuidades erosivas cíclicas nos poços analisados.",1.0,1.0,31,41,2
1551,O que foi dificultado para rastrear refletores e marcadores de um rollover para outro?,SUCCESS,arcabouço estratigráfico de alta frequência,O rastreamento dos refletores e marcadores de um rollover para outro foi dificultado pela intensa halocinese no intervalo estratigráfico e pela baixa resolução das seções sísmicas disponíveis.,1.0,1.0,O rastreamento dos refletores e marcadores de um rollover para outro foi dificultado principalmente pela intensa halocinese no intervalo estratigráfico e pela baixa resolução das seções sísmicas disponíveis.,1.0,1.0,39,68,4
1552,O que as seções sísmicas disponíveis não permitem discriminar?,SUCCESS,padrões de terminação de refletores sísmicos,As seções sísmicas disponíveis não permitem discriminar padrões de terminação de refletores sísmicos na 4ª e 5ª ordens.,1.0,1.0,As seções sísmicas disponíveis não permitem discriminar padrões de terminação de refletores sísmicos na 4ª e 5ª ordens.,1.0,1.0,39,59,3
1553,Quando Catunea - nu escreveu sobre a Estratigrafia Moderna?,SUCCESS,2006,Catunea-nu escreveu sobre a Estratigrafia Moderna em 2006.,1.0,1.0,"Catuneanu não escreveu sobre a Estratigrafia Moderna? Não, Catuneanu escreveu sim sobre a Estratigrafia Moderna, conforme mencionado no contexto (Catuneanu, 2006; Catuneanu et al., 2009).",1.0,1.0,35,55,3
1554,O que os autores modernos usaram para segui-la?,SUCCESS,Estratigrafia,Os autores modernos usaram superfícies transgressivas ou de afogamento que recobrem os carbonatos de plataforma como limites de parassequências.,1.0,1.0,"Os autores modernos, para seguir os preceitos da Estratigrafia Moderna, usaram as superfícies transgressivas (ou de afogamento) que recobrem os carbonatos de plataforma como limites de parassequências, compostas por sucessão basal transgressiva e sucessão superior regressiva.",1.0,1.0,44,72,3
1555,O que foi dificultado para traçar sequências de alta frequência?,SUCCESS,rastreamento dos refletores e marcadores,"O traçamento de sequências de alta frequência foi dificultado pelo difícil rastreamento dos refletores e marcadores, principalmente devido à intensa halocinese, à baixa resolução das seções sísmicas e à ausência de descontinuidades erosivas cíclicas nos poços analisados.",1.0,1.00,"O rastreamento dos refletores e marcadores entre rollovers, principalmente devido à intensa halocinese e à baixa resolução das seções sísmicas, além da ausência de descontinuidades erosivas cíclicas nos canais incisos, dificultou o traçado das sequências de alta frequência.",1.0,1.0,29,46,2
1556,Quais são os preceitos utilizados para a utilização de um arcabouço estratigráfico de alta frequência na Sequência A?,SUCCESS,"Moderna Estratigrafia (Catunea-nu, 2006; Catuneanu et al. 2009, Hunt e Tucker, 1992; VanWagoner et al., 1988; Galloway, 1989; Posamentier e Allen, 1999)","Os preceitos utilizados para a utilização de um arcabouço estratigráfico de alta frequência na Sequência A seguem a Moderna Estratigrafia (Catuneanu e outros autores citados), priorizando o uso de superfícies transgressivas ou de afogamento que recobrem os carbonatos de plataforma como limites de parassequências, devido à dificuldade de rastreamento dos refletores sísmicos e ausência de descontinuidades erosivas cíclicas nos poços analisados.",1.0,1.0,"Os preceitos utilizados para a aplicação de um arcabouço estratigráfico de alta frequência na Sequência A seguem a Moderna Estratigrafia (referências: Catuneanu, Hunt & Tucker, VanWagoner, Galloway, Posamentier & Allen). Devido à dificuldade de rastrear refletores sísmicos e à ausência de descontinuidades erosivas cíclicas nos poços, utilizaram-se superfícies transgressivas ou de afogamento sobre os carbonatos de plataforma como limites de parassequências, compostas por uma sucessão basal transgressiva e uma superior regressiva.",1.0,1.0,39,69,2
1557,Por que a utilização de um arcabouço estratigráfico de alta frequência para a Sequência A foi dificultada?,SUCCESS,"pelo difícil rastreamento dos refletores e marcadores de um rollover para outro, principalmente no sentido dlp, em um intervalo estratigráfico dominado por intensa halocinese","A utilização de um arcabouço estratigráfico de alta frequência para a Sequência A foi dificultada devido ao difícil rastreamento dos refletores e marcadores sísmicos em um intervalo dominado por intensa halocinese, à baixa resolução das seções sísmicas disponíveis, e à ausência de descontinuidades erosivas cíclicas nos registros de poços, impossibilitando a identificação de superfícies delimitadoras de sequências de alta frequência.",1.0,1.0,"A utilização de um arcabouço estratigráfico de alta frequência para a Sequência A foi dificultada devido ao difícil rastreamento dos refletores e marcadores entre rollovers, especialmente por causa da intensa halocinese e da baixa resolução das seções sísmicas, que não permite identificar padrões de terminação de refletores na 4ª e 5ª ordens. Além disso, as descontinuidades erosivas nos canais incisos não mostraram padrões cíclicos, impedindo seu uso como limites de sequências de alta frequência.",1.0,1.0,46,65,2
1558,O que as seções sísmicas disponíveis não apresentam para permitir discriminar padrões de terminação de refletores sísmicos na 4a e 5a ordens?,SUCCESS,conteúdo de resolução suficientemente alto,As seções sísmicas disponíveis não apresentam resolução suficientemente alta para permitir discriminar padrões de terminação de refletores sísmicos na 4ª e 5ª ordens.,1.0,1.0,As seções sísmicas disponíveis não apresentam resolução suficientemente alta para permitir discriminar padrões de terminação de refletores sísmicos na 4ª e 5ª ordens.,1.0,1.0,28,39,3
1559,Por que as descontinuidades erosivas registradas nos canais incisos não puderam ser utilizadas como superfícies delimitadoras de sequências de alta frequência?,SUCCESS,"não ocorrem, nos poços analisados, de forma cíclica, impossibilitando sua utilização como superfícies delimitadoras de sequências de alta frequência","As descontinuidades erosivas registradas nos canais incisos não puderam ser utilizadas como superfícies delimitadoras de sequências de alta frequência porque, nos poços analisados, elas não ocorrem de forma cíclica. Portanto, não é possível correlacioná-las consistentemente com flutuações de alta frequência do nível de base.",1.0,1.0,"As descontinuidades erosivas registradas nos canais incisos não puderam ser utilizadas como superfícies delimitadoras de sequências de alta frequência porque, nos poços analisados, elas não ocorrem de forma cíclica. Isso impossibilita sua correlação e uso como marcadores de eventos repetitivos necessários para delimitar sequências de alta frequência.",1.0,1.0,38,56,4
1560,"O que foi utilizado como limites de parassequências, compostas por uma sucessão basal transgressiva e uma sucessão superior regressiva?",SUCCESS,as superfícies transgressivas ou de afogamento que recobrem os carbonatos de plataforma,"Foram utilizadas as superfícies transgressivas ou de afogamento que recobrem os carbonatos de plataforma como limites de parassequências, compostas por uma sucessão basal transgressiva e uma sucessão superior regressiva.",1.0,1.0,"Foram utilizadas as superfícies transgressivas ou de afogamento como limites das parassequências, que são compostas por uma sucessão basal transgressiva e uma sucessão superior regressiva.",1.0,1.0,30,40,2
1561,Quais autores são citados como preceitos da Moderna Estratigrafia?,SUCCESS,"Catunea-nu, 2006; Catuneanu et al. 2009, Hunt e Tucker, 1992; VanWagoner et al., 1988; Galloway, 1989; Posamentier e Allen, 1999","Os autores citados como preceitos da Moderna Estratigrafia são: Catuneanu (2006), Catuneanu et al. (2009), Hunt e Tucker (1992), VanWagoner et al. (1988), Galloway (1989) e Posamentier e Allen (1999).",1.0,1.0,"Os autores citados como preceitos da Moderna Estratigrafia são: Catuneanu (2006), Catuneanu et al. (2009), Hunt e Tucker (1992), VanWagoner et al. (1988), Galloway (1989) e Posamentier e Allen (1999).",1.0,1.0,23,39,2
1562,O que dificultou a utilização de um arcabouço estratigráfico de alta frequência para a Sequência A?,SUCCESS,"o difícil rastreamento dos refletores e marcadores de um rollover para outro, principalmente no sentido dlp, em um intervalo estratigráfico dominado por intensa halocinese","O que dificultou a utilização de um arcabouço estratigráfico de alta frequência para a Sequência A foi o difícil rastreamento dos refletores e marcadores devido à intensa halocinese e à baixa resolução das seções sísmicas, além da ausência de descontinuidades erosivas cíclicas nos poços analisados.",1.0,1.0,"O que dificultou a utilização de um arcabouço estratigráfico de alta frequência para a Sequência A foi o difícil rastreamento dos refletores e marcadores devido à intensa halocinese e à baixa resolução das seções sísmicas disponíveis, que impossibilitaram a identificação dos padrões de terminação de refletores de alta ordem. Além disso, descontinuidades erosivas indicando exposições subaéreas de alta frequência não ocorreram de forma cíclica nos poços analisados.",1.0,1.0,37,55,3
1563,O que poderia auxiliar na determinação das principais superfícies estratigráficas correlativas às flutuações do nível de base?,SUCCESS,padrões de terminação de refletores sísmicos na 4a e 5a ordens,Padrões de terminação de refletores sísmicos perceptíveis poderiam auxiliar na determinação das principais superfícies estratigráficas correlativas às flutuações do nível de base.,1.0,1.0,"A percepção de padrões de terminação dos refletores sísmicos (ex: onlap, downlap, truncamentos) poderia auxiliar na determinação das principais superfícies estratigráficas correlativas às flutuações do nível de base. Esses padrões, se distinguidos nas seções sísmicas, viabilizariam um estudo sismoestratigráfico mais preciso.",1.0,1.0,31,45,1
1564,O que não ocorrem de forma cíclica nos poços analisados?,SUCCESS,descontinuidades erosivas registradas nos canais incisos,As descontinuidades erosivas registradas nos canais incisos não ocorrem de forma cíclica nos poços analisados.,1.0,1.0,O que não ocorre de forma cíclica nos poços analisados são as descontinuidades erosivas registradas nos canais incisos.,1.0,1.0,28,38,3
1565,O que foram usadas como limites de parassequências?,SUCCESS,superfícies transgressivas ou de afogamento que recobrem os carbonatos de plataforma,Foram usadas as superfícies transgressivas ou de afogamento que recobrem os carbonatos de plataforma como limites de parassequências.,1.0,1.0,Foram usadas as superfícies transgressivas ou de afogamento que recobrem os carbonatos de plataforma como limites de parassequências.,1.0,1.0,49,80,3
1566,Qual é a parte mais superior da Formação Pendência?,SUCCESS,a Seqüência K40,A parte mais superior da Formação Pendência é a Seqüência K40.,1.0,1.0,A parte mais superior da Formação Pendência é a Seqüência K40.,1.0,1.0,26,45,2
1567,Qual é a seção mais superior da Formação Pendência?,SUCCESS,a Seqüência K40,A seção mais superior da Formação Pendência é a Seqüência K40.,1.0,1.0,A seção mais superior da Formação Pendência é a Seqüência K40.,1.0,1.0,30,49,2
1568,Qual sistema é o limite proximal de ocorrência da Seqüência K40?,SUCCESS,sistema de falhas de Pescada,O sistema de falhas de Pescada constitui o limite proximal de ocorrência da Seqüência K40.,1.0,1.0,O sistema que constitui o limite proximal de ocorrência da Seqüência K40 é o sistema de falhas de Pescada.,1.0,1.0,33,54,3
1569,Quando começa a deposição da megasseqüência proto-oceânica?,SUCCESS,Neo-aptiano,A deposição da megassequência proto-oceânica começa a partir do Neo-aptiano.,1.0,1.0,A deposição da megasseqüência proto-oceânica começa a partir do Neo-aptiano.,1.0,1.0,39,65,2
1570,Qual sistema é o limite proximal de ocorrência da seqüência K40?,SUCCESS,O sistema de falhas de Pescada,O limite proximal de ocorrência da Seqüência K40 é o sistema de falhas de Pescada.,1.0,1.0,O limite proximal de ocorrência da Seqüência K40 é o sistema de falhas de Pescada.,1.0,1.0,22,36,2
1571,Em que período começa a deposição da megasseqüência proto - oceânica?,SUCCESS,Neo-aptiano,A deposição da megassequência proto-oceânica começa a partir do Neo-aptiano.,1.0,1.0,A deposição da megasseqüência proto-oceânica começa no período Neo-aptiano.,1.0,1.0,19,30,1
1572,Qual é a direção geral do sistema de falhas de Pescada?,SUCCESS,WNW-ESE,A direção geral do sistema de falhas de Pescada é WNW-ESE (oeste-noroeste para leste-sudeste).,1.0,1.0,A direção geral do sistema de falhas de Pescada é WNW-ESE (oeste-noroeste a leste-sudeste).,1.0,1.0,28,47,3
1573,Quais são os materiais da Seqüência K40?,SUCCESS,arenitos grossos e pelitos,"Os materiais da Seqüência K40 são arenitos grossos e pelitos de um sistema flúvio-deltaico-lacustrino, compondo uma cunha clástica sintectônica, com preenchimento sedimentar dominado por leques aluviais, sistemas fluviais de alta energia e bancos carbonáticos restritos.",1.0,0.8,"Os materiais da Seqüência K40 são arenitos grossos e pelitos, depositados em ambientes flúvio-deltaico-lacustres.",1.0,1.0,38,64,3
1574,O que está geneticamente relacionado à atividade da Seqüência K40?,SUCCESS,aumento da taxa de subsidência,A atividade da Seqüência K40 está geneticamente relacionada a um aumento da taxa de subsidência no final da fase de rifteamento da bacia.,1.0,1.0,"A atividade da Seqüência K40 está geneticamente relacionada ao aumento da taxa de subsidência no final da fase de rifteamento, associado à atividade da Falha de Pescada.",1.0,1.0,24,40,3
1575,Qual é o tipo de rocha que inicia a deposição da megasseqüência proto - oceânica?,SUCCESS,Neo-aptiano,O tipo de rocha que inicia a deposição da megassequência proto-oceânica é o sedimento clástico (arenitos e pelitos).,1.0,1.0,"O tipo de rocha que inicia a deposição da megassequência proto-oceânica é a rocha relacionada à ""discordância angular"", ou seja, a primeira unidade depositada sobre essa discordância. De acordo com o contexto, após o Neo-aptiano, inicia-se a deposição da megassequência proto-oceânica (Sequência K50) sobre uma forte discordância angular. Portanto, o tipo de rocha que inicia essa deposição é sedimentar, mais especificamente sedimentos depositados sobre essa discordância, típicos de ambientes marinhos iniciais da fase proto-oceânica.",1.0,1.0,30,50,2
1577,Quais são as duas rochas que constituem a Seqüência K40?,SUCCESS,arenitos grossos e pelitos,As duas rochas que constituem a Seqüência K40 são arenitos grossos e pelitos.,1.0,1.0,As duas rochas que constituem a Seqüência K40 são arenitos e pelitos.,1.0,1.0,22,33,2
1578,A que está geneticamente relacionada a atividade da Seqüência K40?,SUCCESS,aumento da taxa de subsidência,A atividade da Seqüência K40 está geneticamente relacionada a um aumento da taxa de subsidência no final da fase de rifteamento da bacia.,1.0,1.0,A atividade da Seqüência K40 está geneticamente relacionada ao aumento da taxa de subsidência no final da fase de rifteamento da bacia.,1.0,1.0,21,35,2
1579,A que está geneticamente relacionada a atividade da Seqüência K40?,SUCCESS,um aumento da taxa de subsidência,A atividade da Seqüência K40 está geneticamente relacionada a um aumento da taxa de subsidência no final da fase de rifteamento da bacia.,1.0,1.0,"A atividade da Seqüência K40 está geneticamente relacionada a um aumento da taxa de subsidência no final da fase de rifteamento da bacia, especialmente associado à atividade tectônica da Falha de Pescada.",1.0,1.0,22,34,3
1580,O que constitui a parte mais superior da Formação Pendência?,SUCCESS,A Seqüência K40,"A parte mais superior da Formação Pendência é constituída pela Seqüência K40, formada por arenitos grossos e pelitos de um sistema flúvio-deltaico-lacustrino.",1.0,1.0,A parte mais superior da Formação Pendência é constituída pela Seqüência K40.,1.0,1.0,23,38,3
1582,O que preenche o sistema de falhas de Pescada?,SUCCESS,"sistemas deposicionais continentais, dominados por leques aluviais e sistemas fluviais de alta energia","O sistema de falhas de Pescada é preenchido por sistemas deposicionais continentais, dominados por leques aluviais e sistemas fluviais de alta energia, com bancos carbonáticos restritos.",1.0,1.0,"O sistema de falhas de Pescada é preenchido por depósitos continentais dominados por leques aluviais e sistemas fluviais de alta energia, com bancos carbonáticos restritos.",1.0,1.0,18,29,2
1583,Qual é a unidade litoestratigráfica correspondente à seção de rochas dominada por sistemas deposicionais continentais?,SUCCESS,Formação Pescada,A unidade litoestratigráfica correspondente é a **Formação Pescada**.,1.0,1.0,A unidade litoestratigráfica correspondente à seção de rochas dominada por sistemas deposicionais continentais é a **Formação Pescada**.,1.0,1.0,29,48,3
1584,Quando inicia-se a deposição da megasseqüência proto-oceânica?,SUCCESS,A partir do Neo-aptiano,A deposição da megassequência proto-oceânica inicia-se a partir do Neo-aptiano.,1.0,1.0,A deposição da megassequência proto-oceânica inicia-se no Neo-aptiano.,1.0,1.0,32,49,2
1585,Qual é a direção geral das falhas de Pescada?,SUCCESS,direção geral WNW-ESE,A direção geral das falhas de Pescada é WNW-ESE (oeste-noroeste a leste-sudeste).,1.0,1.0,A direção geral das falhas de Pescada é WNW-ESE (oeste-noroeste a leste-sudeste).,1.0,1.0,33,64,4
1586,O que é a Seqüência K40?,SUCCESS,"A Seqüência K40 é constituída por uma cunha clástica sintectônica, reconhecida inicialmente no bloco baixo da Falha de Pescada, cuja atividade está geneticamente relacionada a um aumento da taxa de subsidência no final da fase de rifteamento da bacia.","A Seqüência K40 é uma unidade litoestratigráfica situada na parte superior da Formação Pendência, composta por arenitos grossos e pelitos de um sistema flúvio-deltaico-lacustrino, formada por uma cunha clástica sintectônica relacionada ao aumento de subsidência no final da fase de rifteamento da bacia.",1.0,1.0,"A Seqüência K40 é a porção mais superior da Formação Pendência, composta por arenitos grossos e pelitos de origem flúvio-deltaica-lacustre, formando uma cunha clástica sintectônica ligada à atividade da Falha de Pescada. Corresponde à unidade litoestratigráfica denominada Formação Pescada, com predomínio de sistemas continentais (leques aluviais e sistemas fluviais) e bancos carbonáticos restritos.",1.0,0.8333330000000000,28,46,3
1587,Quais são os sistemas deposicionais continentais que preenchem o sedimentar da Seqüência K40?,SUCCESS,"sistemas deposicionais continentais, dominados por leques aluviais e sistemas fluviais de alta energia, com bancos carbonáticos restritos.","Os sistemas deposicionais continentais que preenchem o sedimentar da Seqüência K40 são leques aluviais e sistemas fluviais de alta energia, com bancos carbonáticos restritos.",1.0,1.0,"Os sistemas deposicionais continentais que preenchem o sedimentar da Seqüência K40 são leques aluviais e sistemas fluviais de alta energia, com bancos carbonáticos restritos.",0.6666670000000000,1.0,18,29,2
1588,Qual é a unidade litoestratigráfica que corresponde à seção de rochas da Seqüência K40?,SUCCESS,Formação Pescada,A unidade litoestratigráfica que corresponde à seção de rochas da Seqüência K40 é a **Formação Pescada**.,1.0,1.0,A unidade litoestratigráfica que corresponde à seção de rochas da Seqüência K40 é a Formação Pescada.,1.0,1.0,38,69,2
1632,O que causou o processo de dobramento por deslizamento flexural?,SUCCESS,anisotropia mecânica,"O processo de dobramento por deslizamento flexural foi causado pela anisotropia mecânica entre as camadas, com a deformação concentrando-se em níveis de folhelhos e siltitos intercalados a arenitos.",1.0,1.0,"O processo de dobramento por deslizamento flexural foi causado pela anisotropia mecânica entre as camadas rochosas, concentrando a deformação em níveis de folhelhos e siltitos intercalados a arenitos.",1.0,1.0,21,36,4
1633,Qual foi a principal característica da região de charneira?,SUCCESS,"flexural slip e buckling, sensu Park, 1989; fig. 15).","A principal característica da região de charneira é a predominância do mecanismo de flambagem (buckling), indicando uma resposta homogênea do material, onde a deformação atingiu o ponto de ruptura com nucleação de falhas reversas.",1.0,1.0,"A principal característica da região de charneira é a prevalência da flambagem (buckling), indicando uma resposta homogênea do material e atingindo o ponto de ruptura, frequentemente associada à nucleação de falhas reversas.",1.0,0.6666670000000000,21,34,4
1634,Que mecanismo predomina nos flancos das dobras?,SUCCESS,mecanismos de deslizamento flexural,O mecanismo que predomina nos flancos das dobras é o deslizamento flexural.,1.0,1.0,O mecanismo que predomina nos flancos das dobras é o deslizamento flexural.,1.0,1.0,24,42,3
1636,Em que região de dobras predomina o mecanismo de flambagem?,SUCCESS,charneira,Na região de charneira das dobras predomina o mecanismo de flambagem.,1.0,1.0,O mecanismo de flambagem (buckling) predomina na região de charneira das dobras.,1.0,1.0,22,35,3
1637,O que ocorreu em conseqüência da anisotropia mecânica entre camadas?,SUCCESS,O processo de dobramento por deslizamento flexural,"Em consequência da anisotropia mecânica entre camadas, a deformação concentrou-se em níveis de folhelhos e siltitos intercalados a arenitos, resultando no processo de dobramento por deslizamento flexural.",1.0,1.0,"Em consequência da anisotropia mecânica entre camadas, ocorreu o dobramento por deslizamento flexural, com a deformação concentrando-se em níveis de folhelhos e siltitos intercalados a arenitos.",1.0,1.0,19,31,4
1638,Onde se concentra a deformação?,SUCCESS,"níveis de folhelhos e siltitos, intercalados a arenitos","A deformação se concentra em níveis de folhelhos e siltitos, intercalados a arenitos, e na região de charneira das dobras.",1.0,1.0,A deformação se concentra principalmente nos níveis de folhelhos e siltitos intercalados a arenitos nos flancos das dobras (devido ao deslizamento flexural) e na zona de charneira das dobras (devido à flambagem).,1.0,1.0,22,38,4
1639,O que foi conseqüência da anisotropia mecânica entre camadas?,SUCCESS,processo de dobramento por deslizamento flexural,"A consequência da anisotropia mecânica entre as camadas foi o dobramento por deslizamento flexural, com a deformação concentrando-se em níveis de folhelhos e siltitos intercalados a arenitos.",1.0,1.0,"A consequência da anisotropia mecânica entre camadas foi o deslizamento flexural durante o dobramento, com a deformação concentrando-se em níveis de folhelhos e siltitos intercalados a arenitos.",1.0,1.0,25,42,4
1641,O que revela que a deformação atingiu o ponto de ruptura?,SUCCESS,a nucleação de falhas reversas,A nucleação de falhas reversas revela que a deformação atingiu o ponto de ruptura.,1.0,1.0,A nucleação (formação) de falhas reversas revela que a deformação atingiu o ponto de ruptura.,1.0,1.0,26,47,4
1642,O que indica a relação angular entre os indicadores cinemáticos nas superfícies de deslizamento e os eixos das dobras F1?,SUCCESS,a atuação de uma componente de rotação horária,"A relação angular entre os indicadores cinemáticos nas superfícies de deslizamento e os eixos das dobras F1 indica a atuação de uma componente de rotação horária durante o deslizamento flexural (ou, alternativamente, após a nucleação das dobras F1).",1.0,1.0,"A relação angular entre os indicadores cinemáticos nas superfícies de deslizamento e os eixos das dobras F1 indica a atuação de uma componente de rotação horária durante o deslizamento flexural, ou seja, houve rotação das camadas em torno dos eixos das dobras F1 durante ou após a formação das dobras.",1.0,1.0,20,34,4
1643,O que a relação angular entre os indicadores cinemáticos nas superfícies de deslizamento e os eixos das dobras indica?,SUCCESS,uma componente de rotação horária,"A relação angular entre os indicadores cinemáticos nas superfícies de deslizamento e os eixos das dobras indica a atuação de uma componente de rotação horária durante o deslizamento flexural, ou que essa rotação ocorreu após a nucleação das dobras F1.",1.0,1.0,"A relação angular entre os indicadores cinemáticos nas superfícies de deslizamento e os eixos das dobras indica a atuação de uma componente de rotação horária durante o deslizamento flexural, ou que essa rotação ocorreu após a nucleação das dobras F1.",1.0,1.0,20,31,3
1645,Em que região das dobras predomina a flambagem?,SUCCESS,charneira,Na região de charneira das dobras predomina a flambagem.,1.0,1.0,A flambagem predomina na região de charneira das dobras.,1.0,1.0,22,39,2
1646,O que foi conseqüência da anisotropia mecânica entre camadas?,SUCCESS,O processo de dobramento por deslizamento flexural,"A consequência da anisotropia mecânica entre camadas foi o dobramento por deslizamento flexural, com a deformação concentrando-se em níveis de folhelhos e siltitos intercalados a arenitos.",1.0,1.0,"A consequência da anisotropia mecânica entre camadas foi o deslizamento flexural, com a deformação concentrando-se em níveis de folhelhos e siltitos intercalados a arenitos.",1.0,1.0,20,33,3
1653,Qual foi o mecanismo de deslizamento dominante nas dobras?,SUCCESS,mecanismos de deslizamento flexural,O mecanismo de deslizamento dominante nas dobras foi o deslizamento flexural nos flancos das dobras.,1.0,1.0,"O mecanismo de deslizamento dominante nas dobras foi o deslizamento flexural, especialmente nos flancos das dobras.",1.0,1.0,22,30,4
1654,Em que região de dobras predomina o mecanismo de flambagem?,SUCCESS,região de charneira,Na região de charneira das dobras predomina o mecanismo de flambagem.,1.0,1.0,O mecanismo de flambagem predomina na região de charneira das dobras.,1.0,1.0,22,37,3
1655,O que ocorreu em conseqüência da anisotropia mecânica entre camadas?,SUCCESS,processo de dobramento por deslizamento flexural,"Em consequência da anisotropia mecânica entre camadas, ocorreu o dobramento por deslizamento flexural, com a deformação concentrando-se em níveis de folhelhos e siltitos intercalados a arenitos.",1.0,1.0,"Em consequência da anisotropia mecânica entre camadas, ocorreu o deslizamento flexural, concentrando a deformação em níveis de folhelhos e siltitos intercalados a arenitos.",1.0,1.0,24,43,4
1656,Onde se concentra a deformação?,SUCCESS,níveis de folhelhos e siltitos,"A deformação se concentra em níveis de folhelhos e siltitos intercalados a arenitos, e na região de charneira das dobras.",1.0,1.0,"A deformação se concentra principalmente nos níveis de folhelhos e siltitos intercalados a arenitos, especialmente nos flancos das dobras, e também na região de charneira das dobras, onde podem ocorrer falhas reversas.",1.0,1.0,20,32,3
1658,O que revela que a deformação atingiu o ponto de ruptura?,SUCCESS,falhas reversas,A nucleação de falhas reversas revela que a deformação atingiu o ponto de ruptura.,1.0,1.0,A nucleação de falhas reversas revela que a deformação atingiu o ponto de ruptura.,1.0,1.0,22,38,3
1659,Qual foi o mecanismo predominante nos flancos das dobras?,SUCCESS,mecanismos de deslizamento flexural,O mecanismo predominante nos flancos das dobras foi o deslizamento flexural.,1.0,1.0,O mecanismo predominante nos flancos das dobras foi o deslizamento flexural.,1.0,1.0,23,36,4
1664,Qual a relação angular entre os indicadores cinemáticos nas superfícies de deslizamento e os eixos das dobras F1?,SUCCESS,indica a atuação de uma componente de rotação horária durante o fenômeno de deslizamento flexural,A relação angular entre os indicadores cinemáticos nas superfícies de deslizamento e os eixos das dobras F1 indica a atuação de uma componente de rotação horária durante o deslizamento flexural.,1.0,1.0,"A relação angular entre os indicadores cinemáticos nas superfícies de deslizamento e os eixos das dobras F1 indica a presença de uma componente de rotação horária (clockwise) durante o deslizamento flexural, mostrando que houve rotação relativa entre os indicadores e os eixos das dobras.",1.0,1.0,24,44,3
1665,O que foi consequência da anisotropia mecânica entre as camadas no processo de dobramento por deslizamento flexural?,SUCCESS,"a deformação concentrando-se em níveis de folhelhos e siltitos, intercalados a arenitos","A consequência da anisotropia mecânica entre as camadas no processo de dobramento por deslizamento flexural foi a concentração da deformação em níveis de folhelhos e siltitos, intercalados a arenitos.",1.0,1.0,A consequência da anisotropia mecânica entre as camadas no processo de dobramento por deslizamento flexural foi a concentração da deformação em níveis de folhelhos e siltitos intercalados a arenitos.,1.0,1.0,15,22,3
1666,O que indica o mecanismo de flambagem em relação à resposta do material próximo à zona de charneira das dobras?,SUCCESS,uma resposta homogênea do material próximo à zona de charneira das dobras,"O mecanismo de flambagem indica que, próximo à zona de charneira das dobras, o material responde de forma homogênea, com a deformação atingindo o ponto de ruptura e nucleando falhas reversas.",1.0,1.0,"O mecanismo de flambagem indica que, próximo à zona de charneira das dobras, o material responde de forma homogênea, com a deformação distribuída uniformemente, levando à nucleação de falhas reversas quando a deformação atinge o ponto de ruptura.",1.0,1.0,25,30,4
1668,Quais mecanismos de dobramento predominaram nos flancos das dobras?,SUCCESS,mecanismos de deslizamento flexural,Nos flancos das dobras predominaram mecanismos de deslizamento flexural (flexural slip).,1.0,1.0,Os mecanismos de dobramento que predominaram nos flancos das dobras foram mecanismos de deslizamento flexural (flexural slip).,1.0,1.0,19,31,2
1669,O que prevaleceu na região de charneira das dobras?,SUCCESS,flambagem,"Na região de charneira das dobras prevaleceu o mecanismo de flambagem (buckling), indicando uma resposta homogênea do material e a nucleação de falhas reversas.",1.0,1.0,"Na região de charneira das dobras prevaleceu o mecanismo de flambagem (buckling), indicando uma resposta homogênea do material, podendo ocorrer nucleação de falhas reversas.",1.0,1.0,24,42,2
1670,O que é indicado pela relação angular entre os indicadores cinemáticos nas superfícies de deslizamento e os eixos das dobras F1?,SUCCESS,a atuação de uma componente de rotação horária durante o fenômeno de deslizamento flexural,A relação angular indica a existência de uma componente de rotação horária durante o deslizamento flexural (ou após a nucleação das dobras F1).,1.0,1.0,"A relação angular entre os indicadores cinemáticos nas superfícies de deslizamento e os eixos das dobras F1 indica a atuação de uma componente de rotação horária durante o deslizamento flexural, ou seja, houve rotação das camadas durante ou após a formação das dobras F1.",1.0,1.0,22,42,3
1672,O que é conseqüência da anisotropia mecânica entre as camadas?,SUCCESS,o processo de dobramento por deslizamento flexural,"A consequência da anisotropia mecânica entre as camadas é o dobramento por deslizamento flexural, com a deformação concentrando-se em níveis de folhelhos e siltitos intercalados a arenitos.",1.0,1.0,A consequência da anisotropia mecânica entre as camadas é o deslizamento flexural.,1.0,1.0,19,31,4
1673,O que é muito raro em outros ambientes sedimentares antigos?,SUCCESS,a infiltração mecânica de argilas,Muito raro em outros ambientes sedimentares antigos é a infiltração mecânica de argilas.,1.0,1.0,O que é muito raro em outros ambientes sedimentares antigos é a infiltração mecânica de argilas.,1.0,1.0,25,37,3
1675,Quem identificou cutículas de argila e hematita em arenitos de duna e wadi do Permiano do Mar do Norte como acumuladas por infiltração mecânica?,SUCCESS,KESSLER,Kessler identificou cutículas de argila e hematita em arenitos de duna e wadi do Permiano do Mar do Norte como acumuladas por infiltração mecânica.,1.0,1.0,Kessler foi quem identificou cutículas de argila e hematita em arenitos de duna e wadi do Permiano do Mar do Norte como acumuladas por infiltração mecânica.,1.0,1.0,26,46,2
1676,Qual é o teor de argila infiltrada em depósitos terciários e pleistocênicos do Sudoeste americano?,SUCCESS,10 a 20%,Os depósitos terciários e pleistocênicos do Sudoeste americano contêm comumente de 10 a 20% de argilas infiltradas.,1.0,1.0,O teor de argila infiltrada em depósitos terciários e pleistocênicos do Sudoeste americano é comumente de 10 a 20%.,1.0,1.0,35,55,2
1678,Quem identificou cutículas de argila e hematita no arenito do Mar do Norte como sendo infiltradas?,SUCCESS,KESSLER,Kessler identificou cutículas de argila e hematita no arenito do Mar do Norte como sendo infiltradas.,1.0,1.0,Kessler foi quem identificou cutículas de argila e hematita no arenito do Mar do Norte como sendo infiltradas.,1.0,1.0,22,31,2
1680,O que é muito raro em outros ambientes sedimentares antigos?,SUCCESS,infiltração mecânica de argilas,O que é muito raro em outros ambientes sedimentares antigos é a infiltração mecânica de argilas.,1.0,1.0,O que é muito raro em outros ambientes sedimentares antigos é a infiltração mecânica de argilas.,1.0,1.0,29,59,3
1681,Que processo é raro e superficial?,SUCCESS,infiltração mecânica,O processo raro e superficial mencionado no contexto é a infiltração mecânica de argilas em ambientes sedimentares antigos.,1.0,1.0,O processo raro e superficial é a infiltração mecânica de argilas.,1.0,1.0,27,41,3
1682,Em que região estão localizadas as ilhas de barreira?,SUCCESS,Terciário da Costa do Golfo,As ilhas de barreira mencionadas no contexto estão localizadas na Costa do Golfo.,1.0,1.0,As ilhas de barreira estão localizadas no Terciário da Costa do Golfo.,1.0,1.0,25,50,2
1683,Que porcentagem de argilas infiltradas existem nos depósitos terciários e pleistocênicos do Sudoeste americano?,SUCCESS,10 a 20%,Os depósitos terciários e pleistocênicos do Sudoeste americano contêm comumente de 10 a 20% de argilas infiltradas.,1.0,1.0,Os depósitos terciários e pleistocênicos do Sudoeste americano contêm comumente de 10 a 20% de argilas infiltradas.,1.0,1.0,38,71,2
1684,Onde estão localizadas as cutículas de argila e hematita que KESSLER identificou como acumuladas por infiltração mecânica?,SUCCESS,Permiano do Mar do Norte,As cutículas de argila e hematita que KESSLER identificou como acumuladas por infiltração mecânica estão localizadas em arenitos de duna e wadi do Permiano do Mar do Norte.,1.0,1.0,As cutículas de argila e hematita que KESSLER identificou como acumuladas por infiltração mecânica estão localizadas em arenitos de duna e wadi do Permiano do Mar do Norte.,1.0,1.0,24,43,2
1685,"O que promove modificações marcantes na textura, mineralogia e composição química dos sedimentos?",SUCCESS,processo de infiltração mecânica,"O processo de infiltração mecânica promove modificações marcantes na textura, mineralogia e composição química dos sedimentos.",1.0,1.0,"O processo de infiltração mecânica de argilas promove modificações marcantes na textura, mineralogia e composição química dos sedimentos.",1.0,1.0,34,59,2
1686,O que é raro em outros ambientes sedimentares antigos?,SUCCESS,infiltração mecânica,O que é raro em outros ambientes sedimentares antigos é a referência à infiltração mecânica de argilas; essas ocorrências são muito raras e superficiais.,1.0,1.0,O que é raro em outros ambientes sedimentares antigos é a infiltração mecânica de argilas.,1.0,1.0,31,52,3
1687,Em que área de arenitos estão localizados algumas das argilas infiltradas?,SUCCESS,Terciário da Costa do Golfo,"Algumas das argilas infiltradas estão localizadas em arenitos depositados em deltas e ilhas de barreira no Terciário da Costa do Golfo, em arenitos de duna e wadi do Permiano do Mar do Norte, e principalmente em sistemas aluviais entrelaçados sob clima árido/semi-árido.",1.0,1.0,"As argilas infiltradas estão localizadas em arenitos depositados em deltas e ilhas de barreira no Terciário da Costa do Golfo, arenitos de duna e wadi do Permiano do Mar do Norte, e em sistemas aluviais entrelaçados sob clima árido/semi-árido.",1.0,1.0,27,40,3
1688,Que porcentagem de argilas infiltradas os depósitos terciários e pleistocênicos do Sudoeste americano contêm?,SUCCESS,10 a 20%,Os depósitos terciários e pleistocênicos do Sudoeste americano contêm comumente de 10 a 20% de argilas infiltradas.,1.0,1.0,Os depósitos terciários e pleistocênicos do Sudoeste americano contêm comumente de 10 a 20% de argilas infiltradas.,1.0,1.0,19,28,3
1690,"Qual processo promove modificações marcantes na textura, mineralogia e composição química dos sedimentos onde atua?",SUCCESS,processo de infiltração mecânica,"O processo que promove modificações marcantes na textura, mineralogia e composição química dos sedimentos onde atua é a **infiltração mecânica**.",1.0,1.0,"O processo que promove modificações marcantes na textura, mineralogia e composição química dos sedimentos é a infiltração mecânica de argilas.",1.0,1.0,27,40,2
1691,Que processo é raro e superficial?,SUCCESS,infiltração mecânica de argilas,O processo raro e superficial mencionado no contexto é a infiltração mecânica de argilas em ambientes sedimentares antigos.,1.0,1.0,O processo raro e superficial é a infiltração mecânica de argilas.,1.0,1.0,24,38,3
1692,O que é raro em outros ambientes sedimentares antigos?,SUCCESS,infiltração mecânica de argilas,O que é raro em outros ambientes sedimentares antigos é a infiltração mecânica de argilas.,1.0,1.0,O raro em outros ambientes sedimentares antigos é a infiltração mecânica de argilas.,1.0,1.0,42,70,2
1695,"Segundo WALKER et alii, qual a porcentagem comum de argilas infiltradas nos depósitos terciários e pleistocênicos do Sudoeste americano?",SUCCESS,de 10 a 20%,"Segundo WALKER et alii, os depósitos terciários e pleistocênicos do Sudoeste americano contêm comumente de 10 a 20% de argilas infiltradas.",1.0,1.0,"Segundo WALKER et alii, a porcentagem comum de argilas infiltradas nos depósitos terciários e pleistocênicos do Sudoeste americano é de 10 a 20%.",1.0,1.0,46,89,3
1696,O que a infiltração mecânica promove nos sedimentos onde atua?,SUCCESS,"modificações marcantes na textura, mineralogia e composição química dos sedimentos","A infiltração mecânica promove modificações marcantes na textura, mineralogia e composição química dos sedimentos onde atua.",1.0,1.0,"A infiltração mecânica promove modificações marcantes na textura, mineralogia e composição química dos sedimentos onde atua.",1.0,1.0,28,51,3
1697,Qual a melhor ferramenta para identificar e descrever argilas mecanicamente infiltradas em sedimentos antigos?,SUCCESS,análise de lâminas delgadas,A melhor ferramenta para identificar e descrever argilas mecanicamente infiltradas em sedimentos antigos é a **análise de lâminas delgadas**.,1.0,1.0,A melhor ferramenta para identificar e descrever argilas mecanicamente infiltradas em sedimentos antigos é a análise de lâminas delgadas.,1.0,1.0,29,49,2
1699,Quais são os depósitos que LOUCKS et alii invocam para explicar os day coats presentes em alguns arenitos?,SUCCESS,"depositados em deltas e ilhas de barreira no Terciário da Costa do Golfo,",LOUCKS et alii invocam depósitos de deltas e ilhas de barreira no Terciário da Costa do Golfo para explicar os day coats presentes em alguns arenitos.,1.0,1.0,LOUCKS et alii invocam depósitos de deltas e ilhas de barreira no Terciário da Costa do Golfo para explicar os day coats presentes em alguns arenitos.,1.0,1.0,23,41,2
1700,O que KESSLER identifica em arenitos de duna e wadi do Permiano do Mar do Norte?,SUCCESS,cutículas de argila e hematita,KESSLER identifica cutículas de argila e hematita em arenitos de duna e wadi do Permiano do Mar do Norte como acumuladas por infiltração mecânica.,1.0,1.0,Kessler identifica cutículas de argila e hematita em arenitos de duna e wadi do Permiano do Mar do Norte como acumuladas por infiltração mecânica.,1.0,1.0,28,45,3
1701,"De acordo com WALKER et alii, quais são os depósitos que contêm comumente de 10 a 20% de argilas infiltradas?",SUCCESS,depósitos terciários e pleistocênicos do Sudoeste americano,"De acordo com WALKER et alii, os depósitos que contêm comumente de 10 a 20% de argilas infiltradas são os depósitos terciários e pleistocênicos do Sudoeste americano.",1.0,1.0,"De acordo com WALKER et alii, os depósitos terciários e pleistocênicos do Sudoeste americano contêm comumente de 10 a 20% de argilas infiltradas.",1.0,1.0,29,52,3
1702,O que o processo de infiltração mecânica promove nos sedimentos onde atua?,SUCCESS,"modificações marcantes na textura, mineralogia e composição química dos sedimentos","O processo de infiltração mecânica promove modificações marcantes na textura, mineralogia e composição química dos sedimentos onde atua.",1.0,1.0,"O processo de infiltração mecânica promove modificações marcantes na textura, mineralogia e composição química dos sedimentos onde atua.",1.0,1.0,24,39,3
1703,Qual é a porcentagem de receitas bruta dos campos que pagam Participação Especial?,SUCCESS,1.0%,A porcentagem de receitas bruta dos campos que pagam Participação Especial é 1%.,1.0,1.0,A porcentagem da receita bruta dos campos que pagam Participação Especial destinada a despesas qualificadas como pesquisa e desenvolvimento é de 1%.,1.0,1.0,34,67,3
1704,"O que constitui um grande desafio para a Agência Nacional do Petróleo, Gás Natural e Biocombustíveis?",SUCCESS,grande desafio para o nosso País a melhoria do conhecimento sobre as 29 bacias sedimentares que apresentam interesse para a indústria de petróleo e gás natural.,"Um grande desafio para a Agência Nacional do Petróleo, Gás Natural e Biocombustíveis é a melhoria do conhecimento sobre as 29 bacias sedimentares de interesse para a indústria de petróleo e gás natural.",1.0,1.0,"Um grande desafio para a Agência Nacional do Petróleo, Gás Natural e Biocombustíveis é melhorar o conhecimento sobre as 29 bacias sedimentares de interesse para a indústria de petróleo e gás natural no Brasil.",1.0,1.0,31,53,2
1705,O que tem sido decisivo no desenho de novos projetos?,SUCCESS,"Plano Plurianual de Estudos de Geologia e Geofísica,",O Plano Plurianual de Estudos de Geologia e Geofísica tem sido decisivo no desenho de novos projetos.,1.0,1.0,O Plano Plurianual de Estudos de Geologia e Geofísica tem sido decisivo no desenho de novos projetos.,1.0,1.0,30,58,2
1706,Qual é a porcentagem mínima de gastos com pesquisa e desenvolvimento exigida pelos concessionários para obterem Participação Especial?,SUCCESS,1.0%,A porcentagem mínima de gastos com pesquisa e desenvolvimento exigida é de 1% da receita bruta dos campos que pagam Participação Especial.,1.0,1.0,A porcentagem mínima de gastos com pesquisa e desenvolvimento exigida é 1% da receita bruta dos campos que pagam Participação Especial.,1.0,1.0,33,63,3
1707,Em que ano a ANP introduziu uma cláusula que obriga os concessionários a realizar despesas com pesquisa e desenvolvimento?,SUCCESS,1998,A ANP introduziu a cláusula que obriga os concessionários a realizar despesas com pesquisa e desenvolvimento em 1998.,1.0,1.0,A ANP introduziu a cláusula que obriga os concessionários a realizar despesas com pesquisa e desenvolvimento em 1998.,1.0,1.0,32,49,3
1708,"O que constitui um grande desafio para a Agência Nacional do Petróleo, Gás Natural e Biocombustíveis?",SUCCESS,a melhoria do conhecimento sobre as 29 bacias sedimentares,"Um grande desafio para a Agência Nacional do Petróleo, Gás Natural e Biocombustíveis é a melhoria do conhecimento sobre as 29 bacias sedimentares que apresentam interesse para a indústria de petróleo e gás natural.",1.0,1.0,"Um grande desafio para a Agência Nacional do Petróleo, Gás Natural e Biocombustíveis é a melhoria do conhecimento sobre as 29 bacias sedimentares que apresentam interesse para a indústria de petróleo e gás natural.",1.0,1.0,35,58,3
1709,O que tem sido decisivo no desenho de novos projetos?,SUCCESS,Plano Plurianual de Estudos de Geologia e Geofísica,O Plano Plurianual de Estudos de Geologia e Geofísica tem sido decisivo no desenho de novos projetos.,1.0,1.0,O Plano Plurianual de Estudos de Geologia e Geofísica tem sido decisivo no desenho de novos projetos.,1.0,1.0,28,51,3
1710,Qual é a porcentagem mínima de gastos com pesquisa e desenvolvimento exigida pelos concessionários para obterem Participação Especial?,SUCCESS,50.0%,A porcentagem mínima de gastos com pesquisa e desenvolvimento exigida é de 1% da receita bruta dos campos que pagam Participação Especial.,1.0,1.0,A porcentagem mínima exigida é 1% da receita bruta dos campos que pagam Participação Especial.,1.0,1.0,28,48,3
1711,Qual é o desafio que a ANP enfrenta?,SUCCESS,a melhoria do conhecimento sobre as 29 bacias sedimentares que apresentam interesse para a indústria de petróleo e gás natural,O desafio que a ANP enfrenta é a melhoria do conhecimento sobre as 29 bacias sedimentares de interesse para a indústria de petróleo e gás natural no Brasil.,1.0,1.0,O principal desafio que a ANP enfrenta é a melhoria do conhecimento sobre as 29 bacias sedimentares de interesse para a indústria de petróleo e gás natural.,1.0,1.0,27,51,3
1712,Que plano a ANP conduz?,SUCCESS,Plano Plurianual de Estudos de Geologia e Geofísica,A ANP conduz o Plano Plurianual de Estudos de Geologia e Geofísica.,1.0,1.0,A ANP conduz o Plano Plurianual de Estudos de Geologia e Geofísica.,1.0,1.0,34,68,3
1713,Para onde deve ser aplicado o restante dos recursos do PBP?,SUCCESS,universidades ou institutos de pesquisa credenciados pela ANP,"O restante dos recursos do PBP deve ser aplicado em empresas petrolíferas, empresas de aquisição de dados, empresas fornecedoras da cadeia de petróleo e gás, além da esfera pública.",1.0,1.0,"O restante dos recursos do PBP (após o mínimo de 50% aplicado em universidades ou institutos de pesquisa credenciados pela ANP) pode ser aplicado em outros atores do setor de petróleo e gás, como empresas petrolíferas, empresas de aquisição de dados, fornecedoras da cadeia, ou outras iniciativas de pesquisa e desenvolvimento ligadas ao setor.",1.0,1.0,28,52,2
1714,Qual é o desafio da ANP?,SUCCESS,a melhoria do conhecimento sobre as 29 bacias sedimentares que apresentam interesse para a indústria de petróleo e gás natural,O desafio da ANP é melhorar o conhecimento sobre as 29 bacias sedimentares de interesse para a indústria de petróleo e gás natural no Brasil.,1.0,1.0,"O desafio da ANP é melhorar o conhecimento sobre as 29 bacias sedimentares de interesse para a indústria de petróleo e gás natural no Brasil, incentivando a participação de diferentes atores e o desenvolvimento de novas tecnologias para o setor.",1.0,1.0,34,62,2
1715,Qual plano tem sido decisivo no desenho de novos projetos?,SUCCESS,Plano Plurianual de Estudos de Geologia e Geofísica,O Plano Plurianual de Estudos de Geologia e Geofísica tem sido decisivo no desenho de novos projetos.,1.0,1.0,O plano decisivo no desenho de novos projetos é o Plano Plurianual de Estudos de Geologia e Geofísica.,1.0,1.0,23,35,2
1716,Em que devem ser investidos pelo menos 50 % dos recursos de Pesquisa e Desenvolvimento?,SUCCESS,universidades ou institutos de pesquisa credenciados pela ANP,Pelo menos 50% dos recursos de Pesquisa e Desenvolvimento devem ser investidos em universidades ou institutos de pesquisa credenciados pela ANP.,1.0,1.0,Pelo menos 50% dos recursos de Pesquisa e Desenvolvimento devem ser investidos em universidades ou institutos de pesquisa credenciados pela ANP.,1.0,1.0,25,41,2
1717,Qual é o órgão responsável por desenvolver programas e apoiar políticas públicas relacionadas à indústria de petróleo e gás natural?,SUCCESS,"Agência Nacional do Petróleo, Gás Natural e Biocombustíveis","O órgão responsável é a Agência Nacional do Petróleo, Gás Natural e Biocombustíveis (ANP).",1.0,1.0,"O órgão responsável é a Agência Nacional do Petróleo, Gás Natural e Biocombustíveis (ANP).",1.0,1.0,34,65,3
1718,O que a ANP introduziu nos contratos para exploração e produção de petróleo e gás natural desde 1998?,SUCCESS,uma cláusula que obriga os concessionários a realizar Despesas Qualificadas como Pesquisa e Desenvolvimento equivalentes a 1% da receita bruta dos campos que pagam Participação Especial,"Desde 1998, a ANP introduziu nos contratos para exploração e produção de petróleo e gás natural uma cláusula que obriga os concessionários a investir em Pesquisa e Desenvolvimento (P&D) o equivalente a 1% da receita bruta dos campos que pagam Participação Especial, sendo que pelo menos 50% desses recursos devem ser aplicados em universidades ou institutos de pesquisa credenciados pela ANP.",1.0,1.0,"Desde 1998, a ANP introduziu nos contratos para exploração e produção de petróleo e gás natural uma cláusula que obriga os concessionários a realizar despesas em Pesquisa e Desenvolvimento (P&D) equivalentes a 1% da receita bruta dos campos que pagam Participação Especial, sendo que pelo menos 50% desse valor deve ser investido em universidades ou institutos de pesquisa credenciados pela ANP.",1.0,1.0,37,68,3
1719,Qual é o objetivo da realização do Plano Plurianual de Estudos de Geologia e Geofísica pela ANP?,SUCCESS,"desenho de novos projetos que, em 2013, terão como desdobramento a realização da 11a Rodada de Licitações de Blocos","O objetivo da realização do Plano Plurianual de Estudos de Geologia e Geofísica pela ANP é melhorar o conhecimento sobre as bacias sedimentares de interesse para a indústria de petróleo e gás natural, de modo a subsidiar políticas públicas, estimular a pesquisa e o desenvolvimento tecnológico, e apoiar o planejamento e a realização de rodadas de licitações de blocos para exploração e produção de petróleo e gás.",1.0,1.0,"O objetivo do Plano Plurianual de Estudos de Geologia e Geofísica pela ANP é aprimorar o conhecimento sobre as bacias sedimentares brasileiras de interesse para a indústria de petróleo e gás, estimulando pesquisa, desenvolvimento tecnológico e colaboração entre diferentes atores do setor.",1.0,1.0,37,70,2
1720,"O que deve ser feito com pelo menos 50% dos recursos provenientes das Despesas Qualificadas como Pesquisa e Desenvolvimento nos setores de petróleo, gás natural e biocombustíveis?",SUCCESS,investidos em universidades ou institutos de pesquisa credenciados pela ANP,"Pelo menos 50% dos recursos provenientes das Despesas Qualificadas como Pesquisa e Desenvolvimento nos setores de petróleo, gás natural e biocombustíveis devem ser investidos em universidades ou institutos de pesquisa credenciados pela ANP.",1.0,1.0,"Pelo menos 50% dos recursos provenientes das Despesas Qualificadas como Pesquisa e Desenvolvimento nos setores de petróleo, gás natural e biocombustíveis devem ser investidos em universidades ou institutos de pesquisa credenciados pela ANP.",1.0,1.0,34,59,3
1721,Quais são os atores envolvidos na melhoria do conhecimento sobre as bacias sedimentares no Brasil?,SUCCESS,"a esfera pública, empresas petrolíferas, empresas de aquisição de dados, empresas fornecedoras da cadeia de petróleo e gás, universidades e instituições de pesquisa","Os atores envolvidos na melhoria do conhecimento sobre as bacias sedimentares no Brasil são: a esfera pública, empresas petrolíferas, empresas de aquisição de dados, empresas fornecedoras da cadeia de petróleo e gás, universidades e instituições de pesquisa.",1.0,1.0,"Os principais atores envolvidos na melhoria do conhecimento sobre as bacias sedimentares no Brasil são: a Agência Nacional do Petróleo, Gás Natural e Biocombustíveis (ANP), a esfera pública, empresas petrolíferas, empresas de aquisição de dados, fornecedores da cadeia de petróleo e gás, universidades e instituições de pesquisa.",1.0,1.0,29,48,3
1722,Quais leilões serão realizados em 2013 como desdobramento do Plano Plurianual de Estudos de Geologia e Geofísica?,SUCCESS,um leilão específico para áreas com potencial para a produção de gás natural e do primeiro leilão do pré-sal,"Em 2013, como desdobramento do Plano Plurianual de Estudos de Geologia e Geofísica, serão realizados: a 11ª Rodada de Licitações de Blocos, um leilão específico para áreas com potencial para produção de gás natural e o primeiro leilão do pré-sal.",1.0,1.0,"Em 2013, como desdobramento do Plano Plurianual de Estudos de Geologia e Geofísica, serão realizados:  
- a 11ª Rodada de Licitações de Blocos,  
- um leilão específico para áreas com potencial para a produção de gás natural,  
- e o primeiro leilão do pré-sal.",1.0,1.0,36,65,3
1723,Qual é a importância das novas tecnologias para o sucesso dos empreendimentos na indústria de petróleo e gás natural?,SUCCESS,o desenvolvimento de novas tecnologias se reveste de importância fundamental para o sucesso dos empreendimentos,"As novas tecnologias são fundamentais para o sucesso dos empreendimentos na indústria de petróleo e gás natural, pois permitem enfrentar desafios em diferentes ambientes geológicos, melhorar o conhecimento das bacias sedimentares e aumentar a eficiência e produtividade do setor. Além disso, políticas públicas como a exigência de investimentos em pesquisa e desenvolvimento, impulsionados pela ANP, incentivam inovação tecnológica, contribuindo diretamente para o avanço e competitividade da indústria.",1.0,1.0,"As novas tecnologias são fundamentais para o sucesso dos empreendimentos na indústria de petróleo e gás natural porque permitem superar desafios em diferentes ambientes geológicos, ampliam o conhecimento sobre bacias sedimentares e viabilizam novos projetos e leilões, como o pré-sal. Além disso, políticas públicas como a exigência de investimentos em Pesquisa e Desenvolvimento (P&D) estimulam a inovação tecnológica, fator essencial para a competitividade e sustentabilidade do setor.",1.0,1.0,31,58,3
1724,"Qual é a política pública introduzida pela ANP em 1998 que visa a estimular a pesquisa e desenvolvimento nos setores de petróleo, gás natural e biocombustíveis?",SUCCESS,"a introdução pela ANP, desde 1998, nos contratos para exploração e produção de petróleo e gás natural, de uma cláusula que obriga os concessionários a realizar Despesas Qualificadas como Pesquisa e Desenvolvimento equivalentes a 1% da receita bruta dos campos que pagam Participação Especial","A política pública introduzida pela ANP em 1998 é a cláusula contratual que obriga os concessionários a investir em Pesquisa e Desenvolvimento (P&D) 1% da receita bruta dos campos que pagam Participação Especial, sendo pelo menos 50% deste valor destinado a universidades ou institutos de pesquisa credenciados pela ANP.",1.0,1.0,"A política pública introduzida pela ANP em 1998 foi a inclusão de uma cláusula de Pesquisa e Desenvolvimento (P&D) nos contratos de exploração e produção de petróleo e gás natural, obrigando os concessionários a investir em P&D o equivalente a 1% da receita bruta dos campos que pagam Participação Especial, sendo pelo menos 50% desse valor destinado a universidades ou institutos de pesquisa credenciados pela ANP.",1.0,1.0,27,42,3
1732,O que constitui um bom marco sismoestratigráfico em quase toda a Bacia de Campos?,SUCCESS,Topo da biozona N-520,O topo da biozona N-520 constitui um bom marco sismoestratigráfico em quase toda a Bacia de Campos.,1.0,1.0,"Um bom marco sismoestratigráfico em quase toda a Bacia de Campos é o topo da biozona N-520 (Oligoceno Inferior), que corresponde a uma zona condensada e superfície de downlap.",1.0,1.0,37,57,3
1733,Qual é o refletor localizado na zona N - 470?,SUCCESS,Topo do Eoceno,O refletor localizado na zona N-470 é o topo do Eoceno.,1.0,1.0,"O refletor localizado na zona N-470 é o topo do Eoceno, que constitui um excelente refletor sismoestratigráfico.",1.0,1.0,38,72,4
1734,O que fez com que o topo do Eoceno Superior não fosse encontrado?,SUCCESS,erosão,O topo do Eoceno Superior não foi encontrado porque a seção correspondente está ausente por erosão na região próxima à Falha de Charneira de Campos.,1.0,1.0,O topo do Eoceno Superior não foi encontrado porque a seção correspondente está ausente por erosão na região próxima à Falha de Charneira de Campos.,1.0,1.0,27,41,2
1735,O que mostra o mapeamento de detalhe realizado para confirmar essa afirmação?,SUCCESS,rochas magmáticas intrusivas e extrusivas,O mapeamento de detalhe confirma a afirmação ao indicar a presença de rochas magmáticas intrusivas e extrusivas também no Cretáceo Superior.,0.75,1.0,"O mapeamento de detalhe confirma a presença de rochas magmáticas intrusivas e extrusivas também no Cretáceo Superior, por meio de amarrações baseadas em dados paleontológicos.",1.0,1.0,36,60,4
1736,Quando Mohriak e outros trabalharam na área de estudo?,SUCCESS,1995,Mohriak e outros trabalharam na área de estudo nos anos de 1992 e 1995.,1.0,1.0,"Mohriak e outros trabalharam na área de estudo nos anos de 1992, 1995 e 2002, conforme as referências ""Mizusaki e Mohriak, 1992"", ""Mohriak et al. 1995"" e ""Mizusaki et al. 2002"" sobre estudos geológicos na Bacia de Campos.",1.0,1.0,34,77,4
1737,Qual refletor datado do Oligoceno Inferior constitui um excelente marco sismoestratigráfico em quase toda a Bacia de Campos?,SUCCESS,Topo da biozona N-520,O refletor datado do Oligoceno Inferior que constitui um excelente marco sismoestratigráfico em quase toda a Bacia de Campos é o topo da biozona N-520.,1.0,1.0,O refletor datado do Oligoceno Inferior que constitui um excelente marco sismoestratigráfico em quase toda a Bacia de Campos é o **refletor N-520** (topo da biozona N-520).,1.0,1.0,25,47,3
1739,Por que a seção correspondente ao Eoceno Superior está ausente?,SUCCESS,erosão,A seção correspondente ao Eoceno Superior está ausente por erosão na região próxima à Falha de Charneira de Campos.,1.0,1.0,A seção correspondente ao Eoceno Superior está ausente devido à erosão na região próxima à Falha de Charneira de Campos.,1.0,1.0,29,48,3
1740,O que o mapeamento de detalhe indica a presença no Cretáceo Superior?,SUCCESS,rochas magmáticas intrusivas e extrusivas,O mapeamento de detalhe indica a presença de rochas magmáticas intrusivas e extrusivas no Cretáceo Superior.,1.0,1.0,O mapeamento de detalhe indica a presença de rochas magmáticas intrusivas e extrusivas no Cretáceo Superior.,1.0,1.0,31,46,3
1741,Quando Mohriak e outros trabalharam juntos?,SUCCESS,1995,"Mohriak e outros trabalharam juntos em 1995, conforme citado: ""Mohriak et al. 1995"".",1.0,1.0,"Mohriak trabalhou junto com Mizusaki em 1992 (Mizusaki e Mohriak, 1992) e com outros autores em 1995 (Mohriak et al., 1995).",1.0,1.0,37,64,3
1742,O que mostra o mapeamento de detalhe realizado para confirmar essa afirmação?,SUCCESS,indica a presença de rochas magmáticas intrusivas e extrusivas,"O mapeamento de detalhe confirma a afirmação ao indicar a presença de rochas magmáticas intrusivas e extrusivas também no Cretáceo Superior, com base em dados paleontológicos.",1.0,1.0,"O mapeamento de detalhe mostra, com base em dados paleontológicos, a confirmação da presença de rochas magmáticas intrusivas e extrusivas também no Cretáceo Superior na Bacia de Campos.",0.75,1.0,29,46,3
1743,Por que a seção correspondente ao Eoceno Superior está ausente?,SUCCESS,erosão na região próxima à Falha de Charneira de Campos,A seção correspondente ao Eoceno Superior está ausente por erosão na região próxima à Falha de Charneira de Campos.,1.0,1.0,A seção correspondente ao Eoceno Superior está ausente devido à erosão na região próxima à Falha de Charneira de Campos.,1.0,1.0,36,62,3
1744,Quais foram as referências utilizadas para o mapeamento detalhado descrito no texto?,SUCCESS,"Mizusaki e Mohriak, 1992; Mohriak et al. 1995; Thomaz Filho e Rodrigues, 1999; Thomaz Filho et al. 2000; Mizusaki et al. 2002","As referências utilizadas para o mapeamento detalhado descrito no texto foram: Mizusaki e Mohriak, 1992; Mohriak et al. 1995; Thomaz Filho e Rodrigues, 1999; Thomaz Filho et al. 2000; Mizusaki et al. 2002.",1.0,1.0,"As referências utilizadas para o mapeamento detalhado descrito no texto foram: Mizusaki e Mohriak, 1992; Mohriak et al., 1995; Thomaz Filho e Rodrigues, 1999; Thomaz Filho et al., 2000; Mizusaki et al., 2002.",1.0,1.0,20,31,3
1745,O que constitui um excelente marco sismoestratigráfico em quase toda a Bacia de Campos?,SUCCESS,"N-520 : esse refletor, datado do Oligoceno Inferior, constitui um","O topo da biozona N-520, datado do Oligoceno Inferior, constitui um excelente marco sismoestratigráfico em quase toda a Bacia de Campos.",0.6666670000000000,1.0,"O topo da biozona N-520, datado do Oligoceno Inferior, constitui um excelente marco sismoestratigráfico em quase toda a Bacia de Campos.",1.0,1.0,34,58,2
1746,O que aconteceu com a seção correspondente ao Eoceno Superior na região próxima à Falha de Charneira de Campos?,SUCCESS,está ausente por erosão,A seção correspondente ao Eoceno Superior está ausente por erosão na região próxima à Falha de Charneira de Campos.,1.0,1.0,A seção correspondente ao Eoceno Superior está ausente por erosão na região próxima à Falha de Charneira de Campos.,1.0,1.0,33,60,4
1747,O que foi utilizado na interpretação das seções sísmicas e perfis de poços disponíveis para o presente trabalho?,SUCCESS,Os resultados dos mapeamentos acima descritos,Foram utilizados os resultados dos mapeamentos de detalhe baseados em dados paleontológicos na interpretação das seções sísmicas e perfis de poços disponíveis.,1.0,1.0,"Foi utilizado o mapeamento de detalhe, baseado em dados paleontológicos, na interpretação das seções sísmicas e perfis de poços disponíveis para o presente trabalho.",1.0,1.0,25,39,3
1748,Em que período geológico ocorreu a presença de rochas magmáticas intrusivas e extrusivas na Bacia de Campos?,SUCCESS,Cretáceo Superior,A presença de rochas magmáticas intrusivas e extrusivas na Bacia de Campos ocorreu no Cretáceo Superior.,1.0,1.0,A presença de rochas magmáticas intrusivas e extrusivas na Bacia de Campos ocorreu no Cretáceo Superior.,1.0,1.0,34,60,3
1749,O que é um refletor no contexto do texto?,SUCCESS,um excelente marco sismoestratigráfico,"No contexto do texto, um ""refletor"" é uma superfície ou horizonte geológico que gera uma forte reflexão nas seções sísmicas, sendo usado como referência na interpretação de dados sísmicos e correlação de camadas estratigráficas.",1.0,1.0,"No contexto do texto, um refletor é uma superfície ou horizonte nas seções sísmicas que gera uma forte reflexão das ondas sísmicas, servindo como um marco sismoestratigráfico importante para a interpretação geológica, como exemplificado pelo topo do Eoceno e o topo da biozona N-520.",1.0,1.0,39,67,4
1750,Qual é a importância do topo da bio-zona N-470?,SUCCESS,coincide com o topo da bio-zona N-470 e também constitui um excelente refletor,"O topo da bio-zona N-470 é importante porque coincide com o topo do Eoceno e constitui um excelente refletor nas interpretações sísmicas, servindo como referência estratigráfica na Bacia de Campos.",1.0,1.0,"O topo da bio-zona N-470 é importante porque coincide com o topo do Eoceno, que constitui um excelente refletor sísmico utilizado como referência na interpretação de seções sísmicas e perfis de poços na Bacia de Campos.",1.0,1.0,35,55,4
1751,O que aconteceu com a seção correspondente ao Eoceno Superior na região da Falha de Charneira de Campos?,SUCCESS,está ausente por erosão,A seção correspondente ao Eoceno Superior está ausente por erosão na região próxima à Falha de Charneira de Campos.,1.0,1.0,A seção correspondente ao Eoceno Superior está ausente na região da Falha de Charneira de Campos devido à erosão.,1.0,1.0,28,50,3
1752,Como os resultados dos mapeamentos foram utilizados?,SUCCESS,na interpretação das seções sísmicas e perfis de poços disponíveis para o presente trabalho,Os resultados dos mapeamentos foram utilizados na interpretação das seções sísmicas e perfis de poços disponíveis para o presente trabalho.,1.0,1.0,Os resultados dos mapeamentos foram utilizados na interpretação das seções sísmicas e nos perfis de poços disponíveis para o trabalho.,1.0,1.0,31,55,3
1753,Quem descreveu os estratos de vertebrados fósseis?,SUCCESS,"Price apud Bortoluzzi e Barberena,",Barberena foi quem descreveu os estratos de vertebrados fósseis.,1.0,0.0,Barberena descreveu os estratos de vertebrados fósseis.,1.0,1.0,24,38,3
