question_id,question,expected_answer,answer,answer_relevancy_score,faithfulness_score,answer_relevancy_reason,faithfulness_reason,source_file,error
1292,O que representa a fácies sísmica interpretada?,sedimentos clásticos finos,"A fácies sísmica interpretada representa um conjunto de características visíveis em dados sísmicos que refletem variações nos parâmetros físicos e geológicos do subsolo. Essas características podem incluir variações na amplitude, continuidade, frequência e forma das ondas sísmicas, permitindo inferir a natureza das rochas, a estratigrafia e os ambientes deposicionais da área estudada.",1.0,1.0,"The score is 1.00 because the answer is perfectly relevant with no irrelevant statements, showcasing a strong understanding of the subject!","The score is 1.00 because there are no contradictions, showing a perfect alignment between the actual output and the retrieval context. Excellent job!",input\georegis\dataset.json,
1304,O que guia a curva vertical de proporções na matriz de proporções para a unidade genética superior do reservatório de Namorado?,respectiva fácies sísmica,"A curva vertical de proporções na matriz de proporções para a unidade genética superior do reservatório de Namorado é guiada pelos contatos estratigráficos e pelas variações litológicas, que influenciam a distribuição de porosidade e permeabilidade dentro do reservatório.",1.0,0.5,A pontuação é 1.00 porque a resposta aborda diretamente a questão sem incluir declarações irrelevantes. Excelente trabalho em manter o foco e relevância!,"The score is 0.50 because the actual output incorrectly states that the vertical curve proportions are guided by stratigraphic contacts and lithological variations, when it should be guided by the respective seismic facies.",input\georegis\dataset.json,
1305,Qual fácies sísmica é interpretada como sedimentos clásticos finos na matriz de proporções?,verde,"A fácies sísmica que geralmente é interpretada como sedimentos clásticos finos na matriz de proporções é a ""fácies paralela"" ou ""fácies de baixa amplitude"". Essa fácies é caracterizada por refletores contínuos e de baixa amplitude, correspondendo a camadas de sedimentos finos, como silte e argila.",0.75,1.0,"The score is 0.75 because the main focus was on describing seismic facies, which is somewhat relevant. However, the lack of specific focus on fine clastic sediments in the proportion matrix limits its higher relevance.",The score is 1.00 because there are no contradictions between the actual output and the retrieval context. Keep up the excellent work!,input\georegis\dataset.json,
1306,O que é utilizado para distribuir no volume do reservatório as CPVs conhecidas somente nos poços?,conceito de fácies sísmicas,"Para distribuir no volume do reservatório as CPVs (Condições Petrofísicas Variantes) conhecidas somente nos poços, utiliza-se a modelagem geoestatística. Ferramentas como krigagem ou co-krigagem são métodos estatísticos comuns utilizados para interpolar e extrapolar dados dos poços para todo o reservatório.",0.8,0.5,"The score is 0.80 because while the answer repeats relevant information, it fails to address the specific method used for distribution of CPVs within the reservoir volume, causing it to slightly miss complete relevance.","The score is 0.50 because the actual output incorrectly states that geoestatistical modeling is used, whereas the contradiction specifies that a proportion matrix is used to distribute the CPVs known only in the wells in the reservoir volume.",input\georegis\dataset.json,
1309,O que é a matriz de proporções na construção de uma matriz de proporções de litotipos?,uma ferramenta muito importante para capturar o comportamento espacial dos litotipos,"A matriz de proporções na construção de uma matriz de proporções de litotipos é uma tabela que quantifica a proporção de diferentes tipos de rochas ou materiais (litotipos) em amostras geológicas ou em um modelo geológico. Essa matriz ajuda a entender a composição e a distribuição dos litotipos em uma determinada área, sendo fundamental para estudos de caracterização de reservatórios, mapeamento geológico, e modelagem de propriedades petrofísicas.",0.5,1.0,"The score is 0.50 because while the answer touches on relevant topics related to matrices, it includes several statements that do not directly address what a 'matriz de proporções' specifically is, such as geological mapping and reservoir characterization, hence limiting its relevancy.","The score is 1.00 because the actual output is completely aligned with the retrieval context, showcasing perfect faithfulness. Great job!",input\georegis\dataset.json,
1310,O que é interpretado como arenitos muito porosos na região que domina o amarelo?,a curva vertical de proporções é guiada pela respectiva fácies sísmica,"A expressão ""arenitos muito porosos na região que domina o amarelo"" sugere a interpretação de formações geológicas em uma representação gráfica ou mapa, onde a cor amarela indica a presença de arenitos com alta porosidade. Isso significa que a área em amarelo é caracterizada por rochas sedimentares que possuem espaços porosos significativos, capazes de armazenar fluidos como água, óleo ou gás.",1.0,1.0,The score is 1.00 because the response perfectly addresses the question without any irrelevant statements. Fantastic job!,"The score is 1.00 because the actual output is perfectly faithful to the retrieval context, with no contradictions present. Great job maintaining accuracy!",input\georegis\dataset.json,
1320,Qual é a área da Bacia do Espírito Santo?,41.500 km2,A Bacia do Espírito Santo tem uma área de aproximadamente 25.000 km².,1.0,0.0,The score is 1.00 because every part of the answer directly addressed the question about the area of the Bacia do Espírito Santo. Great job!,"The score is 0.00 because the actual output incorrectly states the area of the Bacia do Espírito Santo as 25,000 km², while it should be approximately 41,500 km² according to the retrieval context.",input\georegis\dataset.json,
1325,Qual é o limite leste da Bacia do Espírito Santo?,crosta continental/oceânica,O limite leste da Bacia do Espírito Santo é o Oceano Atlântico.,1.0,0.0,The score is 1.00 because the response completely focused on the question without any irrelevant statements. Keep up the great work!,"The score is 0.00 because the actual output incorrectly states that the eastern boundary of the Espírito Santo Basin coincides directly with the Atlantic Ocean, whereas it actually coincides with the boundary between continental and oceanic crust.",input\georegis\dataset.json,
1327,Qual é a largura da plataforma continental?,240 km na porção centro-norte,"A largura da plataforma continental varia bastante ao redor do mundo, mas geralmente pode se estender de alguns quilômetros até cerca de 200 quilômetros da costa. Em algumas regiões, pode até ser mais ampla.",1.0,1.0,The score is 1.00 because the output is fully relevant and perfectly addresses the question without any irrelevant information. Great job!,"The score is 1.00 because there are no contradictions, indicating the actual output is perfectly aligned with the retrieval context. Great job!",input\georegis\dataset.json,
1333,A que se refere a fronteira leste da Bacia do Espírito Santo?,crosta continental/oceânica,"A fronteira leste da Bacia do Espírito Santo refere-se ao limite leste dessa bacia sedimentar localizada na plataforma continental adjacente ao estado do Espírito Santo, Brasil, que se estende até a parte mais profunda do oceano Atlântico.",1.0,0.5,"The score is 1.00 because the response was perfectly relevant and focused, addressing the query effectively. Great job!","The score is 0.50 because the actual output incorrectly suggests that the eastern border is specifically along the adjacent continental platform, whereas the retrieval context clarifies it coincides with the continental/oceanic crust limit.",input\georegis\dataset.json,
1338,Quantos quilômetros de área a Bacia do Espírito Santo tem a ver com a bacia terrestre?,3.000,"A Bacia do Espírito Santo, uma bacia sedimentar localizada na costa sudeste do Brasil, abrange uma área de aproximadamente 150 mil quilômetros quadrados.",0.6666666666666666,0.0,"The score is 0.67 because while the response attempts to address the area of the Bacia do Espírito Santo, it includes irrelevant classification information not directly related to the bacia terrestre, affecting its relevancy.","The score is 0.00 because the area of the Bacia do Espírito Santo is stated as 41,500 km², contradicting the actual output which mentioned 150,000 km².",input\georegis\dataset.json,
1339,O que evidencia a fisiografia do Banco de Abrolhos?,alargamento da plataforma continental,"A fisiografia do Banco de Abrolhos é evidenciada principalmente por sua formação de recifes de coral, bancos arenosos e a presença de numerosas ilhas e ilhotas. Este ambiente marinho é marcado pela biodiversidade e pelas estruturas conhecidas como chapeirões, que são recifes de coral em formato de cogumelo.",1.0,1.0,The score is 1.00 because the answer is perfectly relevant to the question without any irrelevant statements. Great job on maintaining focus and providing a highly relevant response!,The score is 1.00 because there are no contradictions. Great job ensuring the actual output perfectly aligns with the retrieval context!,input\georegis\dataset.json,
1346,O que atribui à bacia uma fisiografia particular?,"A existência do Banco de Abrolhos,","A fisiografia particular de uma bacia é atribuída a fatores como topografia, geologia, clima, hidrologia e vegetação. Esses elementos determinam a forma, o relevo, a rede de drenagem e os padrões de erosão e sedimentação, conferindo características únicas à bacia.",0.6666666666666666,1.0,"The score is 0.67 because while the answer provides some relevant insights about the basin's characteristics, it lacks clarity and specifics on how the mentioned features confer a distinct physiography to the basin, resulting in some vagueness and missed connections.",The score is 1.00 because there are no contradictions. Great job on aligning the actual output perfectly with the retrieval context!,input\georegis\dataset.json,
1349,O que este trabalho enfatiza em relação à Bacia do Espírito Santo?,a cronoestratigrafia,"Desculpe, não consigo fornecer informações específicas sobre esse trabalho ou tema sem mais detalhes.",1.0,1.0,O score é 1.00 porque a resposta não contém enunciados irrelevantes e está totalmente alinhada com o que foi pedido no input. Excelente trabalho!,"The score is 1.00 because there are no contradictions, which means the actual output is perfectly aligned with the retrieval context. Great job!",input\georegis\dataset.json,
1352,Onde a Bacia do Espírito Santo está situada?,no Estado do Espírito Santo,"A Bacia do Espírito Santo está situada na região costeira do estado do Espírito Santo, no sudeste do Brasil, estendendo-se para a área offshore no Oceano Atlântico.",1.0,1.0,The score is 1.00 because the response was perfectly relevant and addressed the input query directly and accurately. Great job!,"The score is 1.00 because there are no contradictions, ensuring the output is perfectly aligned with the retrieval context. Great job!",input\georegis\dataset.json,
1353,Quais são os limites da Bacia do Espírito Santo?,"a sul com a Bacia de Campos, através do Alto de Vitória, e a norte com a Bacia de Mucuri","A Bacia do Espírito Santo é delimitada ao norte pela Bacia de Campos, ao sul pela Bacia de Mucuri, a oeste pelo continente e a leste pela plataforma continental em direção ao oceano Atlântico.",1.0,0.5,The score is 1.00 because the output directly addresses the question without any irrelevant information. Great job maintaining focus!,"The score is 0.50 because the actual output incorrectly identifies the spatial delimitations of the Bacia do Espírito Santo. It mistakenly states that the northern boundary is the Bacia de Campos and the southern boundary is the Bacia de Mucuri, instead of the correct delimitations from the retrieval context.",input\georegis\dataset.json,
1390,O que poderia ser considerado compatível com a cinemática definida pelos outros elementos estruturais?,a condição de obliqüidade constante,"Elementos estruturais podem ser considerados compatíveis com a cinemática quando suas deformações e movimentações respeitam os vínculos e condições de contorno do sistema em que estão inseridos, garantindo que não ocorram incompatibilidades de conexão, esforços excessivos ou falhas nas junções. Em suma, a compatibilidade cinemática implica que todos os componentes do sistema estrutural se movem de maneira coerente e controlada em relação aos outros.",0.8,1.0,"The score is 0.80 because the response addresses compatibility with the structural elements' kinematics. However, it includes a statement about efforts and failures in junctions, which is not directly relevant to the main question.",The score is 1.00 because there are no contradictions present. Great job maintaining consistency!,input\georegis\dataset.json,
1391,O que sugere que a evolução direcional posterior à nucleação frontal da zona de falha desenvolva uma evolução direcional posterior à nucleação frontal?,secciona-mento da zona de falha de Perimbó,"A evolução direcional posterior à nucleação frontal da zona de falha indica que, após a iniciação de um rompimento ou deslocamento ao longo da falha, o movimento subsequente tende a seguir uma trajetória predefinida ou determinada por condições tectônicas, estresse local e características materiais da falha. Essa evolução pode ser influenciada por fatores como a geometria da falha, heterogeneidades no material ao redor e o acúmulo de tensões no tempo.",0.5,1.0,"The score is 0.50 because the statement touches on the topic but fails to address the specific suggestion of directional evolution following frontal nucleation, leading to partial relevancy.",The score is 1.00 because there are no contradictions between the actual output and the retrieval context. Great job maintaining alignment!,input\georegis\dataset.json,
1398,Quais regimes produziriam uma rotação progressiva dos indicadores cinemáticos?,oblíquo ou transpressivo,"Regimes dissipativos, como atrito ou resistência do ar, podem produzir uma rotação progressiva dos indicadores cinemáticos.",1.0,1.0,The score is 1.00 because the response was perfectly relevant and addressed the question succinctly. Great job!,"The score is 1.00 because there are no contradictions, indicating the actual output is perfectly faithful to the retrieval context. Great job!",input\georegis\dataset.json,
1401,Qual é a base para quantificar o encurtamento?,"um marcador linear, paralelo à direção de compressão máxima","A base para quantificar o encurtamento geralmente envolve medir a redução em comprimento ou duração em comparação com um estado ou tamanho original. Isso pode ser feito usando métricas específicas como porcentagem de redução, diferença absoluta ou outras medidas apropriadas ao contexto, como tempo, comprimento ou quantidade.",1.0,0.5,The score is 1.00 because the answer is directly relevant and perfectly addresses the question without any irrelevant statements. Great job staying focused!,"The score is 0.50 because the actual output inaccurately connects the concept of quantifying shortening to a general reduction in length or duration, whereas it should relate to a linear marker parallel to the direction of maximum compression.",input\georegis\dataset.json,
1402,Quais são os dois regimes que produziriam uma rotação progressiva dos indicadores cinemáticos?,oblíquo ou transpressivo,Os dois regimes que produziriam uma rotação progressiva dos indicadores cinemáticos são a submissão a um cisalhamento puro ou a um cisalhamento simples.,1.0,1.0,The score is 1.00 because the answer is fully relevant; keep up the great work!,"The score is 1.00 because there are no contradictions. The actual output aligns perfectly with the retrieval context, which is fantastic!",input\georegis\dataset.json,
1406,Qual é a direção do vetor tectônico na primeira fase de deformação?,de SE para NW,"A direção do vetor tectônico na primeira fase de deformação pode variar dependendo do contexto tectônico específico da região em questão. Em geral, a direção é determinada por estudos geológicos e geofísicos, analisando a orientação de falhas, dobras e outros indicadores estruturais. Portanto, é necessário consultar estudos regionais para obter uma resposta precisa.",1.0,0.6666666666666666,The score is 1.00 because the answer perfectly addresses the question without any irrelevant statements. Great job!,"The score is 0.67 because the actual output incorrectly describes the evolution of the first deformation phase as involving a tectonic vector from SE to NW, while the retrieval context suggests no such directional variation under specific contexts.",input\georegis\dataset.json,
1407,O que sugere o seccionamento da zona de falha de Perimbó pelas falhas transcorrentes?,uma evolução direcional posterior à nucleação frontal da referida zona de falha,"O seccionamento da zona de falha de Perimbó por falhas transcorrentes sugere que há movimento lateral significativo entre blocos de rocha, indicando atividade tectônica na região. Essa interação pode influenciar a distribuição e a magnitude de tensões geológicas, além de afetar a sismicidade local.",1.0,1.0,The score is 1.00 because the response perfectly addresses the input query without any irrelevant statements. Great job on providing a focused answer!,"The score is 1.00 because there are no contradictions, indicating that the actual output is perfectly faithful to the retrieval context. Great job!",input\georegis\dataset.json,
1412,O que a hipótese b sugere que deveria ocorrer também?,uma dispersão dos valores de acamamento,"A hipótese B geralmente sugere uma consequência ou resultado que deve ocorrer se a hipótese for verdadeira. No entanto, sem detalhes específicos sobre o contexto da ""hipótese B"", não posso fornecer uma resposta mais precisa.",1.0,1.0,The score is 1.00 because the answer is completely relevant and directly addresses the input without any irrelevant statements. Great job!,"The score is 1.00 because there are no contradictions, indicating that the actual output perfectly aligns with the retrieval context. Great job on maintaining accuracy and coherence!",input\georegis\dataset.json,
1413,Qual é a condição que a hipótese c considera constante em toda a área?,a condição de obliqüidade,A hipótese C considera que a vorticidade relativa é constante em toda a área.,1.0,0.0,"The score is 1.00 because the answer was completely relevant to the input, addressing the question without including any unrelated information. Great job!","The score is 0.00 because the actual output incorrectly states that the hypothesis C considers relative vorticity, while the context specifies that it considers the condition of obliquity constant.",input\georegis\dataset.json,
1414,Qual é o nome da descontinuidade crustal?,"Arco de São Mateus,","A descontinuidade crustal é chamada de descontinuidade de Mohorovičić, ou simplesmente Moho.",1.0,1.0,O score é 1.00 porque a resposta fornecida é completamente relevante e aborda exatamente o que foi perguntado. Excelente trabalho mantendo o foco na questão!,"The score is 1.00 because there are no contradictions, demonstrating a perfect alignment with the retrieval context. Great job!",input\georegis\dataset.json,
1415,Qual é a idade do fragmento máfico?,"69,4 ± 1,3 Ma, geocro-nologicamente compatível","A idade de um fragmento máfico pode variar amplamente, pois depende do contexto geológico específico em que foi formado. Esses fragmentos podem ser tão antigos quanto várias centenas de milhões de anos. Para determinar a idade precisa, seria necessário realizar técnicas de datação geocronológica, como a datação radiométrica.",1.0,1.0,The score is 1.00 because the answer perfectly addresses the question with no irrelevant statements. Great job!,"The score is 1.00 because there are no contradictions, indicating perfect alignment between the actual output and the retrieval context. Fantastic work!",input\georegis\dataset.json,
1416,Qual é a sequência vulcanoclástica da Fm. Rio Doce?,Abrolhos,"A sequência vulcanoclástica da Formação Rio Doce é composta por depósitos vulcânicos e sedimentares associados a processos eruptivos e de deposição em ambiente subaéreo e/ou aquático. Inclui fluxos piroclásticos, tufos, brechas e aglomerados, intercalados com sedimentos clásticos que indicam uma complexa interação entre atividade vulcânica e deposição sedimentar.",1.0,1.0,"The score is 1.00 because the response is perfectly relevant, with all statements directly addressing the question about the vulcanoclastic sequence of the Fm. Rio Doce. Great job!","The score is 1.00 because there are no contradictions, which means the actual output aligns perfectly with the retrieval context. Great job!",input\georegis\dataset.json,
1426,Qual foi a data de um fragmento mafico de uma rocha?,"69,4 ± 1,3 Ma","A datação de um fragmento máfico de uma rocha não é uma data única aplicável a todas as amostras, pois depende do método utilizado e do contexto geológico. Métodos como datação radiométrica (por exemplo, potássio-argônio) são usados para determinar a idade de formação do fragmento, mas a data exata varia de acordo com a amostra específica.",1.0,1.0,"The score is 1.00 because there are no irrelevant statements in the output, demonstrating excellent alignment with the query.",The score is 1.00 because the actual output is perfectly aligned with the retrieval context. Great job!,input\georegis\dataset.json,
1429,Como é chamada a descontinuidade crustal?,Arco de São Mateus,"A descontinuidade crustal é chamada de descontinuidade de Mohorovičić, ou simplesmente Moho.",1.0,1.0,"The score is 1.00 because the response directly addresses the question without any irrelevant statements, maintaining perfect relevance. Keep up the great work!","The score is 1.00 because there are no contradictions, indicating a perfect alignment with the retrieval context. Fantastic job!",input\georegis\dataset.json,
1430,Qual é a área das rochas piroclásticas ácidas encontradas na região nordeste de Minas Gerais?,75km de comprimento por 25km de largura,"A área específica das rochas piroclásticas ácidas na região nordeste de Minas Gerais não está prontamente disponível. Para informações detalhadas e precisas, seria necessário consultar estudos geológicos ou mapas geológicos específicos dessa região.",0.5,0.5,"The score is 0.50 because the response partially addressed the question by mentioning the unavailability of specific information. However, it lacked direct information regarding the area of acidic pyroclastic rocks in the specified region. The acknowledgment of the unavailable data shows some engagement with the question, preventing a lower score.",The score is 0.50 because the actual output contradicts the retrieval context by misstating the specific area of acidic pyroclastic rocks in northeastern Minas Gerais. It inaccurately describes the area's dimensions and orientation.,input\georegis\dataset.json,
1436,Qual a idade geocronológica indicada pela datação Ar-Ar de um fragmento máfico?,"69,4 ± 1,3 Ma","A idade geocronológica de um fragmento máfico indicada pela datação Ar-Ar pode variar dependendo do contexto geológico. Esse método de datação é usado para determinar idades em milhões de anos, geralmente em minerais como hornblenda ou biotita, que podem estar presentes em rochas máficas. Para responder com precisão, seria necessário ter o resultado específico da análise Ar-Ar realizada no fragmento em questão.",0.8333333333333334,0.75,"The score is 0.83 because the response primarily addresses the question about the Ar-Ar dating of a mafic fragment, but includes an irrelevant point about geological context variations, which slightly detracts from its direct relevance.",The score is 0.75 because the actual output presents an age that is not aligned with the specific dated age of 69.4 ± 1.3 Ma according to the retrieval context.,input\georegis\dataset.json,
1439,"O que controlaria os fenômenos neotectônicos, o padrão de drenagem e a circulação de fluidos na região?","a uma descontinuidade crustal denominada Arco de São Mateus,","Os fenômenos neotectônicos, o padrão de drenagem e a circulação de fluidos em uma região são controlados por fatores como a atividade tectônica recente, a estrutura geológica, a topografia local, a litologia das rochas e a presença de falhas ou fraturas. Além disso, o clima e as forças hidrodinâmicas também influenciam esses processos.",1.0,1.0,The score is 1.00 because the response was completely relevant and addressed the input without any irrelevant statements. Great job on providing a focused and concise answer!,"The score is 1.00 because there are no contradictions, reflecting the closeness and accuracy of the actual output to the retrieval context. Great job!",input\georegis\dataset.json,
1440,Qual é a idade do fragmento máfico mencionado no texto?,"69,4 ± 1,3 Ma","Sinto muito, mas não tenho informações específicas sobre o fragmento máfico mencionado, pois não tenho acesso a um texto específico.",0.3333333333333333,0.5,"The score is 0.33 because the output includes apologies and statements of ignorance that do not address the question regarding the age of the mafic fragment, reducing its relevancy.","The score is 0.50 because the actual output incorrectly claims there is no information on the mafic fragment, whereas the retrieval context provides specific Ar-Ar dating details (69.4 ± 1.3 Ma) for it, indicating a significant misalignment.",input\georegis\dataset.json,
1441,O que é a Fm. Rio Doce?,"arenitos médios a muito grossos, quartzozos, feldspáticos, com cores cinza-esverdeadas, maciços ou com estratificações cruzadas","A FM Rio Doce é uma estação de rádio que transmite programação em frequência modulada (FM). Ela pode ser uma emissora local que fornece música, notícias e outros conteúdos para sua audiência. A localização específica ou detalhes adicionais dependerão do contexto regional em que a rádio opera.",1.0,0.6666666666666666,The score is 1.00 because the answer directly and accurately addressed the question about 'Fm. Rio Doce'. Keep up the excellent work!,"The score is 0.67 because the actual output incorrectly identifies FM Rio Doce as a radio station, while the retrieval context describes it as a geological formation with sediments.",input\georegis\dataset.json,
1442,Como são os sedimentos da Fm. Rio Doce?,"mal selecionados, pouco lamosos e extremamente litificados, com os grãos cimentados por sílica criptocristalina","Os sedimentos da Formação Rio Doce são predominantemente compostos de arenitos, siltitos e argilitos. Eles geralmente apresentam características de deposição em ambientes fluviais e deltaicos.",0.5,0.5,"The score is 0.50 because the statement addresses some relevant aspects but includes information about the depositional environment rather than focusing solely on the composition of the sediments, which was the main inquiry.","The score is 0.50 because the actual output incorrectly includes the presence of siltitos and argilitos in the Rio Doce Formation, which were not mentioned in the retrieval context.",input\georegis\dataset.json,
1443,Qual é a direção das rochas piroclásticas ácidas mencionadas por Raposo et al.?,NE-SW,As rochas piroclásticas ácidas mencionadas por Raposo et al. apresentam uma direção N30-60E.,1.0,0.0,The score is 1.00 because the output perfectly matches the input without any irrelevant statements. Excellent job!,"The score is 0.00 because the actual output incorrectly states the direction of acidic pyroclastic rocks as N30-60E, while the retrieval context specifies a NE-SW direction.",input\georegis\dataset.json,
1445,Qual é a coluna de hidrocarbonetos constatada?,"255 m,","A coluna de hidrocarbonetos refere-se à espessura de uma formação geológica saturada com hidrocarbonetos, como petróleo e gás natural, entre camadas impermeáveis. É medida verticalmente, do topo da formação até sua base, onde os hidrocarbonetos estão presentes.",0.4,1.0,"The score is 0.40 because while the answer confirms the presence of hydrocarbons and discusses geological stratification, it lacks in specifying which column of hydrocarbons is observed, making it partially relevant.","The score is 1.00 because the actual output perfectly aligns with the retrieval context, with no contradictions at all. Keep up the great work!",input\georegis\dataset.json,
1446,O que foi adotado para identificar a constância dos reservatórios?,a subdivisão em zonas produtoras diferenciadas,"Foi adotado o uso de medições regulares de nível de água, monitoramento via satélites e sensores remotos, além de análises de dados hidrológicos e meteorológicos para identificar a constância dos reservatórios.",1.0,1.0,"The score is 1.00 because the response was perfectly on point with no irrelevant statements, showcasing a clear and accurate understanding of the question.",The score is 1.00 because there are no contradictions. Great job on achieving perfect alignment!,input\georegis\dataset.json,
1449,Qual é o tamanho da coluna de hidrocarbonetos constatada?,255 m,"O tamanho da coluna de hidrocarbonetos pode variar dependendo do contexto ou do campo petrolífero específico a que você se refere. Para fornecer uma resposta precisa, seria necessário detalhes adicionais sobre o local ou a descoberta específica que você está mencionando.",0.5,1.0,"The score is 0.50 because the response didn't provide a direct answer to the size question, instead suggesting a need for additional information and referring to unrelated specifics like location or discovery details.","The score is 1.00 because the actual output aligns perfectly with the retrieval context, without any contradictions. Great job!",input\georegis\dataset.json,
1451,Qual foi o valor preditivo de porosidade previsto?,7%,"Desculpe, mas eu não tenho acesso a dados ou previsões sobre o valor preditivo de porosidade.",1.0,1.0,The score is 1.00 because every component of the answer was relevant and appropriately addressed the input effectively. Great job!,"The score is 1.00 because the actual output perfectly aligns with the retrieval context, demonstrating exceptional faithfulness.",input\georegis\dataset.json,
1454,O que a PETROBRÁS descobriu com o poço pioneiro 1 - PRS - 4?,a acumulação de hidrocarbonetos do Campo de Tubarão,"O poço pioneiro 1-PRS-4, perfurado pela Petrobras, foi responsável pela descoberta do campo de petróleo de Garoupa, na Bacia de Campos, em 1974. Esta descoberta foi um marco importante para a indústria de petróleo no Brasil.",1.0,0.5,The score is 1.00 because the actual output was perfectly relevant and addressed the input question comprehensively. Excellent job!,"The score is 0.50 because the actual output incorrectly attributes the discovery of the Garoupa field to the 1-PRS-4 well in 1974, while the retrieval context mentions hydrocarbons were discovered at the Tubarão Field in 1988, with no reference to Garoupa or the year 1974.",input\georegis\dataset.json,
1456,Onde as rochas do reservatório de Tubarão se encontram?,Guarujá Inferior,"As rochas do reservatório da Formação Tubarão estão localizadas principalmente na Bacia do Paraná, no Brasil.",1.0,1.0,The score is 1.00 because the answer perfectly addresses the input question without any irrelevant information. Great job!,"The score is 1.00 because there are no contradictions, demonstrating impeccable alignment between the actual output and the retrieval context. Keep up the great work!",input\georegis\dataset.json,
1458,Qual foi o valor preditivo de porosidade?,7%,"O valor preditivo de porosidade depende do contexto geológico e industrial, especialmente em campos como a engenharia de petróleo e a geologia. A porosidade é crucial para determinar a capacidade de uma rocha armazenar fluidos, como petróleo e água. É usada para estimar a reserva de hidrocarbonetos em um reservatório, influenciando diretamente a viabilidade econômica da exploração. Ela também afeta a permeabilidade, informando sobre o fluxo de fluidos através da rocha. Sem dados ou contextos específicos, não há um ""valor preditivo"" fixo, mas ela é essencial na modelagem e avaliação de reservatórios.",0.8571428571428571,0.8,"The score is 0.86 because the response is mostly relevant but lacks a specific numerical value as requested, preventing it from scoring higher.","The score is 0.80 because the actual output likely presented porosity values that did not align with the specified predictive values of around 7%, indicating some faithfulness issues.",input\georegis\dataset.json,
1464,O que a continuidade do processo de exploração permitiu identificar a constância?,reservatórios,"A continuidade do processo de exploração permite identificar a constância ao revelar padrões e tendências consistentes ao longo do tempo. Isso ajuda a distinguir entre variações momentâneas e comportamentos persistentes, facilitando a compreensão e a previsão de fenômenos observados.",1.0,1.0,The score is 1.00 because the answer is perfectly relevant and addresses the input question without any irrelevant statements. Great job!,"The score is 1.00 because the actual output perfectly aligns with the retrieval context, demonstrating complete faithfulness.",input\georegis\dataset.json,
1468,A que profundidade foram identificadas as rochas-reservatório do Campo de Tubarão?,a partir de -4 540 m,As rochas-reservatório do Campo de Tubarão foram identificadas a profundidades de aproximadamente 2.500 a 3.000 metros.,1.0,0.0,A pontuação é 1.00 porque a resposta foi completamente relevante e não continha informações irrelevantes. Continue assim!,"The score is 0.00 because the actual output incorrectly states that the reservoir rocks were identified between 2,500 to 3,000 meters when they were actually identified starting from -4,540 meters, demonstrating a significant contradiction with the retrieval context.",input\georegis\dataset.json,
1469,Qual foi a coluna de hidrocarbonetos constatada no Campo de Tubarão?,255 m,A coluna de hidrocarbonetos constatada no Campo de Tubarão foi de 290 metros.,1.0,0.0,The score is 1.00 because the answer is perfectly relevant. Great job on providing precise information!,"The score is 0.00 because the actual output incorrectly claims the hydrocarbon column measured 290 meters, whereas the retrieval context states it was 255 meters.",input\georegis\dataset.json,
1471,"Quais códigos foram utilizados para os reservatórios da porção superior, média e inferior da acumulação no Campo de Tubarão?","B1, B2 e B3","Os códigos utilizados para os reservatórios da acumulação no Campo de Tubarão são P1 para a porção superior, P2 para a porção média e P3 para a porção inferior.",1.0,0.0,The score is 1.00 because the response perfectly addressed the question without any irrelevant information. Excellent job at ensuring complete relevancy!,"The score is 0.00 because the actual output incorrectly labels the reservoirs in the Tubarão Field as P1, P2, and P3 instead of the correct codes B1, B2, and B3.",input\georegis\dataset.json,
1473,Em que profundidade foi identificada a seqüência carbonática Guarujá Inferior?,-4 540 m,A sequência carbonática Guarujá Inferior foi identificada a uma profundidade de aproximadamente 5.000 metros.,1.0,0.0,"The score is 1.00 because the response is completely relevant and focused on addressing the input question, with no irrelevant statements present. Great job!","The score is 0.00 because the actual output inaccurately claims the Guarujá Inferior carbonate sequence starts at approximately 5,000 meters, contradicting the retrieval context that states it begins at -4,540 meters.",input\georegis\dataset.json,
1474,Qual é a extensão da coluna de hidrocarbonetos encontrada no Campo de Tubarão?,255 m,A extensão da coluna de hidrocarbonetos no Campo de Tubarão é de aproximadamente 1.200 metros.,1.0,0.0,The score is 1.00 because the answer provided perfectly addressed the question without any irrelevant information. Great job!,"The score is 0.00 because the actual output stated that the hydrocarbon column extension in Tubarão Field is 1,200 meters, which directly contradicts the retrieval context stating it is 255 meters.",input\georegis\dataset.json,
1475,Quais são os valores preditivos de porosidade para as rochas-reservatório do Campo de Tubarão?,em torno de 7%,"Não possuo informações específicas sobre os valores preditivos de porosidade para as rochas-reservatório do Campo de Tubarão. Para obter esses dados, é recomendado consultar estudos geológicos ou relatórios técnicos específicos da área.",1.0,0.5,The score is 1.00 because the response is perfectly relevant and effectively addresses the question about porosity predictive values for the Tubarão field reservoir rocks without any irrelevant statements. Great job!,The score is 0.50 because the actual output likely provided predictive values for porosity that differ from the 7% specified in the retrieval context.,input\georegis\dataset.json,
1476,Como os reservatórios do Campo de Tubarão foram subdivididos?,"Utilizaram-se os códigos B1, B2 e B3,","Os reservatórios do Campo de Tubarão foram subdivididos em diferentes compartimentos ou setores baseados em características geológicas, estruturais e de fluido. As subdivisões são feitas para facilitar a gestão do campo, otimizar a produção e entender melhor a distribuição do petróleo e gás. As estratégias específicas de subdivisão variam conforme novos dados são obtidos e estudos são atualizados, podendo incluir a diferenciação por tipo de rocha, pressão e conteúdo de hidrocarbonetos.",1.0,1.0,The score is 1.00 because the answer was perfectly relevant and addressed the input question without any irrelevant statements. Great job!,"The score is 1.00 because the actual output perfectly aligns with the retrieval context, with no contradictions present. Great job!",input\georegis\dataset.json,
1477,Qual é o termo usado para descrever a geologia das seqüências fanerozóicas ocorrentes dentro das fronteiras da Bacia do São Francisco?,Bacia Sanfranciscana,"O termo usado é ""Coberturas Fanerozóicas da Bacia do São Francisco"".",1.0,0.0,A pontuação é 1.00 porque a resposta fornecida é completamente relevante e aborda diretamente a pergunta sobre a geologia das seqüências fanerozóicas na Bacia do São Francisco. Excelente trabalho!,"The score is 0.00 because the term used is 'Bacia Sanfranciscana', not 'Coberturas Fanerozóicas da Bacia do São Francisco'.",input\georegis\dataset.json,
1479,Quantas unidades cretácicas formam chapadas e tabuleiros na Bacia do São Francisco?,Três,"Na Bacia do São Francisco, seis unidades cretácicas formam chapadas e tabuleiros.",1.0,0.0,The score is 1.00 because the response perfectly addressed the question without any irrelevant information. Great job!,"The score is 0.00 because the actual output incorrectly states that there are six continental units forming chapadas and tabuleiros in the Bacia do São Francisco, whereas the retrieval context accurately mentions three.",input\georegis\dataset.json,
1482,Qual é o termo usado para descrever o registro geológico fanerozóico da Bacia do São Francisco?,Bacia Sanfranciscana,"O termo é ""Grupo Bambuí"".",1.0,1.0,The score is 1.00 because the answer is perfectly relevant with no irrelevant statements. Great job!,"The score is 1.00 because there are no contradictions, indicating perfect alignment between the actual output and the retrieval context. Great job!",input\georegis\dataset.json,
1485,Qual é a única seqüência erosional paleozóica que existe em toda a bacia?,O Grupo Santa Fé,"A única sequência erosional paleozóica que é amplamente reconhecida em toda a Bacia do Paraná é a ""Discordância Paraná"", que separa sedimentos devonianos dos carboníferos.",1.0,1.0,The score is 1.00 because the answer provided was completely relevant and on point. Great job!,"The score is 1.00 because there are no contradictions, indicating that the actual output is perfectly aligned with the retrieval context. Great job!",input\georegis\dataset.json,
1487,Qual é o nome da seqüência fanerozóica da Bacia do São Francisco?,Bacia Sanfranciscana,A sequência fanerozóica da Bacia do São Francisco é conhecida como Cobertura Fanerozoica.,1.0,0.0,"The score is 1.00 because the response fully addresses the input with no irrelevant information, demonstrating a perfect understanding of the question. Great job!","The score is 0.00 because the term used for the Phanerozoic sedimentary/volcanic record of the São Francisco Basin is 'Bacia Sanfranciscana', not 'Cobertura Fanerozoica'.",input\georegis\dataset.json,
1489,Que tipo de ambiente tectônico prevalecia durante a sedimentação do Grupo Areado?,distensional,"O Grupo Areado foi depositado predominantemente em um ambiente tectônico de rifte, associado à formação do rifte continental durante a separação inicial dos continentes que formaram o Oceano Atlântico Sul.",0.75,0.6666666666666666,"The score is 0.75 because the answer provides relevant information about the tectonic environment of the Grupo Areado, but includes an irrelevant statement about the formation of the South Atlantic Ocean. This decreases the focus on the specific environment asked in the input.","The score is 0.67 because the actual output inaccurately states that the Grupo Areado was deposited predominantly in a rift environment, while the retrieval context indicates it was in a distensional tectonic setting.",input\georegis\dataset.json,
1493,Qual é o termo para o registro sedimentar fanerozóico da Bacia do São Francisco?,Bacia Sanfranciscana,O termo para o registro sedimentar fanerozóico da Bacia do São Francisco é Supergrupo Bambuí.,1.0,0.0,"Excelente trabalho! A pontuação é 1.00 porque a resposta foi completamente relevante e direta ao ponto, sem qualquer declaração irrelevante.",The score is 0.00 because the actual output incorrectly referred to the sedimentary record as 'Supergrupo Bambuí' instead of the correct term 'Bacia Sanfranciscana' as stated by Sgarbi et al.,input\georegis\dataset.json,
1495,Qual foi o ambiente tectônico prevalente durante a sedimentação do Grupo Areado?,distensional,O ambiente tectônico prevalente durante a sedimentação do Grupo Areado foi o de um rift continental associado à ruptura do supercontinente Gondwana.,1.0,1.0,"The score is 1.00 because the response is perfectly relevant, directly addressing the tectonic environment during the sedimentation of the Areado Group. Outstanding job providing a clear and focused answer!",The score is 1.00 because the actual output aligns perfectly with the retrieval context. Great job!,input\georegis\dataset.json,
1497,Qual é o único remanescente erosional paleozóico de coberturas intracratônicas mais amplas que eventualmente existiu na Bacia do São Francisco?,O Grupo Santa Fé,O único remanescente erosional paleozóico das coberturas intracratônicas mais amplas na Bacia do São Francisco é a Serra do Espinhaço.,1.0,0.0,The score is 1.00 because the response is perfectly relevant and addresses the question concisely and accurately. Great job!,"The score is 0.00 because the actual output incorrectly identifies the Serra do Espinhaço as the only remaining erosional Paleozoic remnant, while the context clearly states it is the Grupo Santa Fé.",input\georegis\dataset.json,
1500,O que o Grupo Santa Fé representa na geologia da Bacia do São Francisco?,o único remanescente erosional paleozóico de coberturas intracratônicas mais amplas,"O Grupo Santa Fé na geologia da Bacia do São Francisco representa uma sequência sedimentar que faz parte do Supergrupo Bambuí. Essa unidade geológica é importante para o estudo da evolução sedimentar e tectônica da região, contendo registros de antigos ambientes deposicionais que ajudam a entender a história geológica do cráton do São Francisco.",1.0,0.6666666666666666,The score is 1.00 because the output is completely relevant and thoroughly addresses the question about the Grupo Santa Fé's representation in the geology of the Bacia do São Francisco. Great job on staying focused and informative!,"The score is 0.67 because the actual output incorrectly includes the Grupo Santa Fé in the Supergrupo Bambuí, while it is actually considered a remanescente erosional paleozóico in the Bacia do São Francisco and not part of the Supergrupo Bambuí.",input\georegis\dataset.json,
1501,Qual a natureza das três unidades cretácicas que formam chapadas e tabuleiros na Bacia do São Francisco?,de natureza continental,"As três unidades cretácicas na Bacia do São Francisco são de natureza sedimentar, compostas principalmente por arenitos, conglomerados e calcários, que formam chapadas e tabuleiros característicos da região.",1.0,0.6666666666666666,"The score is 1.00 because the response is perfectly aligned with the input, addressing all relevant aspects without any irrelevant information. Great job!",The score is 0.67 because the actual output incorrectly describes the Cretaceous units as sedimentary when the context specifies they are of continental nature.,input\georegis\dataset.json,
1502,Qual o ambiente tectônico prevalente durante a sedimentação do Grupo Areado na Bacia do São Francisco?,distensional,O ambiente tectônico prevalente durante a sedimentação do Grupo Areado na Bacia do São Francisco é caracterizado por regimes extensional e de rifteamento.,1.0,1.0,The score is 1.00 because the response directly addressed the question about the tectonic environment during the sedimentation of the Grupo Areado in the São Francisco Basin without any irrelevant statements. Great job on providing a focused and clear answer!,"The score is 1.00 because there are no contradictions, indicating a perfectly faithful alignment with the retrieval context. Great job maintaining accuracy!",input\georegis\dataset.json,
1506,O que os diamictitos/tilitos/fácies tilóides e folhelhos com dropstones basais do Grupo Santa Fé apontam?,para uma unidade crono-correlata aos sedimentos permocarboníferos glaciais do Grupo Itararé da Bacia do Paraná,"Os diamictitos, tilitos, fácies tilóides e folhelhos com dropstones basais do Grupo Santa Fé indicam condições glaciais ou peri-glaciais na área durante o período em que estas formações se depositaram. Estas características geológicas sugerem a presença de gelo e subsequente derretimento, que transportavam e depositavam sedimentos heterogêneos e pedras de queda em um ambiente marinho ou lacustre.",0.8,1.0,"The score is 0.80 because the response mostly addresses the key elements related to the Grupo Santa Fé, like the role of diamictitos, tilitos, and dropstones. However, the mention of an environment as 'marinho ou lacustre' introduces a slightly unrelated context, preventing a higher score.","The score is 1.00 because there are no contradictions, indicating perfect alignment of the actual output with the retrieval context. Great job!",input\georegis\dataset.json,
1508,Em que ambiente tectônico ocorreu a sedimentação do Grupo Areado?,"distensional, provável reflexo intracontinental do quebramento do Supercontinente Gondwana",A sedimentação do Grupo Areado ocorreu em um ambiente tectônico de rift continental.,1.0,0.0,"The score is 1.00 because the output contained no irrelevant statements, perfectly addressing the question about the tectonic environment of sedimentation for the Grupo Areado.","The score is 0.00 because the actual output incorrectly claims the sedimentation environment of the Grupo Areado was a continental rift, while it was actually a distensional environment.",input\georegis\dataset.json,
1542,O que não permite discriminar padrões de terminação de refletores sísmicos na 4a e 5a ordens?,as seções sísmicas disponíveis,A resolução vertical limitada dos dados sísmicos pode não permitir discriminar padrões de terminação de refletores sísmicos na 4ª e 5ª ordens.,0.5,1.0,"The score is 0.50 because the output repeats the context without adding new information to address the question about pattern discrimination in the 4th and 5th orders. Thus, it doesn't fully meet the inquiry made in the input.",The score is 1.00 because there are no contradictions between the actual output and the retrieval context. Great job!,input\georegis\dataset.json,
1543,Quais são as duas ordens que não apresentam conteúdo de resolução suficientemente alto para permitir discriminar padrões de terminação de refletores sísmicos?,4a e 5a,As ordens sub e mesoscópica não apresentam conteúdo de resolução suficientemente alto para discriminar padrões de terminação de refletores sísmicos.,0.5,0.0,The score is 0.50 because the response is too general and did not specifically identify the orders lacking sufficiently high-resolution content needed to distinguish seismic reflector termination patterns.,"The score is 0.00 because the actual output incorrectly states that seismic reflector termination patterns cannot aid in determining stratigraphic surfaces, whereas the context explicitly says they can be used for this purpose.",input\georegis\dataset.json,
1544,"Qual foi a dificuldade de rastrear os refletores e marcadores de um rollover para outro, principalmente no sentido dlp?",intensa halocinese,"Rastrear refletores e marcadores em rollovers no contexto de DLP (Data Loss Prevention) pode ser difícil devido a várias razões: alterações nos dados transmitidos ou armazenados, configurações de rede ou permissões de acesso que mudam entre rollovers, além de possíveis atualizações de software ou reconfigurações de sistemas que tornam o acompanhamento consistente desses elementos um desafio. Além disso, limitações na capacidade das ferramentas de DLP para reconhecer padrões complexos ou novos formatos de dados podem complicar ainda mais o rastreamento eficaz.",1.0,0.3333333333333333,The score is 1.00 because the output was completely relevant and addressed the input thoroughly. Keep up the great work!,"The score is 0.33 because the actual output incorrectly attributes tracking difficulties in the context of DLP, whereas it was about stratigraphic sequences, and it attributes difficulties to software updates instead of seismic resolutions.",input\georegis\dataset.json,
1547,O que as seções sísmicas disponíveis não permitiram discriminar?,padrões de terminação de refletores sísmicos,As seções sísmicas disponíveis não permitiram discriminar claramente entre diferentes tipos de litologias ou fluidos em subsuperfície. Elas também podem ter limitações na identificação de pequenas falhas ou estruturas geológicas complexas.,1.0,1.0,"The score is 1.00 because the answer is perfectly relevant, addressing the input precisely without any irrelevant statements. Great focus!",The score is 1.00 because there are no contradictions; the actual output aligns perfectly with the retrieval context. Well done!,input\georegis\dataset.json,
1552,O que as seções sísmicas disponíveis não permitem discriminar?,padrões de terminação de refletores sísmicos,"As seções sísmicas disponíveis não permitem discriminar entre diferentes tipos de fluidos nos reservatórios, como petróleo, gás ou água.",1.0,1.0,The score is 1.00 because the answer was completely relevant and addressed the query perfectly!,"The score is 1.00 because there are no contradictions, which indicates that the actual output is perfectly aligned with the retrieval context. Great job!",input\georegis\dataset.json,
1555,O que foi dificultado para traçar sequências de alta frequência?,rastreamento dos refletores e marcadores,"A dificuldade em traçar sequências de alta frequência geralmente está relacionada à limitação de tecnologia e infraestrutura para processar grandes volumes de dados em tempo real, além de complexidades no gerenciamento e análise de dados para identificar padrões significativos.",1.0,0.5,The score is 1.00 because the response is perfectly relevant with no irrelevant statements. Great job!,"The score is 0.50 because the actual output incorrectly attributes the difficulty in tracing high-frequency sequences to a limitation of technology and infrastructure, whereas the retrieval context specifies it is due to the challenging tracking of reflectors and markers.",input\georegis\dataset.json,
1556,Quais são os preceitos utilizados para a utilização de um arcabouço estratigráfico de alta frequência na Sequência A?,"Moderna Estratigrafia (Catunea-nu, 2006; Catuneanu et al. 2009, Hunt e Tucker, 1992; VanWagoner et al., 1988; Galloway, 1989; Posamentier e Allen, 1999)","Os preceitos para a utilização de um arcabouço estratigráfico de alta frequência na Sequência A incluem análise de ciclos de deposição em pequena escala, identificação de parasequências e superfícies de inundação, e a aplicação de métodos de correlação de alta resolução para detalhar variações específicas em padrões de deposição.",1.0,0.0,The score is 1.00 because the answer is perfectly relevant and fully addresses the question without any irrelevant statements. Excellent work!,"The score is 0.00 because the actual output fails to acknowledge the challenges posed by the difficult tracking of reflectors and markers due to intense halocinese, which complicates the use of high-resolution correlation methods for the Sequência A.",input\georegis\dataset.json,
1557,Por que a utilização de um arcabouço estratigráfico de alta frequência para a Sequência A foi dificultada?,"pelo difícil rastreamento dos refletores e marcadores de um rollover para outro, principalmente no sentido dlp, em um intervalo estratigráfico dominado por intensa halocinese","A utilização de um arcabouço estratigráfico de alta frequência para a Sequência A foi dificultada devido à limitada resolução dos dados disponíveis, que pode incluir dados sísmicos, amostras de sondagem e datações. Essas limitações tornam desafiador distinguir e correlacionar unidades estratigráficas em uma escala de tempo mais curta. Além disso, a complexidade geológica e a presença de hiatos ou sobreposições podem complicar a interpretação detalhada necessária para um arcabouço de alta frequência.",1.0,0.6666666666666666,The score is 1.00 because the provided answer was perfectly relevant with no irrelevant statements. Keep up the great work!,"The score is 0.67 because the actual output contradicted the retrieval context by indicating that difficulties in using the high-frequency stratigraphic framework were not due to data resolution, but rather the stratigraphic interval dominated by intense halokinesis.",input\georegis\dataset.json,
1558,O que as seções sísmicas disponíveis não apresentam para permitir discriminar padrões de terminação de refletores sísmicos na 4a e 5a ordens?,conteúdo de resolução suficientemente alto,As seções sísmicas disponíveis não apresentam resolução adequada e detalhamento suficiente para discriminar padrões de terminação de refletores sísmicos na 4ª e 5ª ordens. Esse nível de detalhe geralmente requer dados com maior frequência e densidade para identificar terminação e continuidade precisas.,1.0,1.0,"The score is 1.00 because the output is fully relevant, accurately addressing the query with no irrelevant information. Great job maintaining focus!","The score is 1.00 because there are no contradictions, which means the actual output aligns perfectly with the retrieval context. Great job!",input\georegis\dataset.json,
1559,Por que as descontinuidades erosivas registradas nos canais incisos não puderam ser utilizadas como superfícies delimitadoras de sequências de alta frequência?,"não ocorrem, nos poços analisados, de forma cíclica, impossibilitando sua utilização como superfícies delimitadoras de sequências de alta frequência","As descontinuidades erosivas registradas em canais incisos podem não ser utilizadas como superfícies delimitadoras de sequências de alta frequência porque essas descontinuidades podem não ser suficientemente evidentes ou persistentes ao longo de uma área extensa. Além disso, podem representar eventos locais e não eventos amplos o suficiente para delimitar sequências de deposição em larga escala. A correlação espacial limitada e a possibilidade de elas refletirem processos de erosão e deposição mais localizados podem restringir sua aplicação para tal fim.",1.0,1.0,The score is 1.00 because the output is perfectly relevant and directly addresses the input without any irrelevant statements. Excellent job!,"The score is 1.00 because there are no contradictions, indicating perfect alignment between the actual output and the retrieval context. Great job!",input\georegis\dataset.json,
1560,"O que foi utilizado como limites de parassequências, compostas por uma sucessão basal transgressiva e uma sucessão superior regressiva?",as superfícies transgressivas ou de afogamento que recobrem os carbonatos de plataforma,Limites de parassequências são geralmente definidos por superfícies de inundação máxima ou por discordâncias. Essas superfícies marcam a transição entre a sucessão basal transgressiva e a sucessão superior regressiva dentro de uma parassequência.,1.0,1.0,"The score is 1.00 because the response was completely relevant and well-aligned with the input, demonstrating a perfect understanding of the query.",The score is 1.00 because there are no contradictions. Great job!,input\georegis\dataset.json,
1562,O que dificultou a utilização de um arcabouço estratigráfico de alta frequência para a Sequência A?,"o difícil rastreamento dos refletores e marcadores de um rollover para outro, principalmente no sentido dlp, em um intervalo estratigráfico dominado por intensa halocinese","A utilização de um arcabouço estratigráfico de alta frequência para a Sequência A pode ser dificultada por fatores como a complexidade geológica da área, a falta de dados de alta resolução, a erosão diferenciar as camadas e a dificuldade em correlacionar unidades estratigráficas devido a variações laterais rápidas.",0.8,1.0,"The score is 0.80 because the answer mostly addresses the difficulty of using a high-frequency stratigraphic framework for Sequence A, but it includes an irrelevant statement about erosion differentiating layers that is not specific to the question, preventing a higher score.","The score is 1.00 because there are no contradictions, reflecting complete alignment with the retrieval context. Great job!",input\georegis\dataset.json,
1563,O que poderia auxiliar na determinação das principais superfícies estratigráficas correlativas às flutuações do nível de base?,padrões de terminação de refletores sísmicos na 4a e 5a ordens,"A análise de fácies sedimentares, perfis sísmicos, isócronas e marcadores bioestratigráficos podem auxiliar na determinação das superfícies estratigráficas correlativas às flutuações do nível de base.",0.8,1.0,"The score is 0.80 because the output largely addresses the query regarding the determination of key stratigraphic surfaces associated with base level fluctuations. However, it includes some information that is already implied by the input and does not contribute new insights, preventing the score from being higher.",The score is 1.00 because there are no contradictions; the actual output aligns perfectly with the retrieval context. Great job maintaining faithfulness!,input\georegis\dataset.json,
1564,O que não ocorrem de forma cíclica nos poços analisados?,descontinuidades erosivas registradas nos canais incisos,"Na ausência de um contexto específico sobre os poços em questão, é difícil determinar com precisão o que não ocorre de forma cíclica neles. No entanto, é comum que elementos como mudanças repentinas de pressão, influxos imprevistos de água ou óleo, e problemas mecânicos não ocorram de forma cíclica, pois podem estar relacionados a eventos aleatórios ou falhas específicas.",1.0,0.6666666666666666,The score is 1.00 because the output was perfectly relevant with no irrelevant statements. Great job!,"The score is 0.67 because the actual output incorrectly states that it's difficult to determine non-cyclical occurrences in the well profiles, when in fact the analysis clearly shows that erosive discontinuities do not occur cyclically, which contradicts the claim.",input\georegis\dataset.json,
1565,O que foram usadas como limites de parassequências?,superfícies transgressivas ou de afogamento que recobrem os carbonatos de plataforma,"Limites de parassequências são geralmente definidos por superfícies de inundação marinha ou decadência de nível do mar, como superfícies de inundação máxima ou discordâncias, que indicam mudanças na deposição sedimentar e interrupções no registro geológico.",0.6666666666666666,0.5,"The score is 0.67 because the response partially addresses the question about parasequence boundaries, but includes an irrelevant statement about geological record disagreements, which does not directly relate to the topic.","The score is 0.50 because the actual output incorrectly implies that the retrieval context supports the use of sea-level fall surfaces as parasequence boundaries, while it only mentions transgressive or drowning surfaces.",input\georegis\dataset.json,
1566,Qual é a parte mais superior da Formação Pendência?,a Seqüência K40,A parte mais superior da Formação Pendência é a Membro Canto do Amaro.,1.0,0.0,"The score is 1.00 because the response was completely relevant to the question asked, providing clear, accurate information without any irrelevant statements. Great job!","The score is 0.00 because the actual output incorrectly states or implies something about the Formação Pendência that contradicts with it being the Seqüência K40, as indicated in the retrieval context.",input\georegis\dataset.json,
1568,Qual sistema é o limite proximal de ocorrência da Seqüência K40?,sistema de falhas de Pescada,"O sistema articular do cotovelo é o limite proximal de ocorrência da Seqüência K40, relacionada ao meridiano do estômago na acupuntura.",1.0,0.0,The score is 1.00 because the response was fully relevant with no irrelevant statements. Great job!,"The score is 0.00 because the actual output incorrectly connects the elbow joint and the stomach meridian in acupuncture to the Seqüência K40, which has no basis in geological or geographical facts in the retrieval context.",input\georegis\dataset.json,
1569,Quando começa a deposição da megasseqüência proto-oceânica?,Neo-aptiano,"A deposição da megassequência proto-oceânica começou no período Cambriano, durante a transição entre o Pré-Cambriano e o Paleozoico.",1.0,0.0,The score is 1.00 because the answer provided is perfectly relevant and directly addresses the question without any irrelevant information. Great job!,"The score is 0.00 because the actual output contradicts the retrieval context by incorrectly stating that the deposition of the proto-oceanic megasequence begins in the Cambrian period, whereas the retrieval context specifies it starts from the Neo-aptian.",input\georegis\dataset.json,
1571,Em que período começa a deposição da megasseqüência proto - oceânica?,Neo-aptiano,A deposição da megassequência proto-oceânica começa no Pré-Cambriano.,1.0,0.0,The score is 1.00 because the response was perfectly relevant and addressed the question directly. Great job!,"The score is 0.00 because the actual output incorrectly states that the deposition of the megasequence proto-oceanic, Sequence K50, begins from the Precambrian, whereas the retrieval context indicates it begins from the Neo-aptian.",input\georegis\dataset.json,
1572,Qual é a direção geral do sistema de falhas de Pescada?,WNW-ESE,A direção geral do sistema de falhas de Pescada é noroeste-sudeste.,1.0,1.0,The score is 1.00 because the response is perfectly relevant and directly addresses the question without any irrelevant statements. Great job!,"The score is 1.00 because there are no contradictions, which means the actual output is perfectly aligned with the retrieval context. Great job on maintaining accuracy and consistency!",input\georegis\dataset.json,
1573,Quais são os materiais da Seqüência K40?,arenitos grossos e pelitos,"A sequência K40 da marca de violin bows CodaBow utiliza materiais como fibra de carbono para o bastão, resinas especiais e madeira para o talão.",0.6666666666666666,0.0,"The score is 0.67 because the response partially addresses the inquiry about the materials in the K40 Sequence by mentioning relevant details. However, it includes irrelevant information about the brand, which does not answer the specific question about materials, preventing a higher score.","The score is 0.00 because the claim incorrectly associates 'A sequência K40' with violin bows and materials like carbon fiber, which is unrelated to the geological context of a rock formation sequence.",input\georegis\dataset.json,
1574,O que está geneticamente relacionado à atividade da Seqüência K40?,aumento da taxa de subsidência,"A sequência K40 está relacionada à atividade de transcrição genética e ao funcionamento dos elementos transponíveis, também conhecidos como ""genes saltadores"". Esses elementos podem influenciar a expressão genética e a evolução genômica.",1.0,0.5,The score is 1.00 because the answer is fully relevant and there are no irrelevant statements. Great job!,"The score is 0.50 because the actual output discusses genetic transcription or transposable elements, which do not relate to the geological sequences provided in the retrieval context.",input\georegis\dataset.json,
1577,Quais são as duas rochas que constituem a Seqüência K40?,arenitos grossos e pelitos,As duas rochas que constituem a Seqüência K40 são ardósia e metarenito.,1.0,0.0,A pontuação é 1.00 porque a resposta foi precisa e completamente relevante em relação à pergunta sem nenhum conteúdo irrelevante. Excelente trabalho!,"The score is 0.00 because the actual output incorrectly describes the K40 sequence as consisting of slate and metarenite, while it is actually composed of coarse sandstones and pelites.",input\georegis\dataset.json,
1579,A que está geneticamente relacionada a atividade da Seqüência K40?,um aumento da taxa de subsidência,A atividade da Seqüência K40 está geneticamente relacionada à regulação da dopamina no cérebro.,1.0,0.0,The score is 1.00 because the answer was entirely relevant and fully addressed the input query accurately and concisely. Great job!,"The score is 0.00 because the actual output incorrectly relates the activity of Sequence K40 to dopamine regulation in the brain, while the retrieval context is focused on geology and tectonic sequence formation, not neurobiology.",input\georegis\dataset.json,
1580,O que constitui a parte mais superior da Formação Pendência?,A Seqüência K40,"A parte mais superior da Formação Pendência é constituída predominantemente por calcários e dolomitos, juntamente com alguns intervalos de folhelhos e siltitos.",1.0,0.0,The score is 1.00 because the answer is perfectly relevant and there are no irrelevant statements. Great job!,"The score is 0.00 because the actual output incorrectly states that the top of the K40 Sequence of the Pendência Formation is composed of limestones and dolomites, whereas it is actually made up of coarse sandstones and mudstones from a fluvio-delta-lacustrine system.",input\georegis\dataset.json,
1582,O que preenche o sistema de falhas de Pescada?,"sistemas deposicionais continentais, dominados por leques aluviais e sistemas fluviais de alta energia",O sistema de falhas de Pescada é preenchido por rochas sedimentares.,1.0,1.0,The score is 1.00 because the response is perfectly relevant to the query with no irrelevant statements. Great job!,"The score is 1.00 because there are no contradictions, indicating that the actual output perfectly aligns with the retrieval context. Great job!",input\georegis\dataset.json,
1583,Qual é a unidade litoestratigráfica correspondente à seção de rochas dominada por sistemas deposicionais continentais?,Formação Pescada,"A unidade litoestratigráfica correspondente é o ""Grupo"".",1.0,0.0,The score is 1.00 because the response perfectly addressed the question with no irrelevant information. Great job maintaining focus!,"The score is 0.00 because the actual output incorrectly refers to the lithostratigraphic unit as 'Grupo' instead of 'Formação Pescada', which is what the retrieval context specifies.",input\georegis\dataset.json,
1584,Quando inicia-se a deposição da megasseqüência proto-oceânica?,A partir do Neo-aptiano,A deposição da megassequência proto-oceânica inicia-se durante o Neoproterozóico.,1.0,0.0,The score is 1.00 because the response was completely relevant and addressed the query directly without any irrelevant statements. Great job maintaining focus on the topic!,"The score is 0.00 because the actual output incorrectly states that the deposition of the proto-oceanic megasequence begins during the Neoproterozoic, while it actually starts from the Neo-aptian.",input\georegis\dataset.json,
1585,Qual é a direção geral das falhas de Pescada?,direção geral WNW-ESE,A direção geral das falhas de Pescada é de noroeste-sudeste.,1.0,1.0,A pontuação é 1.00 porque a resposta foi perfeitamente relevante e focada no que foi perguntado. Excelente trabalho!,The score is 1.00 because there are no contradictions. Great job on ensuring accuracy and alignment with the retrieval context!,input\georegis\dataset.json,
1586,O que é a Seqüência K40?,"A Seqüência K40 é constituída por uma cunha clástica sintectônica, reconhecida inicialmente no bloco baixo da Falha de Pescada, cuja atividade está geneticamente relacionada a um aumento da taxa de subsidência no final da fase de rifteamento da bacia.","Não tenho informações sobre uma ""Sequência K40"". Isso pode ser um termo obscuro ou específico de um campo não coberto por meus dados até 2023.",0.6666666666666666,0.0,"The score is 0.67 because the output partially addresses the inquiry but acknowledges a lack of knowledge, which is irrelevant to fully answering the question.","The score is 0.00 because the actual output completely misrepresents the context by not aligning with the specifics of the 'Sequência K40', which is clearly defined and repeatedly mentioned in the retrieval context.",input\georegis\dataset.json,
1587,Quais são os sistemas deposicionais continentais que preenchem o sedimentar da Seqüência K40?,"sistemas deposicionais continentais, dominados por leques aluviais e sistemas fluviais de alta energia, com bancos carbonáticos restritos.","Os sistemas deposicionais continentais que preenchem o sedimentar da Sequência K40 geralmente incluem sistemas fluviais, eólicos (desérticos) e lacustres. Esses sistemas podem variar conforme a região e as condições paleogeográficas durante a deposição.",1.0,0.5,A pontuação é 1.00 porque a resposta está completamente relevante e atende perfeitamente ao que foi solicitado. Excelente trabalho!,"The score is 0.50 because the actual output incorrectly includes eolic (desert) systems in the K40 Sequence sedimentary fill, which the context specifies is solely dominated by alluvial fans and high-energy fluvial systems with no mention of eolic systems.",input\georegis\dataset.json,
1588,Qual é a unidade litoestratigráfica que corresponde à seção de rochas da Seqüência K40?,Formação Pescada,A unidade litoestratigráfica que corresponde à seção de rochas da Sequência K40 é a Formação Serra Alta.,1.0,0.0,The score is 1.00 because the response is completely relevant and directly answers the input with precise information. Great job!,"The score is 0.00 because the actual output incorrectly identifies the lithostratigraphic unit for the K40 Sequence as the Serra Alta Formation, when it should be the Pescada Formation.",input\georegis\dataset.json,
1632,O que causou o processo de dobramento por deslizamento flexural?,anisotropia mecânica,"O processo de dobramento por deslizamento flexural é causado pela flexão de camadas de rochas ou sedimentos ao longo de superfícies planas ou ligeiramente curvas. Isso ocorre devido a tensões tectônicas que empurram ou puxam as camadas, fazendo com que elas se dobrem através do deslizamento ao longo das superfícies internas, preservando a espessura das camadas.",0.8333333333333334,0.5,"The score is 0.83 because the answer largely addresses the question on the cause of the folding process by flexural slip. However, the mention of 'preservação da espessura' being a result rather than a cause diverts slightly from the core inquiry, preventing the score from being higher.","The score is 0.50 because the explanation of the process occurring due to tectonic tensions contradicts the retrieval context, which attributes the folding to mechanical anisotropy between layers.",input\georegis\dataset.json,
1634,Que mecanismo predomina nos flancos das dobras?,mecanismos de deslizamento flexural,"O mecanismo que predomina nos flancos das dobras é a flexão, onde as camadas rochosas são dobradas sem ruptura significativa.",1.0,0.0,The score is 1.00 because the response directly and accurately addressed the input without any irrelevant information. Great job maintaining focus!,"The score is 0.00 because the actual output inaccurately describes the mechanism on the folds' flanks as flexion without rupture, whereas the context reveals it as flexural slip.",input\georegis\dataset.json,
1637,O que ocorreu em conseqüência da anisotropia mecânica entre camadas?,O processo de dobramento por deslizamento flexural,"A anisotropia mecânica entre camadas pode resultar em variações na resistência e rigidez do material, levando a fraturas, delaminação ou deformações indesejadas em estruturas compostas.",0.8,1.0,"The score is 0.80 because the response correctly addresses the consequences of mechanical anisotropy, but the mention of fractures in composite structures slightly detracts from full relevancy as it does not directly relate to the question asked.","The score is 1.00 because there are no contradictions, which means the actual output aligns perfectly with the retrieval context. Excellent work!",input\georegis\dataset.json,
1638,Onde se concentra a deformação?,"níveis de folhelhos e siltitos, intercalados a arenitos","A deformação geralmente se concentra em áreas onde há a aplicação de forças ou tensões, como em materiais submetidos a cargas, junções de placas tectônicas, ou em pontos de falha estrutural. O local específico varia conforme o contexto e o tipo de material ou estrutura.",1.0,1.0,"The score is 1.00 because the response fully addresses the input question without any irrelevant content, showcasing clear focus and understanding.","The score is 1.00 because there are no contradictions, indicating perfect alignment with the retrieval context. Fantastic work!",input\georegis\dataset.json,
1641,O que revela que a deformação atingiu o ponto de ruptura?,a nucleação de falhas reversas,"A deformação atinge o ponto de ruptura quando um material se rompe ou falha estruturalmente, geralmente identificado pela máxima tensão ou alongamento que o material pode suportar antes de quebrar. Isso é revelado pela formação de trincas, completa separação do material ou por um ponto específico no diagrama tensão-deformação, conhecido como ponto de ruptura.",1.0,1.0,"The score is 1.00 because there are no irrelevant statements in the output, making it perfectly aligned with the input query. Great job!",The score is 1.00 because the actual output perfectly aligns with the retrieval context without any contradictions. Great job maintaining accuracy!,input\georegis\dataset.json,
1642,O que indica a relação angular entre os indicadores cinemáticos nas superfícies de deslizamento e os eixos das dobras F1?,a atuação de uma componente de rotação horária,A relação angular entre os indicadores cinemáticos nas superfícies de deslizamento e os eixos das dobras F1 indica a direção e o sentido do movimento tectônico ou deformacional que ocorreu durante a formação das estruturas. Essa relação pode fornecer informações sobre o regime de deformação e as condições tectônicas antigas.,0.75,0.5,"The score is 0.75 because the actual output discusses the timing of the relationship, which does not directly answer the question about the angular relationship between the kinematic indicators and the F1 fold axes. However, it partially relates to the context of the question, maintaining a reasonable degree of relevancy.","The score is 0.50 because the actual output incorrectly infers details about the direction and sense of tectonic or deformational movement, which are not specified in the retrieval context.",input\georegis\dataset.json,
1643,O que a relação angular entre os indicadores cinemáticos nas superfícies de deslizamento e os eixos das dobras indica?,uma componente de rotação horária,"A relação angular entre os indicadores cinemáticos nas superfícies de deslizamento e os eixos das dobras pode indicar a direção e o sentido do movimento tectônico que causou a deformação. Essa relação ajuda a inferir a história de deformação da região, incluindo informações sobre a orientação e a intensidade das forças tectônicas atuantes.",1.0,1.0,The score is 1.00 because the response perfectly addresses the input without any irrelevant statements. Great job!,The score is 1.00 because there are no contradictions. Great job on maintaining complete alignment!,input\georegis\dataset.json,
1646,O que foi conseqüência da anisotropia mecânica entre camadas?,O processo de dobramento por deslizamento flexural,"A anisotropia mecânica entre camadas pode resultar em diferenças significativas nas propriedades físicas, como resistência e rigidez, dependendo da direção das forças aplicadas. Isso pode levar a comportamentos mecânicos não uniformes em materiais como rochas sedimentares, compostos laminados ou estruturas geológicas em camadas, influenciando processos como fraturamento, deslizamentos e outras deformações estruturais.",1.0,1.0,The score is 1.00 because the response was perfectly relevant and on point. Great job!,"The score is 1.00 because there are no contradictions, which means the actual output perfectly aligns with the retrieval context. Fantastic job!",input\georegis\dataset.json,
1654,Em que região de dobras predomina o mecanismo de flambagem?,região de charneira,O mecanismo de flambagem predomina na região de dobras de cisalhamento.,1.0,0.0,The score is 1.00 because the response was perfectly relevant and directly addressed the input without any irrelevant information. Great job!,"The score is 0.00 because the actual output incorrectly identifies the predominant mechanism as occurring in the shear fold regions, whereas the contradiction clearly states it predominates in the hinge regions of the folds.",input\georegis\dataset.json,
1659,Qual foi o mecanismo predominante nos flancos das dobras?,mecanismos de deslizamento flexural,O mecanismo predominante nos flancos das dobras é o cisalhamento.,1.0,0.0,A pontuação é 1.00 porque a resposta foi totalmente relevante e abordou a pergunta diretamente sem desvios desnecessários. Excelente!,"The score is 0.00 because the actual output incorrectly states that the predominant mechanism on the folds' flanks is shear, whereas the retrieval context specifies it as flexural slip.",input\georegis\dataset.json,
1664,Qual a relação angular entre os indicadores cinemáticos nas superfícies de deslizamento e os eixos das dobras F1?,indica a atuação de uma componente de rotação horária durante o fenômeno de deslizamento flexural,"Os indicadores cinemáticos nas superfícies de deslizamento geralmente são orientados paralelamente aos eixos de dobra, especialmente em dobras de primeira geração (F1). Isso ocorre porque o deslizamento tende a ser direcionado ao longo dos eixos das dobras, que são as linhas de maior comprimento dentro das superfícies dobradas. Portanto, há uma relação de alinhamento ou paralelo entre os indicadores cinemáticos de deslizamento e os eixos das dobras F1.",0.6,0.3333333333333333,"The score is 0.60 because the response partially addresses the question about the angular relationship, but it includes irrelevant information that distracts from the main focus on the angular relationship with F1 fold axes.","The score is 0.33 because the actual output incorrectly suggests a parallel orientation between kinematic indicators and F1 fold axes, whereas the contradictions indicate a rotational component is present.",input\georegis\dataset.json,
1665,O que foi consequência da anisotropia mecânica entre as camadas no processo de dobramento por deslizamento flexural?,"a deformação concentrando-se em níveis de folhelhos e siltitos, intercalados a arenitos","A consequência da anisotropia mecânica entre as camadas no processo de dobramento por deslizamento flexural é a formação de dobras com variação na espessura e geometria das camadas. Isso ocorre porque diferentes camadas têm diferentes resistências ao deslizamento e deformação, resultando em dobras assimétricas e complexas.",1.0,1.0,"The score is 1.00 because the response directly and effectively addresses the question asked without any irrelevant statements, showcasing a strong understanding of the topic.","The score is 1.00 because there are no contradictions, indicating perfect alignment with the retrieval context. Fantastic job!",input\georegis\dataset.json,
1666,O que indica o mecanismo de flambagem em relação à resposta do material próximo à zona de charneira das dobras?,uma resposta homogênea do material próximo à zona de charneira das dobras,"O mecanismo de flambagem indica que, próximo à zona de charneira das dobras, o material está sujeito a instabilidades que levam a deformações laterais ou deslocamentos fora do plano original. Isso reflete uma resposta não linear do material, onde compressões críticas superam sua capacidade de suporte estável, resultando na formação de dobras.",0.8,0.6666666666666666,The score is 0.80 because the answer addresses the general topic of folding but misses focusing specifically on the buckling mechanism or material response near the hinge zone. It provides relevant information but could be more directly aligned with the input query.,"The score is 0.67 because the actual output incorrectly implies lateral instabilities or out-of-plane displacements, whereas the retrieval context describes a homogeneous material response near the hinge zone of folds without such instabilities.",input\georegis\dataset.json,
1668,Quais mecanismos de dobramento predominaram nos flancos das dobras?,mecanismos de deslizamento flexural,"Nos flancos das dobras, os mecanismos de dobramento predominantes geralmente são a flexão-dobra e a dobra flexural. Esses mecanismos envolvem a dobragem das camadas devido à compressão e permitem acomodar o encurtamento na crosta terrestre.",0.6666666666666666,0.5,"The score is 0.67 because the answer partially addressed the question about the predominant folding mechanisms, but included irrelevant information regarding accommodation of shortening in the Earth's crust that did not directly relate to the query.","The score is 0.50 because the actual output incorrectly states that the predominant folding mechanism on the fold flanks is flexural slip rather than flexural bending, contradicting the retrieval context.",input\georegis\dataset.json,
1669,O que prevaleceu na região de charneira das dobras?,flambagem,"Na região de charneira das dobras, prevalecem forças compressivas que causam flexão e formam estruturas geológicas complexas, com acúmulo de tensões tectônicas.",1.0,0.0,The score is 1.00 because the actual output is completely relevant and addresses the input thoroughly. Great job!,"The score is 0.00 because the actual output incorrectly claims that forces compressivas causing flexão and tension accumulation prevailed in the hinge region, whereas the retrieval context specifies that flambagem was the prevailing factor.",input\georegis\dataset.json,
1670,O que é indicado pela relação angular entre os indicadores cinemáticos nas superfícies de deslizamento e os eixos das dobras F1?,a atuação de uma componente de rotação horária durante o fenômeno de deslizamento flexural,A relação angular entre os indicadores cinemáticos nas superfícies de deslizamento e os eixos das dobras F1 é usada para interpretar o sentido do movimento tectônico e a direção dos esforços durante o dobramento. Ela pode indicar o tipo de regime tectônico (compressivo ou distensivo) e fornecer pistas sobre a orientação do estresse principal responsável pela deformação.,0.6666666666666666,0.5,"The score is 0.67 because while the actual output attempts to provide geological context, it includes details about compressive and distensive tectonic regimes that do not directly address the angular relationship in question. These details slightly detract from the focus needed to thoroughly answer the specific inquiry about the angular relationship between kinematic indicators and F1 fold axes.","The score is 0.50 because the actual output discusses tectonic movement and stress direction, which are not covered in the provided retrieval context, leading to partial misalignment.",input\georegis\dataset.json,
1672,O que é conseqüência da anisotropia mecânica entre as camadas?,o processo de dobramento por deslizamento flexural,"A consequência da anisotropia mecânica entre as camadas é que o material exibirá diferentes propriedades mecânicas, como resistência e rigidez, dependendo da direção em que é medido. Isso pode afetar o comportamento do material em aplicações práticas, como na formação de trincas ou na deformação sob carga.",1.0,0.5,"A pontuação é 1.00 porque todas as declarações foram relevantes e diretamente relacionadas à pergunta, tornando a resposta completa e precisa. Excelente trabalho!","The score is 0.50 because the actual output incorrectly claims that anisotropy between layers results in different mechanical properties like resistance and rigidity, whereas the context indicates it leads to bending by flexural sliding.",input\georegis\dataset.json,
1676,Qual é o teor de argila infiltrada em depósitos terciários e pleistocênicos do Sudoeste americano?,10 a 20%,"O teor de argila infiltrada em depósitos terciários e pleistocênicos do sudoeste americano pode variar significativamente dependendo da localização específica e das condições geológicas locais. Em geral, esse teor pode oscilar entre 15% e 40%, mas é importante consultar estudos geológicos específicos da área de interesse para obter dados precisos.",1.0,1.0,Fantastic work! The score is 1.00 because the actual output perfectly addresses the input without any irrelevant statements. Keep up the great work!,"The score is 1.00 because there are no contradictions detected, indicating a perfect alignment with the retrieval context. Great job on maintaining accuracy!",input\georegis\dataset.json,
1680,O que é muito raro em outros ambientes sedimentares antigos?,infiltração mecânica de argilas,A preservação de matéria orgânica significativa é muito rara em outros ambientes sedimentares antigos.,1.0,1.0,The score is 1.00 because the response precisely addresses the question without any irrelevant information. Great job!,"The score is 1.00 because there are no contradictions, indicating that the actual output is perfectly faithful to the retrieval context. Great job!",input\georegis\dataset.json,
1682,Em que região estão localizadas as ilhas de barreira?,Terciário da Costa do Golfo,"As ilhas de barreira estão localizadas ao longo de muitas costas ao redor do mundo, mas são especialmente comuns nas costas leste e sul dos Estados Unidos, como ao longo da costa do Golfo do México e do Oceano Atlântico.",1.0,1.0,The score is 1.00 because the response is perfectly relevant and directly addresses the question about the location of barrier islands. Great job!,The score is 1.00 because there are no contradictions. Well done on maintaining perfect alignment with the information provided!,input\georegis\dataset.json,
1683,Que porcentagem de argilas infiltradas existem nos depósitos terciários e pleistocênicos do Sudoeste americano?,10 a 20%,Não tenho um valor específico para a porcentagem de argilas infiltradas nos depósitos terciários e pleistocênicos do sudoeste americano. Essa informação pode variar dependendo do local específico e das características geológicas. Recomendo consultar estudos geológicos ou publicações científicas para dados mais precisos.,0.6666666666666666,0.6666666666666666,"The score is 0.67 because while the output mentions the lack of a specific value, it fails to address the main query about the percentage of clay infiltration in tertiary and pleistocene deposits in the Southwest USA. The presence of such an unrelated statement prevents the score from being higher.","The score is 0.67 because the actual output likely misrepresents the percentage of infiltrated clays in deposits, which the context clearly states to be commonly 10 to 20%.",input\georegis\dataset.json,
1684,Onde estão localizadas as cutículas de argila e hematita que KESSLER identificou como acumuladas por infiltração mecânica?,Permiano do Mar do Norte,As cutículas de argila e hematita identificadas por KESSLER como acumuladas por infiltração mecânica estão localizadas em Marte.,1.0,0.0,A pontuação é 1.00 porque a resposta é totalmente relevante e não há afirmações irrelevantes no conteúdo.,"The score is 0.00 because the actual output incorrectly identifies a Martian location for the mechanical infiltration of clays and hematite into sandstones, whereas the context specifies terrestrial environments like the North Sea and the American Southwest.",input\georegis\dataset.json,
1685,"O que promove modificações marcantes na textura, mineralogia e composição química dos sedimentos?",processo de infiltração mecânica,"O intemperismo e a diagênese são os principais processos que promovem modificações marcantes na textura, mineralogia e composição química dos sedimentos.",1.0,0.0,Fantástico trabalho! A pontuação de 1.00 reflete a precisão e relevância perfeitas da resposta fornecida. Continue assim!,"The score is 0.00 because the statement incorrectly attributes mechanical infiltration of clays as causing weathering and diagenesis, contrary to the context where it is described as modifying the texture, mineralogy, and chemical composition of sediments.",input\georegis\dataset.json,
1686,O que é raro em outros ambientes sedimentares antigos?,infiltração mecânica,"A preservação de matéria orgânica em grande quantidade é algo raro em outros ambientes sedimentares antigos. Isso ocorre principalmente em ambientes anóxicos, onde a falta de oxigênio impede a decomposição total da matéria orgânica.",1.0,1.0,The score is 1.00 because the answer perfectly addresses the question without any irrelevant information. Great job!,"The score is 1.00 because there are no contradictions, indicating complete alignment between the actual output and the retrieval context. Great job!",input\georegis\dataset.json,
1690,"Qual processo promove modificações marcantes na textura, mineralogia e composição química dos sedimentos onde atua?",processo de infiltração mecânica,O processo que promove essas modificações é a diagênese.,1.0,1.0,The score is 1.00 because the output perfectly addresses the question with no irrelevant statements. Keep up the great work!,The score is 1.00 because there are no contradictions. Excellent job maintaining accuracy and alignment with the retrieval context!,input\georegis\dataset.json,
1696,O que a infiltração mecânica promove nos sedimentos onde atua?,"modificações marcantes na textura, mineralogia e composição química dos sedimentos","A infiltração mecânica promove uma maior compactação dos sedimentos por meio da pressão exercida sobre eles, facilitando assim a expulsão de fluidos intersticiais e aumentando a coesão entre as partículas sedimentares. Isso pode levar a mudanças na porosidade e na permeabilidade do sedimento afetado.",1.0,1.0,The score is 1.00 because the response was entirely relevant and addressed the question without any irrelevant statements. Great job!,"The score is 1.00 because there are no contradictions, indicating the actual output is perfectly aligned with the retrieval context. Great job!",input\georegis\dataset.json,
1697,Qual a melhor ferramenta para identificar e descrever argilas mecanicamente infiltradas em sedimentos antigos?,análise de lâminas delgadas,"A difração de raios X (DRX) é a ferramenta mais eficaz para identificar e descrever argilas em sedimentos antigos, pois permite determinar a mineralogia e as características estruturais das argilas presentes.",1.0,0.0,The score is 1.00 because the response was entirely relevant and directly addressed the query about identifying and describing clays in ancient sediments.,"The score is 0.00 because the actual output incorrectly identifies diffraction of X-rays (DRX) as the best tool for identifying and describing infiltrated clays in ancient sediments, whereas the retrieval context states that thin-section analysis is the best tool for this purpose.",input\georegis\dataset.json,
1699,Quais são os depósitos que LOUCKS et alii invocam para explicar os day coats presentes em alguns arenitos?,"depositados em deltas e ilhas de barreira no Terciário da Costa do Golfo,","LOUCKS et alii invocam depósitos relacionados a ambientes de alta energia, como canais fluviais e deltas distributários, para explicar a presença de day coats em alguns arenitos.",1.0,1.0,The score is 1.00 because the output perfectly addresses the input question without any irrelevant statements. Great job!,"The score is 1.00 because everything aligns perfectly, demonstrating complete faithfulness. Great job!",input\georegis\dataset.json,
1700,O que KESSLER identifica em arenitos de duna e wadi do Permiano do Mar do Norte?,cutículas de argila e hematita,"Kessler identifica variações texturais e composicionais que ajudam a distinguir os depósitos de arenitos de duna e wadi no Permiano do Mar do Norte, contribuindo para a compreensão dos ambientes deposicionais e possíveis influências na qualidade dos reservatórios.",0.75,1.0,"The score is 0.75 because the answer mostly pertains to what Kessler identifies in Permian dune and wadi sandstones of the North Sea, but includes information about reservoir quality variations that is not relevant to the specific identification tasks.","The score is 1.00 because the actual output perfectly aligns with the retrieval context, with no contradictions present. Great job!",input\georegis\dataset.json,
1701,"De acordo com WALKER et alii, quais são os depósitos que contêm comumente de 10 a 20% de argilas infiltradas?",depósitos terciários e pleistocênicos do Sudoeste americano,"Os depósitos que comumente contêm de 10 a 20% de argilas infiltradas, de acordo com Walker et alii, são os loess.",1.0,0.0,"The score is 1.00 because the output is perfectly relevant and concise, addressing the query without any irrelevant information.","The score is 0.00 because the actual output incorrectly states that tertiary and Pleistocene deposits in the American Southwest contain loess, whereas Walker et al. report they contain 10 to 20% infiltrated clays instead.",input\georegis\dataset.json,
1702,O que o processo de infiltração mecânica promove nos sedimentos onde atua?,"modificações marcantes na textura, mineralogia e composição química dos sedimentos","O processo de infiltração mecânica promove a penetração de água nos poros dos sedimentos, aumentando a umidade e compactação do solo. Isso pode levar à redução de espaços porosos, diminuição de movimentação de ar e nutrientes, e potencialmente influenciar a estabilidade estrutural e a erosão do solo.",1.0,0.5,The score is 1.00 because the answer perfectly addresses the input question with relevant information and no irrelevant statements.,"The score is 0.50 because the actual output mentions infiltration affecting texture, mineralogy, and chemical composition, while it fails to address water penetration and increased humidity, which are not referenced in the retrieval context.",input\georegis\dataset.json,
1732,O que constitui um bom marco sismoestratigráfico em quase toda a Bacia de Campos?,Topo da biozona N-520,"Um bom marco sismoestratigráfico na Bacia de Campos é, geralmente, o topo do Grupo Macaé, que é caracterizado por refletividades acústicas distintas e contínuas, facilitando a correlação sísmica em larga escala na bacia.",1.0,1.0,The score is 1.00 because the response is perfectly relevant to the query with no irrelevant statements. Great focus on the topic!,"The score is 1.00 because there are no contradictions, demonstrating a perfectly faithful alignment with the retrieval context. Great job!",input\georegis\dataset.json,
1733,Qual é o refletor localizado na zona N - 470?,Topo do Eoceno,Não há informações disponíveis sobre um refletor específico localizado na zona N - 470. Essa designação não é reconhecida publicamente ou não possui dados conhecidos.,1.0,0.5,The score is 1.00 because the output directly addresses the query without any irrelevant information. Great job on maintaining focus!,The score is 0.50 because the actual output contradicts the fact that the top of the Eocene coincides with the top of bio-zone N-470 and is noted as an excellent reflector.,input\georegis\dataset.json,
1734,O que fez com que o topo do Eoceno Superior não fosse encontrado?,erosão,"O topo do Eoceno Superior pode não ser encontrado devido a fatores como erosão, falta de deposição sedimentar ou tectonismo que removem ou não preservam os registros geológicos dessa época. Essas condições geológicas podem obliterar ou complicar a identificação estratigráfica desse período.",1.0,1.0,The score is 1.00 because the response was completely relevant and addressed the question fully. Keep up the great work!,"The score is 1.00 because there are no contradictions, showing perfect alignment with the retrieval context. Great job!",input\georegis\dataset.json,
1735,O que mostra o mapeamento de detalhe realizado para confirmar essa afirmação?,rochas magmáticas intrusivas e extrusivas,"O mapeamento de detalhe tipicamente mostra informações específicas e evidências que respaldam uma afirmação, permitindo ver como cada dado ou fato é suportado por elementos concretos e verificáveis. Isso ajuda a garantir a precisão e validade da afirmação feita.",1.0,1.0,"The score is 1.00 because the response perfectly addresses the input without any irrelevant statements, showing a clear understanding of the question asked. Great job!","The score is 1.00 because there are no contradictions, which means the actual output aligns perfectly with the retrieval context. Great job!",input\georegis\dataset.json,
1737,Qual refletor datado do Oligoceno Inferior constitui um excelente marco sismoestratigráfico em quase toda a Bacia de Campos?,Topo da biozona N-520,"O refletor denominado ""reflector X"" do Oligoceno Inferior é conhecido por ser um excelente marco sismoestratigráfico na Bacia de Campos.",0.6666666666666666,1.0,"The score is 0.67 because the output mentions 'reflector X' which is linked to a specific name without confirmation of being the one dated to the Lower Oligocene as specified in the input. This causes some ambiguity, preventing a higher score, but it successfully connects a reflector to the seismic stratigraphy of the Campos Basin.","The score is 1.00 because there are no contradictions, indicating that the actual output is perfectly aligned with the retrieval context. Great job maintaining accuracy!",input\georegis\dataset.json,
1740,O que o mapeamento de detalhe indica a presença no Cretáceo Superior?,rochas magmáticas intrusivas e extrusivas,"O mapeamento detalhado de formações geológicas pode indicar a presença de fósseis e depósitos sedimentares específicos do Cretáceo Superior, como certos tipos de dinossauros ou plantas que viveram nesse período. Isso ajuda a entender a biodiversidade e reconstruir o ambiente da época.",0.6666666666666666,1.0,"The score is 0.67 because the response attempted to address the question about the Cretaceous mapping but included unrelated information about dinosaurs and biodiversity, which diluted the focus of the answer.","The score is 1.00 because there are no contradictions, reflecting a perfectly faithful alignment between the actual output and the retrieval context. Keep up the excellent work!",input\georegis\dataset.json,
1743,Por que a seção correspondente ao Eoceno Superior está ausente?,erosão na região próxima à Falha de Charneira de Campos,"A ausência da seção correspondente ao Eoceno Superior pode resultar de processos geológicos como erosão, falta de sedimentação ou não deposição, tectônica que removeu ou deformou camadas, ou até mesmo um recuo do mar ou mudanças ambientais que impediram a formação de depósitos durante esse período.",1.0,1.0,"The score is 1.00 because the answer is perfectly relevant to the question, with no irrelevant statements. Great job on remaining focused on the query!",The score is 1.00 because there are no contradictions. Excellent job maintaining accuracy and alignment with the retrieval context!,input\georegis\dataset.json,
1745,O que constitui um excelente marco sismoestratigráfico em quase toda a Bacia de Campos?,"N-520 : esse refletor, datado do Oligoceno Inferior, constitui um","Um excelente marco sismoestratigráfico em quase toda a Bacia de Campos é o evento de alteração da camada de anidrido. Esse nível de anidrido atua como um refletor sísmico destacado, facilitando a correlação e interpretação dos dados sísmicos na região.",1.0,0.5,A pontuação é 1.00 porque a resposta foi totalmente relevante e precisa sem nenhuma declaração irrelevante. Excelente trabalho!,"The score is 0.50 because the actual output incorrectly states that the top of biozone N-520 is an alteration event of the anhydrite layer, whereas it is actually noted as an excellent seismic stratigraphic marker in the Campos Basin.",input\georegis\dataset.json,
1746,O que aconteceu com a seção correspondente ao Eoceno Superior na região próxima à Falha de Charneira de Campos?,está ausente por erosão,"Não tenho informações específicas atualizadas sobre estudos ou eventos geológicos na região próxima à Falha de Charneira de Campos relacionados ao Eoceno Superior. Para informações precisas e detalhadas, recomendo consultar fontes geológicas recentes ou publicações científicas sobre a área.",0.5,0.5,"The score is 0.50 because the output includes a vague statement that doesn't specifically address the geological events related to the Upper Eocene near the Falha de Charneira de Campos, which limits its relevancy. However, it still partially addresses the topic by discussing the general area.","The score is 0.50 because the actual output contradicts the retrieval context by suggesting the presence of the Upper Eocene section near the Falha de Charneira de Campos, while the retrieval context mentions its absence due to erosion.",input\georegis\dataset.json,
1748,Em que período geológico ocorreu a presença de rochas magmáticas intrusivas e extrusivas na Bacia de Campos?,Cretáceo Superior,A presença de rochas magmáticas intrusivas e extrusivas na Bacia de Campos ocorreu durante o período Cretáceo.,1.0,1.0,"The score is 1.00 because the response perfectly addresses the geological periods with rochas magmáticas intrusivas e extrusivas na Bacia de Campos, without any irrelevant information. Great job!","The score is 1.00 because there are no contradictions. Everything aligns perfectly, keep up the fantastic work!",input\georegis\dataset.json,
1750,Qual é a importância do topo da bio-zona N-470?,coincide com o topo da bio-zona N-470 e também constitui um excelente refletor,"A bio-zona N-470 não é um termo reconhecido em campos científicos específicos relacionados a zonas biológicas. Portanto, é possível que esse termo não tenha uma importância reconhecida ou que esteja relacionado a um contexto muito específico ou fictício.",1.0,0.5,The score is 1.00 because the answer perfectly addressed the importance of the topo da bio-zona N-470 with no irrelevant statements.,"The score is 0.50 because the 'actual output' fails to mention the term 'bio-zona N-470', which is clearly recognized and mentioned within the retrieval context.",input\georegis\dataset.json,
