question_id,question,expected_answer,answer,answer_relevancy_score,faithfulness_score,answer_relevancy_reason,faithfulness_reason,source_file,error
1292,O que representa a fácies sísmica interpretada?,sedimentos clásticos finos,"A fácies sísmica interpretada representa um conjunto de características visíveis em dados sísmicos que refletem variações nos parâmetros físicos e geológicos do subsolo. Essas características podem incluir variações na amplitude, continuidade, frequência e forma das ondas sísmicas, permitindo inferir a natureza das rochas, a estratigrafia e os ambientes deposicionais da área estudada.",1.0,1.0,"The score is 1.00 because the answer is perfectly relevant with no irrelevant statements, showcasing a strong understanding of the subject!","The score is 1.00 because there are no contradictions, showing a perfect alignment between the actual output and the retrieval context. Excellent job!",input\georegis\dataset.json,
1293,A que corresponde a fácies sísmica interpretada?,sedimentos clásticos finos,"A fácies sísmica interpretada corresponde a padrões de reflexão sísmica que são usados para inferir características geológicas, como litologia, ambiente deposicional e mudanças nas condições ambientais durante a deposição dos sedimentos.",0.75,1.0,"The score is 0.75 because the response largely addresses the interpretation of seismic facies but includes a section on environmental conditions, which is not directly relevant, slightly impacting the precision of the answer.",The score is 1.00 because there are no contradictions. Fantastic work! The actual output aligns perfectly with the retrieval context.,input\georegis\dataset.json,
1296,Qual é a principal questão quando o conceito de fácies sísmicas é usado para construir a matriz de proporções?,como distribuir no volume do reservatório as CPVs conhecidas somente nos poços?,A principal questão ao usar o conceito de fácies sísmicas para construir a matriz de proporções é garantir a precisão na identificação e interpretação das fácies sísmicas em relação às suas homólogas geológicas. Isso envolve a análise cuidadosa dos dados sísmicos para diferenciar entre variações reais nos depósitos geológicos e as variações que podem ser causadas por limitações tecnológicas ou ruído nos dados.,1.0,1.0,O score é 1.00 porque a resposta está perfeitamente alinhada com a pergunta e não há declarações irrelevantes. Excelente trabalho!,"The score is 1.00 because everything aligns perfectly with the retrieval context, showcasing an excellent level of accuracy!",input\georegis\dataset.json,
1297,O que é interpretado como fácies sísmica?,arenitos muito porosos,"Fácies sísmica é um termo usado em geologia e geofísica para descrever conjuntos de reflexões sísmicas cuja características, como amplitude, continuidade, frequência, e configuração, são usadas para interpretar determinados ambientes geológicos. Essas características ajudam na identificação de diferentes tipos de rochas e na compreensão da história deposicional da área estudada.",1.0,1.0,The score is 1.00 because the response is fully relevant and accurate with no irrelevant statements. Great job!,The score is 1.00 because the actual output is perfectly aligned with the retrieval context with no contradictions. Great job!,input\georegis\dataset.json,
1301,Qual é a principal questão que envolve o conceito de fácies sísmicas?,como distribuir no volume do reservatório as CPVs conhecidas somente nos poços?,A principal questão que envolve o conceito de fácies sísmicas é a interpretação das variações nas características do sinal sísmico para identificar e classificar diferentes ambientes geológicos e suas condições de deposição no subsolo.,1.0,1.0,The score is 1.00 because the answer perfectly addresses the principal question about the concept of seismic facies without any irrelevant information. Great job!,"The score is 1.00 because there are no contradictions, indicating a perfect alignment with the retrieval context. Keep up the great work!",input\georegis\dataset.json,
1304,O que guia a curva vertical de proporções na matriz de proporções para a unidade genética superior do reservatório de Namorado?,respectiva fácies sísmica,"A curva vertical de proporções na matriz de proporções para a unidade genética superior do reservatório de Namorado é guiada pelos contatos estratigráficos e pelas variações litológicas, que influenciam a distribuição de porosidade e permeabilidade dentro do reservatório.",1.0,0.5,A pontuação é 1.00 porque a resposta aborda diretamente a questão sem incluir declarações irrelevantes. Excelente trabalho em manter o foco e relevância!,"The score is 0.50 because the actual output incorrectly states that the vertical curve proportions are guided by stratigraphic contacts and lithological variations, when it should be guided by the respective seismic facies.",input\georegis\dataset.json,
1305,Qual fácies sísmica é interpretada como sedimentos clásticos finos na matriz de proporções?,verde,"A fácies sísmica que geralmente é interpretada como sedimentos clásticos finos na matriz de proporções é a ""fácies paralela"" ou ""fácies de baixa amplitude"". Essa fácies é caracterizada por refletores contínuos e de baixa amplitude, correspondendo a camadas de sedimentos finos, como silte e argila.",0.75,1.0,"The score is 0.75 because the main focus was on describing seismic facies, which is somewhat relevant. However, the lack of specific focus on fine clastic sediments in the proportion matrix limits its higher relevance.",The score is 1.00 because there are no contradictions between the actual output and the retrieval context. Keep up the excellent work!,input\georegis\dataset.json,
1306,O que é utilizado para distribuir no volume do reservatório as CPVs conhecidas somente nos poços?,conceito de fácies sísmicas,"Para distribuir no volume do reservatório as CPVs (Condições Petrofísicas Variantes) conhecidas somente nos poços, utiliza-se a modelagem geoestatística. Ferramentas como krigagem ou co-krigagem são métodos estatísticos comuns utilizados para interpolar e extrapolar dados dos poços para todo o reservatório.",0.8,0.5,"The score is 0.80 because while the answer repeats relevant information, it fails to address the specific method used for distribution of CPVs within the reservoir volume, causing it to slightly miss complete relevance.","The score is 0.50 because the actual output incorrectly states that geoestatistical modeling is used, whereas the contradiction specifies that a proportion matrix is used to distribute the CPVs known only in the wells in the reservoir volume.",input\georegis\dataset.json,
1309,O que é a matriz de proporções na construção de uma matriz de proporções de litotipos?,uma ferramenta muito importante para capturar o comportamento espacial dos litotipos,"A matriz de proporções na construção de uma matriz de proporções de litotipos é uma tabela que quantifica a proporção de diferentes tipos de rochas ou materiais (litotipos) em amostras geológicas ou em um modelo geológico. Essa matriz ajuda a entender a composição e a distribuição dos litotipos em uma determinada área, sendo fundamental para estudos de caracterização de reservatórios, mapeamento geológico, e modelagem de propriedades petrofísicas.",0.5,1.0,"The score is 0.50 because while the answer touches on relevant topics related to matrices, it includes several statements that do not directly address what a 'matriz de proporções' specifically is, such as geological mapping and reservoir characterization, hence limiting its relevancy.","The score is 1.00 because the actual output is completely aligned with the retrieval context, showcasing perfect faithfulness. Great job!",input\georegis\dataset.json,
1310,O que é interpretado como arenitos muito porosos na região que domina o amarelo?,a curva vertical de proporções é guiada pela respectiva fácies sísmica,"A expressão ""arenitos muito porosos na região que domina o amarelo"" sugere a interpretação de formações geológicas em uma representação gráfica ou mapa, onde a cor amarela indica a presença de arenitos com alta porosidade. Isso significa que a área em amarelo é caracterizada por rochas sedimentares que possuem espaços porosos significativos, capazes de armazenar fluidos como água, óleo ou gás.",1.0,1.0,The score is 1.00 because the response perfectly addresses the question without any irrelevant statements. Fantastic job!,"The score is 1.00 because the actual output is perfectly faithful to the retrieval context, with no contradictions present. Great job maintaining accuracy!",input\georegis\dataset.json,
1313,Qual é a área da Bacia do Espírito Santo?,"41.500 km2,",A Bacia do Espírito Santo possui uma área de aproximadamente 75.000 km².,1.0,0.0,The score is 1.00 because the response directly and accurately addressed the question about the area of Bacia do Espírito Santo with no irrelevant information.,"The score is 0.00 because the actual output incorrectly states that the Bacia do Espírito Santo has an area of 75,000 km², while it is actually approximately 41,500 km².",input\georegis\dataset.json,
1316,Quem apresentou a primeira estratigrafia formal da Bacia do Espírito Santo?,"Asmus et al.,",A primeira estratigrafia formal da Bacia do Espírito Santo foi apresentada por Benson et al. em 1948.,1.0,0.0,"The score is 1.00 because the response provided was perfectly relevant, demonstrating a great understanding of the query without any irrelevant statements. Keep up the excellent work!","The score is 0.00 because the actual output incorrectly states that Benson et al. presented the first formal stratigraphy of the Bacia do Espírito Santo in 1948, whereas it was actually presented by Asmus et al.",input\georegis\dataset.json,
1317,Quantos km2 da Bacia do Espírito Santo são de exploração?,"41.500 km2,","A Bacia do Espírito Santo possui aproximadamente 94.000 km², mas a área específica de exploração pode variar dependendo dos blocos licitados e operações vigentes. A informação exata e atualizada requere consulta a fontes específicas como a Agência Nacional do Petróleo, Gás Natural e Biocombustíveis (ANP).",1.0,0.6666666666666666,"The score is 1.00 because the answer provided is perfectly relevant to the input question, and no irrelevant statements were made. Great job!","The score is 0.67 because the actual output incorrectly states that the Bacia do Espírito Santo has an explorable area of 94,000 km², whereas the correct information is 41,500 km².",input\georegis\dataset.json,
1320,Qual é a área da Bacia do Espírito Santo?,41.500 km2,A Bacia do Espírito Santo tem uma área de aproximadamente 25.000 km².,1.0,0.0,The score is 1.00 because every part of the answer directly addressed the question about the area of the Bacia do Espírito Santo. Great job!,"The score is 0.00 because the actual output incorrectly states the area of the Bacia do Espírito Santo as 25,000 km², while it should be approximately 41,500 km² according to the retrieval context.",input\georegis\dataset.json,
1322,Quem apresentou a primeira estratigrafia formal da Bacia do Espírito Santo?,Asmus et al.,A primeira estratigrafia formal da Bacia do Espírito Santo foi apresentada por Paul Strohmenger em 1994.,1.0,0.0,The score is 1.00 because the response is completely relevant and directly addresses the question with no irrelevant statements. Great job!,"The score is 0.00 because the actual output incorrectly attributes the presentation of the first formal stratigraphy of the Espírito Santo Basin to Paul Strohmenger, whereas it was actually presented by Asmus et al.",input\georegis\dataset.json,
1323,Quantos km2 da Bacia do Espírito Santo são de exploração?,41.500,"A Bacia do Espírito Santo possui cerca de 96 mil km², mas a quantidade exata de área em exploração pode variar com o tempo devido a novas concessões e atividades. Você precisaria consultar fontes atualizadas ou órgãos reguladores para obter a informação precisa do momento.",1.0,0.6666666666666666,The score is 1.00 because the answer was perfectly relevant to the query without any irrelevant statements. Great job!,"The score is 0.67 because the actual output incorrectly states that the explorative area of the Espírito Santo Basin is 96,000 km², while the retrieval context specifies it is approximately 41,500 km².",input\georegis\dataset.json,
1325,Qual é o limite leste da Bacia do Espírito Santo?,crosta continental/oceânica,O limite leste da Bacia do Espírito Santo é o Oceano Atlântico.,1.0,0.0,The score is 1.00 because the response completely focused on the question without any irrelevant statements. Keep up the great work!,"The score is 0.00 because the actual output incorrectly states that the eastern boundary of the Espírito Santo Basin coincides directly with the Atlantic Ocean, whereas it actually coincides with the boundary between continental and oceanic crust.",input\georegis\dataset.json,
1326,Qual é a área aproximada da Bacia do Espírito Santo?,41.500 km2,A área aproximada da Bacia do Espírito Santo é de cerca de 194.700 km².,1.0,0.0,The score is 1.00 because the answer is completely relevant and directly addresses the input with no irrelevant information. Great job!,"The score is 0.00 because the actual output incorrectly claims that the explorative area of the Espírito Santo Basin is 194,700 km², whereas the retrieval context states it is approximately 41,500 km².",input\georegis\dataset.json,
1327,Qual é a largura da plataforma continental?,240 km na porção centro-norte,"A largura da plataforma continental varia bastante ao redor do mundo, mas geralmente pode se estender de alguns quilômetros até cerca de 200 quilômetros da costa. Em algumas regiões, pode até ser mais ampla.",1.0,1.0,The score is 1.00 because the output is fully relevant and perfectly addresses the question without any irrelevant information. Great job!,"The score is 1.00 because there are no contradictions, indicating the actual output is perfectly aligned with the retrieval context. Great job!",input\georegis\dataset.json,
1328,Quem apresentou a carta de costa da Bacia do Espírito Santo?,Vieira et al.,A Carta de Costa da Bacia do Espírito Santo foi apresentada por Adolpho Ducke.,1.0,0.0,The score is 1.00 because the answer perfectly addresses the input without any irrelevant statements. Great job!,The score is 0.00 because the actual output incorrectly attributes the presentation of the first formal stratigraphy of the Espírito Santo Basin to Adolpho Ducke instead of Asmus et al.,input\georegis\dataset.json,
1333,A que se refere a fronteira leste da Bacia do Espírito Santo?,crosta continental/oceânica,"A fronteira leste da Bacia do Espírito Santo refere-se ao limite leste dessa bacia sedimentar localizada na plataforma continental adjacente ao estado do Espírito Santo, Brasil, que se estende até a parte mais profunda do oceano Atlântico.",1.0,0.5,"The score is 1.00 because the response was perfectly relevant and focused, addressing the query effectively. Great job!","The score is 0.50 because the actual output incorrectly suggests that the eastern border is specifically along the adjacent continental platform, whereas the retrieval context clarifies it coincides with the continental/oceanic crust limit.",input\georegis\dataset.json,
1335,Quem apresentou a carta da Bacia do Espírito Santo?,Vieira et al.,A Carta da Bacia do Espírito Santo foi apresentada pela Petrobras.,1.0,0.0,"The score is 1.00 because the response was perfectly relevant to the input, addressing the question directly without any irrelevant statements. Well done!","The score is 0.00 because the actual output incorrectly mentions Petrobras in relation to the stratigraphic chart of the Espírito Santo Basin, whereas the retrieval context attributes this information to Asmus et al. and Vieira et al. without any reference to Petrobras.",input\georegis\dataset.json,
1338,Quantos quilômetros de área a Bacia do Espírito Santo tem a ver com a bacia terrestre?,3.000,"A Bacia do Espírito Santo, uma bacia sedimentar localizada na costa sudeste do Brasil, abrange uma área de aproximadamente 150 mil quilômetros quadrados.",0.6666666666666666,0.0,"The score is 0.67 because while the response attempts to address the area of the Bacia do Espírito Santo, it includes irrelevant classification information not directly related to the bacia terrestre, affecting its relevancy.","The score is 0.00 because the area of the Bacia do Espírito Santo is stated as 41,500 km², contradicting the actual output which mentioned 150,000 km².",input\georegis\dataset.json,
1339,O que evidencia a fisiografia do Banco de Abrolhos?,alargamento da plataforma continental,"A fisiografia do Banco de Abrolhos é evidenciada principalmente por sua formação de recifes de coral, bancos arenosos e a presença de numerosas ilhas e ilhotas. Este ambiente marinho é marcado pela biodiversidade e pelas estruturas conhecidas como chapeirões, que são recifes de coral em formato de cogumelo.",1.0,1.0,The score is 1.00 because the answer is perfectly relevant to the question without any irrelevant statements. Great job on maintaining focus and providing a highly relevant response!,The score is 1.00 because there are no contradictions. Great job ensuring the actual output perfectly aligns with the retrieval context!,input\georegis\dataset.json,
1340,O que o trabalho de Vieira et al. enfatiza?,a cronoestratigrafia,"Desculpe, mas eu precisaria de mais detalhes para identificar qual trabalho de Vieira et al. você está se referindo, pois há muitos trabalhos acadêmicos e artigos com autores de sobrenome Vieira. Poderia especificar o título ou o tema do trabalho?",1.0,1.0,The score is 1.00 because the response perfectly addresses the inquiry without any irrelevant information. Well done!,"The score is 1.00 because there are no contradictions, indicating the actual output aligns perfectly with the retrieval context. Fantastic job!",input\georegis\dataset.json,
1341,O que é enfatizado neste trabalho?,cronoestratigrafia,"Desculpe, sem contexto adicional, não posso identificar a que ""trabalho"" você está se referindo. Se você puder fornecer mais detalhes ou especificar melhor, ficarei feliz em ajudar.",0.5,1.0,The score is 0.50 because the response does not directly answer the input question about what is emphasized in the work. The statement about lacking context is irrelevant to addressing the specific inquiry.,The score is 1.00 because the actual output is perfectly aligned with the retrieval context. Great job on maintaining accuracy!,input\georegis\dataset.json,
1343,O que evidencia a fisiografia do Banco de Abrolhos?,um alargamento da plataforma continental,"A fisiografia do Banco de Abrolhos é evidenciada por suas formações recifais complexas, incluindo chapeirões, que são estruturas de recifes de coral em formato de cogumelo, e diversas ilhas e ilhotas. Essas características refletem a rica biodiversidade e a dinâmica ecológica da região.",1.0,1.0,"A pontuação é 1.00 porque a resposta foi completamente relevante, abordando perfeitamente a fisiografia do Banco de Abrolhos. Ótimo trabalho mantendo o foco nas informações solicitadas!","The score is 1.00 because there are no contradictions, which means the actual output is perfectly aligned with the retrieval context. Keep up the excellent work!",input\georegis\dataset.json,
1344,O que o trabalho de Vieira et al. enfatiza?,cronoestratigrafia,"Sinto muito, mas não posso fornecer detalhes específicos sobre o trabalho de Vieira et al. sem mais informações. ",0.3333333333333333,1,"The score is 0.33 because, although some context is given, there is a lack of specific information about what Vieira et al.'s work emphasizes. Irrelevant statements like expressions of regret and the inability to provide details further detract from the overall relevance.",The score is 1.00 because there are no contradictions. Great job maintaining consistency!,input\georegis\dataset.json,
1345,Qual é a área explorável da Bacia do Espírito Santo?,aproximadamente 41.500 km2,A área explorável da Bacia do Espírito Santo é de aproximadamente 107.000 km².,1.0,0.0,"The score is 1.00 because the response perfectly addressed the query with full relevance, demonstrating excellent understanding.","The score is 0.00 because the actual output inaccurately states that the exploreable area of the Espírito Santo Basin is 107,000 km², whereas it is actually approximately 41,500 km².",input\georegis\dataset.json,
1346,O que atribui à bacia uma fisiografia particular?,"A existência do Banco de Abrolhos,","A fisiografia particular de uma bacia é atribuída a fatores como topografia, geologia, clima, hidrologia e vegetação. Esses elementos determinam a forma, o relevo, a rede de drenagem e os padrões de erosão e sedimentação, conferindo características únicas à bacia.",0.6666666666666666,1.0,"The score is 0.67 because while the answer provides some relevant insights about the basin's characteristics, it lacks clarity and specifics on how the mentioned features confer a distinct physiography to the basin, resulting in some vagueness and missed connections.",The score is 1.00 because there are no contradictions. Great job on aligning the actual output perfectly with the retrieval context!,input\georegis\dataset.json,
1348,O que foi fundamental para a atualização da Carta Estratigráfica da Bacia do Espírito Santo?,"O conhecimento adquirido ao longo de 50 anos de exploração,","A atualização da Carta Estratigráfica da Bacia do Espírito Santo foi fundamental devido aos avanços na interpretação sísmica, análise de dados geológicos e novas descobertas de reservatórios, que permitiram uma compreensão mais precisa da geologia e dos sistemas petrolíferos na região.",0.8333333333333334,1.0,"The score is 0.83 because the answer partially addresses the query by mentioning the update's importance. However, it lacks specific details on what was fundamental for the update, which prevents a higher score.","The score is 1.00 because the actual output aligns perfectly with the retrieval context, with no contradictions found. Keep up the great work!",input\georegis\dataset.json,
1349,O que este trabalho enfatiza em relação à Bacia do Espírito Santo?,a cronoestratigrafia,"Desculpe, não consigo fornecer informações específicas sobre esse trabalho ou tema sem mais detalhes.",1.0,1.0,O score é 1.00 porque a resposta não contém enunciados irrelevantes e está totalmente alinhada com o que foi pedido no input. Excelente trabalho!,"The score is 1.00 because there are no contradictions, which means the actual output is perfectly aligned with the retrieval context. Great job!",input\georegis\dataset.json,
1350,Qual é a área total da Bacia do Espírito Santo?,41.500 km2,A Bacia do Espírito Santo possui uma área total de aproximadamente 122.000 km².,1.0,0.0,"The score is 1.00 because there are no irrelevant statements, making the response informative and precisely addressing the query.","The score is 0.00 because the actual output contradicts the retrieval context by incorrectly stating the explorável área da Bacia do Espírito Santo, which is actually approximately 41,500 km², as per the retrieval context.",input\georegis\dataset.json,
1351,Qual é a área da bacia terrestre da Bacia do Espírito Santo?,3.000 km2,A área da bacia terrestre da Bacia do Espírito Santo é de aproximadamente 15.000 km².,1.0,0.0,"The score is 1.00 because the response perfectly addresses the input, keeping it clear and relevant. Great job!","The score is 0.00 because the actual output incorrectly states that the area of the Bacia do Espírito Santo is 15,000 km², whereas the retrieval context clearly states it is 3,000 km².",input\georegis\dataset.json,
1352,Onde a Bacia do Espírito Santo está situada?,no Estado do Espírito Santo,"A Bacia do Espírito Santo está situada na região costeira do estado do Espírito Santo, no sudeste do Brasil, estendendo-se para a área offshore no Oceano Atlântico.",1.0,1.0,The score is 1.00 because the response was perfectly relevant and addressed the input query directly and accurately. Great job!,"The score is 1.00 because there are no contradictions, ensuring the output is perfectly aligned with the retrieval context. Great job!",input\georegis\dataset.json,
1353,Quais são os limites da Bacia do Espírito Santo?,"a sul com a Bacia de Campos, através do Alto de Vitória, e a norte com a Bacia de Mucuri","A Bacia do Espírito Santo é delimitada ao norte pela Bacia de Campos, ao sul pela Bacia de Mucuri, a oeste pelo continente e a leste pela plataforma continental em direção ao oceano Atlântico.",1.0,0.5,The score is 1.00 because the output directly addresses the question without any irrelevant information. Great job maintaining focus!,"The score is 0.50 because the actual output incorrectly identifies the spatial delimitations of the Bacia do Espírito Santo. It mistakenly states that the northern boundary is the Bacia de Campos and the southern boundary is the Bacia de Mucuri, instead of the correct delimitations from the retrieval context.",input\georegis\dataset.json,
1354,Quem foi o primeiro engenheiro a perfurar o primeiro poço de petróleo da América do Sul?,"E. A. Prentice, empregado da fábrica de gás de Lima, perfura o que se considera ser o primeiro poço de petróleo da América do Sul.","O primeiro engenheiro a perfurar um poço de petróleo na América do Sul foi o coronel Manuel Antonio Pulido na Venezuela, em 1878.",1.0,0.0,"O score é 1.00 porque a resposta está absolutamente em linha com a pergunta, sem conteúdos irrelevantes, e isso é impressionante!","The score is 0.00 because the actual output incorrectly attributes the drilling of the first oil well in South America to Manuel Antonio Pulido in 1878 in Venezuela, whereas the retrieval context states it was drilled by E. A. Prentice in 1863.",input\georegis\dataset.json,
1355,Quantos poços a Companhia Peruana de Refino de Petróleo perfurava em 55 anos de operação?,450,"A Companhia Peruana de Refino de Petróleo não perfurava poços, pois sua atividade principal era o refino de petróleo, não a exploração. A perfuração de poços geralmente é realizada por empresas de exploração e produção de petróleo.",1.0,1.0,"The score is 1.00 because the output is perfectly aligned with the input, addressing the question accurately and concisely with no irrelevant information. Great job!","The score is 1.00 because there are no contradictions, indicating perfect alignment with the retrieval context. Well done!",input\georegis\dataset.json,
1356,Quantas empresas petrolíferas estavam operando em Talara em 1891?,14,"Em 1891, quatro empresas petrolíferas estavam operando em Talara, no Peru.",1.0,0.0,The score is 1.00 because the response perfectly addressed the question without any irrelevant information. Great job!,"The score is 0.00 because the actual output incorrectly states there were only four oil companies in Talara by 1891, while the retrieval context clearly mentions that there were 14 companies operating in the region during that time.",input\georegis\dataset.json,
1359,Quantas empresas petrolíferas operavam na região de Talara em 1891?,14,"Em 1891, uma empresa petrolífera operava na região de Talara: a London and Pacific Petroleum Company.",1.0,1.0,The score is 1.00 because the response is perfectly relevant and directly answers the question. Great job!,The score is 1.00 because there are no contradictions indicating the actual output aligns perfectly with the retrieval context. Great job!,input\georegis\dataset.json,
1362,Quem foi o primeiro engenheiro a perfurar o primeiro poço de petróleo da América do Sul?,E. A. Prentice,"O primeiro poço de petróleo da América do Sul foi perfurado por Manuel Antonio Pulido em 1917, na região de La Petrólea, na Venezuela.",0.5,0.0,"The score is 0.50 because the response lacked specific information about the engineer who drilled the first oil well in South America, and it included irrelevant details about the location of the drilling, which were not necessary for identifying the engineer responsible.","The score is 0.00 because the actual output incorrectly attributes the drilling of the first oil well in South America to Manuel Antonio Pulido in 1917, when it was actually drilled by E. A. Prentice in 1863.",input\georegis\dataset.json,
1363,Quando foi perfurado o primeiro poço totalmente na plataforma peruana?,1959,O primeiro poço perfurado totalmente na plataforma continental peruana foi em 1971.,1.0,0.0,The score is 1.00 because the answer is entirely relevant and addresses the question effectively. Great job!,"The score is 0.00 because the actual output incorrectly states the year of the first well drilled on the Peruvian platform as 1971, while the retrieval context clearly indicates it was in 1959.",input\georegis\dataset.json,
1365,Quando foi perfurado o primeiro poço de petróleo da América do Sul?,1863,"O primeiro poço de petróleo da América do Sul foi perfurado em 1867, na Venezuela.",1.0,0.0,"O score é 1.00 porque a resposta foi totalmente relevante e abordou precisamente o que foi perguntado, sem incluir informações irrelevantes.","The score is 0.00 because the actual output incorrectly states that the first oil well in South America was drilled in 1867 in Venezuela, while the retrieval context clarifies it was drilled in 1863 by E. A. Prentice.",input\georegis\dataset.json,
1367,Quantas empresas petrolíferas estavam operando na área em 1891?,14,"Em 1891, o número exato de empresas petrolíferas operando pode variar dependendo da região específica. No entanto, é sabido que a indústria do petróleo estava em crescimento naquela época, com várias empresas atuando nos Estados Unidos e em outras partes do mundo. Informações detalhadas para uma área específica podem exigir pesquisa em registros históricos locais.",1.0,0.6666666666666666,The score is 1.00 because the response perfectly addresses the question without any irrelevant information. Great job!,"The score is 0.67 because the actual output incorrectly states the number of oil companies operating in the Talara region in 1891, whereas the retrieval context provides this specific detail as 14 companies.",input\georegis\dataset.json,
1368,Quando foi perfurado o primeiro poço totalmente em plataforma peruana?,1959,O primeiro poço totalmente em plataforma peruana foi perfurado em 1971.,1.0,0.0,The score is 1.00 because the response perfectly addresses the question without any irrelevant information. Great job at staying focused and relevant!,"The score is 0.00 because the actual output incorrectly states that the first well drilled completely on the Peruvian platform was in 1971, while it was actually in 1959.",input\georegis\dataset.json,
1369,Quando foi fundada a primeira refinaria da América?,1916,"A primeira refinaria de petróleo da América foi fundada em 1861, na cidade de Titusville, Pensilvânia, Estados Unidos.",0.6666666666666666,0.0,"The score is 0.67 because while the founding date was addressed, mentioning the city where the refinery was founded wasn't directly relevant to the query.","The score is 0.00 because the claim about a refinery being founded in Titusville, Pennsylvania, in 1861 directly contradicts the retrieval context which states that the first refinery in America began operations in Talara, Peru, in 1916.",input\georegis\dataset.json,
1370,Quantos poços a Companhia Peruana de Refino de Petróleo abriu durante seus 55 anos?,450,Não há informações disponíveis sobre quantos poços a Companhia Peruana de Refino de Petróleo abriu durante seus 55 anos de operação.,0.5,1.0,"The score is 0.50 because the response provides some relevant context about the company's history but fails to directly address the specific question about the number of wells opened, making it less precise.","The score is 1.00 because there are no contradictions detected, indicating perfect alignment with the retrieval context. Great job!",input\georegis\dataset.json,
1371,Quantos boeds a IPC aumentou a refinaria de Talara em 1924?,20.000,"A refinaria de Talara, localizada no Peru, aumentou sua capacidade de produção para 10.000 boeds (barris de petróleo equivalente por dia) em 1924.",0.5,0.0,"The score is 0.50 because the answer contains relevant information related to the Talara refinery but includes irrelevant details such as the location of the refinery and a definition of 'boeds', which do not directly address the question about the increased capacity in 1924.","The score is 0.00 because the claim incorrectly states that the production capacity was increased to 10,000 boeds in 1924, while the retrieval context specifies an increase to 20,000 boeds.",input\georegis\dataset.json,
1372,Em que ano foi perfurado o primeiro poço de petróleo da América do Sul?,1863,"O primeiro poço de petróleo da América do Sul foi perfurado em 1908, na Venezuela.",1.0,0.0,The score is 1.00 because the answer was perfectly relevant to the question without any irrelevant statements. Keep up the fantastic work!,"The score is 0.00 because the actual output incorrectly claims that the first oil well in South America was drilled by engineer E. A. Prentice in 1863, which contradicts reliable historical references in the retrieval context.",input\georegis\dataset.json,
1374,Quantas empresas petrolíferas estavam operando na região em 1891?,14,"Sinto muito, mas não tenho informações específicas sobre o número de empresas petrolíferas operando em uma determinada região em 1891.",0.5,0.0,"The score is 0.50 because the answer included apologetic statements which did not contribute relevant information to the number of petroleum companies operating in the region in 1891, but some relevant information might still be present.","The score is 0.00 because the actual output wrongly claims there is no information about the number of companies in 1891, while the retrieval context clearly states there were 14 companies operating that year.",input\georegis\dataset.json,
1376,Quando foi inaugurada a primeira refinaria da América?,1916,"A primeira refinaria de petróleo das Américas foi inaugurada em 1881, localizada em Ponta Grossa, no estado do Paraná, Brasil.",0.3333333333333333,0.0,"The score is 0.33 because the actual output included information about the location of the refinery and geographical details about Ponta Grossa, which are not directly relevant to the inquiry about the inauguration date of the first refinery, thereby detracting from the relevancy.","The score is 0.00 because the actual output incorrectly states that the first refinery in the Americas began operations in 1881 in Ponta Grossa, Brazil, while the retrieval context clarifies that it was actually in Talara in 1916.",input\georegis\dataset.json,
1378,Quem perfurou o primeiro poço de petróleo da América do Sul em 1863?,o engenheiro E. A. Prentice,"O primeiro poço de petróleo da América do Sul foi perfurado por George Reynolds em 1863, na Venezuela.",0.6666666666666666,0.0,"The score is 0.67 because while the statement correctly attempts to address the question about the first oil well in South America, it contains an irrelevant attribution to George Reynolds, which is not historically accurate.","The score is 0.00 because the 'actual output' incorrectly states that George Reynolds drilled the first oil well in South America in Venezuela, while it was actually E. A. Prentice in Peru in 1863.",input\georegis\dataset.json,
1379,"Em que ano entrou em operação a primeira refinaria da América, localizada em Talara?",1916,"A primeira refinaria da América, localizada em Talara, entrou em operação em 1917.",1.0,0.0,The score is 1.00 because the response perfectly addresses the question without any irrelevant statements. Great job!,"The score is 0.00 because the actual output incorrectly states that the first refinery in America entered operation in 1917, while the retrieval context clearly states it was in 1916.",input\georegis\dataset.json,
1380,Qual empresa foi precursora da Exxon e atuou em Talara realizando atividades exploratórias e de refino?,"Internatio-nal Petroleum Company,",A empresa precursora da Exxon que atuou em Talara realizando atividades exploratórias e de refino foi a Standard Oil.,1.0,0.0,The score is 1.00 because the answer is perfectly relevant and fully addresses the input question with no irrelevant information. Great job!,"The score is 0.00 because the actual output incorrectly states that the Standard Oil was the precursor to the International Petroleum Company, while the context indicates it was actually the Exxon.",input\georegis\dataset.json,
1381,"Quando o governo peruano teve uma participação mais ativa na indústria petrolífera, criando a Empresa Petrolera Fiscal?",1939,O governo peruano criou a Empresa Petrolera Fiscal em 1969.,1.0,0.0,"Fantastic job! The score is 1.00 because the response was perfectly relevant with no irrelevant statements, providing a precise and well-aligned answer to the input question.","The score is 0.00 because the actual output incorrectly states that the Empresa Petrolera Fiscal was created in 1969, while the retrieval context reveals it was actually created in 1939.",input\georegis\dataset.json,
1382,Quais companhias foram responsáveis pelo primeiro poço perfurado totalmente na plataforma peruana em 1959?,Belco Petroleum Company e Peruvian Pacific Petroleum Company,A companhia responsável pelo primeiro poço perfurado totalmente na plataforma peruana em 1959 foi a empresa estatal Petroperú.,1.0,0.0,"The score is 1.00 because the answer is completely relevant and directly addresses the question, demonstrating excellent specificity and focus. Keep up the great work!","The score is 0.00 because the actual output incorrectly states that the first well drilled entirely on the Peruvian platform in 1959 was by the state company Petroperú, while it was actually drilled by Belco Petroleum Company and Peruvian Pacific Petroleum Company.",input\georegis\dataset.json,
1383,Quem é considerado o primeiro a perfurar um poço de petróleo na América do Sul?,o engenheiro E. A. Prentice,"Manuel Gil foi considerado o primeiro a perfurar um poço de petróleo na América do Sul, na Venezuela, em 1865.",1.0,0.0,O score é 1.00 porque a resposta fornecida é totalmente relevante e diretamente aborda a pergunta sem qualquer declaração irrelevante. Ótimo trabalho ao se manter focado na questão!,"The score is 0.00 because the actual output incorrectly states that Manuel Gil drilled the first oil well in Venezuela in 1865, whereas the retrieval context indicates E. A. Prentice drilled the first oil well in South America in 1863 in Peru, with no mention of Manuel Gil or drilling in Venezuela.",input\georegis\dataset.json,
1384,Em que ano foi fundada a Companhia Peruana de Refino de Petróleo?,1871,A Companhia Peruana de Refino de Petróleo foi fundada em 1906.,1.0,0.0,The score is 1.00 because the answer was perfectly relevant and directly addressed the question without any irrelevant content. Great job!,"The score is 0.00 because the actual output incorrectly states that the Companhia Peruana de Refino de Petróleo was founded in 1906, while the correct year is 1871 as per the retrieval context.",input\georegis\dataset.json,
1385,Quantos poços a Companhia Peruana de Refino de Petróleo chegou a perfurar em 55 anos de operação?,450 poços,"A Companhia Peruana de Refino de Petróleo não perfura poços; ela se concentra no refinamento de petróleo. Portanto, o número de poços perfurados por ela seria zero.",1.0,1.0,The score is 1.00 because the answer directly addresses the question accurately and concisely without any irrelevant information. Great job!,The score is 1.00 because there are no contradictions. Everything aligns perfectly with the retrieval context. Great job!,input\georegis\dataset.json,
1386,Em que ano entrou em operação a primeira refinaria da América?,1916,A primeira refinaria da América entrou em operação em 1862.,1.0,0.0,The score is 1.00 because the answer perfectly addressed the question without any irrelevant information. Keep up the great work!,"The score is 0.00 because the actual output incorrectly stated the year the first refinery in America started operations as 1862, when it should be 1916 according to the retrieval context.",input\georegis\dataset.json,
1387,"Qual é o nome da companhia que marcaria época, tanto pelas suas atividades exploratórias como de refino?",a Internatio-nal Petroleum Company,Petrobras.,1.0,1,"The score is 1.00 because the output is perfectly relevant, addressing the input question directly and effectively.","The score is 1.00 because the actual output is perfectly aligned with the retrieval context, with no contradictions found. Great job!",input\georegis\dataset.json,
1390,O que poderia ser considerado compatível com a cinemática definida pelos outros elementos estruturais?,a condição de obliqüidade constante,"Elementos estruturais podem ser considerados compatíveis com a cinemática quando suas deformações e movimentações respeitam os vínculos e condições de contorno do sistema em que estão inseridos, garantindo que não ocorram incompatibilidades de conexão, esforços excessivos ou falhas nas junções. Em suma, a compatibilidade cinemática implica que todos os componentes do sistema estrutural se movem de maneira coerente e controlada em relação aos outros.",0.8,1.0,"The score is 0.80 because the response addresses compatibility with the structural elements' kinematics. However, it includes a statement about efforts and failures in junctions, which is not directly relevant to the main question.",The score is 1.00 because there are no contradictions present. Great job maintaining consistency!,input\georegis\dataset.json,
1391,O que sugere que a evolução direcional posterior à nucleação frontal da zona de falha desenvolva uma evolução direcional posterior à nucleação frontal?,secciona-mento da zona de falha de Perimbó,"A evolução direcional posterior à nucleação frontal da zona de falha indica que, após a iniciação de um rompimento ou deslocamento ao longo da falha, o movimento subsequente tende a seguir uma trajetória predefinida ou determinada por condições tectônicas, estresse local e características materiais da falha. Essa evolução pode ser influenciada por fatores como a geometria da falha, heterogeneidades no material ao redor e o acúmulo de tensões no tempo.",0.5,1.0,"The score is 0.50 because the statement touches on the topic but fails to address the specific suggestion of directional evolution following frontal nucleation, leading to partial relevancy.",The score is 1.00 because there are no contradictions between the actual output and the retrieval context. Great job maintaining alignment!,input\georegis\dataset.json,
1392,O encurtamento podería ser quantificado tomando-se como base qual marcador linear?,"um marcador linear, paralelo à direção de compressão máxima.",O encurtamento pode ser quantificado tomando-se como base o marcador linear dos telômeros.,1.0,0.0,"A pontuação é 1.00 porque a resposta aborda exatamente o que foi solicitado no input, sem declarações irrelevantes. Excelente trabalho!","The score is 0.00 because the actual output incorrectly references telomeres, whereas the retrieval context discusses a linear marker used for quantifying shortening parallel to the maximum compression direction.",input\georegis\dataset.json,
1396,O encurtamento podería ser quantificado tomando-se como base qual marcador linear?,"um marcador linear, paralelo à direção de compressão máxima",O encurtamento pode ser quantificado tomando-se como base o marcador linear dos telômeros.,1.0,1.0,The score is 1.00 because the response is perfectly relevant and directly addresses the input without any irrelevant statements. Great job!,The score is 1.00 because there are no contradictions; this demonstrates a perfect alignment between the actual output and the retrieval context. Great job on ensuring accuracy!,input\georegis\dataset.json,
1398,Quais regimes produziriam uma rotação progressiva dos indicadores cinemáticos?,oblíquo ou transpressivo,"Regimes dissipativos, como atrito ou resistência do ar, podem produzir uma rotação progressiva dos indicadores cinemáticos.",1.0,1.0,The score is 1.00 because the response was perfectly relevant and addressed the question succinctly. Great job!,"The score is 1.00 because there are no contradictions, indicating the actual output is perfectly faithful to the retrieval context. Great job!",input\georegis\dataset.json,
1399,Como o encurtamento pode ser quantificado?,"tomando-se como base um marcador linear, paralelo à direção de compressão máxima","O encurtamento pode ser quantificado medindo a diferença entre o comprimento original e o comprimento reduzido de um objeto ou material. Essa diferença pode ser expressa em unidades absolutas, como centímetros ou metros, ou como uma porcentagem em relação ao comprimento original.",1.0,1.0,The score is 1.00 because the response is perfectly relevant with no irrelevant statements. Great job on maintaining focus and clarity!,"The score is 1.00 because there are no contradictions, suggesting a perfectly aligned and faithful output with the retrieval context. Great job maintaining accuracy!",input\georegis\dataset.json,
1401,Qual é a base para quantificar o encurtamento?,"um marcador linear, paralelo à direção de compressão máxima","A base para quantificar o encurtamento geralmente envolve medir a redução em comprimento ou duração em comparação com um estado ou tamanho original. Isso pode ser feito usando métricas específicas como porcentagem de redução, diferença absoluta ou outras medidas apropriadas ao contexto, como tempo, comprimento ou quantidade.",1.0,0.5,The score is 1.00 because the answer is directly relevant and perfectly addresses the question without any irrelevant statements. Great job staying focused!,"The score is 0.50 because the actual output inaccurately connects the concept of quantifying shortening to a general reduction in length or duration, whereas it should relate to a linear marker parallel to the direction of maximum compression.",input\georegis\dataset.json,
1402,Quais são os dois regimes que produziriam uma rotação progressiva dos indicadores cinemáticos?,oblíquo ou transpressivo,Os dois regimes que produziriam uma rotação progressiva dos indicadores cinemáticos são a submissão a um cisalhamento puro ou a um cisalhamento simples.,1.0,1.0,The score is 1.00 because the answer is fully relevant; keep up the great work!,"The score is 1.00 because there are no contradictions. The actual output aligns perfectly with the retrieval context, which is fantastic!",input\georegis\dataset.json,
1406,Qual é a direção do vetor tectônico na primeira fase de deformação?,de SE para NW,"A direção do vetor tectônico na primeira fase de deformação pode variar dependendo do contexto tectônico específico da região em questão. Em geral, a direção é determinada por estudos geológicos e geofísicos, analisando a orientação de falhas, dobras e outros indicadores estruturais. Portanto, é necessário consultar estudos regionais para obter uma resposta precisa.",1.0,0.6666666666666666,The score is 1.00 because the answer perfectly addresses the question without any irrelevant statements. Great job!,"The score is 0.67 because the actual output incorrectly describes the evolution of the first deformation phase as involving a tectonic vector from SE to NW, while the retrieval context suggests no such directional variation under specific contexts.",input\georegis\dataset.json,
1407,O que sugere o seccionamento da zona de falha de Perimbó pelas falhas transcorrentes?,uma evolução direcional posterior à nucleação frontal da referida zona de falha,"O seccionamento da zona de falha de Perimbó por falhas transcorrentes sugere que há movimento lateral significativo entre blocos de rocha, indicando atividade tectônica na região. Essa interação pode influenciar a distribuição e a magnitude de tensões geológicas, além de afetar a sismicidade local.",1.0,1.0,The score is 1.00 because the response perfectly addresses the input query without any irrelevant statements. Great job on providing a focused answer!,"The score is 1.00 because there are no contradictions, indicating that the actual output is perfectly faithful to the retrieval context. Great job!",input\georegis\dataset.json,
1409,Como seria quantificado o encurtamento de acordo com o texto?,"tomando-se como base um marcador linear, paralelo à direção de compressão máxima",Não posso fornecer uma resposta específica sem o texto mencionado.,0.0,1.0,The score is 0.00 because the response failed to provide information relevant to quantifying the shortening according to the text. It mentioned the unavailability of necessary information without directly addressing the question.,"The score is 1.00 because there are no contradictions, indicating perfect alignment between the actual output and the retrieval context. Great job!",input\georegis\dataset.json,
1412,O que a hipótese b sugere que deveria ocorrer também?,uma dispersão dos valores de acamamento,"A hipótese B geralmente sugere uma consequência ou resultado que deve ocorrer se a hipótese for verdadeira. No entanto, sem detalhes específicos sobre o contexto da ""hipótese B"", não posso fornecer uma resposta mais precisa.",1.0,1.0,The score is 1.00 because the answer is completely relevant and directly addresses the input without any irrelevant statements. Great job!,"The score is 1.00 because there are no contradictions, indicating that the actual output perfectly aligns with the retrieval context. Great job on maintaining accuracy and coherence!",input\georegis\dataset.json,
1413,Qual é a condição que a hipótese c considera constante em toda a área?,a condição de obliqüidade,A hipótese C considera que a vorticidade relativa é constante em toda a área.,1.0,0.0,"The score is 1.00 because the answer was completely relevant to the input, addressing the question without including any unrelated information. Great job!","The score is 0.00 because the actual output incorrectly states that the hypothesis C considers relative vorticity, while the context specifies that it considers the condition of obliquity constant.",input\georegis\dataset.json,
1414,Qual é o nome da descontinuidade crustal?,"Arco de São Mateus,","A descontinuidade crustal é chamada de descontinuidade de Mohorovičić, ou simplesmente Moho.",1.0,1.0,O score é 1.00 porque a resposta fornecida é completamente relevante e aborda exatamente o que foi perguntado. Excelente trabalho mantendo o foco na questão!,"The score is 1.00 because there are no contradictions, demonstrating a perfect alignment with the retrieval context. Great job!",input\georegis\dataset.json,
1415,Qual é a idade do fragmento máfico?,"69,4 ± 1,3 Ma, geocro-nologicamente compatível","A idade de um fragmento máfico pode variar amplamente, pois depende do contexto geológico específico em que foi formado. Esses fragmentos podem ser tão antigos quanto várias centenas de milhões de anos. Para determinar a idade precisa, seria necessário realizar técnicas de datação geocronológica, como a datação radiométrica.",1.0,1.0,The score is 1.00 because the answer perfectly addresses the question with no irrelevant statements. Great job!,"The score is 1.00 because there are no contradictions, indicating perfect alignment between the actual output and the retrieval context. Fantastic work!",input\georegis\dataset.json,
1416,Qual é a sequência vulcanoclástica da Fm. Rio Doce?,Abrolhos,"A sequência vulcanoclástica da Formação Rio Doce é composta por depósitos vulcânicos e sedimentares associados a processos eruptivos e de deposição em ambiente subaéreo e/ou aquático. Inclui fluxos piroclásticos, tufos, brechas e aglomerados, intercalados com sedimentos clásticos que indicam uma complexa interação entre atividade vulcânica e deposição sedimentar.",1.0,1.0,"The score is 1.00 because the response is perfectly relevant, with all statements directly addressing the question about the vulcanoclastic sequence of the Fm. Rio Doce. Great job!","The score is 1.00 because there are no contradictions, which means the actual output aligns perfectly with the retrieval context. Great job!",input\georegis\dataset.json,
1419,Qual é a idade da amostra?,"69,4 ± 1,3 Ma, geocro-nologicamente compatível","Desculpe, não tenho informações suficientes para responder à sua pergunta. Você poderia fornecer mais detalhes sobre qual amostra está se referindo?",0.5,1,"The score is 0.50 because the output acknowledges the lack of information regarding the sample's age, indicating a partial response. However, it fails to directly address the question about the age of the sample, limiting its relevancy.",The score is 1.00 because there are no contradictions. Great job maintaining faithfulness!,input\georegis\dataset.json,
1421,Qual é o nome da descontinuidade crustal?,Arco de São Mateus,Descontinuidade de Mohorovičić.,1.0,1.0,"O score é 1.00 porque a resposta está completamente relevante e adequada, sem quaisquer declarações irrelevantes. Excelente trabalho!","The score is 1.00 because there are no contradictions, suggesting a perfect alignment between the actual output and the retrieval context. Keep up the excellent work!",input\georegis\dataset.json,
1422,Qual é a idade do fragmento máfico?,"69,4 ± 1,3 Ma","A idade do fragmento máfico pode variar dependendo do contexto geológico específico em que ele se encontra. Fragmentos máficos podem fazer parte de várias formações geológicas com idades que vão desde alguns milhões até bilhões de anos. Para determinar a idade exata de um fragmento máfico específico, seria necessário realizar análises de datação geocronológica, como métodos radiométricos.",1.0,0.6666666666666666,The score is 1.00 because the answer was perfectly relevant and addressed the input directly. Great work!,"The score is 0.67 because the actual output likely presented an incorrect age for the máfico fragment, contrasting with the retrieval context where it is specified as 69.4 ± 1.3 Ma.",input\georegis\dataset.json,
1425,Qual é a idade da amostra?,"69,4 ± 1,3 Ma","A frase ""idade da amostra"" não é clara sem contexto adicional. Pode referir-se à idade de um conjunto de dados, à idade média de indivíduos em uma pesquisa, ou a um exemplo de idade numa questão específica. Por favor, forneça mais informações ou detalhe a pergunta.",0.8,1.0,"The score is 0.80 because the answer is mostly relevant to the question about the sample's age, but asking for additional information suggests a lack of complete context, limiting the score from being higher.","The score is 1.00 because there are no contradictions, indicating perfect alignment between the actual output and the retrieval context. Great job!",input\georegis\dataset.json,
1426,Qual foi a data de um fragmento mafico de uma rocha?,"69,4 ± 1,3 Ma","A datação de um fragmento máfico de uma rocha não é uma data única aplicável a todas as amostras, pois depende do método utilizado e do contexto geológico. Métodos como datação radiométrica (por exemplo, potássio-argônio) são usados para determinar a idade de formação do fragmento, mas a data exata varia de acordo com a amostra específica.",1.0,1.0,"The score is 1.00 because there are no irrelevant statements in the output, demonstrating excellent alignment with the query.",The score is 1.00 because the actual output is perfectly aligned with the retrieval context. Great job!,input\georegis\dataset.json,
1427,Quem descreve uma forte ocorrência de rochas piroclásticas ácidas na região nordeste do estado de Minas Gerais?,Raposo etal.,O geólogo alemão Wilhelm Johan van Leenwenboom descreve uma forte ocorrência de rochas piroclásticas ácidas na região nordeste do estado de Minas Gerais.,1.0,0.0,The score is 1.00 because the output was perfectly relevant and addressed the query with accurate details. Great job!,"The score is 0.00 because the actual output incorrectly involves Wilhelm Johan van Leenwenboom in the description of acidic pyroclastic rocks in the northeastern region of Minas Gerais, which is not mentioned in the retrieval context according to Raposo et al.",input\georegis\dataset.json,
1428,Quem admitiu que há uma interrelação entre a sequência vulcanoclástica da Fm. Abrolhos e os sedimentos terciários da Fm. Rio Doce?,Novais etal.,Cassino Jr. & Lana (1995) admitiram essa interrelação.,1.0,1.0,"The score is 1.00 because the response is perfectly relevant and directly addresses the input, with no irrelevant statements.","The score is 1.00 because there are no contradictions, which means the actual output perfectly aligns with the retrieval context. Great job!",input\georegis\dataset.json,
1429,Como é chamada a descontinuidade crustal?,Arco de São Mateus,"A descontinuidade crustal é chamada de descontinuidade de Mohorovičić, ou simplesmente Moho.",1.0,1.0,"The score is 1.00 because the response directly addresses the question without any irrelevant statements, maintaining perfect relevance. Keep up the great work!","The score is 1.00 because there are no contradictions, indicating a perfect alignment with the retrieval context. Fantastic job!",input\georegis\dataset.json,
1430,Qual é a área das rochas piroclásticas ácidas encontradas na região nordeste de Minas Gerais?,75km de comprimento por 25km de largura,"A área específica das rochas piroclásticas ácidas na região nordeste de Minas Gerais não está prontamente disponível. Para informações detalhadas e precisas, seria necessário consultar estudos geológicos ou mapas geológicos específicos dessa região.",0.5,0.5,"The score is 0.50 because the response partially addressed the question by mentioning the unavailability of specific information. However, it lacked direct information regarding the area of acidic pyroclastic rocks in the specified region. The acknowledgment of the unavailable data shows some engagement with the question, preventing a lower score.",The score is 0.50 because the actual output contradicts the retrieval context by misstating the specific area of acidic pyroclastic rocks in northeastern Minas Gerais. It inaccurately describes the area's dimensions and orientation.,input\georegis\dataset.json,
1431,Quem descreveu uma grande ocorrência de rochas piroclásticas ácidas na região nordeste de Minas Gerais?,Raposo etal.,A ocorrência de rochas piroclásticas ácidas na região nordeste de Minas Gerais foi descrita por Djalma Guimarães.,1.0,0.0,The score is 1.00 because the answer is perfectly relevant and directly addresses the question without any irrelevant information. Great job!,"The score is 0.00 because the actual output incorrectly attributes the description of acidic pyroclastic rocks in northeastern Minas Gerais to Djalma Guimarães, while the retrieval context credits Raposo et al.",input\georegis\dataset.json,
1432,Quem admite que há uma interrelação entre a sequência vulcanoclástica da Fm. Abrolhos e os sedimentos terciários da Fm. Rio Doce?,Novais etal.,"Quem admite essa interrelação entre a sequência vulcanoclástica da Formação Abrolhos e os sedimentos terciários da Formação Rio Doce são especialistas e geólogos que estudaram a região, mas não há uma referência específica de uma pessoa ou estudo que se destaca amplamente. Estudos geológicos, no entanto, frequentemente exploram essas relações em análises da bacia sedimentar do Espírito Santo, no Brasil.",0.75,1.0,"The score is 0.75 because the answer provides relevant information about the interrelation between the formations mentioned. However, it includes an irrelevant detail about the location of the Espírito Santo basin, which does not contribute to identifying who admits the interrelation.",Fantastic job! The score is 1.00 because there are no contradictions in the actual output.,input\georegis\dataset.json,
1435,Quanta área as rochas piroclásticas ácidas ocupam?,75km de comprimento por 25km de largura,"A área ocupada por rochas piroclásticas ácidas pode variar significativamente dependendo da região e do evento vulcânico específico. Ela não tem uma medida fixa global. Para um valor preciso, seria necessário consultar levantamentos geológicos regionais ou específicos para a área de interesse.",1.0,1.0,The score is 1.00 because the answer precisely and fully addresses the input question without any irrelevant statements or deviations. Great accuracy and focus!,The score is 1.00 because there are no contradictions. Keep up the great work!,input\georegis\dataset.json,
1436,Qual a idade geocronológica indicada pela datação Ar-Ar de um fragmento máfico?,"69,4 ± 1,3 Ma","A idade geocronológica de um fragmento máfico indicada pela datação Ar-Ar pode variar dependendo do contexto geológico. Esse método de datação é usado para determinar idades em milhões de anos, geralmente em minerais como hornblenda ou biotita, que podem estar presentes em rochas máficas. Para responder com precisão, seria necessário ter o resultado específico da análise Ar-Ar realizada no fragmento em questão.",0.8333333333333334,0.75,"The score is 0.83 because the response primarily addresses the question about the Ar-Ar dating of a mafic fragment, but includes an irrelevant point about geological context variations, which slightly detracts from its direct relevance.",The score is 0.75 because the actual output presents an age that is not aligned with the specific dated age of 69.4 ± 1.3 Ma according to the retrieval context.,input\georegis\dataset.json,
1437,O que é a Fm. Rio Doce?,"corresponde a arenitos médios a muito grossos, quartzozos, feldspáticos, com cores cinza-esverdeadas, maciços ou com estratificações cruzadas","A Fm. Rio Doce é uma estação de rádio localizada em Governador Valadares, Minas Gerais, Brasil.",0.5,0.0,"The score is 0.50 because the answer contains geographic information that does not pertain to defining or identifying Fm. Rio Doce, which detracts from its relevancy. Despite this, it partially addresses the topic by including some useful information.","The score is 0.00 because the actual output wrongly identifies Fm. Rio Doce as a radio station, whereas the retrieval context clearly describes it as a geological formation with specific sediment characteristics.",input\georegis\dataset.json,
1438,O que descrevem Raposo etal. sobre a região nordeste do estado de Minas Gerais?,"uma expressiva ocorrência de rochas piroclásticas ácidas, de provável idade fanerozoica","Raposo et al. descrevem a geologia, recursos minerais e aspectos ambientais da região nordeste do estado de Minas Gerais, destacando sua importância econômica e a diversidade geológica.",0.8,1.0,"The score is 0.80 because the answer captures the general context about the region northeast of Minas Gerais but fails to specify exactly what Raposo et al. described, which is crucial for full relevancy.",The score is 1.00 because there are no contradictions between the actual output and the retrieval context. Great job!,input\georegis\dataset.json,
1439,"O que controlaria os fenômenos neotectônicos, o padrão de drenagem e a circulação de fluidos na região?","a uma descontinuidade crustal denominada Arco de São Mateus,","Os fenômenos neotectônicos, o padrão de drenagem e a circulação de fluidos em uma região são controlados por fatores como a atividade tectônica recente, a estrutura geológica, a topografia local, a litologia das rochas e a presença de falhas ou fraturas. Além disso, o clima e as forças hidrodinâmicas também influenciam esses processos.",1.0,1.0,The score is 1.00 because the response was completely relevant and addressed the input without any irrelevant statements. Great job on providing a focused and concise answer!,"The score is 1.00 because there are no contradictions, reflecting the closeness and accuracy of the actual output to the retrieval context. Great job!",input\georegis\dataset.json,
1440,Qual é a idade do fragmento máfico mencionado no texto?,"69,4 ± 1,3 Ma","Sinto muito, mas não tenho informações específicas sobre o fragmento máfico mencionado, pois não tenho acesso a um texto específico.",0.3333333333333333,0.5,"The score is 0.33 because the output includes apologies and statements of ignorance that do not address the question regarding the age of the mafic fragment, reducing its relevancy.","The score is 0.50 because the actual output incorrectly claims there is no information on the mafic fragment, whereas the retrieval context provides specific Ar-Ar dating details (69.4 ± 1.3 Ma) for it, indicating a significant misalignment.",input\georegis\dataset.json,
1441,O que é a Fm. Rio Doce?,"arenitos médios a muito grossos, quartzozos, feldspáticos, com cores cinza-esverdeadas, maciços ou com estratificações cruzadas","A FM Rio Doce é uma estação de rádio que transmite programação em frequência modulada (FM). Ela pode ser uma emissora local que fornece música, notícias e outros conteúdos para sua audiência. A localização específica ou detalhes adicionais dependerão do contexto regional em que a rádio opera.",1.0,0.6666666666666666,The score is 1.00 because the answer directly and accurately addressed the question about 'Fm. Rio Doce'. Keep up the excellent work!,"The score is 0.67 because the actual output incorrectly identifies FM Rio Doce as a radio station, while the retrieval context describes it as a geological formation with sediments.",input\georegis\dataset.json,
1442,Como são os sedimentos da Fm. Rio Doce?,"mal selecionados, pouco lamosos e extremamente litificados, com os grãos cimentados por sílica criptocristalina","Os sedimentos da Formação Rio Doce são predominantemente compostos de arenitos, siltitos e argilitos. Eles geralmente apresentam características de deposição em ambientes fluviais e deltaicos.",0.5,0.5,"The score is 0.50 because the statement addresses some relevant aspects but includes information about the depositional environment rather than focusing solely on the composition of the sediments, which was the main inquiry.","The score is 0.50 because the actual output incorrectly includes the presence of siltitos and argilitos in the Rio Doce Formation, which were not mentioned in the retrieval context.",input\georegis\dataset.json,
1443,Qual é a direção das rochas piroclásticas ácidas mencionadas por Raposo et al.?,NE-SW,As rochas piroclásticas ácidas mencionadas por Raposo et al. apresentam uma direção N30-60E.,1.0,0.0,The score is 1.00 because the output perfectly matches the input without any irrelevant statements. Excellent job!,"The score is 0.00 because the actual output incorrectly states the direction of acidic pyroclastic rocks as N30-60E, while the retrieval context specifies a NE-SW direction.",input\georegis\dataset.json,
1444,Quem foi o responsável pela descoberta do campo de Tubarão?,"detentor do direito de exploração sob regime de contrato de risco, que perfurou apenas um poço e a considerou não atrativa, permitiu que no início de 1988 a PETROBRÁS descobrisse, com a perfuração do pioneiro 1-PRS-4, a acumulação de hidrocarbonetos do Campo de Tubarão. As","A descoberta do Campo de Tubarão, localizado na Bacia de Campos, no Brasil, foi realizada pela Petrobras.",0.3333333333333333,1.0,"The score is 0.33 because the answer includes geographical details about the Campo de Tubarão and the Bacia de Campos, which are unrelated to addressing the query about the discovery responsibility of Campo de Tubarão.","The score is 1.00 because the actual output perfectly aligns with the retrieval context, showing complete consistency and faithfulness. Great job!",input\georegis\dataset.json,
1445,Qual é a coluna de hidrocarbonetos constatada?,"255 m,","A coluna de hidrocarbonetos refere-se à espessura de uma formação geológica saturada com hidrocarbonetos, como petróleo e gás natural, entre camadas impermeáveis. É medida verticalmente, do topo da formação até sua base, onde os hidrocarbonetos estão presentes.",0.4,1.0,"The score is 0.40 because while the answer confirms the presence of hydrocarbons and discusses geological stratification, it lacks in specifying which column of hydrocarbons is observed, making it partially relevant.","The score is 1.00 because the actual output perfectly aligns with the retrieval context, with no contradictions at all. Keep up the great work!",input\georegis\dataset.json,
1446,O que foi adotado para identificar a constância dos reservatórios?,a subdivisão em zonas produtoras diferenciadas,"Foi adotado o uso de medições regulares de nível de água, monitoramento via satélites e sensores remotos, além de análises de dados hidrológicos e meteorológicos para identificar a constância dos reservatórios.",1.0,1.0,"The score is 1.00 because the response was perfectly on point with no irrelevant statements, showcasing a clear and accurate understanding of the question.",The score is 1.00 because there are no contradictions. Great job on achieving perfect alignment!,input\georegis\dataset.json,
1447,Qual é a coluna de hidrocarbonetos constatada?,255 m,A coluna de hidrocarbonetos refere-se ao intervalo dentro de uma formação geológica onde há a presença de petróleo e/ou gás natural entre as rochas reservatório e a formação selante acima.,1.0,1.0,O score é 1.00 porque a resposta está totalmente alinhada com a pergunta feita. Excelente trabalho em manter a relevância!,"The score is 1.00 because there are no contradictions, showing that the actual output is perfectly aligned with the retrieval context. Fantastic work!",input\georegis\dataset.json,
1449,Qual é o tamanho da coluna de hidrocarbonetos constatada?,255 m,"O tamanho da coluna de hidrocarbonetos pode variar dependendo do contexto ou do campo petrolífero específico a que você se refere. Para fornecer uma resposta precisa, seria necessário detalhes adicionais sobre o local ou a descoberta específica que você está mencionando.",0.5,1.0,"The score is 0.50 because the response didn't provide a direct answer to the size question, instead suggesting a need for additional information and referring to unrelated specifics like location or discovery details.","The score is 1.00 because the actual output aligns perfectly with the retrieval context, without any contradictions. Great job!",input\georegis\dataset.json,
1450,Qual é o caráter dos marcos elétricos?,caráter cronoestratigráfico,"Os marcos elétricos geralmente se referem a pontos de referência ou dispositivos relacionados ao fornecimento, distribuição, e monitoramento de eletricidade. O caráter deles é técnico e funcional, voltado para garantir a eficiência, segurança e confiabilidade do sistema elétrico.",1.0,0.5,The score is 1.00 because the response is perfectly relevant with no irrelevant statements. Great job!,"The score is 0.50 because the actual output incorrectly associates 'marcos elétricos' with electrical system devices, whereas the retrieval context specifies them as chronostratigraphic markers in the Tubarão field.",input\georegis\dataset.json,
1451,Qual foi o valor preditivo de porosidade previsto?,7%,"Desculpe, mas eu não tenho acesso a dados ou previsões sobre o valor preditivo de porosidade.",1.0,1.0,The score is 1.00 because every component of the answer was relevant and appropriately addressed the input effectively. Great job!,"The score is 1.00 because the actual output perfectly aligns with the retrieval context, demonstrating exceptional faithfulness.",input\georegis\dataset.json,
1452,Quantos poços a PETROBRÁS perfurou sob contrato de contrato de risco?,um,A Petrobrás perfurou 11 poços sob o Contrato de Risco.,1.0,0.0,The score is 1.00 because the response directly addresses the question with no irrelevant information. Great job!,"The score is 0.00 because the actual output incorrectly states that Georegis drilled 11 wells, while the retrieval context clearly mentions that only one well was drilled.",input\georegis\dataset.json,
1453,Quem propôs a subdivisão em zonas produtoras diferenciadas?,Andrade e Saito,O conceito de subdivisão em zonas produtoras diferenciadas foi proposto por Karl Marx em sua análise do capitalismo e da produção industrial.,0.3333333333333333,0.0,"The score is 0.33 because the answer mentions analysis related to capitalism and industrial production, but it does not directly address the proposal of subdividing into differentiated producing zones, which is what the input specifically asked about.","The score is 0.00 because the actual output incorrectly attributes the proposal of subdividing into differentiated production zones to Karl Marx, while it was actually proposed by Andrade and Saito.",input\georegis\dataset.json,
1454,O que a PETROBRÁS descobriu com o poço pioneiro 1 - PRS - 4?,a acumulação de hidrocarbonetos do Campo de Tubarão,"O poço pioneiro 1-PRS-4, perfurado pela Petrobras, foi responsável pela descoberta do campo de petróleo de Garoupa, na Bacia de Campos, em 1974. Esta descoberta foi um marco importante para a indústria de petróleo no Brasil.",1.0,0.5,The score is 1.00 because the actual output was perfectly relevant and addressed the input question comprehensively. Excellent job!,"The score is 0.50 because the actual output incorrectly attributes the discovery of the Garoupa field to the 1-PRS-4 well in 1974, while the retrieval context mentions hydrocarbons were discovered at the Tubarão Field in 1988, with no reference to Garoupa or the year 1974.",input\georegis\dataset.json,
1456,Onde as rochas do reservatório de Tubarão se encontram?,Guarujá Inferior,"As rochas do reservatório da Formação Tubarão estão localizadas principalmente na Bacia do Paraná, no Brasil.",1.0,1.0,The score is 1.00 because the answer perfectly addresses the input question without any irrelevant information. Great job!,"The score is 1.00 because there are no contradictions, demonstrating impeccable alignment between the actual output and the retrieval context. Keep up the great work!",input\georegis\dataset.json,
1457,O que os marcos elétricos têm?,caráter cronoestratigráfico,"Marcos elétricos são geralmente regulamentos, normas ou leis que definem padrões e diretrizes para a produção, transmissão e distribuição de eletricidade. Eles incluem especificações técnicas de segurança, eficiência, qualidade de fornecimento e requisitos ambientais que as empresas do setor elétrico devem cumprir.",0.8571428571428571,0.5,"The score is 0.86 because the answer mostly addresses the query, but it includes a statement about compliance which doesn't directly answer what the electric milestones are.","The score is 0.50 because the actual output wrongly suggests that 'marcos elétricos' refer to regulations or laws, while the context only describes them as having a chronostratigraphic character recognized within the field.",input\georegis\dataset.json,
1458,Qual foi o valor preditivo de porosidade?,7%,"O valor preditivo de porosidade depende do contexto geológico e industrial, especialmente em campos como a engenharia de petróleo e a geologia. A porosidade é crucial para determinar a capacidade de uma rocha armazenar fluidos, como petróleo e água. É usada para estimar a reserva de hidrocarbonetos em um reservatório, influenciando diretamente a viabilidade econômica da exploração. Ela também afeta a permeabilidade, informando sobre o fluxo de fluidos através da rocha. Sem dados ou contextos específicos, não há um ""valor preditivo"" fixo, mas ela é essencial na modelagem e avaliação de reservatórios.",0.8571428571428571,0.8,"The score is 0.86 because the response is mostly relevant but lacks a specific numerical value as requested, preventing it from scoring higher.","The score is 0.80 because the actual output likely presented porosity values that did not align with the specified predictive values of around 7%, indicating some faithfulness issues.",input\georegis\dataset.json,
1459,Quantos poços a PETROBRÁS perfurava sob regime de contrato de risco?,um,"A Petrobras não perfura poços sob regime de contrato de risco desde a década de 1980, quando essas modalidades deixaram de ser utilizadas no Brasil.",1.0,1.0,The score is 1.00 because the answer was completely relevant with no irrelevant statements. Great job keeping the focus sharp and precise!,"The score is 1.00 because there are no contradictions, which indicates a perfect alignment between the actual output and the retrieval context. Great job on accuracy!",input\georegis\dataset.json,
1462,O que a PETROBRÁS descobriu com o primeiro poço?,a acumulação de hidrocarbonetos do Campo de Tubarão,"A Petrobrás, com seu primeiro poço perfurado, descobriu petróleo em escala comercial no campo de Candeias, na Bahia, em 1958. Essa descoberta foi crucial para o desenvolvimento da indústria petrolífera brasileira.",0.8,1.0,"The score is 0.80 because the response largely addresses the question about Petrobras's discovery with the first well. However, it loses some points due to the inclusion of irrelevant geographical information about Candeias, which does not pertain directly to the discovery itself.","The score is 1.00 because the actual output perfectly aligns with the retrieval context, with no contradictions found. Great job!",input\georegis\dataset.json,
1464,O que a continuidade do processo de exploração permitiu identificar a constância?,reservatórios,"A continuidade do processo de exploração permite identificar a constância ao revelar padrões e tendências consistentes ao longo do tempo. Isso ajuda a distinguir entre variações momentâneas e comportamentos persistentes, facilitando a compreensão e a previsão de fenômenos observados.",1.0,1.0,The score is 1.00 because the answer is perfectly relevant and addresses the input question without any irrelevant statements. Great job!,"The score is 1.00 because the actual output perfectly aligns with the retrieval context, demonstrating complete faithfulness.",input\georegis\dataset.json,
1465,Quantos poços foram perfurados na acumulação de hidrocarbonetos do Campo de Tubarão?,um,"No Campo de Tubarão, foram perfurados um total de 23 poços.",1.0,0.0,"A pontuação é 1.00 porque a resposta foi precisa e totalmente relevante para a pergunta, abordando exatamente o que foi solicitado sem qualquer informação irrelevante. Ótimo trabalho em manter o foco!","The score is 0.00 because the context states only one well was drilled in the Tubarão Field, contradicting the claim that a total of 23 wells were drilled.",input\georegis\dataset.json,
1466,Quantos poços a PETROBRÁS perfurava no início de 1988?,um,A Petrobrás perfurava cerca de 28 poços por mês no início de 1988.,1.0,1.0,The score is 1.00 because the response perfectly addressed the input without any irrelevant statements. Great job maintaining focus!,"The score is 1.00 because there are no contradictions detected, indicating a perfectly faithful alignment with the retrieval context. Well done!",input\georegis\dataset.json,
1467,Quem descobriu a acumulação de hidrocarbonetos do Campo de Tubarão?,a PETROBRÁS,A acumulação de hidrocarbonetos do Campo de Tubarão foi descoberta pela empresa Petróleo Brasileiro S.A. (Petrobras).,1.0,1.0,The score is 1.00 because the answer was perfectly relevant with no irrelevant statements. Great job!,The score is 1.00 because the actual output aligns perfectly with the retrieval context. Great job maintaining accuracy!,input\georegis\dataset.json,
1468,A que profundidade foram identificadas as rochas-reservatório do Campo de Tubarão?,a partir de -4 540 m,As rochas-reservatório do Campo de Tubarão foram identificadas a profundidades de aproximadamente 2.500 a 3.000 metros.,1.0,0.0,A pontuação é 1.00 porque a resposta foi completamente relevante e não continha informações irrelevantes. Continue assim!,"The score is 0.00 because the actual output incorrectly states that the reservoir rocks were identified between 2,500 to 3,000 meters when they were actually identified starting from -4,540 meters, demonstrating a significant contradiction with the retrieval context.",input\georegis\dataset.json,
1469,Qual foi a coluna de hidrocarbonetos constatada no Campo de Tubarão?,255 m,A coluna de hidrocarbonetos constatada no Campo de Tubarão foi de 290 metros.,1.0,0.0,The score is 1.00 because the answer is perfectly relevant. Great job on providing precise information!,"The score is 0.00 because the actual output incorrectly claims the hydrocarbon column measured 290 meters, whereas the retrieval context states it was 255 meters.",input\georegis\dataset.json,
1471,"Quais códigos foram utilizados para os reservatórios da porção superior, média e inferior da acumulação no Campo de Tubarão?","B1, B2 e B3","Os códigos utilizados para os reservatórios da acumulação no Campo de Tubarão são P1 para a porção superior, P2 para a porção média e P3 para a porção inferior.",1.0,0.0,The score is 1.00 because the response perfectly addressed the question without any irrelevant information. Excellent job at ensuring complete relevancy!,"The score is 0.00 because the actual output incorrectly labels the reservoirs in the Tubarão Field as P1, P2, and P3 instead of the correct codes B1, B2, and B3.",input\georegis\dataset.json,
1472,Quem descobriu a acumulação de hidrocarbonetos do Campo de Tubarão?,PETROBRÁS,A acumulação de hidrocarbonetos do Campo de Tubarão foi descoberta pela Petrobras.,1.0,1.0,The score is 1.00 because the answer is perfectly relevant and addresses the question directly without any irrelevant statements. Great job!,"The score is 1.00 because there are no contradictions, which means the actual output aligns perfectly with the retrieval context. Great job!",input\georegis\dataset.json,
1473,Em que profundidade foi identificada a seqüência carbonática Guarujá Inferior?,-4 540 m,A sequência carbonática Guarujá Inferior foi identificada a uma profundidade de aproximadamente 5.000 metros.,1.0,0.0,"The score is 1.00 because the response is completely relevant and focused on addressing the input question, with no irrelevant statements present. Great job!","The score is 0.00 because the actual output inaccurately claims the Guarujá Inferior carbonate sequence starts at approximately 5,000 meters, contradicting the retrieval context that states it begins at -4,540 meters.",input\georegis\dataset.json,
1474,Qual é a extensão da coluna de hidrocarbonetos encontrada no Campo de Tubarão?,255 m,A extensão da coluna de hidrocarbonetos no Campo de Tubarão é de aproximadamente 1.200 metros.,1.0,0.0,The score is 1.00 because the answer provided perfectly addressed the question without any irrelevant information. Great job!,"The score is 0.00 because the actual output stated that the hydrocarbon column extension in Tubarão Field is 1,200 meters, which directly contradicts the retrieval context stating it is 255 meters.",input\georegis\dataset.json,
1475,Quais são os valores preditivos de porosidade para as rochas-reservatório do Campo de Tubarão?,em torno de 7%,"Não possuo informações específicas sobre os valores preditivos de porosidade para as rochas-reservatório do Campo de Tubarão. Para obter esses dados, é recomendado consultar estudos geológicos ou relatórios técnicos específicos da área.",1.0,0.5,The score is 1.00 because the response is perfectly relevant and effectively addresses the question about porosity predictive values for the Tubarão field reservoir rocks without any irrelevant statements. Great job!,The score is 0.50 because the actual output likely provided predictive values for porosity that differ from the 7% specified in the retrieval context.,input\georegis\dataset.json,
1476,Como os reservatórios do Campo de Tubarão foram subdivididos?,"Utilizaram-se os códigos B1, B2 e B3,","Os reservatórios do Campo de Tubarão foram subdivididos em diferentes compartimentos ou setores baseados em características geológicas, estruturais e de fluido. As subdivisões são feitas para facilitar a gestão do campo, otimizar a produção e entender melhor a distribuição do petróleo e gás. As estratégias específicas de subdivisão variam conforme novos dados são obtidos e estudos são atualizados, podendo incluir a diferenciação por tipo de rocha, pressão e conteúdo de hidrocarbonetos.",1.0,1.0,The score is 1.00 because the answer was perfectly relevant and addressed the input question without any irrelevant statements. Great job!,"The score is 1.00 because the actual output perfectly aligns with the retrieval context, with no contradictions present. Great job!",input\georegis\dataset.json,
1477,Qual é o termo usado para descrever a geologia das seqüências fanerozóicas ocorrentes dentro das fronteiras da Bacia do São Francisco?,Bacia Sanfranciscana,"O termo usado é ""Coberturas Fanerozóicas da Bacia do São Francisco"".",1.0,0.0,A pontuação é 1.00 porque a resposta fornecida é completamente relevante e aborda diretamente a pergunta sobre a geologia das seqüências fanerozóicas na Bacia do São Francisco. Excelente trabalho!,"The score is 0.00 because the term used is 'Bacia Sanfranciscana', not 'Coberturas Fanerozóicas da Bacia do São Francisco'.",input\georegis\dataset.json,
1478,Qual grupo é o único remanescente erosional paleozóico de coberturas intracratônicas mais amplas?,Grupo Santa Fé,O Grupo Bauru é o único remanescente erosional paleozóico de coberturas intracratônicas mais amplas.,1.0,0.0,The score is 1.00 because the answer is completely relevant and effectively addresses the input question. Great job!,"The score is 0.00 because the actual output incorrectly identifies Grupo Bauru instead of Grupo Santa Fé as the remnant erosional paleozóico of intracratonic covers in the Bacia do São Francisco, contrary to the retrieval context.",input\georegis\dataset.json,
1479,Quantas unidades cretácicas formam chapadas e tabuleiros na Bacia do São Francisco?,Três,"Na Bacia do São Francisco, seis unidades cretácicas formam chapadas e tabuleiros.",1.0,0.0,The score is 1.00 because the response perfectly addressed the question without any irrelevant information. Great job!,"The score is 0.00 because the actual output incorrectly states that there are six continental units forming chapadas and tabuleiros in the Bacia do São Francisco, whereas the retrieval context accurately mentions three.",input\georegis\dataset.json,
1480,Que grupo foi quebrado durante a sedimentação do Grupo Areado?,Supercontinente Gondwana,"Durante a sedimentação do Grupo Areado, o rompimento ocorreu na Bacia do São Francisco.",1.0,1.0,The score is 1.00 because the response perfectly matched the input query without any irrelevant statements. Great job!,"The score is 1.00 because there are no contradictions, indicating the actual output is perfectly aligned with the retrieval context. Great job maintaining accuracy!",input\georegis\dataset.json,
1481,Que estudo foi realizado em Sgarbi et al.?,A geologia das seqüências fanerozóicas ocorrentes dentro dos limites da Bacia do São Francisco,"Sinto muito, mas não posso fornecer informações sobre estudos específicos mencionados em ""Sgarbi et al."" sem mais detalhes.",0.5,0.0,"The score is 0.50 because while the response attempts to address the question about 'Sgarbi et al.', the inclusion of the generic apology 'Sinto muito.' detracts from the focus and relevance, making it less informative than it could be.",The score is 0.00 because the actual output completely misaligns with the retrieval context by failing to mention key details about studies conducted by Sgarbi et al. on geologic and sedimentary aspects of the São Francisco Basin.,input\georegis\dataset.json,
1482,Qual é o termo usado para descrever o registro geológico fanerozóico da Bacia do São Francisco?,Bacia Sanfranciscana,"O termo é ""Grupo Bambuí"".",1.0,1.0,The score is 1.00 because the answer is perfectly relevant with no irrelevant statements. Great job!,"The score is 1.00 because there are no contradictions, indicating perfect alignment between the actual output and the retrieval context. Great job!",input\georegis\dataset.json,
1483,Qual grupo é o único remanescente erosional paleozóico que possui coberturas intracratônicas mais amplas?,Grupo Santa Fé,O Grupo Itararé é o único remanescente erosional paleozóico que possui coberturas intracratônicas mais amplas.,1.0,0.0,The score is 1.00 because the answer perfectly addresses the input question with no irrelevant statements. Great job!,"The score is 0.00 because the actual output incorrectly identifies Grupo Itararé as the sole Paleozoic erosional remnant of larger intracratonic coverages, when it should be Grupo Santa Fé according to the retrieval context.",input\georegis\dataset.json,
1485,Qual é a única seqüência erosional paleozóica que existe em toda a bacia?,O Grupo Santa Fé,"A única sequência erosional paleozóica que é amplamente reconhecida em toda a Bacia do Paraná é a ""Discordância Paraná"", que separa sedimentos devonianos dos carboníferos.",1.0,1.0,The score is 1.00 because the answer provided was completely relevant and on point. Great job!,"The score is 1.00 because there are no contradictions, indicating that the actual output is perfectly aligned with the retrieval context. Great job!",input\georegis\dataset.json,
1486,Qual grupo é o único remanescente erosional paleozóico que possui coberturas intracratônicas mais amplas?,O Grupo Santa Fé,O grupo Paraguaçu.,1.0,1,The score is 1.00 because the response is completely relevant and accurately addresses the input question with no irrelevant information. Keep up the great work!,The score is 1.00 because there are no contradictions. Excellent work maintaining faithfulness to the retrieval context!,input\georegis\dataset.json,
1487,Qual é o nome da seqüência fanerozóica da Bacia do São Francisco?,Bacia Sanfranciscana,A sequência fanerozóica da Bacia do São Francisco é conhecida como Cobertura Fanerozoica.,1.0,0.0,"The score is 1.00 because the response fully addresses the input with no irrelevant information, demonstrating a perfect understanding of the question. Great job!","The score is 0.00 because the term used for the Phanerozoic sedimentary/volcanic record of the São Francisco Basin is 'Bacia Sanfranciscana', not 'Cobertura Fanerozoica'.",input\georegis\dataset.json,
1488,Quem escreveu a geologia das seqüências fanerozóicas?,Sgarbi et al.,"A obra ""A Geologia das Seqüências Fanerozóicas"" foi escrita por Vail e colaboradores. Peter Vail é um dos geólogos mais associados ao desenvolvimento do conceito de estratigrafia de sequência.",1.0,0.5,"Excelente! A resposta é altamente relevante com zero informações irrelevantes, mostrando um foco perfeito.","The score is 0.50 because the actual output incorrectly attributes work to Vail and collaborators instead of Sgarbi et al., as stated in the context.",input\georegis\dataset.json,
1489,Que tipo de ambiente tectônico prevalecia durante a sedimentação do Grupo Areado?,distensional,"O Grupo Areado foi depositado predominantemente em um ambiente tectônico de rifte, associado à formação do rifte continental durante a separação inicial dos continentes que formaram o Oceano Atlântico Sul.",0.75,0.6666666666666666,"The score is 0.75 because the answer provides relevant information about the tectonic environment of the Grupo Areado, but includes an irrelevant statement about the formation of the South Atlantic Ocean. This decreases the focus on the specific environment asked in the input.","The score is 0.67 because the actual output inaccurately states that the Grupo Areado was deposited predominantly in a rift environment, while the retrieval context indicates it was in a distensional tectonic setting.",input\georegis\dataset.json,
1491,Qual é o único remanescente paleozóico de coberturas intracratônicas mais amplas?,O Grupo Santa Fé,O único remanescente paleozóico de coberturas intracratônicas mais amplas é a Bacia do Paraná.,1.0,0.0,"The score is 1.00 because the response is perfectly relevant with no irrelevant statements, showcasing a clear and accurate answer!",The score is 0.00 because the actual output incorrectly mentions the Grupo Santa Fé as a remanescente erosional paleozóico of broader intracratonic coverings instead of the correct reference to the Bacia do Paraná.,input\georegis\dataset.json,
1492,Qual grupo começa com extrusão de rochas vulcânicas e subvulcânicas kamafugíticas datadas em torno de 90 a 80 Ma?,Grupo Mata da Corda,Esse grupo é o Grupo Mata da Corda.,1.0,1.0,"The score is 1.00 because the answer was perfectly relevant to the input, providing a direct and precise response. Great job!","The score is 1.00 because there are no contradictions, indicating the actual output is perfectly aligned with the retrieval context. Great job!",input\georegis\dataset.json,
1493,Qual é o termo para o registro sedimentar fanerozóico da Bacia do São Francisco?,Bacia Sanfranciscana,O termo para o registro sedimentar fanerozóico da Bacia do São Francisco é Supergrupo Bambuí.,1.0,0.0,"Excelente trabalho! A pontuação é 1.00 porque a resposta foi completamente relevante e direta ao ponto, sem qualquer declaração irrelevante.",The score is 0.00 because the actual output incorrectly referred to the sedimentary record as 'Supergrupo Bambuí' instead of the correct term 'Bacia Sanfranciscana' as stated by Sgarbi et al.,input\georegis\dataset.json,
1494,Quem revisou a geologia das seqüências fanerozóicas da Bacia do São Francisco?,Sgarbi et al.,"Vários pesquisadores já revisaram a geologia das sequências fanerozóicas da Bacia do São Francisco. Um dos trabalhos de destaque é de P.R. Valeriano e colaboradores, que contribuíram significativamente para o entendimento geológico dessa área. Procure estudos acadêmicos ou publicações mais recentes para obter informações detalhadas e atualizadas sobre o assunto.",0.8,1.0,"The score is 0.80 because the response is generally relevant and addresses the question about the geology review of the Phanerozoic sequences of the São Francisco Basin, but it includes suggestions instead of providing specific information on who reviewed the geology, which prevents the score from being higher.","The score is 1.00 because there are no contradictions, which means the actual output is perfectly aligned with the retrieval context. Fantastic job!",input\georegis\dataset.json,
1495,Qual foi o ambiente tectônico prevalente durante a sedimentação do Grupo Areado?,distensional,O ambiente tectônico prevalente durante a sedimentação do Grupo Areado foi o de um rift continental associado à ruptura do supercontinente Gondwana.,1.0,1.0,"The score is 1.00 because the response is perfectly relevant, directly addressing the tectonic environment during the sedimentation of the Areado Group. Outstanding job providing a clear and focused answer!",The score is 1.00 because the actual output aligns perfectly with the retrieval context. Great job!,input\georegis\dataset.json,
1496,Qual grupo iniciou - se com extrusão de rochas vulcânicas e subvulcânicas kamafugíticas datadas em torno de 90 - 80 Ma?,O Grupo Mata da Corda,O Grupo Trindade é o que se iniciou com a extrusão de rochas vulcânicas e subvulcânicas kamafugíticas datadas em torno de 90 - 80 Ma.,1.0,0.0,The score is 1.00 because the response perfectly addressed the question without any irrelevant information. Great job maintaining focus on the topic!,"The score is 0.00 because the actual output incorrectly attributes the initiation of volcanic and subvolcanic rock extrusion to the Grupo Trindade, while the context specifies that it is the Grupo Mata da Corda that is associated with this event.",input\georegis\dataset.json,
1497,Qual é o único remanescente erosional paleozóico de coberturas intracratônicas mais amplas que eventualmente existiu na Bacia do São Francisco?,O Grupo Santa Fé,O único remanescente erosional paleozóico das coberturas intracratônicas mais amplas na Bacia do São Francisco é a Serra do Espinhaço.,1.0,0.0,The score is 1.00 because the response is perfectly relevant and addresses the question concisely and accurately. Great job!,"The score is 0.00 because the actual output incorrectly identifies the Serra do Espinhaço as the only remaining erosional Paleozoic remnant, while the context clearly states it is the Grupo Santa Fé.",input\georegis\dataset.json,
1498,Qual grupo iniciou - se com extrusão de rochas vulcânicas e subvulcânicas kamafugíticas datadas em torno de 90 - 80 Ma?,Grupo Mata da Corda,O Grupo Serra Geral iniciou-se com a extrusão de rochas vulcânicas e subvulcânicas kamafugíticas datadas em torno de 90 - 80 milhões de anos atrás (Ma).,1.0,0.0,The score is 1.00 because the response is perfectly relevant and there are no irrelevant statements. Great job in addressing the input clearly and accurately!,The score is 0.00 because the actual output incorrectly attributes the initiation of volcanic rock extrusion to the Grupo Serra Geral instead of the correct Grupo Mata da Corda.,input\georegis\dataset.json,
1499,Quais autores utilizam o termo Bacia Sanfranciscana para o registro sedimentar/vulcânico fanerozóico da Bacia do São Francisco?,Sgarbi et al.,"Não é comum na literatura acadêmica o uso do termo ""Bacia Sanfranciscana"" para se referir à Bacia do São Francisco. Portanto, não há autores notáveis que utilizam especificamente esse termo. A designação mais comum é ""Bacia do São Francisco"".",0.75,0.3333333333333333,"The score is 0.75 because the response addresses the question but contains a statement about the term not being used for the Bacia do São Francisco, which adds an element of irrelevance. This prevents a higher score, though the core information is mostly on point.","The score is 0.33 because the actual output contradicts the retrieval context by suggesting 'Bacia Sanfranciscana' is not a recognized term, whereas it is indeed used in academic literature as evidenced by Sgarbi et al.",input\georegis\dataset.json,
1500,O que o Grupo Santa Fé representa na geologia da Bacia do São Francisco?,o único remanescente erosional paleozóico de coberturas intracratônicas mais amplas,"O Grupo Santa Fé na geologia da Bacia do São Francisco representa uma sequência sedimentar que faz parte do Supergrupo Bambuí. Essa unidade geológica é importante para o estudo da evolução sedimentar e tectônica da região, contendo registros de antigos ambientes deposicionais que ajudam a entender a história geológica do cráton do São Francisco.",1.0,0.6666666666666666,The score is 1.00 because the output is completely relevant and thoroughly addresses the question about the Grupo Santa Fé's representation in the geology of the Bacia do São Francisco. Great job on staying focused and informative!,"The score is 0.67 because the actual output incorrectly includes the Grupo Santa Fé in the Supergrupo Bambuí, while it is actually considered a remanescente erosional paleozóico in the Bacia do São Francisco and not part of the Supergrupo Bambuí.",input\georegis\dataset.json,
1501,Qual a natureza das três unidades cretácicas que formam chapadas e tabuleiros na Bacia do São Francisco?,de natureza continental,"As três unidades cretácicas na Bacia do São Francisco são de natureza sedimentar, compostas principalmente por arenitos, conglomerados e calcários, que formam chapadas e tabuleiros característicos da região.",1.0,0.6666666666666666,"The score is 1.00 because the response is perfectly aligned with the input, addressing all relevant aspects without any irrelevant information. Great job!",The score is 0.67 because the actual output incorrectly describes the Cretaceous units as sedimentary when the context specifies they are of continental nature.,input\georegis\dataset.json,
1502,Qual o ambiente tectônico prevalente durante a sedimentação do Grupo Areado na Bacia do São Francisco?,distensional,O ambiente tectônico prevalente durante a sedimentação do Grupo Areado na Bacia do São Francisco é caracterizado por regimes extensional e de rifteamento.,1.0,1.0,The score is 1.00 because the response directly addressed the question about the tectonic environment during the sedimentation of the Grupo Areado in the São Francisco Basin without any irrelevant statements. Great job on providing a focused and clear answer!,"The score is 1.00 because there are no contradictions, indicating a perfectly faithful alignment with the retrieval context. Great job maintaining accuracy!",input\georegis\dataset.json,
1504,Quais autores revisaram a geologia das seqüências fanerozóicas da Bacia do São Francisco de maneira abrangente?,Sgarbi et al.,"Autoria de estudos abrangentes sobre a geologia das sequências fanerozoicas da Bacia do São Francisco pode incluir nomes como Paul R. Renne, Fábio C. Machado, entre outros. No entanto, é essencial verificar as publicações específicas para confirmar quais autores contribuíram para revisões aprofundadas nesse tópico.",1.0,1.0,The score is 1.00 because the response perfectly addressed the question without any irrelevant information. Fantastic job!,The score is 1.00 because there are no contradictions. Great job on keeping the information perfectly aligned and accurate!,input\georegis\dataset.json,
1505,O que é o Grupo Santa Fé?,o único remanescente erosional paleozóico de coberturas intracratônicas mais amplas,"O Grupo Santa Fé é um conglomerado brasileiro que atua principalmente no setor agroindustrial, com foco em produção agrícola, pecuária e florestal.",1.0,0.0,O score é 1.00 porque a resposta é completamente relevante e está perfeitamente alinhada com a pergunta. Ótimo trabalho!,"The score is 0.00 because the actual output incorrectly describes the 'Grupo Santa Fé' as a Brazilian conglomerate in the agroindustrial sector, while it is actually a geological unit in the São Francisco Basin.",input\georegis\dataset.json,
1506,O que os diamictitos/tilitos/fácies tilóides e folhelhos com dropstones basais do Grupo Santa Fé apontam?,para uma unidade crono-correlata aos sedimentos permocarboníferos glaciais do Grupo Itararé da Bacia do Paraná,"Os diamictitos, tilitos, fácies tilóides e folhelhos com dropstones basais do Grupo Santa Fé indicam condições glaciais ou peri-glaciais na área durante o período em que estas formações se depositaram. Estas características geológicas sugerem a presença de gelo e subsequente derretimento, que transportavam e depositavam sedimentos heterogêneos e pedras de queda em um ambiente marinho ou lacustre.",0.8,1.0,"The score is 0.80 because the response mostly addresses the key elements related to the Grupo Santa Fé, like the role of diamictitos, tilitos, and dropstones. However, the mention of an environment as 'marinho ou lacustre' introduces a slightly unrelated context, preventing a higher score.","The score is 1.00 because there are no contradictions, indicating perfect alignment of the actual output with the retrieval context. Great job!",input\georegis\dataset.json,
1508,Em que ambiente tectônico ocorreu a sedimentação do Grupo Areado?,"distensional, provável reflexo intracontinental do quebramento do Supercontinente Gondwana",A sedimentação do Grupo Areado ocorreu em um ambiente tectônico de rift continental.,1.0,0.0,"The score is 1.00 because the output contained no irrelevant statements, perfectly addressing the question about the tectonic environment of sedimentation for the Grupo Areado.","The score is 0.00 because the actual output incorrectly claims the sedimentation environment of the Grupo Areado was a continental rift, while it was actually a distensional environment.",input\georegis\dataset.json,
1510,Que documento alterou o direito de propriedade dos recursos minerais do Brasil?,a Constituição de 1891,"A Constituição Federal de 1988 alterou o direito de propriedade dos recursos minerais no Brasil, estabelecendo que eles são bens da União.",1.0,1.0,O score é 1.00 porque a resposta é extremamente relevante e altamente precisa em relação à pergunta sobre o documento que alterou o direito de propriedade dos recursos minerais do Brasil. Excelente trabalho!,"The score is 1.00 because there are no contradictions, showcasing an excellent alignment with the retrieval context. Keep up the great work!",input\georegis\dataset.json,
1511,Quem criou o primeiro órgão brasileiro dedicado à Geologia?,Afonso Augusto Penna,"O primeiro órgão brasileiro dedicado à Geologia foi o Serviço Geológico do Brasil, criado por Dom Pedro II em 1875.",1.0,0.0,O score é 1.00 porque a resposta foi completamente relevante e diretamente abordou a pergunta sem incluir informações desnecessárias. Excelente trabalho!,"The score is 0.00 because the actual output inaccurately states that the Serviço Geológico e Mineralógico do Brasil was created by Dom Pedro II in 1875, while it was actually established in 1907 by Afonso Augusto Penna.",input\georegis\dataset.json,
1512,Onde foi perfurado o primeiro poço de petróleo?,"Marechal Mallet, no Paraná,","O primeiro poço de petróleo perfurado com a intenção de produção comercial foi em Titusville, na Pensilvânia, Estados Unidos, em 1859.",0.75,1.0,"The score is 0.75 because the output partially addressed the question but included irrelevant information by describing the intention of the drilling rather than the specific location, which is what was asked. However, the response still contained some relevant details which contributed to the score not being lower.","The score is 1.00 because there are no contradictions, showcasing the accuracy and reliability of the actual output. Great job in maintaining consistency!",input\georegis\dataset.json,
1514,Qual foi o código de 1934 que revogou o direito de propriedade mineral do solo?,"o Código de Minas de 1934,","O Código de Minas de 1934 revogou o direito de propriedade mineral do solo no Brasil, transferindo esse direito para o Estado.",1.0,1.0,The score is 1.00 because the answer directly addresses the question without any irrelevant information. Great job!,"The score is 1.00 because the actual output perfectly aligns with the retrieval context, without any contradictions. Great job maintaining accuracy!",input\georegis\dataset.json,
1516,Onde foi perfurado o primeiro poço de petróleo?,"Marechal Mallet, no Paraná","O primeiro poço de petróleo foi perfurado em 1859 em Titusville, Pensilvânia, nos Estados Unidos.",1.0,1.0,The score is 1.00 because the answer is perfectly relevant and directly responds to the input without any irrelevant statements. Great job!,"The score is 1.00 because the 'actual output' perfectly aligns with the 'retrieval context', showing complete faithfulness and accuracy. Great job!",input\georegis\dataset.json,
1518,Qual foi o primeiro órgão brasileiro dedicado à geologia?,Serviço Geológico e Mi-neralógico do Brasil,"O primeiro órgão brasileiro dedicado à geologia foi a Comissão Geológica do Império, criada em 1875.",1.0,0.0,The score is 1.00 because the answer directly addressed the input question with precise information and without any irrelevant statements. Great job!,"The score is 0.00 because the actual output incorrectly states the first Brazilian organization dedicated to geology as the Comissão Geológica do Império in 1875, whereas the retrieval context clarifies it was the Serviço Geológico e Mineralógico do Brasil, created in 1907.",input\georegis\dataset.json,
1520,"Quem foi o ministro da Indústria, Viação e Obras Públicas?",Miguel Calmon du Pin e Almeida,"O ministro da Indústria, Viação e Obras Públicas foi uma posição ministerial no Brasil que existiu em diferentes períodos históricos. Um dos mais conhecidos a ocupar o posto foi Roberto Simonsen, que serviu durante o governo Getúlio Vargas na década de 1930.",1.0,1.0,The score is 1.00 because the response is perfectly relevant and directly addresses the question without any irrelevant information. Great job maintaining focus!,"The score is 1.00 because there are no contradictions, indicating that the actual output is perfectly aligned with the retrieval context. Great job!",input\georegis\dataset.json,
1521,Que documento alterou a propriedade dos recursos minerais do Brasil?,a Constituição de 1891,A Constituição Federal de 1988.,1.0,1.0,The score is 1.00 because the answer directly addressed the question without any irrelevant statements. Well done for the precise response!,"The score is 1.00 because there are no contradictions, indicating perfect alignment with the retrieval context. Great job maintaining accuracy!",input\georegis\dataset.json,
1522,Quando os empresários privados mantiveram a concessão de minérios e petróleo?,em 1889,"A concessão de minérios e petróleo para empresários privados varia dependendo do país e das leis locais. No Brasil, por exemplo, a abertura para a participação privada em áreas como o petróleo começou em 1997 com a Lei do Petróleo (Lei nº 9.478/1997), que quebrou o monopólio da Petrobras no setor. Já a exploração de minérios por empresas privadas é regulamentada pelo Código de Mineração, em vigor desde 1967.",1.0,0.6666666666666666,The score is 1.00 because the response perfectly addressed the input with no irrelevant statements. Great job in providing a focused and accurate answer!,"The score is 0.67 because the actual output mistakenly implies that private participation in mining and petroleum only began post-1997, contradicting the context that mentions such concessions existed as early as 1889.",input\georegis\dataset.json,
1523,Em que ano foi promulgada a Constituição?,1891,A Constituição Brasileira foi promulgada em 1988.,1.0,1.0,"The score is 1.00 because the response was perfectly relevant, directly addressing the question without any irrelevant statements. Great job!","The score is 1.00 because there are no contradictions, indicating that the actual output is perfectly aligned with the retrieval context. Great job!",input\georegis\dataset.json,
1524,Em substituição a que regime o governo Vargas substituiu?,monárquico,"O governo Vargas substituiu a Primeira República, também conhecida como República Velha.",1.0,1.0,The score is 1.00 because the response is fully relevant and free of any irrelevant statements. Keep up the excellent work!,"The score is 1.00 because there are no contradictions, demonstrating a perfectly faithful alignment with the retrieval context. Fantastic job!",input\georegis\dataset.json,
1526,Em que ano o regime monárquico foi substituído pelo regime de concessões?,1889,"Não houve um período na história do Brasil em que o regime monárquico foi substituído especificamente por um ""regime de concessões"". Após a Proclamação da República em 1889, a monarquia foi substituída por um regime republicano. Se estiver se referindo a outro contexto, por favor, forneça mais detalhes.",0.3333333333333333,1.0,"The score is 0.33 because the response provides a partial but incorrect clarification regarding the regime change, specifically addressing monarchy to republic, rather than focusing on the regime of concessions. This causes a misalignment with the input question.","The score is 1.00 because there are no contradictions, demonstrating a perfect alignment with the retrieval context! Great job on maintaining accuracy!",input\georegis\dataset.json,
1528,O que alterou o direito de propriedade dos recursos minerais do Brasil?,a Constituição de 1891,"O direito de propriedade dos recursos minerais no Brasil foi alterado pela Constituição de 1988, que determinou que os recursos minerais são bens da União, ou seja, pertencem ao Estado.",1.0,0.6666666666666666,The score is 1.00 because the response is perfectly relevant and there are no irrelevant statements. Great job maintaining focus on the question!,"The score is 0.67 because the actual output incorrectly states that mineral resources were owned by the State, while the retrieval context clarifies that this ownership was established by the Union in 1934.",input\georegis\dataset.json,
1529,Quando foi promulgada a Constituição do Brasil?,1891,A Constituição do Brasil foi promulgada em 5 de outubro de 1988.,1.0,1.0,"A pontuação é 1.00 porque a resposta foi completamente relevante, sem declarações irrelevantes, abordando a questão com precisão. Excelente trabalho!","The score is 1.00 because there are no contradictions, indicating perfect alignment between the actual output and the retrieval context. Great job!",input\georegis\dataset.json,
1530,Em que ano foi criado o Serviço Geológico e Mineralógico do Brasil?,Em 10 de janeiro de 1907,O Serviço Geológico e Mineralógico do Brasil foi criado em 1907.,1.0,1.0,The score is 1.00 because the response was completely relevant and accurately answered the input question. Fantastic job on providing a precise and applicable response!,"The score is 1.00 because there are no contradictions, suggesting a perfectly faithful representation of the retrieval context. Great job!",input\georegis\dataset.json,
1531,Quem foi o presidente que criou o Serviço Geológico e Mineralógico do Brasil?,Afonso Augusto Penna,O Serviço Geológico e Mineralógico do Brasil foi criado pelo presidente Marechal Floriano Peixoto em 1907.,0.5,0.0,"The score is 0.50 because the output includes irrelevant information about the year of creation of the Serviço Geológico e Mineralógico do Brasil, rather than focusing on identifying the president responsible for its creation.","The score is 0.00 because the actual output incorrectly states that Marechal Floriano Peixoto created the Serviço Geológico e Mineralógico do Brasil, while it was actually created by President Afonso Augusto Penna.",input\georegis\dataset.json,
1532,Quem foi o ministro responsável pela sugestão de criação do Serviço Geológico e Mineralógico do Brasil?,engenheiro Miguel Calmon du Pin e Almeida,O ministro responsável pela sugestão de criação do Serviço Geológico e Mineralógico do Brasil foi Cândido Baptista de Oliveira.,1.0,0.0,The score is 1.00 because the answer provided is completely relevant and directly addresses the question posed without any irrelevant information. Great job!,"The score is 0.00 because the suggestion for the creation of the Geological and Mineralogical Service of Brazil was made by Miguel Calmon du Pin e Almeida, not by Cândido Baptista de Oliveira as stated in the output.",input\georegis\dataset.json,
1533,O que o Serviço Geológico e Mineralógico do Brasil tinha como missão institucional?,pela questão do petróleo no Brasil. É,"O Serviço Geológico e Mineralógico do Brasil, criado em 1907, tinha como missão institucional promover o conhecimento sobre a geologia e os recursos minerais do país, visando o desenvolvimento econômico e a utilização sustentável dos recursos naturais.",0.75,1.0,"The score is 0.75 because while the main content addresses the institutional mission, mentioning the creation date of the Service does not directly answer the question.","The score is 1.00 because the actual output perfectly aligns with the retrieval context, showcasing flawless consistency and accuracy. Great job!",input\georegis\dataset.json,
1534,Onde foi feita a primeira perfuração de um poço para exploração petrolífera pelo Estado brasileiro?,"em Marechal Mallet, no Paraná","A primeira perfuração de um poço para exploração petrolífera pelo Estado brasileiro foi feita em Lobato, um bairro de Salvador, na Bahia, em 1939.",1.0,0.0,The score is 1.00 because the response was perfectly relevant and directly addressed the query without any irrelevant statements. Great job!,"The score is 0.00 because the actual output incorrectly states that the first oil exploration well drilled by the Brazilian State occurred in Lobato, Bahia, in 1939, while the retrieval context clearly indicates it happened in Marechal Mallet, Paraná, between 1919 and 1920.",input\georegis\dataset.json,
1536,Quem foi o presidente que criou o primeiro órgão brasileiro dedicado à Geologia?,Afonso Augusto Penna,"O presidente Epitácio Pessoa criou, em 1921, o Serviço Geológico e Mineralógico do Brasil, o primeiro órgão brasileiro dedicado à Geologia.",1.0,0.0,The score is 1.00 because the answer is perfectly relevant with no irrelevant information. Great job!,"The score is 0.00 because the actual output incorrectly states that Epitácio Pessoa created the Serviço Geológico e Mineralógico do Brasil in 1921, while the correct information is that it was created by President Afonso Augusto Penna on January 10, 1907.",input\georegis\dataset.json,
1537,Em que ano o Estado brasileiro investiu pela primeira vez na exploração petrolífera?,1919 e 1920,O Estado brasileiro investiu pela primeira vez na exploração petrolífera em 1938.,1.0,0.0,The score is 1.00 because the output is perfectly relevant and addresses the question directly without any irrelevant information.,"The score is 0.00 because the actual output incorrectly states that the Brazilian government invested in oil exploration in 1938, whereas the retrieval context specifies the investment occurred in 1919 and 1920.",input\georegis\dataset.json,
1538,Quem foi o geólogo que utilizou referências à deriva continental como argumentos?,Euzébio de Oliveira,O geólogo que utilizou referências à deriva continental como argumentos foi Alfred Wegener.,1.0,1.0,The score is 1.00 because the response directly and accurately addressed the question without any irrelevant information. Great job!,The score is 1.00 because the actual output is perfectly aligned with the retrieval context. Great job!,input\georegis\dataset.json,
1539,Qual é o nome do órgão brasileiro dedicado à Geologia criado em 1907?,Serviço Geológico e Mi-neralógico do Brasil.,"O órgão brasileiro dedicado à Geologia criado em 1907 é o Serviço Geológico do Brasil, também conhecido como CPRM (Companhia de Pesquisa de Recursos Minerais).",1.0,0.0,The score is 1.00 because the response directly and accurately answers the question without any irrelevant information. Great job maintaining focus!,"The score is 0.00 because the actual output incorrectly names the Brazilian geology-focused agency created in 1907 as Serviço Geológico do Brasil (CPRM), whereas it should be the Geological and Mineralogical Service of Brazil (SGMB).",input\georegis\dataset.json,
1541,Quais são as duas ordens que não apresentam conteúdo de resolução suficientemente alto para permitir discriminar padrões de terminação de refletores sísmicos?,4a e 5a ordens.,As ordens divisórias e disruptivas são aquelas que geralmente não apresentam conteúdo de resolução suficientemente alto para permitir discriminar padrões de terminação de refletores sísmicos.,1.0,1.0,The score is 1.00 because the answer was perfectly relevant and addressed the input directly with no irrelevant statements. Great job!,"The score is 1.00 because there are no contradictions, reflecting accurate alignment between the actual output and the retrieval context. Keep up the great work!",input\georegis\dataset.json,
1542,O que não permite discriminar padrões de terminação de refletores sísmicos na 4a e 5a ordens?,as seções sísmicas disponíveis,A resolução vertical limitada dos dados sísmicos pode não permitir discriminar padrões de terminação de refletores sísmicos na 4ª e 5ª ordens.,0.5,1.0,"The score is 0.50 because the output repeats the context without adding new information to address the question about pattern discrimination in the 4th and 5th orders. Thus, it doesn't fully meet the inquiry made in the input.",The score is 1.00 because there are no contradictions between the actual output and the retrieval context. Great job!,input\georegis\dataset.json,
1543,Quais são as duas ordens que não apresentam conteúdo de resolução suficientemente alto para permitir discriminar padrões de terminação de refletores sísmicos?,4a e 5a,As ordens sub e mesoscópica não apresentam conteúdo de resolução suficientemente alto para discriminar padrões de terminação de refletores sísmicos.,0.5,0.0,The score is 0.50 because the response is too general and did not specifically identify the orders lacking sufficiently high-resolution content needed to distinguish seismic reflector termination patterns.,"The score is 0.00 because the actual output incorrectly states that seismic reflector termination patterns cannot aid in determining stratigraphic surfaces, whereas the context explicitly says they can be used for this purpose.",input\georegis\dataset.json,
1544,"Qual foi a dificuldade de rastrear os refletores e marcadores de um rollover para outro, principalmente no sentido dlp?",intensa halocinese,"Rastrear refletores e marcadores em rollovers no contexto de DLP (Data Loss Prevention) pode ser difícil devido a várias razões: alterações nos dados transmitidos ou armazenados, configurações de rede ou permissões de acesso que mudam entre rollovers, além de possíveis atualizações de software ou reconfigurações de sistemas que tornam o acompanhamento consistente desses elementos um desafio. Além disso, limitações na capacidade das ferramentas de DLP para reconhecer padrões complexos ou novos formatos de dados podem complicar ainda mais o rastreamento eficaz.",1.0,0.3333333333333333,The score is 1.00 because the output was completely relevant and addressed the input thoroughly. Keep up the great work!,"The score is 0.33 because the actual output incorrectly attributes tracking difficulties in the context of DLP, whereas it was about stratigraphic sequences, and it attributes difficulties to software updates instead of seismic resolutions.",input\georegis\dataset.json,
1545,O que não permite discriminar padrões de terminação de refletores sísmicos na 4a e 5a ordens?,conteúdo de resolução suficientemente alto,"Os limites da resolução sísmica não permitem discriminar padrões de terminação de refletores sísmicos na 4ª e 5ª ordens. Além disso, o ruído e a interferência de sinais adjacentes podem dificultar essa discriminação.",1.0,1.0,The score is 1.00 because the answer was completely relevant to the question. Great job on maintaining focus and providing exactly what was needed!,The score is 1.00 because there are no contradictions. Great job maintaining full alignment with the retrieval context!,input\georegis\dataset.json,
1546,O que foi difícil de identificar?,um arcabouço estratigráfico de alta frequência,Pode ser difícil identificar o contexto ou detalhes específicos sem mais informações. Poderia esclarecer sobre o que está se referindo?,1.0,1.0,The score is 1.00 because the response is perfectly relevant and directly addresses the input without any irrelevant statements. Great job!,"The score is 1.00 because there are no contradictions, which means the actual output is perfectly aligned with the retrieval context. Great job maintaining accuracy!",input\georegis\dataset.json,
1547,O que as seções sísmicas disponíveis não permitiram discriminar?,padrões de terminação de refletores sísmicos,As seções sísmicas disponíveis não permitiram discriminar claramente entre diferentes tipos de litologias ou fluidos em subsuperfície. Elas também podem ter limitações na identificação de pequenas falhas ou estruturas geológicas complexas.,1.0,1.0,"The score is 1.00 because the answer is perfectly relevant, addressing the input precisely without any irrelevant statements. Great focus!",The score is 1.00 because there are no contradictions; the actual output aligns perfectly with the retrieval context. Well done!,input\georegis\dataset.json,
1548,Em que ano Catunea - nu publicou seus estudos?,2006,Catunea - nu publicou seus estudos em 1949.,1.0,1.0,"The score is 1.00 because the response was fully relevant to the input, providing a precise and accurate answer without any irrelevant information. Great job!","The score is 1.00 because there are no contradictions, indicating that the actual output perfectly aligns with the retrieval context. Great job!",input\georegis\dataset.json,
1549,O que foi responsável pelo rastreamento dos refletores e marcadores de um rollover para outro?,intensa halocinese,"O sistema de navegação inercial ou dispositivos específicos de rastreamento óptico, como câmeras ou sensores, geralmente são responsáveis pelo rastreamento de refletores e marcadores em simulações de rollover.",1.0,1.0,The score is 1.00 because the response was perfectly on-point with no irrelevant information. Great job staying focused!,"The score is 1.00 because there are no contradictions, indicating complete alignment between the actual output and the retrieval context. Excellent job maintaining accuracy!",input\georegis\dataset.json,
1550,O que foi dificultado para traçar sequências de alta frequência?,um arcabouço estratigráfico de alta frequência,"Traçar sequências de alta frequência foi dificultado devido à complexidade computacional e ao volume massivo de dados gerados, que exigem métodos avançados de processamento e análise para identificar padrões relevantes com precisão e velocidade.",1.0,1.0,"The score is 1.00 because there are no irrelevant statements in the output, showcasing a perfect alignment with the input question. Excellent job maintaining focus!","The score is 1.00 because there are no contradictions, which indicates the actual output is perfectly aligned with the retrieval context. Well done!",input\georegis\dataset.json,
1551,O que foi dificultado para rastrear refletores e marcadores de um rollover para outro?,arcabouço estratigráfico de alta frequência,"A dificuldade em rastrear refletores e marcadores de um rollover para outro pode ser atribuída a mudanças nos padrões de numeração, alterações no sistema de cadastro, disparidades de dados entre sistemas diferentes e eventuais problemas de sincronização ou atualização de informações entre transições de um sistema para outro.",1.0,0.0,"The score is 1.00 because the output was fully relevant and concise, directly addressing the input with no irrelevant statements. Great job!","The score is 0.00 because the actual output incorrectly cites multiple factors like changes in numbering patterns, registration system changes, data disparities between different systems, and synchronization issues as causes for difficulties in tracking reflectors and markers, none of which are mentioned in the retrieval context.",input\georegis\dataset.json,
1552,O que as seções sísmicas disponíveis não permitem discriminar?,padrões de terminação de refletores sísmicos,"As seções sísmicas disponíveis não permitem discriminar entre diferentes tipos de fluidos nos reservatórios, como petróleo, gás ou água.",1.0,1.0,The score is 1.00 because the answer was completely relevant and addressed the query perfectly!,"The score is 1.00 because there are no contradictions, which indicates that the actual output is perfectly aligned with the retrieval context. Great job!",input\georegis\dataset.json,
1553,Quando Catunea - nu escreveu sobre a Estratigrafia Moderna?,2006,Catunea - nu não é uma figura conhecida por escrever sobre Estratigrafia Moderna. Parece ser uma informação incorreta ou fictícia.,1.0,1.0,"The score is 1.00 because the output was perfectly relevant to the input, addressing the question directly without any irrelevant statements. Great job!","The score is 1.00 because there are no contradictions, showcasing a perfect alignment with the retrieval context. Great job!",input\georegis\dataset.json,
1554,O que os autores modernos usaram para segui-la?,Estratigrafia,"Os autores modernos usaram diversos dispositivos narrativos, técnicas literárias e influências culturais para seguir as tradições literárias ou inovar em suas obras. Sem mais contexto, é difícil identificar especificamente a que ""segui-la"" se refere, mas, em geral, eles podem usar referências a obras clássicas, estilos contemporâneos, temas relevantes e inovações na estrutura narrativa para impactar seus leitores.",0.9090909090909091,1.0,"The score is 0.91 because the output mostly addresses the input about what modern authors use, but there's a general statement about the purpose of elements that doesn't directly answer the question, slightly affecting the score.","The score is 1.00 because there are no contradictions, indicating perfect alignment between the actual output and the retrieval context. Keep up the great work!",input\georegis\dataset.json,
1555,O que foi dificultado para traçar sequências de alta frequência?,rastreamento dos refletores e marcadores,"A dificuldade em traçar sequências de alta frequência geralmente está relacionada à limitação de tecnologia e infraestrutura para processar grandes volumes de dados em tempo real, além de complexidades no gerenciamento e análise de dados para identificar padrões significativos.",1.0,0.5,The score is 1.00 because the response is perfectly relevant with no irrelevant statements. Great job!,"The score is 0.50 because the actual output incorrectly attributes the difficulty in tracing high-frequency sequences to a limitation of technology and infrastructure, whereas the retrieval context specifies it is due to the challenging tracking of reflectors and markers.",input\georegis\dataset.json,
1556,Quais são os preceitos utilizados para a utilização de um arcabouço estratigráfico de alta frequência na Sequência A?,"Moderna Estratigrafia (Catunea-nu, 2006; Catuneanu et al. 2009, Hunt e Tucker, 1992; VanWagoner et al., 1988; Galloway, 1989; Posamentier e Allen, 1999)","Os preceitos para a utilização de um arcabouço estratigráfico de alta frequência na Sequência A incluem análise de ciclos de deposição em pequena escala, identificação de parasequências e superfícies de inundação, e a aplicação de métodos de correlação de alta resolução para detalhar variações específicas em padrões de deposição.",1.0,0.0,The score is 1.00 because the answer is perfectly relevant and fully addresses the question without any irrelevant statements. Excellent work!,"The score is 0.00 because the actual output fails to acknowledge the challenges posed by the difficult tracking of reflectors and markers due to intense halocinese, which complicates the use of high-resolution correlation methods for the Sequência A.",input\georegis\dataset.json,
1557,Por que a utilização de um arcabouço estratigráfico de alta frequência para a Sequência A foi dificultada?,"pelo difícil rastreamento dos refletores e marcadores de um rollover para outro, principalmente no sentido dlp, em um intervalo estratigráfico dominado por intensa halocinese","A utilização de um arcabouço estratigráfico de alta frequência para a Sequência A foi dificultada devido à limitada resolução dos dados disponíveis, que pode incluir dados sísmicos, amostras de sondagem e datações. Essas limitações tornam desafiador distinguir e correlacionar unidades estratigráficas em uma escala de tempo mais curta. Além disso, a complexidade geológica e a presença de hiatos ou sobreposições podem complicar a interpretação detalhada necessária para um arcabouço de alta frequência.",1.0,0.6666666666666666,The score is 1.00 because the provided answer was perfectly relevant with no irrelevant statements. Keep up the great work!,"The score is 0.67 because the actual output contradicted the retrieval context by indicating that difficulties in using the high-frequency stratigraphic framework were not due to data resolution, but rather the stratigraphic interval dominated by intense halokinesis.",input\georegis\dataset.json,
1558,O que as seções sísmicas disponíveis não apresentam para permitir discriminar padrões de terminação de refletores sísmicos na 4a e 5a ordens?,conteúdo de resolução suficientemente alto,As seções sísmicas disponíveis não apresentam resolução adequada e detalhamento suficiente para discriminar padrões de terminação de refletores sísmicos na 4ª e 5ª ordens. Esse nível de detalhe geralmente requer dados com maior frequência e densidade para identificar terminação e continuidade precisas.,1.0,1.0,"The score is 1.00 because the output is fully relevant, accurately addressing the query with no irrelevant information. Great job maintaining focus!","The score is 1.00 because there are no contradictions, which means the actual output aligns perfectly with the retrieval context. Great job!",input\georegis\dataset.json,
1559,Por que as descontinuidades erosivas registradas nos canais incisos não puderam ser utilizadas como superfícies delimitadoras de sequências de alta frequência?,"não ocorrem, nos poços analisados, de forma cíclica, impossibilitando sua utilização como superfícies delimitadoras de sequências de alta frequência","As descontinuidades erosivas registradas em canais incisos podem não ser utilizadas como superfícies delimitadoras de sequências de alta frequência porque essas descontinuidades podem não ser suficientemente evidentes ou persistentes ao longo de uma área extensa. Além disso, podem representar eventos locais e não eventos amplos o suficiente para delimitar sequências de deposição em larga escala. A correlação espacial limitada e a possibilidade de elas refletirem processos de erosão e deposição mais localizados podem restringir sua aplicação para tal fim.",1.0,1.0,The score is 1.00 because the output is perfectly relevant and directly addresses the input without any irrelevant statements. Excellent job!,"The score is 1.00 because there are no contradictions, indicating perfect alignment between the actual output and the retrieval context. Great job!",input\georegis\dataset.json,
1560,"O que foi utilizado como limites de parassequências, compostas por uma sucessão basal transgressiva e uma sucessão superior regressiva?",as superfícies transgressivas ou de afogamento que recobrem os carbonatos de plataforma,Limites de parassequências são geralmente definidos por superfícies de inundação máxima ou por discordâncias. Essas superfícies marcam a transição entre a sucessão basal transgressiva e a sucessão superior regressiva dentro de uma parassequência.,1.0,1.0,"The score is 1.00 because the response was completely relevant and well-aligned with the input, demonstrating a perfect understanding of the query.",The score is 1.00 because there are no contradictions. Great job!,input\georegis\dataset.json,
1561,Quais autores são citados como preceitos da Moderna Estratigrafia?,"Catunea-nu, 2006; Catuneanu et al. 2009, Hunt e Tucker, 1992; VanWagoner et al., 1988; Galloway, 1989; Posamentier e Allen, 1999","Autores frequentemente citados como preceitos da moderna Estratigrafia incluem Charles Lyell, William Smith e James Hutton. Esses cientistas contribuíram significativamente para os princípios da geologia e estratigrafia contemporânea.",1.0,1.0,The score is 1.00 because the answer is fully relevant with no irrelevant statements. Great job on staying focused and addressing the input perfectly!,"The score is 1.00 because there are no contradictions, indicating that the actual output is perfectly aligned with the retrieval context. Great job maintaining accuracy!",input\georegis\dataset.json,
1562,O que dificultou a utilização de um arcabouço estratigráfico de alta frequência para a Sequência A?,"o difícil rastreamento dos refletores e marcadores de um rollover para outro, principalmente no sentido dlp, em um intervalo estratigráfico dominado por intensa halocinese","A utilização de um arcabouço estratigráfico de alta frequência para a Sequência A pode ser dificultada por fatores como a complexidade geológica da área, a falta de dados de alta resolução, a erosão diferenciar as camadas e a dificuldade em correlacionar unidades estratigráficas devido a variações laterais rápidas.",0.8,1.0,"The score is 0.80 because the answer mostly addresses the difficulty of using a high-frequency stratigraphic framework for Sequence A, but it includes an irrelevant statement about erosion differentiating layers that is not specific to the question, preventing a higher score.","The score is 1.00 because there are no contradictions, reflecting complete alignment with the retrieval context. Great job!",input\georegis\dataset.json,
1563,O que poderia auxiliar na determinação das principais superfícies estratigráficas correlativas às flutuações do nível de base?,padrões de terminação de refletores sísmicos na 4a e 5a ordens,"A análise de fácies sedimentares, perfis sísmicos, isócronas e marcadores bioestratigráficos podem auxiliar na determinação das superfícies estratigráficas correlativas às flutuações do nível de base.",0.8,1.0,"The score is 0.80 because the output largely addresses the query regarding the determination of key stratigraphic surfaces associated with base level fluctuations. However, it includes some information that is already implied by the input and does not contribute new insights, preventing the score from being higher.",The score is 1.00 because there are no contradictions; the actual output aligns perfectly with the retrieval context. Great job maintaining faithfulness!,input\georegis\dataset.json,
1564,O que não ocorrem de forma cíclica nos poços analisados?,descontinuidades erosivas registradas nos canais incisos,"Na ausência de um contexto específico sobre os poços em questão, é difícil determinar com precisão o que não ocorre de forma cíclica neles. No entanto, é comum que elementos como mudanças repentinas de pressão, influxos imprevistos de água ou óleo, e problemas mecânicos não ocorram de forma cíclica, pois podem estar relacionados a eventos aleatórios ou falhas específicas.",1.0,0.6666666666666666,The score is 1.00 because the output was perfectly relevant with no irrelevant statements. Great job!,"The score is 0.67 because the actual output incorrectly states that it's difficult to determine non-cyclical occurrences in the well profiles, when in fact the analysis clearly shows that erosive discontinuities do not occur cyclically, which contradicts the claim.",input\georegis\dataset.json,
1565,O que foram usadas como limites de parassequências?,superfícies transgressivas ou de afogamento que recobrem os carbonatos de plataforma,"Limites de parassequências são geralmente definidos por superfícies de inundação marinha ou decadência de nível do mar, como superfícies de inundação máxima ou discordâncias, que indicam mudanças na deposição sedimentar e interrupções no registro geológico.",0.6666666666666666,0.5,"The score is 0.67 because the response partially addresses the question about parasequence boundaries, but includes an irrelevant statement about geological record disagreements, which does not directly relate to the topic.","The score is 0.50 because the actual output incorrectly implies that the retrieval context supports the use of sea-level fall surfaces as parasequence boundaries, while it only mentions transgressive or drowning surfaces.",input\georegis\dataset.json,
1566,Qual é a parte mais superior da Formação Pendência?,a Seqüência K40,A parte mais superior da Formação Pendência é a Membro Canto do Amaro.,1.0,0.0,"The score is 1.00 because the response was completely relevant to the question asked, providing clear, accurate information without any irrelevant statements. Great job!","The score is 0.00 because the actual output incorrectly states or implies something about the Formação Pendência that contradicts with it being the Seqüência K40, as indicated in the retrieval context.",input\georegis\dataset.json,
1567,Qual é a seção mais superior da Formação Pendência?,a Seqüência K40,A seção mais superior da Formação Pendência é conhecida como Membro Açu.,1.0,0.0,"The score is 1.00 because the response is perfectly relevant and fully addresses the query about the Pendência Formation, with no irrelevant statements.","The score is 0.00 because the actual output incorrectly states that the most superior section is the Membro Açu, when it is actually the Seqüência K40 according to the retrieval context.",input\georegis\dataset.json,
1568,Qual sistema é o limite proximal de ocorrência da Seqüência K40?,sistema de falhas de Pescada,"O sistema articular do cotovelo é o limite proximal de ocorrência da Seqüência K40, relacionada ao meridiano do estômago na acupuntura.",1.0,0.0,The score is 1.00 because the response was fully relevant with no irrelevant statements. Great job!,"The score is 0.00 because the actual output incorrectly connects the elbow joint and the stomach meridian in acupuncture to the Seqüência K40, which has no basis in geological or geographical facts in the retrieval context.",input\georegis\dataset.json,
1569,Quando começa a deposição da megasseqüência proto-oceânica?,Neo-aptiano,"A deposição da megassequência proto-oceânica começou no período Cambriano, durante a transição entre o Pré-Cambriano e o Paleozoico.",1.0,0.0,The score is 1.00 because the answer provided is perfectly relevant and directly addresses the question without any irrelevant information. Great job!,"The score is 0.00 because the actual output contradicts the retrieval context by incorrectly stating that the deposition of the proto-oceanic megasequence begins in the Cambrian period, whereas the retrieval context specifies it starts from the Neo-aptian.",input\georegis\dataset.json,
1570,Qual sistema é o limite proximal de ocorrência da seqüência K40?,O sistema de falhas de Pescada,O limite proximal de ocorrência da sequência K40 é o sistema urinário.,1.0,0.0,The score is 1.00 because the response directly addresses the question without any irrelevant statements. Great job!,"The score is 0.00 because the actual output incorrectly claims that the K40 sequence is related to the urinary system, while the retrieval context clearly states it is associated with geological formations such as fluvio-deltaic-lacustrine and clastic systems, with no mention of biological systems.",input\georegis\dataset.json,
1571,Em que período começa a deposição da megasseqüência proto - oceânica?,Neo-aptiano,A deposição da megassequência proto-oceânica começa no Pré-Cambriano.,1.0,0.0,The score is 1.00 because the response was perfectly relevant and addressed the question directly. Great job!,"The score is 0.00 because the actual output incorrectly states that the deposition of the megasequence proto-oceanic, Sequence K50, begins from the Precambrian, whereas the retrieval context indicates it begins from the Neo-aptian.",input\georegis\dataset.json,
1572,Qual é a direção geral do sistema de falhas de Pescada?,WNW-ESE,A direção geral do sistema de falhas de Pescada é noroeste-sudeste.,1.0,1.0,The score is 1.00 because the response is perfectly relevant and directly addresses the question without any irrelevant statements. Great job!,"The score is 1.00 because there are no contradictions, which means the actual output is perfectly aligned with the retrieval context. Great job on maintaining accuracy and consistency!",input\georegis\dataset.json,
1573,Quais são os materiais da Seqüência K40?,arenitos grossos e pelitos,"A sequência K40 da marca de violin bows CodaBow utiliza materiais como fibra de carbono para o bastão, resinas especiais e madeira para o talão.",0.6666666666666666,0.0,"The score is 0.67 because the response partially addresses the inquiry about the materials in the K40 Sequence by mentioning relevant details. However, it includes irrelevant information about the brand, which does not answer the specific question about materials, preventing a higher score.","The score is 0.00 because the claim incorrectly associates 'A sequência K40' with violin bows and materials like carbon fiber, which is unrelated to the geological context of a rock formation sequence.",input\georegis\dataset.json,
1574,O que está geneticamente relacionado à atividade da Seqüência K40?,aumento da taxa de subsidência,"A sequência K40 está relacionada à atividade de transcrição genética e ao funcionamento dos elementos transponíveis, também conhecidos como ""genes saltadores"". Esses elementos podem influenciar a expressão genética e a evolução genômica.",1.0,0.5,The score is 1.00 because the answer is fully relevant and there are no irrelevant statements. Great job!,"The score is 0.50 because the actual output discusses genetic transcription or transposable elements, which do not relate to the geological sequences provided in the retrieval context.",input\georegis\dataset.json,
1575,Qual é o tipo de rocha que inicia a deposição da megasseqüência proto - oceânica?,Neo-aptiano,"O tipo de rocha que inicia a deposição da megassequência proto-oceânica geralmente são os basaltos, que são rochas ígneas extrusivas formadas a partir do resfriamento rápido do magma no ambiente oceânico.",1.0,1.0,"The score is 1.00 because the response is perfectly on point, providing exactly the information requested without any irrelevant details. Great job!","The score is 1.00 because the actual output is completely aligned with the retrieval context, with no contradictions present. Well done on ensuring accuracy and consistency!",input\georegis\dataset.json,
1577,Quais são as duas rochas que constituem a Seqüência K40?,arenitos grossos e pelitos,As duas rochas que constituem a Seqüência K40 são ardósia e metarenito.,1.0,0.0,A pontuação é 1.00 porque a resposta foi precisa e completamente relevante em relação à pergunta sem nenhum conteúdo irrelevante. Excelente trabalho!,"The score is 0.00 because the actual output incorrectly describes the K40 sequence as consisting of slate and metarenite, while it is actually composed of coarse sandstones and pelites.",input\georegis\dataset.json,
1578,A que está geneticamente relacionada a atividade da Seqüência K40?,aumento da taxa de subsidência,A atividade da Sequência K40 está geneticamente relacionada ao canibalismo.,1.0,1.0,The score is 1.00 because the response was perfectly relevant and addressed the input without any irrelevant statements. Great job on providing a precise and on-point answer!,"The score is 1.00 because there are no contradictions found, indicating a perfect alignment between the actual output and the retrieval context. Keep up the great work!",input\georegis\dataset.json,
1579,A que está geneticamente relacionada a atividade da Seqüência K40?,um aumento da taxa de subsidência,A atividade da Seqüência K40 está geneticamente relacionada à regulação da dopamina no cérebro.,1.0,0.0,The score is 1.00 because the answer was entirely relevant and fully addressed the input query accurately and concisely. Great job!,"The score is 0.00 because the actual output incorrectly relates the activity of Sequence K40 to dopamine regulation in the brain, while the retrieval context is focused on geology and tectonic sequence formation, not neurobiology.",input\georegis\dataset.json,
1580,O que constitui a parte mais superior da Formação Pendência?,A Seqüência K40,"A parte mais superior da Formação Pendência é constituída predominantemente por calcários e dolomitos, juntamente com alguns intervalos de folhelhos e siltitos.",1.0,0.0,The score is 1.00 because the answer is perfectly relevant and there are no irrelevant statements. Great job!,"The score is 0.00 because the actual output incorrectly states that the top of the K40 Sequence of the Pendência Formation is composed of limestones and dolomites, whereas it is actually made up of coarse sandstones and mudstones from a fluvio-delta-lacustrine system.",input\georegis\dataset.json,
1582,O que preenche o sistema de falhas de Pescada?,"sistemas deposicionais continentais, dominados por leques aluviais e sistemas fluviais de alta energia",O sistema de falhas de Pescada é preenchido por rochas sedimentares.,1.0,1.0,The score is 1.00 because the response is perfectly relevant to the query with no irrelevant statements. Great job!,"The score is 1.00 because there are no contradictions, indicating that the actual output perfectly aligns with the retrieval context. Great job!",input\georegis\dataset.json,
1583,Qual é a unidade litoestratigráfica correspondente à seção de rochas dominada por sistemas deposicionais continentais?,Formação Pescada,"A unidade litoestratigráfica correspondente é o ""Grupo"".",1.0,0.0,The score is 1.00 because the response perfectly addressed the question with no irrelevant information. Great job maintaining focus!,"The score is 0.00 because the actual output incorrectly refers to the lithostratigraphic unit as 'Grupo' instead of 'Formação Pescada', which is what the retrieval context specifies.",input\georegis\dataset.json,
1584,Quando inicia-se a deposição da megasseqüência proto-oceânica?,A partir do Neo-aptiano,A deposição da megassequência proto-oceânica inicia-se durante o Neoproterozóico.,1.0,0.0,The score is 1.00 because the response was completely relevant and addressed the query directly without any irrelevant statements. Great job maintaining focus on the topic!,"The score is 0.00 because the actual output incorrectly states that the deposition of the proto-oceanic megasequence begins during the Neoproterozoic, while it actually starts from the Neo-aptian.",input\georegis\dataset.json,
1585,Qual é a direção geral das falhas de Pescada?,direção geral WNW-ESE,A direção geral das falhas de Pescada é de noroeste-sudeste.,1.0,1.0,A pontuação é 1.00 porque a resposta foi perfeitamente relevante e focada no que foi perguntado. Excelente trabalho!,The score is 1.00 because there are no contradictions. Great job on ensuring accuracy and alignment with the retrieval context!,input\georegis\dataset.json,
1586,O que é a Seqüência K40?,"A Seqüência K40 é constituída por uma cunha clástica sintectônica, reconhecida inicialmente no bloco baixo da Falha de Pescada, cuja atividade está geneticamente relacionada a um aumento da taxa de subsidência no final da fase de rifteamento da bacia.","Não tenho informações sobre uma ""Sequência K40"". Isso pode ser um termo obscuro ou específico de um campo não coberto por meus dados até 2023.",0.6666666666666666,0.0,"The score is 0.67 because the output partially addresses the inquiry but acknowledges a lack of knowledge, which is irrelevant to fully answering the question.","The score is 0.00 because the actual output completely misrepresents the context by not aligning with the specifics of the 'Sequência K40', which is clearly defined and repeatedly mentioned in the retrieval context.",input\georegis\dataset.json,
1587,Quais são os sistemas deposicionais continentais que preenchem o sedimentar da Seqüência K40?,"sistemas deposicionais continentais, dominados por leques aluviais e sistemas fluviais de alta energia, com bancos carbonáticos restritos.","Os sistemas deposicionais continentais que preenchem o sedimentar da Sequência K40 geralmente incluem sistemas fluviais, eólicos (desérticos) e lacustres. Esses sistemas podem variar conforme a região e as condições paleogeográficas durante a deposição.",1.0,0.5,A pontuação é 1.00 porque a resposta está completamente relevante e atende perfeitamente ao que foi solicitado. Excelente trabalho!,"The score is 0.50 because the actual output incorrectly includes eolic (desert) systems in the K40 Sequence sedimentary fill, which the context specifies is solely dominated by alluvial fans and high-energy fluvial systems with no mention of eolic systems.",input\georegis\dataset.json,
1588,Qual é a unidade litoestratigráfica que corresponde à seção de rochas da Seqüência K40?,Formação Pescada,A unidade litoestratigráfica que corresponde à seção de rochas da Sequência K40 é a Formação Serra Alta.,1.0,0.0,The score is 1.00 because the response is completely relevant and directly answers the input with precise information. Great job!,"The score is 0.00 because the actual output incorrectly identifies the lithostratigraphic unit for the K40 Sequence as the Serra Alta Formation, when it should be the Pescada Formation.",input\georegis\dataset.json,
1632,O que causou o processo de dobramento por deslizamento flexural?,anisotropia mecânica,"O processo de dobramento por deslizamento flexural é causado pela flexão de camadas de rochas ou sedimentos ao longo de superfícies planas ou ligeiramente curvas. Isso ocorre devido a tensões tectônicas que empurram ou puxam as camadas, fazendo com que elas se dobrem através do deslizamento ao longo das superfícies internas, preservando a espessura das camadas.",0.8333333333333334,0.5,"The score is 0.83 because the answer largely addresses the question on the cause of the folding process by flexural slip. However, the mention of 'preservação da espessura' being a result rather than a cause diverts slightly from the core inquiry, preventing the score from being higher.","The score is 0.50 because the explanation of the process occurring due to tectonic tensions contradicts the retrieval context, which attributes the folding to mechanical anisotropy between layers.",input\georegis\dataset.json,
1633,Qual foi a principal característica da região de charneira?,"flexural slip e buckling, sensu Park, 1989; fig. 15).","A principal característica da região de charneira é sua função como zona de transição ou conexão entre diferentes regiões, muitas vezes servindo como ponto de encontro e intercâmbio cultural, econômico ou geográfico.",1.0,0.0,The score is 1.00 because the answer perfectly aligns with the input without any irrelevant statements. Great work!,"The score is 0.00 because the actual output misrepresents the region of charneira, describing it as a zone of transition or connection for cultural, economic, or geographic exchanges, which is not aligned with the retrieval context that focuses on geological processes and deformation mechanisms.",input\georegis\dataset.json,
1634,Que mecanismo predomina nos flancos das dobras?,mecanismos de deslizamento flexural,"O mecanismo que predomina nos flancos das dobras é a flexão, onde as camadas rochosas são dobradas sem ruptura significativa.",1.0,0.0,The score is 1.00 because the response directly and accurately addressed the input without any irrelevant information. Great job maintaining focus!,"The score is 0.00 because the actual output inaccurately describes the mechanism on the folds' flanks as flexion without rupture, whereas the context reveals it as flexural slip.",input\georegis\dataset.json,
1636,Em que região de dobras predomina o mecanismo de flambagem?,charneira,O mecanismo de flambagem predomina em regiões de dobras de camada paralela.,1.0,0.0,"Parabéns! A relevância da resposta é perfeita com uma pontuação de 1.00, pois não há declarações irrelevantes na saída. Excelente trabalho em atender ao que foi pedido!","The score is 0.00 because the actual output incorrectly states that the mechanism of buckling prevails in regions of parallel-layer folds, whereas the context indicates it prevails in the hinge region instead.",input\georegis\dataset.json,
1637,O que ocorreu em conseqüência da anisotropia mecânica entre camadas?,O processo de dobramento por deslizamento flexural,"A anisotropia mecânica entre camadas pode resultar em variações na resistência e rigidez do material, levando a fraturas, delaminação ou deformações indesejadas em estruturas compostas.",0.8,1.0,"The score is 0.80 because the response correctly addresses the consequences of mechanical anisotropy, but the mention of fractures in composite structures slightly detracts from full relevancy as it does not directly relate to the question asked.","The score is 1.00 because there are no contradictions, which means the actual output aligns perfectly with the retrieval context. Excellent work!",input\georegis\dataset.json,
1638,Onde se concentra a deformação?,"níveis de folhelhos e siltitos, intercalados a arenitos","A deformação geralmente se concentra em áreas onde há a aplicação de forças ou tensões, como em materiais submetidos a cargas, junções de placas tectônicas, ou em pontos de falha estrutural. O local específico varia conforme o contexto e o tipo de material ou estrutura.",1.0,1.0,"The score is 1.00 because the response fully addresses the input question without any irrelevant content, showcasing clear focus and understanding.","The score is 1.00 because there are no contradictions, indicating perfect alignment with the retrieval context. Fantastic work!",input\georegis\dataset.json,
1639,O que foi conseqüência da anisotropia mecânica entre camadas?,processo de dobramento por deslizamento flexural,"A anisotropia mecânica entre camadas pode resultar em propriedades mecânicas direcionais em materiais laminados, como variações na resistência, rigidez e ductilidade dependendo da direção solicitada. Isso pode levar a comportamento diferente sob carga, como deformação não uniforme ou fratura preferencial ao longo de certas direções.",0.8,1.0,"The score is 0.80 because the answer addresses the effects of mechanical anisotropy. However, it could not be higher as it includes a statement about non-uniform deformation that doesn’t directly link back to anisotropy.","The score is 1.00 because there are no contradictions found, indicating the information in the actual output perfectly aligns with the retrieval context. Keep up the fantastic work!",input\georegis\dataset.json,
1641,O que revela que a deformação atingiu o ponto de ruptura?,a nucleação de falhas reversas,"A deformação atinge o ponto de ruptura quando um material se rompe ou falha estruturalmente, geralmente identificado pela máxima tensão ou alongamento que o material pode suportar antes de quebrar. Isso é revelado pela formação de trincas, completa separação do material ou por um ponto específico no diagrama tensão-deformação, conhecido como ponto de ruptura.",1.0,1.0,"The score is 1.00 because there are no irrelevant statements in the output, making it perfectly aligned with the input query. Great job!",The score is 1.00 because the actual output perfectly aligns with the retrieval context without any contradictions. Great job maintaining accuracy!,input\georegis\dataset.json,
1642,O que indica a relação angular entre os indicadores cinemáticos nas superfícies de deslizamento e os eixos das dobras F1?,a atuação de uma componente de rotação horária,A relação angular entre os indicadores cinemáticos nas superfícies de deslizamento e os eixos das dobras F1 indica a direção e o sentido do movimento tectônico ou deformacional que ocorreu durante a formação das estruturas. Essa relação pode fornecer informações sobre o regime de deformação e as condições tectônicas antigas.,0.75,0.5,"The score is 0.75 because the actual output discusses the timing of the relationship, which does not directly answer the question about the angular relationship between the kinematic indicators and the F1 fold axes. However, it partially relates to the context of the question, maintaining a reasonable degree of relevancy.","The score is 0.50 because the actual output incorrectly infers details about the direction and sense of tectonic or deformational movement, which are not specified in the retrieval context.",input\georegis\dataset.json,
1643,O que a relação angular entre os indicadores cinemáticos nas superfícies de deslizamento e os eixos das dobras indica?,uma componente de rotação horária,"A relação angular entre os indicadores cinemáticos nas superfícies de deslizamento e os eixos das dobras pode indicar a direção e o sentido do movimento tectônico que causou a deformação. Essa relação ajuda a inferir a história de deformação da região, incluindo informações sobre a orientação e a intensidade das forças tectônicas atuantes.",1.0,1.0,The score is 1.00 because the response perfectly addresses the input without any irrelevant statements. Great job!,The score is 1.00 because there are no contradictions. Great job on maintaining complete alignment!,input\georegis\dataset.json,
1645,Em que região das dobras predomina a flambagem?,charneira,Na região do flanco das dobras é onde predomina a flambagem.,1.0,0.0,"The score is 1.00 because the response is perfectly relevant and concise, addressing the question directly without any irrelevant information. Great job!","The score is 0.00 because the actual output incorrectly states where the mechanism of buckling predominates, contradicting the retrieval context by saying it's in hinge regions instead of the flanks of folds.",input\georegis\dataset.json,
1646,O que foi conseqüência da anisotropia mecânica entre camadas?,O processo de dobramento por deslizamento flexural,"A anisotropia mecânica entre camadas pode resultar em diferenças significativas nas propriedades físicas, como resistência e rigidez, dependendo da direção das forças aplicadas. Isso pode levar a comportamentos mecânicos não uniformes em materiais como rochas sedimentares, compostos laminados ou estruturas geológicas em camadas, influenciando processos como fraturamento, deslizamentos e outras deformações estruturais.",1.0,1.0,The score is 1.00 because the response was perfectly relevant and on point. Great job!,"The score is 1.00 because there are no contradictions, which means the actual output perfectly aligns with the retrieval context. Fantastic job!",input\georegis\dataset.json,
1653,Qual foi o mecanismo de deslizamento dominante nas dobras?,mecanismos de deslizamento flexural,"O mecanismo de deslizamento dominante nas dobras é a flexão, onde camadas de rochas dobram sem fraturar.",1.0,1.0,The score is 1.00 because the response was perfectly relevant and thoroughly answered the input without any irrelevant statements. Great job staying on point!,"The score is 1.00 because the actual output perfectly aligns with the retrieval context, showcasing a high level of accuracy. Great job!",input\georegis\dataset.json,
1654,Em que região de dobras predomina o mecanismo de flambagem?,região de charneira,O mecanismo de flambagem predomina na região de dobras de cisalhamento.,1.0,0.0,The score is 1.00 because the response was perfectly relevant and directly addressed the input without any irrelevant information. Great job!,"The score is 0.00 because the actual output incorrectly identifies the predominant mechanism as occurring in the shear fold regions, whereas the contradiction clearly states it predominates in the hinge regions of the folds.",input\georegis\dataset.json,
1655,O que ocorreu em conseqüência da anisotropia mecânica entre camadas?,processo de dobramento por deslizamento flexural,"A anisotropia mecânica entre camadas pode levar a comportamentos diferenciados em materiais laminados, como variação na resistência, rigidez e deformação dependendo da direção da carga aplicada. Isso pode resultar em falhas ou delaminação quando o material é submetido a tensões ou forças em direções desfavoráveis.",1.0,1.0,The score is 1.00 because the response was perfectly relevant and addressed the input question without any irrelevant information. Great job!,"The score is 1.00 because there are no contradictions, indicating that the actual output is perfectly aligned with the retrieval context. Keep up the excellent work!",input\georegis\dataset.json,
1656,Onde se concentra a deformação?,níveis de folhelhos e siltitos,"A deformação costuma se concentrar em áreas de maior tensão ou onde o material possui menor resistência, como em falhas geológicas na crosta terrestre, áreas de dobramento em placas tectônicas, ou em pontos de estresse em estruturas artificiais como vigas e pontes. A localização específica depende do contexto, como se está se referindo a geologia, engenharia ou outro campo.",1.0,1.0,The score is 1.00 because the response directly addressed the question without any irrelevant statements. Great job!,The score is 1.00 because the actual output perfectly aligns with the retrieval context. Great job maintaining accuracy and consistency!,input\georegis\dataset.json,
1658,O que revela que a deformação atingiu o ponto de ruptura?,falhas reversas,"A deformação atinge o ponto de ruptura quando o material não consegue mais suportar a tensão aplicada, resultando em falha ou fratura. Isso geralmente é indicado por uma quebra súbita ou perda de integridade estrutural.",1.0,1.0,"A pontuação é 1.00 porque a resposta foi totalmente relevante, abordando todos os pontos do input sem incluir declarações irrelevantes. Excelente trabalho!","The score is 1.00 because there are no contradictions, indicating the actual output is perfectly aligned with the retrieval context. Amazing job!",input\georegis\dataset.json,
1659,Qual foi o mecanismo predominante nos flancos das dobras?,mecanismos de deslizamento flexural,O mecanismo predominante nos flancos das dobras é o cisalhamento.,1.0,0.0,A pontuação é 1.00 porque a resposta foi totalmente relevante e abordou a pergunta diretamente sem desvios desnecessários. Excelente!,"The score is 0.00 because the actual output incorrectly states that the predominant mechanism on the folds' flanks is shear, whereas the retrieval context specifies it as flexural slip.",input\georegis\dataset.json,
1664,Qual a relação angular entre os indicadores cinemáticos nas superfícies de deslizamento e os eixos das dobras F1?,indica a atuação de uma componente de rotação horária durante o fenômeno de deslizamento flexural,"Os indicadores cinemáticos nas superfícies de deslizamento geralmente são orientados paralelamente aos eixos de dobra, especialmente em dobras de primeira geração (F1). Isso ocorre porque o deslizamento tende a ser direcionado ao longo dos eixos das dobras, que são as linhas de maior comprimento dentro das superfícies dobradas. Portanto, há uma relação de alinhamento ou paralelo entre os indicadores cinemáticos de deslizamento e os eixos das dobras F1.",0.6,0.3333333333333333,"The score is 0.60 because the response partially addresses the question about the angular relationship, but it includes irrelevant information that distracts from the main focus on the angular relationship with F1 fold axes.","The score is 0.33 because the actual output incorrectly suggests a parallel orientation between kinematic indicators and F1 fold axes, whereas the contradictions indicate a rotational component is present.",input\georegis\dataset.json,
1665,O que foi consequência da anisotropia mecânica entre as camadas no processo de dobramento por deslizamento flexural?,"a deformação concentrando-se em níveis de folhelhos e siltitos, intercalados a arenitos","A consequência da anisotropia mecânica entre as camadas no processo de dobramento por deslizamento flexural é a formação de dobras com variação na espessura e geometria das camadas. Isso ocorre porque diferentes camadas têm diferentes resistências ao deslizamento e deformação, resultando em dobras assimétricas e complexas.",1.0,1.0,"The score is 1.00 because the response directly and effectively addresses the question asked without any irrelevant statements, showcasing a strong understanding of the topic.","The score is 1.00 because there are no contradictions, indicating perfect alignment with the retrieval context. Fantastic job!",input\georegis\dataset.json,
1666,O que indica o mecanismo de flambagem em relação à resposta do material próximo à zona de charneira das dobras?,uma resposta homogênea do material próximo à zona de charneira das dobras,"O mecanismo de flambagem indica que, próximo à zona de charneira das dobras, o material está sujeito a instabilidades que levam a deformações laterais ou deslocamentos fora do plano original. Isso reflete uma resposta não linear do material, onde compressões críticas superam sua capacidade de suporte estável, resultando na formação de dobras.",0.8,0.6666666666666666,The score is 0.80 because the answer addresses the general topic of folding but misses focusing specifically on the buckling mechanism or material response near the hinge zone. It provides relevant information but could be more directly aligned with the input query.,"The score is 0.67 because the actual output incorrectly implies lateral instabilities or out-of-plane displacements, whereas the retrieval context describes a homogeneous material response near the hinge zone of folds without such instabilities.",input\georegis\dataset.json,
1668,Quais mecanismos de dobramento predominaram nos flancos das dobras?,mecanismos de deslizamento flexural,"Nos flancos das dobras, os mecanismos de dobramento predominantes geralmente são a flexão-dobra e a dobra flexural. Esses mecanismos envolvem a dobragem das camadas devido à compressão e permitem acomodar o encurtamento na crosta terrestre.",0.6666666666666666,0.5,"The score is 0.67 because the answer partially addressed the question about the predominant folding mechanisms, but included irrelevant information regarding accommodation of shortening in the Earth's crust that did not directly relate to the query.","The score is 0.50 because the actual output incorrectly states that the predominant folding mechanism on the fold flanks is flexural slip rather than flexural bending, contradicting the retrieval context.",input\georegis\dataset.json,
1669,O que prevaleceu na região de charneira das dobras?,flambagem,"Na região de charneira das dobras, prevalecem forças compressivas que causam flexão e formam estruturas geológicas complexas, com acúmulo de tensões tectônicas.",1.0,0.0,The score is 1.00 because the actual output is completely relevant and addresses the input thoroughly. Great job!,"The score is 0.00 because the actual output incorrectly claims that forces compressivas causing flexão and tension accumulation prevailed in the hinge region, whereas the retrieval context specifies that flambagem was the prevailing factor.",input\georegis\dataset.json,
1670,O que é indicado pela relação angular entre os indicadores cinemáticos nas superfícies de deslizamento e os eixos das dobras F1?,a atuação de uma componente de rotação horária durante o fenômeno de deslizamento flexural,A relação angular entre os indicadores cinemáticos nas superfícies de deslizamento e os eixos das dobras F1 é usada para interpretar o sentido do movimento tectônico e a direção dos esforços durante o dobramento. Ela pode indicar o tipo de regime tectônico (compressivo ou distensivo) e fornecer pistas sobre a orientação do estresse principal responsável pela deformação.,0.6666666666666666,0.5,"The score is 0.67 because while the actual output attempts to provide geological context, it includes details about compressive and distensive tectonic regimes that do not directly address the angular relationship in question. These details slightly detract from the focus needed to thoroughly answer the specific inquiry about the angular relationship between kinematic indicators and F1 fold axes.","The score is 0.50 because the actual output discusses tectonic movement and stress direction, which are not covered in the provided retrieval context, leading to partial misalignment.",input\georegis\dataset.json,
1672,O que é conseqüência da anisotropia mecânica entre as camadas?,o processo de dobramento por deslizamento flexural,"A consequência da anisotropia mecânica entre as camadas é que o material exibirá diferentes propriedades mecânicas, como resistência e rigidez, dependendo da direção em que é medido. Isso pode afetar o comportamento do material em aplicações práticas, como na formação de trincas ou na deformação sob carga.",1.0,0.5,"A pontuação é 1.00 porque todas as declarações foram relevantes e diretamente relacionadas à pergunta, tornando a resposta completa e precisa. Excelente trabalho!","The score is 0.50 because the actual output incorrectly claims that anisotropy between layers results in different mechanical properties like resistance and rigidity, whereas the context indicates it leads to bending by flexural sliding.",input\georegis\dataset.json,
1673,O que é muito raro em outros ambientes sedimentares antigos?,a infiltração mecânica de argilas,A preservação de matéria orgânica é muito rara em ambientes sedimentares antigos.,1.0,1.0,The score is 1.00 because the output perfectly addresses the input without any irrelevant information. Great job maintaining focus and delivering a relevant answer!,"The score is 1.00 because there are no contradictions, indicating the actual output aligns perfectly with the retrieval context. Great job maintaining accuracy!",input\georegis\dataset.json,
1675,Quem identificou cutículas de argila e hematita em arenitos de duna e wadi do Permiano do Mar do Norte como acumuladas por infiltração mecânica?,KESSLER,David W. Houseknecht foi quem identificou cutículas de argila e hematita em arenitos de duna e wadi do Permiano do Mar do Norte como acumuladas por infiltração mecânica.,1.0,0.0,The score is 1.00 because the response is perfectly relevant with no irrelevant statements. Great job maintaining focus and accuracy!,"The score is 0.00 because the claim incorrectly attributes the identification of clay cuticles and hematite in Permian sandstone in the North Sea to David W. Houseknecht, while the retrieval context attributes this identification to KESSLER.",input\georegis\dataset.json,
1676,Qual é o teor de argila infiltrada em depósitos terciários e pleistocênicos do Sudoeste americano?,10 a 20%,"O teor de argila infiltrada em depósitos terciários e pleistocênicos do sudoeste americano pode variar significativamente dependendo da localização específica e das condições geológicas locais. Em geral, esse teor pode oscilar entre 15% e 40%, mas é importante consultar estudos geológicos específicos da área de interesse para obter dados precisos.",1.0,1.0,Fantastic work! The score is 1.00 because the actual output perfectly addresses the input without any irrelevant statements. Keep up the great work!,"The score is 1.00 because there are no contradictions detected, indicating a perfect alignment with the retrieval context. Great job on maintaining accuracy!",input\georegis\dataset.json,
1678,Quem identificou cutículas de argila e hematita no arenito do Mar do Norte como sendo infiltradas?,KESSLER,Andrew Baldwin de Exeter identificou cutículas de argila e hematita no arenito do Mar do Norte como sendo infiltradas.,0.6666666666666666,0.0,"The score is 0.67 because the output addresses the presence of infiltrated clay and hematite cuticles, which is partially relevant. However, it lacks specific information about who identified them, which prevents a higher score.","The score is 0.00 because the actual output incorrectly attributes the identification of clay and hematite cuticles in North Sea sandstones to Andrew Baldwin, while the retrieval context clearly states it was KESSLER who made this identification.",input\georegis\dataset.json,
1680,O que é muito raro em outros ambientes sedimentares antigos?,infiltração mecânica de argilas,A preservação de matéria orgânica significativa é muito rara em outros ambientes sedimentares antigos.,1.0,1.0,The score is 1.00 because the response precisely addresses the question without any irrelevant information. Great job!,"The score is 1.00 because there are no contradictions, indicating that the actual output is perfectly faithful to the retrieval context. Great job!",input\georegis\dataset.json,
1681,Que processo é raro e superficial?,infiltração mecânica,O processo erosivo em algumas formações rochosas é frequentemente descrito como raro e superficial.,1.0,1.0,The score is 1.00 because the output is fully relevant and directly answers the input with no irrelevant statements. Great job!,The score is 1.00 because there are no contradictions. Great job keeping the output perfectly aligned with the retrieval context!,input\georegis\dataset.json,
1682,Em que região estão localizadas as ilhas de barreira?,Terciário da Costa do Golfo,"As ilhas de barreira estão localizadas ao longo de muitas costas ao redor do mundo, mas são especialmente comuns nas costas leste e sul dos Estados Unidos, como ao longo da costa do Golfo do México e do Oceano Atlântico.",1.0,1.0,The score is 1.00 because the response is perfectly relevant and directly addresses the question about the location of barrier islands. Great job!,The score is 1.00 because there are no contradictions. Well done on maintaining perfect alignment with the information provided!,input\georegis\dataset.json,
1683,Que porcentagem de argilas infiltradas existem nos depósitos terciários e pleistocênicos do Sudoeste americano?,10 a 20%,Não tenho um valor específico para a porcentagem de argilas infiltradas nos depósitos terciários e pleistocênicos do sudoeste americano. Essa informação pode variar dependendo do local específico e das características geológicas. Recomendo consultar estudos geológicos ou publicações científicas para dados mais precisos.,0.6666666666666666,0.6666666666666666,"The score is 0.67 because while the output mentions the lack of a specific value, it fails to address the main query about the percentage of clay infiltration in tertiary and pleistocene deposits in the Southwest USA. The presence of such an unrelated statement prevents the score from being higher.","The score is 0.67 because the actual output likely misrepresents the percentage of infiltrated clays in deposits, which the context clearly states to be commonly 10 to 20%.",input\georegis\dataset.json,
1684,Onde estão localizadas as cutículas de argila e hematita que KESSLER identificou como acumuladas por infiltração mecânica?,Permiano do Mar do Norte,As cutículas de argila e hematita identificadas por KESSLER como acumuladas por infiltração mecânica estão localizadas em Marte.,1.0,0.0,A pontuação é 1.00 porque a resposta é totalmente relevante e não há afirmações irrelevantes no conteúdo.,"The score is 0.00 because the actual output incorrectly identifies a Martian location for the mechanical infiltration of clays and hematite into sandstones, whereas the context specifies terrestrial environments like the North Sea and the American Southwest.",input\georegis\dataset.json,
1685,"O que promove modificações marcantes na textura, mineralogia e composição química dos sedimentos?",processo de infiltração mecânica,"O intemperismo e a diagênese são os principais processos que promovem modificações marcantes na textura, mineralogia e composição química dos sedimentos.",1.0,0.0,Fantástico trabalho! A pontuação de 1.00 reflete a precisão e relevância perfeitas da resposta fornecida. Continue assim!,"The score is 0.00 because the statement incorrectly attributes mechanical infiltration of clays as causing weathering and diagenesis, contrary to the context where it is described as modifying the texture, mineralogy, and chemical composition of sediments.",input\georegis\dataset.json,
1686,O que é raro em outros ambientes sedimentares antigos?,infiltração mecânica,"A preservação de matéria orgânica em grande quantidade é algo raro em outros ambientes sedimentares antigos. Isso ocorre principalmente em ambientes anóxicos, onde a falta de oxigênio impede a decomposição total da matéria orgânica.",1.0,1.0,The score is 1.00 because the answer perfectly addresses the question without any irrelevant information. Great job!,"The score is 1.00 because there are no contradictions, indicating complete alignment between the actual output and the retrieval context. Great job!",input\georegis\dataset.json,
1687,Em que área de arenitos estão localizados algumas das argilas infiltradas?,Terciário da Costa do Golfo,As argilas infiltradas são frequentemente encontradas na área de arenitos de Vale do Paraíba.,1.0,1.0,O score é 1.00 porque o conteúdo está totalmente relevante e diretamente direcionado à pergunta feita. Excelente trabalho!,"The score is 1.00 because the actual output is perfectly aligned with the retrieval context, showing no contradictions. Great job!",input\georegis\dataset.json,
1688,Que porcentagem de argilas infiltradas os depósitos terciários e pleistocênicos do Sudoeste americano contêm?,10 a 20%,Os depósitos terciários e pleistocênicos do Sudoeste americano contêm cerca de 60 a 90% de argilas infiltradas.,1.0,0.0,The score is 1.00 because the response perfectly addressed the question without any irrelevant statements. Great job!,"The score is 0.00 because the actual output incorrectly states that the tertiary and Pleistocene deposits in the American Southwest contain 60 to 90% infiltrated clays, whereas the retrieval context indicates they commonly contain only 10 to 20%.",input\georegis\dataset.json,
1690,"Qual processo promove modificações marcantes na textura, mineralogia e composição química dos sedimentos onde atua?",processo de infiltração mecânica,O processo que promove essas modificações é a diagênese.,1.0,1.0,The score is 1.00 because the output perfectly addresses the question with no irrelevant statements. Keep up the great work!,The score is 1.00 because there are no contradictions. Excellent job maintaining accuracy and alignment with the retrieval context!,input\georegis\dataset.json,
1691,Que processo é raro e superficial?,infiltração mecânica de argilas,"O processo superficial da ossificação intramembranosa é um exemplo de processo raro e superficial. Na medicina, pode se referir a processos como ulceração ou lesão cutânea que são superficiais em relação à pele. A especificidade depende do contexto, como biológico, químico ou médico.",0.6666666666666666,1.0,"The score is 0.67 because the response partially addresses the question, but includes references to general processes in medicine that are not directly relevant to the specific query about rare and superficial processes.","The score is 1.00 because there are no contradictions between the actual output and the retrieval context. Everything aligns perfectly, great job!",input\georegis\dataset.json,
1692,O que é raro em outros ambientes sedimentares antigos?,infiltração mecânica de argilas,"Conservação de matéria orgânica é algo raro em outros ambientes sedimentares antigos, pois a decomposição e oxidação ao longo do tempo geralmente eliminam essa matéria.",1.0,1.0,The score is 1.00 because the answer was perfectly relevant with no irrelevant statements. Great job providing a focused and accurate response!,"The score is 1.00 because there are no contradictions, showing that the actual output perfectly aligns with the retrieval context. Great job!",input\georegis\dataset.json,
1695,"Segundo WALKER et alii, qual a porcentagem comum de argilas infiltradas nos depósitos terciários e pleistocênicos do Sudoeste americano?",de 10 a 20%,"De acordo com WALKER et alii, a porcentagem comum de argilas infiltradas nos depósitos terciários e pleistocênicos do Sudoeste americano é tipicamente entre 5% e 15%.",1.0,0.0,The score is 1.00 because the answer perfectly addresses the question without any irrelevant information. Great job on staying focused and accurate!,"The score is 0.00 because the actual output incorrectly states that the deposits contain 5% to 15% of infiltrated clays, while the context reports 10% to 20%.",input\georegis\dataset.json,
1696,O que a infiltração mecânica promove nos sedimentos onde atua?,"modificações marcantes na textura, mineralogia e composição química dos sedimentos","A infiltração mecânica promove uma maior compactação dos sedimentos por meio da pressão exercida sobre eles, facilitando assim a expulsão de fluidos intersticiais e aumentando a coesão entre as partículas sedimentares. Isso pode levar a mudanças na porosidade e na permeabilidade do sedimento afetado.",1.0,1.0,The score is 1.00 because the response was entirely relevant and addressed the question without any irrelevant statements. Great job!,"The score is 1.00 because there are no contradictions, indicating the actual output is perfectly aligned with the retrieval context. Great job!",input\georegis\dataset.json,
1697,Qual a melhor ferramenta para identificar e descrever argilas mecanicamente infiltradas em sedimentos antigos?,análise de lâminas delgadas,"A difração de raios X (DRX) é a ferramenta mais eficaz para identificar e descrever argilas em sedimentos antigos, pois permite determinar a mineralogia e as características estruturais das argilas presentes.",1.0,0.0,The score is 1.00 because the response was entirely relevant and directly addressed the query about identifying and describing clays in ancient sediments.,"The score is 0.00 because the actual output incorrectly identifies diffraction of X-rays (DRX) as the best tool for identifying and describing infiltrated clays in ancient sediments, whereas the retrieval context states that thin-section analysis is the best tool for this purpose.",input\georegis\dataset.json,
1699,Quais são os depósitos que LOUCKS et alii invocam para explicar os day coats presentes em alguns arenitos?,"depositados em deltas e ilhas de barreira no Terciário da Costa do Golfo,","LOUCKS et alii invocam depósitos relacionados a ambientes de alta energia, como canais fluviais e deltas distributários, para explicar a presença de day coats em alguns arenitos.",1.0,1.0,The score is 1.00 because the output perfectly addresses the input question without any irrelevant statements. Great job!,"The score is 1.00 because everything aligns perfectly, demonstrating complete faithfulness. Great job!",input\georegis\dataset.json,
1700,O que KESSLER identifica em arenitos de duna e wadi do Permiano do Mar do Norte?,cutículas de argila e hematita,"Kessler identifica variações texturais e composicionais que ajudam a distinguir os depósitos de arenitos de duna e wadi no Permiano do Mar do Norte, contribuindo para a compreensão dos ambientes deposicionais e possíveis influências na qualidade dos reservatórios.",0.75,1.0,"The score is 0.75 because the answer mostly pertains to what Kessler identifies in Permian dune and wadi sandstones of the North Sea, but includes information about reservoir quality variations that is not relevant to the specific identification tasks.","The score is 1.00 because the actual output perfectly aligns with the retrieval context, with no contradictions present. Great job!",input\georegis\dataset.json,
1701,"De acordo com WALKER et alii, quais são os depósitos que contêm comumente de 10 a 20% de argilas infiltradas?",depósitos terciários e pleistocênicos do Sudoeste americano,"Os depósitos que comumente contêm de 10 a 20% de argilas infiltradas, de acordo com Walker et alii, são os loess.",1.0,0.0,"The score is 1.00 because the output is perfectly relevant and concise, addressing the query without any irrelevant information.","The score is 0.00 because the actual output incorrectly states that tertiary and Pleistocene deposits in the American Southwest contain loess, whereas Walker et al. report they contain 10 to 20% infiltrated clays instead.",input\georegis\dataset.json,
1702,O que o processo de infiltração mecânica promove nos sedimentos onde atua?,"modificações marcantes na textura, mineralogia e composição química dos sedimentos","O processo de infiltração mecânica promove a penetração de água nos poros dos sedimentos, aumentando a umidade e compactação do solo. Isso pode levar à redução de espaços porosos, diminuição de movimentação de ar e nutrientes, e potencialmente influenciar a estabilidade estrutural e a erosão do solo.",1.0,0.5,The score is 1.00 because the answer perfectly addresses the input question with relevant information and no irrelevant statements.,"The score is 0.50 because the actual output mentions infiltration affecting texture, mineralogy, and chemical composition, while it fails to address water penetration and increased humidity, which are not referenced in the retrieval context.",input\georegis\dataset.json,
1703,Qual é a porcentagem de receitas bruta dos campos que pagam Participação Especial?,1%,"A Participação Especial no Brasil é cobrada sobre campos de petróleo com grande volume de produção ou alta rentabilidade. A porcentagem específica depende do volume de produção, produtividade e localização, podendo variar de 10% a 40% da receita líquida da produção.",1.0,1.0,The score is 1.00 because the response was fully relevant and addressed the input perfectly. Great job!,"The score is 1.00 because the actual output aligns perfectly with the retrieval context, showing a high level of faithfulness. Keep up the excellent work!",input\georegis\dataset.json,
1704,"O que constitui um grande desafio para a Agência Nacional do Petróleo, Gás Natural e Biocombustíveis?",grande desafio para o nosso País a melhoria do conhecimento sobre as 29 bacias sedimentares que apresentam interesse para a indústria de petróleo e gás natural.,"Um grande desafio para a Agência Nacional do Petróleo, Gás Natural e Biocombustíveis (ANP) é equilibrar a regulação do setor energético enquanto promove a segurança energética, incentiva investimentos e inovação, e garante a sustentabilidade ambiental.",0.4,1.0,"The score is 0.40 because while the statements mention functions of the ANP, they do not specifically address what constitutes a major challenge for the agency. The answers provide some context but lack a direct connection to the challenges faced.","The score is 1.00 because there are no contradictions; everything aligns perfectly, keep up the great work!",input\georegis\dataset.json,
1705,O que tem sido decisivo no desenho de novos projetos?,"Plano Plurianual de Estudos de Geologia e Geofísica,","O que tem sido decisivo no desenho de novos projetos inclui a sustentabilidade, inovação tecnológica, experiência do usuário, viabilidade econômica e adaptabilidade às mudanças de mercado.",1.0,1.0,The score is 1.00 because the output is perfectly relevant and directly addresses the input with precision. Great job in maintaining focus and clarity!,"The score is 1.00 because there are no contradictions, indicating the actual output is completely aligned with the retrieval context. Great job!",input\georegis\dataset.json,
1706,Qual é a porcentagem mínima de gastos com pesquisa e desenvolvimento exigida pelos concessionários para obterem Participação Especial?,1%,A porcentagem mínima de gastos com pesquisa e desenvolvimento exigida para obter Participação Especial no Brasil é de 1%.,1.0,0.0,The score is 1.00 because the answer perfectly addresses the input with no irrelevant information. Great job keeping it concise and accurate!,"The score is 0.00 because the actual output incorrectly claims that investment in research and development is a condition for obtaining Participação Especial, which is not supported by the retrieval context.",input\georegis\dataset.json,
1707,Em que ano a ANP introduziu uma cláusula que obriga os concessionários a realizar despesas com pesquisa e desenvolvimento?,1998,"A Agência Nacional do Petróleo, Gás Natural e Biocombustíveis (ANP) introduziu a cláusula que obriga os concessionários a realizar despesas com pesquisa e desenvolvimento em 1998.",1.0,1.0,The score is 1.00 because the answer is completely relevant to the input and contains no irrelevant statements. Great job!,The score is 1.00 because there are no contradictions. Fantastic job!,input\georegis\dataset.json,
1708,"O que constitui um grande desafio para a Agência Nacional do Petróleo, Gás Natural e Biocombustíveis?",a melhoria do conhecimento sobre as 29 bacias sedimentares,"Um grande desafio para a Agência Nacional do Petróleo, Gás Natural e Biocombustíveis (ANP) é a regulação eficiente do setor diante das mudanças tecnológicas e das demandas por sustentabilidade e transição energética, garantindo ao mesmo tempo a segurança do abastecimento e a atração de investimentos.",1.0,1.0,"A pontuação é 1.00 porque a resposta forneceu exatamente o que foi solicitado, sem informações irrelevantes. Excelente trabalho!","The score is 1.00 because there are no contradictions present, indicating perfect alignment between the actual output and the retrieval context. Great job maintaining accuracy!",input\georegis\dataset.json,
1709,O que tem sido decisivo no desenho de novos projetos?,Plano Plurianual de Estudos de Geologia e Geofísica,"Fatores decisivos no desenho de novos projetos incluem sustentabilidade, inovação tecnológica, viabilidade econômica, e impacto social.",1.0,0.0,The score is 1.00 because the response was fully relevant to the input and no irrelevant statements were made. Great job in maintaining focus!,"The score is 0.00 because the actual output incorrectly emphasizes factors like sustainability, social impact, or economic viability as decisive for designing new projects, whereas the retrieval context highlights the Multiyear Plan of Geology and Geophysics Studies as decisive.",input\georegis\dataset.json,
1710,Qual é a porcentagem mínima de gastos com pesquisa e desenvolvimento exigida pelos concessionários para obterem Participação Especial?,50%,"A legislação específica sobre a Participação Especial e os percentuais de gastos com pesquisa e desenvolvimento podem variar com o tempo e dependendo da regulamentação do setor. Recomendo verificar com fontes oficiais, como a ANP (Agência Nacional do Petróleo, Gás Natural e Biocombustíveis) no Brasil, para obter informações atualizadas sobre exigências percentuais.",0.6,1.0,"The score is 0.60 because the response contained relevant information sources but failed to directly provide the specific percentage required, resulting in moderately relevant content.","The score is 1.00, which is fantastic! There are no contradictions, showing that the actual output aligns perfectly with the retrieval context. Keep up the great work!",input\georegis\dataset.json,
1711,Qual é o desafio que a ANP enfrenta?,a melhoria do conhecimento sobre as 29 bacias sedimentares que apresentam interesse para a indústria de petróleo e gás natural,"A ANP enfrenta desafios como a regulação e supervisão do setor de petróleo e gás, garantindo a segurança energética, promovendo investimentos e equilibrando interesses ambientais e econômicos.",0.6666666666666666,1.0,"The score is 0.67 because the answer partially addresses the question about the challenges faced by ANP but includes irrelevant statements about energy security and economic interests, which are not explicitly mentioned as challenges faced by ANP.",The score is 1.00 because there are no contradictions. The actual output perfectly aligns with the retrieval context. Great job!,input\georegis\dataset.json,
1712,Que plano a ANP conduz?,Plano Plurianual de Estudos de Geologia e Geofísica,"A ANP conduz o Plano de Descomissionamento de campos de petróleo e gás no Brasil, que envolve o desmonte de instalações ao término da vida útil dos campos, garantindo segurança e proteção ambiental.",1.0,1.0,The score is 1.00 because the answer is perfectly relevant without any irrelevant statements. Great job on delivering precise and focused information!,"The score is 1.00 because there are no contradictions, indicating perfect alignment between the 'actual output' and the 'retrieval context'. Keep up the great work!",input\georegis\dataset.json,
1713,Para onde deve ser aplicado o restante dos recursos do PBP?,universidades ou institutos de pesquisa credenciados pela ANP,"O restante dos recursos do PBP (Plano Plurianual ou Programa de Budget Participativo, dependendo do contexto) deve ser aplicado prioritariamente em áreas que atendam às necessidades mais urgentes e prioritárias da população local, promovendo inclusão social e desenvolvimento sustentável. Isso pode incluir saúde, educação, infraestrutura, segurança, habitação e programas sociais. A aplicação deve ser decidida em conjunto com a comunidade, assegurando uma gestão pública transparente e participativa.",0.8,1.0,"The score is 0.80 because the response mostly focuses on the topic but includes unrelated details about governance principles, which do not directly answer the question about resource application in the PBP.","The score is 1.00 because there are no contradictions, indicating that the actual output is perfectly aligned with the retrieval context. Great job!",input\georegis\dataset.json,
1714,Qual é o desafio da ANP?,a melhoria do conhecimento sobre as 29 bacias sedimentares que apresentam interesse para a indústria de petróleo e gás natural,"O Desafio de Tecnologia da ANP é uma competição que busca promover inovações tecnológicas na indústria de petróleo, gás natural e biocombustíveis no Brasil. O objetivo é incentivar o desenvolvimento de soluções que aumentem a eficiência, a segurança e a sustentabilidade nesse setor.",1.0,1.0,The score is 1.00 because the response is perfectly relevant and directly addresses the question with clarity.,The score is 1.00 because there are no contradictions found in the actual output. Great job on maintaining full alignment with the retrieval context!,input\georegis\dataset.json,
1715,Qual plano tem sido decisivo no desenho de novos projetos?,Plano Plurianual de Estudos de Geologia e Geofísica,Plano Diretor.,1.0,1,The score is 1.00 because the answer was completely relevant and addressed the input question perfectly!,The score is 1.00 because there are no contradictions. The actual output perfectly aligns with the retrieval context. Great job!,input\georegis\dataset.json,
1716,Em que devem ser investidos pelo menos 50 % dos recursos de Pesquisa e Desenvolvimento?,universidades ou institutos de pesquisa credenciados pela ANP,"Os recursos de Pesquisa e Desenvolvimento devem ser investidos em atividades de pesquisa básica e aplicada, desenvolvimento de novos produtos e processos, e inovação tecnológica.",1.0,1.0,The score is 1.00 because the response perfectly addresses the query without any irrelevant information. Great job!,"The score is 1.00 because there are no contradictions, indicating perfect alignment with the retrieval context. Great job on maintaining faithfulness!",input\georegis\dataset.json,
1717,Qual é o órgão responsável por desenvolver programas e apoiar políticas públicas relacionadas à indústria de petróleo e gás natural?,"Agência Nacional do Petróleo, Gás Natural e Biocombustíveis","No Brasil, o órgão responsável por desenvolver programas e apoiar políticas relacionadas à indústria de petróleo e gás natural é o Ministério de Minas e Energia (MME), juntamente com a Agência Nacional do Petróleo, Gás Natural e Biocombustíveis (ANP).",1.0,1.0,"The score is 1.00 because the response is perfectly aligned with the input query, addressing the topic without any irrelevant information. Great job maintaining focus!",The score is 1.00 because the actual output is perfectly aligned with the retrieval context. Great job on maintaining accuracy!,input\georegis\dataset.json,
1718,O que a ANP introduziu nos contratos para exploração e produção de petróleo e gás natural desde 1998?,uma cláusula que obriga os concessionários a realizar Despesas Qualificadas como Pesquisa e Desenvolvimento equivalentes a 1% da receita bruta dos campos que pagam Participação Especial,"Desde 1998, a ANP introduziu o regime de concessão nos contratos para a exploração e produção de petróleo e gás natural.",1.0,1.0,"The score is 1.00 because the response is perfectly relevant, covering all details about ANP's contracts for oil and gas exploration and production, with no irrelevant statements.","The score is 1.00 because there are no contradictions, indicating the actual output perfectly aligns with the retrieval context. Great job maintaining accuracy!",input\georegis\dataset.json,
1719,Qual é o objetivo da realização do Plano Plurianual de Estudos de Geologia e Geofísica pela ANP?,"desenho de novos projetos que, em 2013, terão como desdobramento a realização da 11a Rodada de Licitações de Blocos",O objetivo do Plano Plurianual de Estudos de Geologia e Geofísica pela ANP é orientar e planejar as atividades e investimentos em estudos geológicos e geofísicos para ampliar o conhecimento sobre o potencial petrolífero e incentivar a exploração e produção de petróleo e gás natural no Brasil.,1.0,1.0,"O resultado é 1.00 porque o plano plurianual é uma iniciativa crucial para o aprofundamento do conhecimento geológico e geofísico, não havendo nenhuma declaração irrelevante no output. Continue assim!",The score is 1.00 because the actual output is perfectly aligned with the retrieval context without any contradictions. Great job!,input\georegis\dataset.json,
1720,"O que deve ser feito com pelo menos 50% dos recursos provenientes das Despesas Qualificadas como Pesquisa e Desenvolvimento nos setores de petróleo, gás natural e biocombustíveis?",investidos em universidades ou institutos de pesquisa credenciados pela ANP,"Pelo menos 50% dos recursos provenientes das Despesas Qualificadas como Pesquisa e Desenvolvimento nos setores de petróleo, gás natural e biocombustíveis devem ser direcionados para investimentos em institutos de ciência e tecnologia, conforme regulamentações específicas do setor no Brasil.",1.0,0.0,The score is 1.00 because the response was highly relevant and directly addressed the input query without any irrelevant statements. Great job maintaining focus and precision!,"The score is 0.00 because the actual output incorrectly mentions investment in 'institutes of science and technology', while the context specifies that at least 50% of R&D resources should be invested in 'universities or research institutes accredited by ANP'.",input\georegis\dataset.json,
1721,Quais são os atores envolvidos na melhoria do conhecimento sobre as bacias sedimentares no Brasil?,"a esfera pública, empresas petrolíferas, empresas de aquisição de dados, empresas fornecedoras da cadeia de petróleo e gás, universidades e instituições de pesquisa","Os atores envolvidos na melhoria do conhecimento sobre as bacias sedimentares no Brasil incluem a Petrobras, a ANP (Agência Nacional do Petróleo, Gás Natural e Biocombustíveis), universidades e institutos de pesquisa, empresas de geologia e geofísica, além de órgãos governamentais e organizações internacionais que colaboram em pesquisas e estudos conjuntos.",1.0,1.0,The score is 1.00 because the response was perfectly relevant and there were no irrelevant statements. Excellent work!,The score is 1.00 because everything aligns perfectly without any contradictions. Great job!,input\georegis\dataset.json,
1722,Quais leilões serão realizados em 2013 como desdobramento do Plano Plurianual de Estudos de Geologia e Geofísica?,um leilão específico para áreas com potencial para a produção de gás natural e do primeiro leilão do pré-sal,"Os leilões previstos para 2013 como parte do desdobramento do Plano Plurianual de Estudos de Geologia e Geofísica incluem a 11ª Rodada de Licitações de blocos exploratórios e o leilão para o Campo de Libra, o primeiro sob o regime de partilha de produção no pré-sal brasileiro.",1.0,0.75,The score is 1.00 because the output perfectly addresses the input question without any irrelevant statements. Great job on providing clear and direct information!,"The score is 0.75 because the actual output incorrectly states that auctions are part of the unfolding of the Plurianual Plan of Geology and Geophysics Studies, while the context only indicates the plan's role in shaping new projects.",input\georegis\dataset.json,
1723,Qual é a importância das novas tecnologias para o sucesso dos empreendimentos na indústria de petróleo e gás natural?,o desenvolvimento de novas tecnologias se reveste de importância fundamental para o sucesso dos empreendimentos,"As novas tecnologias são cruciais para o sucesso dos empreendimentos na indústria de petróleo e gás natural, pois elas aumentam a eficiência operacional, reduzem custos, aprimoram a segurança, minimizam impactos ambientais e facilitam a exploração e produção em áreas de difícil acesso. Além disso, tecnologias inovadoras ajudam na análise de dados para melhor tomada de decisões e na implementação de soluções sustentáveis.",1.0,1.0,The score is 1.00 because the answer perfectly addresses the importance of new technologies in the oil and gas industry without including any irrelevant information. Great job!,The score is 1.00 because there are no contradictions detected. Great job keeping everything consistent!,input\georegis\dataset.json,
1724,"Qual é a política pública introduzida pela ANP em 1998 que visa a estimular a pesquisa e desenvolvimento nos setores de petróleo, gás natural e biocombustíveis?","a introdução pela ANP, desde 1998, nos contratos para exploração e produção de petróleo e gás natural, de uma cláusula que obriga os concessionários a realizar Despesas Qualificadas como Pesquisa e Desenvolvimento equivalentes a 1% da receita bruta dos campos que pagam Participação Especial","A política pública introduzida pela ANP em 1998 que visa estimular a pesquisa e desenvolvimento nos setores de petróleo, gás natural e biocombustíveis é a ""Cláusula de Investimentos em Pesquisa e Desenvolvimento"". Essa cláusula exige que empresas do setor energético invistam uma parte de sua receita em atividades de P&D no Brasil.",1.0,1.0,The score is 1.00 because the response was perfectly relevant to the input. Great job!,"The score is 1.00 because there are no contradictions, which means the actual output is perfectly aligned with the retrieval context. Great job!",input\georegis\dataset.json,
1732,O que constitui um bom marco sismoestratigráfico em quase toda a Bacia de Campos?,Topo da biozona N-520,"Um bom marco sismoestratigráfico na Bacia de Campos é, geralmente, o topo do Grupo Macaé, que é caracterizado por refletividades acústicas distintas e contínuas, facilitando a correlação sísmica em larga escala na bacia.",1.0,1.0,The score is 1.00 because the response is perfectly relevant to the query with no irrelevant statements. Great focus on the topic!,"The score is 1.00 because there are no contradictions, demonstrating a perfectly faithful alignment with the retrieval context. Great job!",input\georegis\dataset.json,
1733,Qual é o refletor localizado na zona N - 470?,Topo do Eoceno,Não há informações disponíveis sobre um refletor específico localizado na zona N - 470. Essa designação não é reconhecida publicamente ou não possui dados conhecidos.,1.0,0.5,The score is 1.00 because the output directly addresses the query without any irrelevant information. Great job on maintaining focus!,The score is 0.50 because the actual output contradicts the fact that the top of the Eocene coincides with the top of bio-zone N-470 and is noted as an excellent reflector.,input\georegis\dataset.json,
1734,O que fez com que o topo do Eoceno Superior não fosse encontrado?,erosão,"O topo do Eoceno Superior pode não ser encontrado devido a fatores como erosão, falta de deposição sedimentar ou tectonismo que removem ou não preservam os registros geológicos dessa época. Essas condições geológicas podem obliterar ou complicar a identificação estratigráfica desse período.",1.0,1.0,The score is 1.00 because the response was completely relevant and addressed the question fully. Keep up the great work!,"The score is 1.00 because there are no contradictions, showing perfect alignment with the retrieval context. Great job!",input\georegis\dataset.json,
1735,O que mostra o mapeamento de detalhe realizado para confirmar essa afirmação?,rochas magmáticas intrusivas e extrusivas,"O mapeamento de detalhe tipicamente mostra informações específicas e evidências que respaldam uma afirmação, permitindo ver como cada dado ou fato é suportado por elementos concretos e verificáveis. Isso ajuda a garantir a precisão e validade da afirmação feita.",1.0,1.0,"The score is 1.00 because the response perfectly addresses the input without any irrelevant statements, showing a clear understanding of the question asked. Great job!","The score is 1.00 because there are no contradictions, which means the actual output aligns perfectly with the retrieval context. Great job!",input\georegis\dataset.json,
1736,Quando Mohriak e outros trabalharam na área de estudo?,1995,"Mohriak e colaboradores realizaram trabalhos significativos em geologia e geofísica, com publicações notáveis por volta das décadas de 1990 e 2000.",1.0,1.0,The score is 1.00 because the response was perfectly relevant with no irrelevant statements. Fantastic work!,The score is 1.00 because there are no contradictions between the actual output and the retrieval context. Excellent work in maintaining alignment!,input\georegis\dataset.json,
1737,Qual refletor datado do Oligoceno Inferior constitui um excelente marco sismoestratigráfico em quase toda a Bacia de Campos?,Topo da biozona N-520,"O refletor denominado ""reflector X"" do Oligoceno Inferior é conhecido por ser um excelente marco sismoestratigráfico na Bacia de Campos.",0.6666666666666666,1.0,"The score is 0.67 because the output mentions 'reflector X' which is linked to a specific name without confirmation of being the one dated to the Lower Oligocene as specified in the input. This causes some ambiguity, preventing a higher score, but it successfully connects a reflector to the seismic stratigraphy of the Campos Basin.","The score is 1.00 because there are no contradictions, indicating that the actual output is perfectly aligned with the retrieval context. Great job maintaining accuracy!",input\georegis\dataset.json,
1739,Por que a seção correspondente ao Eoceno Superior está ausente?,erosão,"A ausência de uma seção correspondente ao Eoceno Superior pode ser devido a processos geológicos como erosão, falta de deposição de sedimentos durante esse período, ou eventos tectônicos que tenham removido ou impedido a preservação dos registros sedimentares dessa época.",1.0,0.6666666666666666,"O score é 1.00 porque a resposta foi perfeitamente relevante, abordando completamente o motivo da ausência da seção correspondente ao Eoceno Superior. Ótimo trabalho!","The score is 0.67 because the actual output incorrectly attributes the absence of the Upper Eocene section to tectonic events, whereas the retrieval context states it was due to erosion.",input\georegis\dataset.json,
1740,O que o mapeamento de detalhe indica a presença no Cretáceo Superior?,rochas magmáticas intrusivas e extrusivas,"O mapeamento detalhado de formações geológicas pode indicar a presença de fósseis e depósitos sedimentares específicos do Cretáceo Superior, como certos tipos de dinossauros ou plantas que viveram nesse período. Isso ajuda a entender a biodiversidade e reconstruir o ambiente da época.",0.6666666666666666,1.0,"The score is 0.67 because the response attempted to address the question about the Cretaceous mapping but included unrelated information about dinosaurs and biodiversity, which diluted the focus of the answer.","The score is 1.00 because there are no contradictions, reflecting a perfectly faithful alignment between the actual output and the retrieval context. Keep up the excellent work!",input\georegis\dataset.json,
1741,Quando Mohriak e outros trabalharam juntos?,1995,"Mohriak trabalhou junto com outros colaboradores em diversas ocasiões, principalmente em estudos relacionados à geologia e geofísica. Para fornecer uma resposta precisa, seria necessário especificar o contexto ou o projeto em que você está interessado.",0.75,1.0,"The score is 0.75 because the answer provided partially addresses the question about collaboration timing by mentioning the topics of study, which gives some context but does not directly answer the query about when the collaboration occurred.","The score is 1.00 because there are no contradictions, indicating the actual output is perfectly aligned with the retrieval context. Great job!",input\georegis\dataset.json,
1742,O que mostra o mapeamento de detalhe realizado para confirmar essa afirmação?,indica a presença de rochas magmáticas intrusivas e extrusivas,"Desculpe, não consigo responder sem mais informações específicas sobre a afirmação em questão.",0.0,1.0,"The score is 0.00 because the actual output doesn't provide any information or details on the mapping required to confirm the statement. It merely highlights the inability to give an answer without more information, which is irrelevant to the input question.","The score is 1.00 because there are no contradictions, indicating perfect alignment between the actual output and the retrieval context. Great job!",input\georegis\dataset.json,
1743,Por que a seção correspondente ao Eoceno Superior está ausente?,erosão na região próxima à Falha de Charneira de Campos,"A ausência da seção correspondente ao Eoceno Superior pode resultar de processos geológicos como erosão, falta de sedimentação ou não deposição, tectônica que removeu ou deformou camadas, ou até mesmo um recuo do mar ou mudanças ambientais que impediram a formação de depósitos durante esse período.",1.0,1.0,"The score is 1.00 because the answer is perfectly relevant to the question, with no irrelevant statements. Great job on remaining focused on the query!",The score is 1.00 because there are no contradictions. Excellent job maintaining accuracy and alignment with the retrieval context!,input\georegis\dataset.json,
1744,Quais foram as referências utilizadas para o mapeamento detalhado descrito no texto?,"Mizusaki e Mohriak, 1992; Mohriak et al. 1995; Thomaz Filho e Rodrigues, 1999; Thomaz Filho et al. 2000; Mizusaki et al. 2002","Desculpe, não tenho acesso ao texto mencionado. Não consigo fornecer informações sobre as referências utilizadas no mapeamento detalhado sem o contexto específico do texto.",1.0,1.0,The score is 1.00 because the response was completely relevant and addressed the query without any irrelevant information. Great job!,"The score is 1.00 because the actual output aligns perfectly with the retrieval context, indicating complete faithfulness without any contradictions. Great job!",input\georegis\dataset.json,
1745,O que constitui um excelente marco sismoestratigráfico em quase toda a Bacia de Campos?,"N-520 : esse refletor, datado do Oligoceno Inferior, constitui um","Um excelente marco sismoestratigráfico em quase toda a Bacia de Campos é o evento de alteração da camada de anidrido. Esse nível de anidrido atua como um refletor sísmico destacado, facilitando a correlação e interpretação dos dados sísmicos na região.",1.0,0.5,A pontuação é 1.00 porque a resposta foi totalmente relevante e precisa sem nenhuma declaração irrelevante. Excelente trabalho!,"The score is 0.50 because the actual output incorrectly states that the top of biozone N-520 is an alteration event of the anhydrite layer, whereas it is actually noted as an excellent seismic stratigraphic marker in the Campos Basin.",input\georegis\dataset.json,
1746,O que aconteceu com a seção correspondente ao Eoceno Superior na região próxima à Falha de Charneira de Campos?,está ausente por erosão,"Não tenho informações específicas atualizadas sobre estudos ou eventos geológicos na região próxima à Falha de Charneira de Campos relacionados ao Eoceno Superior. Para informações precisas e detalhadas, recomendo consultar fontes geológicas recentes ou publicações científicas sobre a área.",0.5,0.5,"The score is 0.50 because the output includes a vague statement that doesn't specifically address the geological events related to the Upper Eocene near the Falha de Charneira de Campos, which limits its relevancy. However, it still partially addresses the topic by discussing the general area.","The score is 0.50 because the actual output contradicts the retrieval context by suggesting the presence of the Upper Eocene section near the Falha de Charneira de Campos, while the retrieval context mentions its absence due to erosion.",input\georegis\dataset.json,
1747,O que foi utilizado na interpretação das seções sísmicas e perfis de poços disponíveis para o presente trabalho?,Os resultados dos mapeamentos acima descritos,"Na interpretação das seções sísmicas e perfis de poços, geralmente são utilizados softwares especializados de geofísica, análises de atributos sísmicos, correlações entre dados sísmicos e dados de perfuração, além de técnicas de modelagem geológica e geofísica.",1.0,1.0,"The score is 1.00 because all statements in the actual output are relevant, clearly addressing the input without any irrelevant distractions. Great job maintaining focus!","The score is 1.00 because there are no contradictions identified, indicating a perfect alignment between the actual output and the retrieval context. Great job!",input\georegis\dataset.json,
1748,Em que período geológico ocorreu a presença de rochas magmáticas intrusivas e extrusivas na Bacia de Campos?,Cretáceo Superior,A presença de rochas magmáticas intrusivas e extrusivas na Bacia de Campos ocorreu durante o período Cretáceo.,1.0,1.0,"The score is 1.00 because the response perfectly addresses the geological periods with rochas magmáticas intrusivas e extrusivas na Bacia de Campos, without any irrelevant information. Great job!","The score is 1.00 because there are no contradictions. Everything aligns perfectly, keep up the fantastic work!",input\georegis\dataset.json,
1749,O que é um refletor no contexto do texto?,um excelente marco sismoestratigráfico,"No contexto de um texto, ""refletor"" normalmente se refere a um dispositivo usado para projetar luz direta em um local ou objeto específico para destacá-lo ou iluminá-lo. Em termos literários, pode ser uma metáfora para algo que chama atenção ou destaca um aspecto particular da narrativa ou tema.",1.0,0.5,The score is 1.00 because the response is completely relevant and directly addresses the question about 'o que é um refletor no contexto do texto'. Great job on providing a focused answer!,The score is 0.50 because the actual output incorrectly defines 'reflector' as a device for projecting light when the context refers to it as an excellent seismic stratigraphic marker.,input\georegis\dataset.json,
1750,Qual é a importância do topo da bio-zona N-470?,coincide com o topo da bio-zona N-470 e também constitui um excelente refletor,"A bio-zona N-470 não é um termo reconhecido em campos científicos específicos relacionados a zonas biológicas. Portanto, é possível que esse termo não tenha uma importância reconhecida ou que esteja relacionado a um contexto muito específico ou fictício.",1.0,0.5,The score is 1.00 because the answer perfectly addressed the importance of the topo da bio-zona N-470 with no irrelevant statements.,"The score is 0.50 because the 'actual output' fails to mention the term 'bio-zona N-470', which is clearly recognized and mentioned within the retrieval context.",input\georegis\dataset.json,
1751,O que aconteceu com a seção correspondente ao Eoceno Superior na região da Falha de Charneira de Campos?,está ausente por erosão,A seção correspondente ao Eoceno Superior na região da Falha de Charneira de Campos foi erodida.,1.0,1.0,The score is 1.00 because the response was perfectly relevant to the question without any irrelevant statements. Great job!,The score is 1.00 because there are no contradictions; everything aligns perfectly. Great job!,input\georegis\dataset.json,
1752,Como os resultados dos mapeamentos foram utilizados?,na interpretação das seções sísmicas e perfis de poços disponíveis para o presente trabalho,"Os resultados dos mapeamentos são frequentemente utilizados para identificar características geográficas, planejar infraestrutura urbana, desenvolver políticas públicas, preservar o meio ambiente, e guiar investimentos em áreas como transporte e desenvolvimento imobiliário.",0.8333333333333334,0.8,"The score is 0.83 because the core question about how mapping results are utilized was mostly addressed, but it included information about real estate development, which is not directly relevant to the question.","The score is 0.80 because the actual output inaccurately applied the mapping results to urban infrastructure planning, contrary to the retrieval context which mentioned their use for interpreting seismic sections and well profiles.",input\georegis\dataset.json,
1753,Quem descreveu os estratos de vertebrados fósseis?,"Price apud Bortoluzzi e Barberena,",Os estratos de vertebrados fósseis foram descritos por Georges Cuvier.,1.0,1.0,"The score is 1.00 because the answer is perfectly aligned with the input question, with no irrelevant statements making the response concise and highly relevant.",The score is 1.00 because the actual output aligns perfectly with the retrieval context. Keep up the excellent work!,input\georegis\dataset.json,
